_ID;_pageName;_pageID;nameraw;id;name;item;quantity;rate;custom;isfromnpc;normal;expert;master
74524;Armored Skeleton;12268;Armored Skeleton;77;"<span class="" eil""><span>[[Armored Skeleton|Armored Skeleton]]</span></span>";Beam Sword;1;0.67%;;1;1;1;1
74525;Armored Skeleton;12268;Armored Skeleton;77;"<span class="" eil""><span>[[Armored Skeleton|Armored Skeleton]]</span></span>";Armor Polish;1;"<span class=""mode-content""><span class=""m-normal"">1%</span><span class=""m-expert-master"">[[Expert Mode|<abbr class=""mode-exclusive expert"" title=""Expert Mode "">1.99%</abbr>]]</span></span>";;1;1;1;1
75043;Drippler;11933;Drippler;490;"<span class="" eil""><span>[[Drippler|Drippler]]</span><span class=""eico s i1 i2 i4"" title=""Desktop, Console and Mobile versions""><b></b><i></i><span>(Desktop, Console and Mobile versions)</span></span></span>";Shark Tooth Necklace;1;"<span class=""mode-content""><span class=""m-normal"">0.67%</span><span class=""m-expert-master"">[[Expert Mode|<abbr class=""mode-exclusive expert"" title=""Expert Mode "">1.33%</abbr>]]</span></span>";;1;1;1;1
75044;Drippler;11933;Drippler;490;"<span class="" eil""><span>[[Drippler|Drippler]]</span><span class=""eico s i1 i2 i4"" title=""Desktop, Console and Mobile versions""><b></b><i></i><span>(Desktop, Console and Mobile versions)</span></span></span>";Money Trough;1;"<span class=""mode-content""><span class=""m-normal"">0.5%</span><span class=""m-expert-master"">[[Expert Mode|<abbr class=""mode-exclusive expert"" title=""Expert Mode "">1%</abbr>]]</span></span>";;1;1;1;1
75045;Drippler;11933;Drippler;490;"<span class="" eil""><span>[[Drippler|Drippler]]</span><span class=""eico s i1 i2 i4"" title=""Desktop, Console and Mobile versions""><b></b><i></i><span>(Desktop, Console and Mobile versions)</span></span></span>";Bloody Tear;1;1%;;1;1;1;1
75096;Dungeon Slime;15211;Dungeon Slime;71;"<span class="" eil""><span>[[Dungeon Slime|Dungeon Slime]]</span></span>";Golden Key;1;100%;;1;1;1;1
75298;Gigazapper;6537;Gigazapper;389;"<span class="" eil""><span>[[Gigazapper|Gigazapper]]</span><span class=""eico s i1 i2 i4"" title=""Desktop, Console and Mobile versions""><b></b><i></i><span>(Desktop, Console and Mobile versions)</span></span></span>";Martian Conduit Plating;8–20;12.5%;;1;1;1;1
75299;Gigazapper;6537;Gigazapper;389;"<span class="" eil""><span>[[Gigazapper|Gigazapper]]</span><span class=""eico s i1 i2 i4"" title=""Desktop, Console and Mobile versions""><b></b><i></i><span>(Desktop, Console and Mobile versions)</span></span></span>";Laser Drill;1;0.13%;;1;1;1;1
75300;Gigazapper;6537;Gigazapper;389;"<span class="" eil""><span>[[Gigazapper|Gigazapper]]</span><span class=""eico s i1 i2 i4"" title=""Desktop, Console and Mobile versions""><b></b><i></i><span>(Desktop, Console and Mobile versions)</span></span></span>";Anti-Gravity Hook;1;0.13%;;1;1;1;1
75301;Gigazapper;6537;Gigazapper;389;"<span class="" eil""><span>[[Gigazapper|Gigazapper]]</span><span class=""eico s i1 i2 i4"" title=""Desktop, Console and Mobile versions""><b></b><i></i><span>(Desktop, Console and Mobile versions)</span></span></span>";Charged Blaster Cannon;1;0.13%;;1;1;1;1
75302;Gigazapper;6537;Gigazapper;389;"<span class="" eil""><span>[[Gigazapper|Gigazapper]]</span><span class=""eico s i1 i2 i4"" title=""Desktop, Console and Mobile versions""><b></b><i></i><span>(Desktop, Console and Mobile versions)</span></span></span>";Martian Uniform Helmet;1;0.5%;;1;1;1;1
75303;Gigazapper;6537;Gigazapper;389;"<span class="" eil""><span>[[Gigazapper|Gigazapper]]</span><span class=""eico s i1 i2 i4"" title=""Desktop, Console and Mobile versions""><b></b><i></i><span>(Desktop, Console and Mobile versions)</span></span></span>";Martian Uniform Torso;1;0.5%;;1;1;1;1
75304;Gigazapper;6537;Gigazapper;389;"<span class="" eil""><span>[[Gigazapper|Gigazapper]]</span><span class=""eico s i1 i2 i4"" title=""Desktop, Console and Mobile versions""><b></b><i></i><span>(Desktop, Console and Mobile versions)</span></span></span>";Martian Uniform Pants;1;0.5%;;1;1;1;1
75784;Martian Engineer;6421;Martian Engineer;386;"<span class="" eil""><span>[[Martian Engineer|Martian Engineer]]</span><span class=""eico s i1 i2 i4"" title=""Desktop, Console and Mobile versions""><b></b><i></i><span>(Desktop, Console and Mobile versions)</span></span></span>";Martian Conduit Plating;8–20;12.5%;;1;1;1;1
75785;Martian Engineer;6421;Martian Engineer;386;"<span class="" eil""><span>[[Martian Engineer|Martian Engineer]]</span><span class=""eico s i1 i2 i4"" title=""Desktop, Console and Mobile versions""><b></b><i></i><span>(Desktop, Console and Mobile versions)</span></span></span>";Laser Drill;1;0.13%;;1;1;1;1
75786;Martian Engineer;6421;Martian Engineer;386;"<span class="" eil""><span>[[Martian Engineer|Martian Engineer]]</span><span class=""eico s i1 i2 i4"" title=""Desktop, Console and Mobile versions""><b></b><i></i><span>(Desktop, Console and Mobile versions)</span></span></span>";Anti-Gravity Hook;1;0.13%;;1;1;1;1
75787;Martian Engineer;6421;Martian Engineer;386;"<span class="" eil""><span>[[Martian Engineer|Martian Engineer]]</span><span class=""eico s i1 i2 i4"" title=""Desktop, Console and Mobile versions""><b></b><i></i><span>(Desktop, Console and Mobile versions)</span></span></span>";Charged Blaster Cannon;1;0.13%;;1;1;1;1
75788;Martian Engineer;6421;Martian Engineer;386;"<span class="" eil""><span>[[Martian Engineer|Martian Engineer]]</span><span class=""eico s i1 i2 i4"" title=""Desktop, Console and Mobile versions""><b></b><i></i><span>(Desktop, Console and Mobile versions)</span></span></span>";Martian Uniform Helmet;1;0.5%;;1;1;1;1
75789;Martian Engineer;6421;Martian Engineer;386;"<span class="" eil""><span>[[Martian Engineer|Martian Engineer]]</span><span class=""eico s i1 i2 i4"" title=""Desktop, Console and Mobile versions""><b></b><i></i><span>(Desktop, Console and Mobile versions)</span></span></span>";Martian Uniform Torso;1;0.5%;;1;1;1;1
75790;Martian Engineer;6421;Martian Engineer;386;"<span class="" eil""><span>[[Martian Engineer|Martian Engineer]]</span><span class=""eico s i1 i2 i4"" title=""Desktop, Console and Mobile versions""><b></b><i></i><span>(Desktop, Console and Mobile versions)</span></span></span>";Martian Uniform Pants;1;0.5%;;1;1;1;1
76004;Mythical Wyvern;7714;Mythical Wyvern;;"<span class="" eil""><span>[[Mythical Wyvern|Mythical Wyvern]]</span></span>";Mythical Lion Mask;1;100%;;1;1;1;1
76005;Mythical Wyvern;7714;Mythical Wyvern;;"<span class="" eil""><span>[[Mythical Wyvern|Mythical Wyvern]]</span></span>";Mythical Robe;1;100%;;1;1;1;1
76480;Scutlix;4935;Scutlix Gunner;390;"<span class="" eil""><span>[[Scutlix|Scutlix Gunner]]</span><span class=""eico s i1 i2 i4"" title=""Desktop, Console and Mobile versions""><b></b><i></i><span>(Desktop, Console and Mobile versions)</span></span></span>";Martian Conduit Plating;8-20;12.5%;;1;1;1;1
76481;Scutlix;4935;Scutlix Gunner;390;"<span class="" eil""><span>[[Scutlix|Scutlix Gunner]]</span><span class=""eico s i1 i2 i4"" title=""Desktop, Console and Mobile versions""><b></b><i></i><span>(Desktop, Console and Mobile versions)</span></span></span>";Laser Drill;1;0.13%;;1;1;1;1
76482;Scutlix;4935;Scutlix Gunner;390;"<span class="" eil""><span>[[Scutlix|Scutlix Gunner]]</span><span class=""eico s i1 i2 i4"" title=""Desktop, Console and Mobile versions""><b></b><i></i><span>(Desktop, Console and Mobile versions)</span></span></span>";Anti-Gravity Hook;1;0.13%;;1;1;1;1
76483;Scutlix;4935;Scutlix Gunner;390;"<span class="" eil""><span>[[Scutlix|Scutlix Gunner]]</span><span class=""eico s i1 i2 i4"" title=""Desktop, Console and Mobile versions""><b></b><i></i><span>(Desktop, Console and Mobile versions)</span></span></span>";Charged Blaster Cannon;1;0.13%;;1;1;1;1
76484;Scutlix;4935;Scutlix Gunner;390;"<span class="" eil""><span>[[Scutlix|Scutlix Gunner]]</span><span class=""eico s i1 i2 i4"" title=""Desktop, Console and Mobile versions""><b></b><i></i><span>(Desktop, Console and Mobile versions)</span></span></span>";Martian Costume Mask;1;0.5%;;1;1;1;1
76485;Scutlix;4935;Scutlix Gunner;390;"<span class="" eil""><span>[[Scutlix|Scutlix Gunner]]</span><span class=""eico s i1 i2 i4"" title=""Desktop, Console and Mobile versions""><b></b><i></i><span>(Desktop, Console and Mobile versions)</span></span></span>";Martian Costume Shirt;1;0.5%;;1;1;1;1
76486;Scutlix;4935;Scutlix Gunner;390;"<span class="" eil""><span>[[Scutlix|Scutlix Gunner]]</span><span class=""eico s i1 i2 i4"" title=""Desktop, Console and Mobile versions""><b></b><i></i><span>(Desktop, Console and Mobile versions)</span></span></span>";Martian Costume Pants;1;0.5%;;1;1;1;1
76487;Scutlix;4935;Scutlix Gunner;390;"<span class="" eil""><span>[[Scutlix|Scutlix Gunner]]</span><span class=""eico s i1 i2 i4"" title=""Desktop, Console and Mobile versions""><b></b><i></i><span>(Desktop, Console and Mobile versions)</span></span></span>";Brain Scrambler (item);1;3.33%;;1;1;1;1
77045;Bone Lee;7485;Bone Lee;287;"<span class="" eil""><span>[[Bone Lee|Bone Lee]]</span></span>";Coffee;1;10%;;1;1;1;1
77046;Bone Lee;7485;Bone Lee;287;"<span class="" eil""><span>[[Bone Lee|Bone Lee]]</span></span>";Tabi;1;"<span class=""mode-content""><span class=""m-normal"">8.33%</span><span class=""m-expert-master"">[[Expert Mode|<abbr class=""mode-exclusive expert"" title=""Expert Mode "">15.97%</abbr>]]</span></span>";;1;1;1;1
77047;Bone Lee;7485;Bone Lee;287;"<span class="" eil""><span>[[Bone Lee|Bone Lee]]</span></span>";Black Belt;1;"<span class=""mode-content""><span class=""m-normal"">8.33%</span><span class=""m-expert-master"">[[Expert Mode|<abbr class=""mode-exclusive expert"" title=""Expert Mode "">15.97%</abbr>]]</span></span>";;1;1;1;1
77404;Wolf;5263;Wolf;155;"<span class="" eil""><span>[[Wolf|Wolf]]</span></span>";Lilith's Necklace;1;"<span class=""mode-content""><span class=""m-normal"">3.33%</span><span class=""m-expert-master"">[[Expert Mode|<abbr class=""mode-exclusive expert"" title=""Expert Mode "">4%</abbr>]]</span></span>";;1;1;1;1
78788;Lihzahrd Chest;8231;Lihzahrd Chest;;"<span class="" eil""><span>[[Lihzahrd Chest|Lihzahrd Chest]]</span></span>";Lihzahrd Power Cell;1;"<span class=""chance"" data-sort-value=""100"">1/1 (100%)</span>";;0;1;1;1
78789;Lihzahrd Chest;8231;Lihzahrd Chest;;"<span class="" eil""><span>[[Lihzahrd Chest|Lihzahrd Chest]]</span></span>";Lihzahrd Furnace;1;"<span class=""chance"" data-sort-value=""100"">1/1 (100%)</span>";;0;1;1;1
78790;Lihzahrd Chest;8231;Lihzahrd Chest;;"<span class="" eil""><span>[[Lihzahrd Chest|Lihzahrd Chest]]</span></span>";Solar Tablet Fragment;3-7;"<span class=""chance"" data-sort-value=""80"">4/5 (80%)</span>";;0;1;1;1
78791;Lihzahrd Chest;8231;Lihzahrd Chest;;"<span class="" eil""><span>[[Lihzahrd Chest|Lihzahrd Chest]]</span></span>";Solar Tablet;1;"<span class=""chance"" data-sort-value=""20"">1/5 (20%)</span>";;0;1;1;1
79297;Web Covered Chest;14907;Web Covered Chest;;"<span class="" eil""><span>[[Web Covered Chest|Web Covered Chest]]</span></span>";Web Slinger;1;"<span class=""chance"" data-sort-value=""100"">1/1 (100%)</span>";;0;1;1;1
80749;Angry Dandelion;10730;Angry Dandelion;628;"<span class="" eil""><span>[[Angry Dandelion|Angry Dandelion]]</span><span class=""eico s i1 i2 i4"" title=""Desktop, Console and Mobile versions""><b></b><i></i><span>(Desktop, Console and Mobile versions)</span></span></span>";Daybloom;1–2;50%;;1;1;1;1
80757;Antlion Larva;12444;Antlion Larva;582;"<span class="" eil""><span>[[Antlion Larva|Antlion Larva]]</span><span class=""eico s i1 i2 i4"" title=""Desktop, Console and Mobile versions""><b></b><i></i><span>(Desktop, Console and Mobile versions)</span></span></span>";Antlion Mandible;1;16.67%;;1;1;1;1
80794;Gingerbread Man;8387;Gingerbread Man;342;"<span class="" eil""><span>[[Gingerbread Man|Gingerbread Man]]</span></span>";Heart;1;67%;;1;1;1;1
80906;Deadly Sphere;5579;Deadly Sphere;467;"<span class="" eil""><span>[[Deadly Sphere|Deadly Sphere]]</span><span class=""eico s i1 i2 i4"" title=""Desktop, Console and Mobile versions""><b></b><i></i><span>(Desktop, Console and Mobile versions)</span></span></span>";Deadly Sphere Staff;1;"<span class=""mode-content""><span class=""m-normal"">3.33%</span><span class=""m-expert-master"">[[Expert Mode|<abbr class=""mode-exclusive expert"" title=""Expert Mode "">6.56%</abbr>]]</span></span>";;1;1;1;1
80928;Derpling;10820;Derpling;177;"<span class="" eil""><span>[[Derpling|Derpling]]</span></span>";Grapes;1;2.5%;;1;1;1;1
80929;Derpling;10820;Derpling;177;"<span class="" eil""><span>[[Derpling|Derpling]]</span></span>";Glommer's Flower;1;1%;;1;1;1;1
80940;Herpling;15271;Herpling;174;"<span class="" eil""><span>[[Herpling|Herpling]]</span></span>";Meat Grinder;1;0.5%;;1;1;1;1
80941;Herpling;15271;Herpling;174;"<span class="" eil""><span>[[Herpling|Herpling]]</span></span>";Monster Meat;1;0.07%;;1;1;1;1
81006;Ice Elemental;13224;Ice Elemental;169;"<span class="" eil""><span>[[Ice Elemental|Ice Elemental]]</span></span>";Ice Sickle;1;"<span class=""eico s i1 i2 i4"" title=""Desktop, Console and Mobile versions""><b></b><i></i><span>(Desktop, Console and Mobile versions)</span></span> 1% / <span class=""eico s i3 i5"" title=""Old-gen console and 3DS versions""><b></b><i></i><span>(Old-gen console and 3DS versions)</span></span> 0.56%";;1;1;1;1
81007;Ice Elemental;13224;Ice Elemental;169;"<span class="" eil""><span>[[Ice Elemental|Ice Elemental]]</span></span>";Frost Staff;1;2%;;1;1;1;1
81023;Crab;15255;Crab;67;"<span class="" eil""><span>[[Crab|Crab]]</span></span>";Shrimp Po' Boy;1;2%;;1;1;1;1
81192;Moth;7497;Moth;205;"<span class="" eil""><span>[[Moth|Moth]]</span></span>";Butterfly Dust;;50%;"<span class=""i"">[[File:Butterfly Dust.png|link=Butterfly Dust|Butterfly Dust]]<span><span>[[Butterfly Dust]]</span></span></span><div class=""note-text "">(<span class=""eico s i1 i2 i4"" title=""Desktop, Console and Mobile versions""><b></b><i></i><span>(Desktop, Console and Mobile versions)</span></span> Only after one mechanical boss has been defeated / <span class=""eico s i3 i5"" title=""Old-gen console and 3DS versions""><b></b><i></i><span>(Old-gen console and 3DS versions)</span></span> At any time)</div>";1;1;1;1
81246;Zombie Elf;10071;Zombie Elf;338;"<span class="" eil""><span>[[Zombie Elf|Zombie Elf]]</span></span>";Elf Hat;1;0.17%;;1;1;1;1
81247;Zombie Elf;10071;Zombie Elf;338;"<span class="" eil""><span>[[Zombie Elf|Zombie Elf]]</span></span>";Elf Shirt;1;0.17%;;1;1;1;1
81248;Zombie Elf;10071;Zombie Elf;338;"<span class="" eil""><span>[[Zombie Elf|Zombie Elf]]</span></span>";Elf Pants;1;0.17%;;1;1;1;1
81249;Zombie Elf;10071;Zombie Elf;338;"<span class="" eil""><span>[[Zombie Elf|Zombie Elf]]</span></span>";Heart;1;20%;;1;1;1;1
81276;Wandering Eye Fish;11950;Wandering Eye Fish;587;"<span class="" eil""><span>[[Wandering Eye Fish|Wandering Eye Fish]]</span><span class=""eico s i1 i2 i4"" title=""Desktop, Console and Mobile versions""><b></b><i></i><span>(Desktop, Console and Mobile versions)</span></span></span>";Chum Bucket;4–6;50%;;1;1;1;1
81277;Wandering Eye Fish;11950;Wandering Eye Fish;587;"<span class="" eil""><span>[[Wandering Eye Fish|Wandering Eye Fish]]</span><span class=""eico s i1 i2 i4"" title=""Desktop, Console and Mobile versions""><b></b><i></i><span>(Desktop, Console and Mobile versions)</span></span></span>";Vampire Frog Staff;1;12.5%;;1;1;1;1
81278;Wandering Eye Fish;11950;Wandering Eye Fish;587;"<span class="" eil""><span>[[Wandering Eye Fish|Wandering Eye Fish]]</span><span class=""eico s i1 i2 i4"" title=""Desktop, Console and Mobile versions""><b></b><i></i><span>(Desktop, Console and Mobile versions)</span></span></span>";Blood Rain Bow;1;12.5%;;1;1;1;1
81279;Wandering Eye Fish;11950;Wandering Eye Fish;587;"<span class="" eil""><span>[[Wandering Eye Fish|Wandering Eye Fish]]</span><span class=""eico s i1 i2 i4"" title=""Desktop, Console and Mobile versions""><b></b><i></i><span>(Desktop, Console and Mobile versions)</span></span></span>";Chum Caster;1;12.5%;;1;1;1;1
81280;Wandering Eye Fish;11950;Wandering Eye Fish;587;"<span class="" eil""><span>[[Wandering Eye Fish|Wandering Eye Fish]]</span><span class=""eico s i1 i2 i4"" title=""Desktop, Console and Mobile versions""><b></b><i></i><span>(Desktop, Console and Mobile versions)</span></span></span>";Money Trough;1;6.67%;;1;1;1;1
81281;Wandering Eye Fish;11950;Wandering Eye Fish;587;"<span class="" eil""><span>[[Wandering Eye Fish|Wandering Eye Fish]]</span><span class=""eico s i1 i2 i4"" title=""Desktop, Console and Mobile versions""><b></b><i></i><span>(Desktop, Console and Mobile versions)</span></span></span>";Bloody Tear;1;4%;;1;1;1;1
82540;Everscream;11336;Everscream;344;"<span class="" eil""><span>[[Everscream|Everscream]]</span></span>";Christmas Tree Sword;1;"<span class=""mode-content""><span class=""m-normal"">3.46–10.37%</span><span class=""m-expert-master"">[[Expert Mode|<abbr class=""mode-exclusive expert"" title=""Expert Mode "">6.22–31.11%</abbr>]]</span></span>";;1;1;1;1
82541;Everscream;11336;Everscream;344;"<span class="" eil""><span>[[Everscream|Everscream]]</span></span>";Christmas Hook;1;"<span class=""mode-content""><span class=""m-normal"">3.46–10.37%</span><span class=""m-expert-master"">[[Expert Mode|<abbr class=""mode-exclusive expert"" title=""Expert Mode "">6.22–31.11%</abbr>]]</span></span>";;1;1;1;1
82542;Everscream;11336;Everscream;344;"<span class="" eil""><span>[[Everscream|Everscream]]</span></span>";Razorpine;1;"<span class=""mode-content""><span class=""m-normal"">3.46–10.37%</span><span class=""m-expert-master"">[[Expert Mode|<abbr class=""mode-exclusive expert"" title=""Expert Mode "">6.22–31.11%</abbr>]]</span></span>";;1;1;1;1
82543;Everscream;11336;Everscream;344;"<span class="" eil""><span>[[Everscream|Everscream]]</span></span>";Festive Wings;1;"<span class=""mode-content""><span class=""m-normal"">0.74–2.22%</span><span class=""m-expert-master"">[[Expert Mode|<abbr class=""mode-exclusive expert"" title=""Expert Mode "">1.33–6.67%</abbr>]]</span></span>";;1;1;1;1
82544;Everscream;11336;Everscream;344;"<span class="" eil""><span>[[Everscream|Everscream]]</span></span>";Everscream Trophy;;"<span class=""mode-content""><span class=""m-normal"">5–16.67%</span><span class=""m-expert-master"">[[Expert Mode|<abbr class=""mode-exclusive expert"" title=""Expert Mode "">27.27–60%</abbr>]]</span></span>";"<span class=""i -w"">[[File:Everscream Trophy.png|link=Everscream Trophy|Everscream Trophy]]<span><span>[[Everscream Trophy]]</span><span class=""note"">(During wave 15 and up)</span></span></span>";1;1;1;1
82545;Everscream;11336;Everscream;344;"<span class="" eil""><span>[[Everscream|Everscream]]</span></span>";Shrub Star;1;"[[Master Mode|<abbr class=""mode-exclusive master"" title=""Master Mode "">5–25%</abbr>]]";;1;0;0;1
82546;Everscream;11336;Everscream;344;"<span class="" eil""><span>[[Everscream|Everscream]]</span></span>";Everscream Relic;1;"[[Master Mode|<abbr class=""mode-exclusive master"" title=""Master Mode "">20–100%</abbr>]]";;1;0;0;1
83165;Ice Slime;8360;Ice Slime;147;"<span class="" eil""><span>[[Ice Slime|Ice Slime]]</span></span>";Ice Cream;1;0.67%;;1;1;1;1
83166;Ice Slime;8360;Ice Slime;147;"<span class="" eil""><span>[[Ice Slime|Ice Slime]]</span></span>";Gel;1–2;100%;;1;1;1;1
83167;Ice Slime;8360;Ice Slime;147;"<span class="" eil""><span>[[Ice Slime|Ice Slime]]</span></span>";Slime Staff;1;"<span class=""mode-content""><span class=""m-normal"">0.01%</span><span class=""m-expert-master"">[[Expert Mode|<abbr class=""mode-exclusive expert"" title=""Expert Mode "">0.014%</abbr>]]</span></span>";;1;1;1;1
83737;Angry Nimbus;15885;Angry Nimbus;250;"<span class="" eil""><span>[[Angry Nimbus|Angry Nimbus]]</span></span>";Nimbus Rod;1;6.67%;;1;1;1;1
86164;Undead Miner;8008;Undead Miner;44;"<span class="" eil""><span>[[Undead Miner|Undead Miner]]</span></span>";Steak;1;10%;;1;1;1;1
86165;Undead Miner;8008;Undead Miner;44;"<span class="" eil""><span>[[Undead Miner|Undead Miner]]</span></span>";Bone Pickaxe;1;5%;;1;1;1;1
86166;Undead Miner;8008;Undead Miner;44;"<span class="" eil""><span>[[Undead Miner|Undead Miner]]</span></span>";Mining Helmet;1;5%;;1;1;1;1
86167;Undead Miner;8008;Undead Miner;44;"<span class="" eil""><span>[[Undead Miner|Undead Miner]]</span></span>";Hook;1;4%;;1;1;1;1
86168;Undead Miner;8008;Undead Miner;44;"<span class="" eil""><span>[[Undead Miner|Undead Miner]]</span></span>";Mining Shirt;1;12%;;1;1;1;1
86169;Undead Miner;8008;Undead Miner;44;"<span class="" eil""><span>[[Undead Miner|Undead Miner]]</span></span>";Mining Pants;1;12%;;1;1;1;1
86170;Undead Miner;8008;Undead Miner;44;"<span class="" eil""><span>[[Undead Miner|Undead Miner]]</span></span>";Bomb;1–3;72%;;1;1;1;1
87479;Mushroom Chest;4667;Mushroom Chest;;"<span class="" eil""><span>[[Mushroom Chest|Mushroom Chest]]</span></span>";Shroom Minecart;1;"<span class=""chance"" data-sort-value=""50"">1/2 (50%)</span>";;0;1;1;1
87480;Mushroom Chest;4667;Mushroom Chest;;"<span class="" eil""><span>[[Mushroom Chest|Mushroom Chest]]</span></span>";Mushroom Hat;1;"<span class=""chance"" data-sort-value=""50"">1/2 (50%)</span>";;0;1;1;1
87481;Mushroom Chest;4667;Mushroom Chest;;"<span class="" eil""><span>[[Mushroom Chest|Mushroom Chest]]</span></span>";Mushroom Vest;1;"<span class=""chance"" data-sort-value=""50"">1/2 (50%)</span>";;0;1;1;1
87482;Mushroom Chest;4667;Mushroom Chest;;"<span class="" eil""><span>[[Mushroom Chest|Mushroom Chest]]</span></span>";Mushroom Pants;1;"<span class=""chance"" data-sort-value=""50"">1/2 (50%)</span>";;0;1;1;1
87997;Sand Poacher;15997;Sand Poacher;530 (ground), 531 (on wall);"<span class="" eil""><span>[[Sand Poacher|Sand Poacher]]</span><span class=""eico s i1 i2 i4"" title=""Desktop, Console and Mobile versions""><b></b><i></i><span>(Desktop, Console and Mobile versions)</span></span></span>";Fried Egg;1;3.33%;;1;1;1;1
87999;Windy Balloon;13784;Windy Balloon;594;"<span class="" eil""><span>[[Windy Balloon|Windy Balloon]]</span><span class=""eico s i1 i2 i4"" title=""Desktop, Console and Mobile versions""><b></b><i></i><span>(Desktop, Console and Mobile versions)</span></span></span>";Blue Kite;1;1.39%;;1;1;1;1
88000;Windy Balloon;13784;Windy Balloon;594;"<span class="" eil""><span>[[Windy Balloon|Windy Balloon]]</span><span class=""eico s i1 i2 i4"" title=""Desktop, Console and Mobile versions""><b></b><i></i><span>(Desktop, Console and Mobile versions)</span></span></span>";Blue and Yellow Kite;1;1.39%;;1;1;1;1
88001;Windy Balloon;13784;Windy Balloon;594;"<span class="" eil""><span>[[Windy Balloon|Windy Balloon]]</span><span class=""eico s i1 i2 i4"" title=""Desktop, Console and Mobile versions""><b></b><i></i><span>(Desktop, Console and Mobile versions)</span></span></span>";Red Kite;1;1.39%;;1;1;1;1
88002;Windy Balloon;13784;Windy Balloon;594;"<span class="" eil""><span>[[Windy Balloon|Windy Balloon]]</span><span class=""eico s i1 i2 i4"" title=""Desktop, Console and Mobile versions""><b></b><i></i><span>(Desktop, Console and Mobile versions)</span></span></span>";Red and Yellow Kite;1;1.39%;;1;1;1;1
88003;Windy Balloon;13784;Windy Balloon;594;"<span class="" eil""><span>[[Windy Balloon|Windy Balloon]]</span><span class=""eico s i1 i2 i4"" title=""Desktop, Console and Mobile versions""><b></b><i></i><span>(Desktop, Console and Mobile versions)</span></span></span>";Yellow Kite;1;1.39%;;1;1;1;1
88004;Windy Balloon;13784;Windy Balloon;594;"<span class="" eil""><span>[[Windy Balloon|Windy Balloon]]</span><span class=""eico s i1 i2 i4"" title=""Desktop, Console and Mobile versions""><b></b><i></i><span>(Desktop, Console and Mobile versions)</span></span></span>";Bunny Kite;1;1.39%;;1;1;1;1
88005;Windy Balloon;13784;Windy Balloon;594;"<span class="" eil""><span>[[Windy Balloon|Windy Balloon]]</span><span class=""eico s i1 i2 i4"" title=""Desktop, Console and Mobile versions""><b></b><i></i><span>(Desktop, Console and Mobile versions)</span></span></span>";Goldfish Kite;1;1.39%;;1;1;1;1
88006;Windy Balloon;13784;Windy Balloon;594;"<span class="" eil""><span>[[Windy Balloon|Windy Balloon]]</span><span class=""eico s i1 i2 i4"" title=""Desktop, Console and Mobile versions""><b></b><i></i><span>(Desktop, Console and Mobile versions)</span></span></span>";Paper Airplane;2–5;1.39%;;1;1;1;1
88007;Windy Balloon;13784;Windy Balloon;594;"<span class="" eil""><span>[[Windy Balloon|Windy Balloon]]</span><span class=""eico s i1 i2 i4"" title=""Desktop, Console and Mobile versions""><b></b><i></i><span>(Desktop, Console and Mobile versions)</span></span></span>";White Paper Airplane;2–5;1.39%;;1;1;1;1
88008;Blue Slime;13701;Blue Slime;1;"<span class="" eil""><span>[[Blue Slime|Blue Slime]]</span></span>";Gel;1–2;100%;;1;1;1;1
88009;Blue Slime;13701;Blue Slime;1;"<span class="" eil""><span>[[Blue Slime|Blue Slime]]</span></span>";Slime Staff;1;"<span class=""mode-content""><span class=""m-normal"">0.01%</span><span class=""m-expert-master"">[[Expert Mode|<abbr class=""mode-exclusive expert"" title=""Expert Mode "">0.014%</abbr>]]</span></span>";;1;1;1;1
88010;Blue Slime;13701;Blue Slime (bonus drop);1;"<span class="" eil""><span>[[Blue Slime|Blue Slime]]</span></span>";Swiftness Potion;1;1/560;;1;1;1;1
88011;Blue Slime;13701;Blue Slime (bonus drop);1;"<span class="" eil""><span>[[Blue Slime|Blue Slime]]</span></span>";Ironskin Potion;1;1/560;;1;1;1;1
88012;Blue Slime;13701;Blue Slime (bonus drop);1;"<span class="" eil""><span>[[Blue Slime|Blue Slime]]</span></span>";Spelunker Potion;1;1/560;;1;1;1;1
88013;Blue Slime;13701;Blue Slime (bonus drop);1;"<span class="" eil""><span>[[Blue Slime|Blue Slime]]</span></span>";Mining Potion;1;1/560;;1;1;1;1
88014;Blue Slime;13701;Blue Slime (bonus drop);1;"<span class="" eil""><span>[[Blue Slime|Blue Slime]]</span></span>";Recall Potion;1;3/1120;;1;1;1;1
88015;Blue Slime;13701;Blue Slime (bonus drop);1;"<span class="" eil""><span>[[Blue Slime|Blue Slime]]</span></span>";Wormhole Potion;1;3/1120;;1;1;1;1
88016;Blue Slime;13701;Blue Slime (bonus drop);1;"<span class="" eil""><span>[[Blue Slime|Blue Slime]]</span></span>";Torch;5–10;1/320;;1;1;1;1
88017;Blue Slime;13701;Blue Slime (bonus drop);1;"<span class="" eil""><span>[[Blue Slime|Blue Slime]]</span></span>";Bomb;2–6;1/320;;1;1;1;1
88018;Blue Slime;13701;Blue Slime (bonus drop);1;"<span class="" eil""><span>[[Blue Slime|Blue Slime]]</span></span>";Rope;20–45;1/320;;1;1;1;1
88019;Blue Slime;13701;Blue Slime (bonus drop);1;"<span class="" eil""><span>[[Blue Slime|Blue Slime]]</span></span>";Heart;1;1/320;;1;1;1;1
88020;Blue Slime;13701;Blue Slime (bonus drop);1;"<span class="" eil""><span>[[Blue Slime|Blue Slime]]</span></span>";Copper Ore;3–13;1/640;;1;1;1;1
88021;Blue Slime;13701;Blue Slime (bonus drop);1;"<span class="" eil""><span>[[Blue Slime|Blue Slime]]</span></span>";Tin Ore;3–13;1/640;;1;1;1;1
88022;Blue Slime;13701;Blue Slime (bonus drop);1;"<span class="" eil""><span>[[Blue Slime|Blue Slime]]</span></span>";Iron Ore;3–13;1/640;;1;1;1;1
88023;Blue Slime;13701;Blue Slime (bonus drop);1;"<span class="" eil""><span>[[Blue Slime|Blue Slime]]</span></span>";Lead Ore;3–13;1/640;;1;1;1;1
88024;Blue Slime;13701;Blue Slime (bonus drop);1;"<span class="" eil""><span>[[Blue Slime|Blue Slime]]</span></span>";Tungsten Ore;3–13;1/640;;1;1;1;1
88025;Blue Slime;13701;Blue Slime (bonus drop);1;"<span class="" eil""><span>[[Blue Slime|Blue Slime]]</span></span>";Silver Ore;3–13;1/640;;1;1;1;1
88026;Blue Slime;13701;Blue Slime (bonus drop);1;"<span class="" eil""><span>[[Blue Slime|Blue Slime]]</span></span>";Gold Ore;3–13;1/640;;1;1;1;1
88027;Blue Slime;13701;Blue Slime (bonus drop);1;"<span class="" eil""><span>[[Blue Slime|Blue Slime]]</span></span>";Platinum Ore;3–13;1/640;;1;1;1;1
88028;Blue Slime;13701;Blue Slime (bonus drop);1;"<span class="" eil""><span>[[Blue Slime|Blue Slime]]</span></span>";Copper Coin;50–99;1/240;;1;1;1;1
88029;Blue Slime;13701;Blue Slime (bonus drop);1;"<span class="" eil""><span>[[Blue Slime|Blue Slime]]</span></span>";Silver Coin;20–99;1/240;;1;1;1;1
88030;Blue Slime;13701;Blue Slime (bonus drop);1;"<span class="" eil""><span>[[Blue Slime|Blue Slime]]</span></span>";Gold Coin;1–2;1/240;;1;1;1;1
88163;Spiked Jungle Slime;7034;Spiked Jungle Slime;204;"<span class="" eil""><span>[[Spiked Jungle Slime|Spiked Jungle Slime]]</span></span>";Gel;1–2;100%;;1;1;1;1
88164;Spiked Jungle Slime;7034;Spiked Jungle Slime;204;"<span class="" eil""><span>[[Spiked Jungle Slime|Spiked Jungle Slime]]</span></span>";Slime Staff;1;"<span class=""mode-content""><span class=""m-normal"">0.01%</span><span class=""m-expert-master"">[[Expert Mode|<abbr class=""mode-exclusive expert"" title=""Expert Mode "">0.014%</abbr>]]</span></span>";;1;1;1;1
88165;Spiked Jungle Slime;7034;Spiked Jungle Slime;204;"<span class="" eil""><span>[[Spiked Jungle Slime|Spiked Jungle Slime]]</span></span>";Stinger;1;"<span class=""mode-content""><span class=""m-normal"">50%</span><span class=""m-expert-master"">[[Expert Mode|<abbr class=""mode-exclusive expert"" title=""Expert Mode "">100%</abbr>]]</span></span>";;1;1;1;1
88491;Crimslime;6384;Crimslime;183;"<span class="" eil""><span>[[Crimslime|Crimslime]]</span></span>";Meat Grinder;1;0.5%;;1;1;1;1
88492;Crimslime;6384;Crimslime;183;"<span class="" eil""><span>[[Crimslime|Crimslime]]</span></span>";Gel;2–4;"100% <span class=""eico s i1 i2 i4"" title=""Desktop, Console and Mobile versions""><b></b><i></i><span>(Desktop, Console and Mobile versions)</span></span>";;1;1;1;1
88493;Crimslime;6384;Crimslime;183;"<span class="" eil""><span>[[Crimslime|Crimslime]]</span></span>";Monster Meat;1;0.07%;;1;1;1;1
88494;Crimslime;6384;Crimslime;183;"<span class="" eil""><span>[[Crimslime|Crimslime]]</span></span>";Blindfold;1;"<span class=""mode-content""><span class=""m-normal"">1%</span><span class=""m-expert-master"">[[Expert Mode|<abbr class=""mode-exclusive expert"" title=""Expert Mode "">1.99%</abbr>]]</span></span> <span class=""eico s i1 i2 i4"" title=""Desktop, Console and Mobile versions""><b></b><i></i><span>(Desktop, Console and Mobile versions)</span></span>";;1;1;1;1
88965;Ray Gunner;6270;Ray Gunner;382;"<span class="" eil""><span>[[Ray Gunner|Ray Gunner]]</span><span class=""eico s i1 i2 i4"" title=""Desktop, Console and Mobile versions""><b></b><i></i><span>(Desktop, Console and Mobile versions)</span></span></span>";Martian Conduit Plating;8–20;12.5%;;1;1;1;1
88966;Ray Gunner;6270;Ray Gunner;382;"<span class="" eil""><span>[[Ray Gunner|Ray Gunner]]</span><span class=""eico s i1 i2 i4"" title=""Desktop, Console and Mobile versions""><b></b><i></i><span>(Desktop, Console and Mobile versions)</span></span></span>";Laser Drill;1;0.13%;;1;1;1;1
88967;Ray Gunner;6270;Ray Gunner;382;"<span class="" eil""><span>[[Ray Gunner|Ray Gunner]]</span><span class=""eico s i1 i2 i4"" title=""Desktop, Console and Mobile versions""><b></b><i></i><span>(Desktop, Console and Mobile versions)</span></span></span>";Anti-Gravity Hook;1;0.13%;;1;1;1;1
88968;Ray Gunner;6270;Ray Gunner;382;"<span class="" eil""><span>[[Ray Gunner|Ray Gunner]]</span><span class=""eico s i1 i2 i4"" title=""Desktop, Console and Mobile versions""><b></b><i></i><span>(Desktop, Console and Mobile versions)</span></span></span>";Charged Blaster Cannon;1;0.13%;;1;1;1;1
88969;Ray Gunner;6270;Ray Gunner;382;"<span class="" eil""><span>[[Ray Gunner|Ray Gunner]]</span><span class=""eico s i1 i2 i4"" title=""Desktop, Console and Mobile versions""><b></b><i></i><span>(Desktop, Console and Mobile versions)</span></span></span>";Martian Costume Mask;1;0.5%;;1;1;1;1
88970;Ray Gunner;6270;Ray Gunner;382;"<span class="" eil""><span>[[Ray Gunner|Ray Gunner]]</span><span class=""eico s i1 i2 i4"" title=""Desktop, Console and Mobile versions""><b></b><i></i><span>(Desktop, Console and Mobile versions)</span></span></span>";Martian Costume Shirt;1;0.5%;;1;1;1;1
88971;Ray Gunner;6270;Ray Gunner;382;"<span class="" eil""><span>[[Ray Gunner|Ray Gunner]]</span><span class=""eico s i1 i2 i4"" title=""Desktop, Console and Mobile versions""><b></b><i></i><span>(Desktop, Console and Mobile versions)</span></span></span>";Martian Costume Pants;1;0.5%;;1;1;1;1
89686;Giant Tortoise;6570;Giant Tortoise;153;"<span class="" eil""><span>[[Giant Tortoise|Giant Tortoise]]</span></span>";Turtle Shell;1;8.33%;;1;1;1;1
89922;Squid;11749;Squid;221;"<span class="" eil""><span>[[Squid|Squid]]</span></span>";Black Ink;1;100%;;1;1;1;1
90449;Corrupt Slime;11804;Corrupt Slime;81;"<span class="" eil""><span>[[Corrupt Slime|Corrupt Slime]]</span></span>";Meat Grinder;1;0.5%;;1;1;1;1
90450;Corrupt Slime;11804;Corrupt Slime;81;"<span class="" eil""><span>[[Corrupt Slime|Corrupt Slime]]</span></span>";Gel;2–4;100%;;1;1;1;1
90451;Corrupt Slime;11804;Corrupt Slime;81;"<span class="" eil""><span>[[Corrupt Slime|Corrupt Slime]]</span></span>";Monster Meat;1;0.07%;;1;1;1;1
90452;Corrupt Slime;11804;Corrupt Slime;81;"<span class="" eil""><span>[[Corrupt Slime|Corrupt Slime]]</span></span>";Blindfold;1;"<span class=""mode-content""><span class=""m-normal"">1%</span><span class=""m-expert-master"">[[Expert Mode|<abbr class=""mode-exclusive expert"" title=""Expert Mode "">1.99%</abbr>]]</span></span>";;1;1;1;1
90455;Snatcher;9523;Snatcher;56;"<span class="" eil""><span>[[Snatcher|Snatcher]]</span></span>";Coffee;1;3.33%;;1;1;1;1
91317;Umbrella Slime;6657;Umbrella Slime;225;"<span class="" eil""><span>[[Umbrella Slime|Umbrella Slime]]</span></span>";Umbrella Hat;1;2.22%;;1;1;1;1
91318;Umbrella Slime;6657;Umbrella Slime;225;"<span class="" eil""><span>[[Umbrella Slime|Umbrella Slime]]</span></span>";Gel;2–6;97.78%;;1;1;1;1
92941;Present Mimic;7541;Present Mimic;341;"<span class="" eil""><span>[[Present Mimic|Present Mimic]]</span></span>";Heart;5–10;100%;;1;1;1;1
92942;Present Mimic;7541;Present Mimic;341;"<span class="" eil""><span>[[Present Mimic|Present Mimic]]</span></span>";Present;;"<span class=""mode-content""><span class=""m-normal""><span class=""eico s i1 i2 i3 i4"" title=""Desktop, Console, Old-gen console and Mobile versions""><b></b><i></i><span>(Desktop, Console, Old-gen console and Mobile versions)</span></span> 100%</span><span class=""m-expert""><span class=""eico s i1 i2 i4"" title=""Desktop, Console and Mobile versions""><b></b><i></i><span>(Desktop, Console and Mobile versions)</span></span> 100%</span><span class=""m-master""><span class=""eico s i1 i2 i4"" title=""Desktop, Console and Mobile versions""><b></b><i></i><span>(Desktop, Console and Mobile versions)</span></span> 100%</span></span>";"<span class=""i"">[[File:Present.png|link=Present|Present]]<span><span>[[Present]]</span></span></span><div class=""note-text small"">(During [[Christmas]] only[[Category:Pages with information based on outdated versions of Terraria's source code]])</div>";1;1;1;1
94426;Piranha;8903;Piranha;58;"<span class="" eil""><span>[[Piranha|Piranha]]</span></span>";Compass;1;"1.33% <span class=""eico s i1 i2 i4"" title=""Desktop, Console and Mobile versions""><b></b><i></i><span>(Desktop, Console and Mobile versions)</span></span>";;1;1;1;1
94427;Piranha;8903;Piranha;58;"<span class="" eil""><span>[[Piranha|Piranha]]</span></span>";Robot Hat;1;0.4%;;1;1;1;1
94428;Piranha;8903;Piranha;58;"<span class="" eil""><span>[[Piranha|Piranha]]</span></span>";Hook;1;3.3%;;1;1;1;1
95035;Hell Armored Bones;6284;Hell Armored Bones;277;"<span class="" eil""><span>[[Hell Armored Bones|Hell Armored Bones]]</span></span>";Bone Feather;1;"<span class=""eico s i1 i2 i4"" title=""Desktop, Console and Mobile versions""><b></b><i></i><span>(Desktop, Console and Mobile versions)</span></span> 0.33%<br/><span class=""eico s i3 i5"" title=""Old-gen console and 3DS versions""><b></b><i></i><span>(Old-gen console and 3DS versions)</span></span> 0.22%";;1;1;1;1
95036;Hell Armored Bones;6284;Hell Armored Bones;277;"<span class="" eil""><span>[[Hell Armored Bones|Hell Armored Bones]]</span></span>";Wisp in a Bottle;1;"<span class=""mode-content""><span class=""m-normal"">0.25%</span><span class=""m-expert-master"">[[Expert Mode|<abbr class=""mode-exclusive expert"" title=""Expert Mode "">0.5%</abbr>]]</span></span>";;1;1;1;1
95037;Hell Armored Bones;6284;Hell Armored Bones;277;"<span class="" eil""><span>[[Hell Armored Bones|Hell Armored Bones]]</span></span>";Magnet Sphere;1;"<span class=""mode-content""><span class=""m-normal"">0.33%</span><span class=""m-expert-master"">[[Expert Mode|<abbr class=""mode-exclusive expert"" title=""Expert Mode "">0.67%</abbr>]]</span></span>";;1;1;1;1
95038;Hell Armored Bones;6284;Hell Armored Bones;277;"<span class="" eil""><span>[[Hell Armored Bones|Hell Armored Bones]]</span></span>";Keybrand;1;"<span class=""mode-content""><span class=""m-normal"">0.5%</span><span class=""m-expert-master"">[[Expert Mode|<abbr class=""mode-exclusive expert"" title=""Expert Mode "">1%</abbr>]]</span></span>";;1;1;1;1
95039;Hell Armored Bones;6284;Hell Armored Bones;277;"<span class="" eil""><span>[[Hell Armored Bones|Hell Armored Bones]]</span></span>";Morning Star;1;"<span class=""mode-content""><span class=""m-normal"">0.5%</span><span class=""m-expert-master"">[[Expert Mode|<abbr class=""mode-exclusive expert"" title=""Expert Mode "">1%</abbr>]]</span></span>";;1;1;1;1
95040;Rusty Armored Bones;6055;Rusty Armored Bones;269;"<span class="" eil""><span>[[Rusty Armored Bones|Rusty Armored Bones]]</span></span>";Bone Feather;1;"<span class=""eico s i1 i2 i4"" title=""Desktop, Console and Mobile versions""><b></b><i></i><span>(Desktop, Console and Mobile versions)</span></span> 0.33%<br/><span class=""eico s i3 i5"" title=""Old-gen console and 3DS versions""><b></b><i></i><span>(Old-gen console and 3DS versions)</span></span> 0.22%";;1;1;1;1
95041;Rusty Armored Bones;6055;Rusty Armored Bones;269;"<span class="" eil""><span>[[Rusty Armored Bones|Rusty Armored Bones]]</span></span>";Adhesive Bandage;1;"<span class=""mode-content""><span class=""m-normal"">1%</span><span class=""m-expert-master"">[[Expert Mode|<abbr class=""mode-exclusive expert"" title=""Expert Mode "">1.99%</abbr>]]</span></span>";;1;1;1;1
95042;Rusty Armored Bones;6055;Rusty Armored Bones;269;"<span class="" eil""><span>[[Rusty Armored Bones|Rusty Armored Bones]]</span></span>";Wisp in a Bottle;1;"<span class=""mode-content""><span class=""m-normal"">0.25%</span><span class=""m-expert-master"">[[Expert Mode|<abbr class=""mode-exclusive expert"" title=""Expert Mode "">0.5%</abbr>]]</span></span>";;1;1;1;1
95043;Rusty Armored Bones;6055;Rusty Armored Bones;269;"<span class="" eil""><span>[[Rusty Armored Bones|Rusty Armored Bones]]</span></span>";Magnet Sphere;1;"<span class=""mode-content""><span class=""m-normal"">0.33%</span><span class=""m-expert-master"">[[Expert Mode|<abbr class=""mode-exclusive expert"" title=""Expert Mode "">0.67%</abbr>]]</span></span>";;1;1;1;1
95044;Rusty Armored Bones;6055;Rusty Armored Bones;269;"<span class="" eil""><span>[[Rusty Armored Bones|Rusty Armored Bones]]</span></span>";Keybrand;1;"<span class=""mode-content""><span class=""m-normal"">0.5%</span><span class=""m-expert-master"">[[Expert Mode|<abbr class=""mode-exclusive expert"" title=""Expert Mode "">1%</abbr>]]</span></span>";;1;1;1;1
95045;Rusty Armored Bones;6055;Rusty Armored Bones;269;"<span class="" eil""><span>[[Rusty Armored Bones|Rusty Armored Bones]]</span></span>";Morning Star;1;"<span class=""mode-content""><span class=""m-normal"">0.5%</span><span class=""m-expert-master"">[[Expert Mode|<abbr class=""mode-exclusive expert"" title=""Expert Mode "">1%</abbr>]]</span></span>";;1;1;1;1
95713;Hellhound;4133;Hellhound;329;"<span class="" eil""><span>[[Hellhound|Hellhound]]</span></span>";Heart;1;25%;;1;1;1;1
96666;Flying Dutchman;4552;Flying Dutchman;491;"<span class="" eil""><span>[[Flying Dutchman|Flying Dutchman]]</span><span class=""eico s i1 i2 i4"" title=""Desktop, Console and Mobile versions""><b></b><i></i><span>(Desktop, Console and Mobile versions)</span></span></span>";Coin Gun;1;2%;;1;1;1;1
96667;Flying Dutchman;4552;Flying Dutchman;491;"<span class="" eil""><span>[[Flying Dutchman|Flying Dutchman]]</span><span class=""eico s i1 i2 i4"" title=""Desktop, Console and Mobile versions""><b></b><i></i><span>(Desktop, Console and Mobile versions)</span></span></span>";Barrel Launcher;1;10%;;1;1;1;1
96668;Flying Dutchman;4552;Flying Dutchman;491;"<span class="" eil""><span>[[Flying Dutchman|Flying Dutchman]]</span><span class=""eico s i1 i2 i4"" title=""Desktop, Console and Mobile versions""><b></b><i></i><span>(Desktop, Console and Mobile versions)</span></span></span>";Lucky Coin;1;6.67%;;1;1;1;1
96669;Flying Dutchman;4552;Flying Dutchman;491;"<span class="" eil""><span>[[Flying Dutchman|Flying Dutchman]]</span><span class=""eico s i1 i2 i4"" title=""Desktop, Console and Mobile versions""><b></b><i></i><span>(Desktop, Console and Mobile versions)</span></span></span>";Discount Card;1;6.67%;;1;1;1;1
96670;Flying Dutchman;4552;Flying Dutchman;491;"<span class="" eil""><span>[[Flying Dutchman|Flying Dutchman]]</span><span class=""eico s i1 i2 i4"" title=""Desktop, Console and Mobile versions""><b></b><i></i><span>(Desktop, Console and Mobile versions)</span></span></span>";Pirate Staff;1;6.67%;;1;1;1;1
96671;Flying Dutchman;4552;Flying Dutchman;491;"<span class="" eil""><span>[[Flying Dutchman|Flying Dutchman]]</span><span class=""eico s i1 i2 i4"" title=""Desktop, Console and Mobile versions""><b></b><i></i><span>(Desktop, Console and Mobile versions)</span></span></span>";Gold Ring;1;6.67%;;1;1;1;1
96672;Flying Dutchman;4552;Flying Dutchman;491;"<span class="" eil""><span>[[Flying Dutchman|Flying Dutchman]]</span><span class=""eico s i1 i2 i4"" title=""Desktop, Console and Mobile versions""><b></b><i></i><span>(Desktop, Console and Mobile versions)</span></span></span>";The Dutchman;1;5%;;1;1;1;1
96673;Flying Dutchman;4552;Flying Dutchman;491;"<span class="" eil""><span>[[Flying Dutchman|Flying Dutchman]]</span><span class=""eico s i1 i2 i4"" title=""Desktop, Console and Mobile versions""><b></b><i></i><span>(Desktop, Console and Mobile versions)</span></span></span>";Cutlass;1;10%;;1;1;1;1
96674;Flying Dutchman;4552;Flying Dutchman;491;"<span class="" eil""><span>[[Flying Dutchman|Flying Dutchman]]</span><span class=""eico s i1 i2 i4"" title=""Desktop, Console and Mobile versions""><b></b><i></i><span>(Desktop, Console and Mobile versions)</span></span></span>";Golden furniture;1 piece;100%;;1;1;1;1
96675;Flying Dutchman;4552;Flying Dutchman;491;"<span class="" eil""><span>[[Flying Dutchman|Flying Dutchman]]</span><span class=""eico s i1 i2 i4"" title=""Desktop, Console and Mobile versions""><b></b><i></i><span>(Desktop, Console and Mobile versions)</span></span></span>";Flying Dutchman Trophy;1;10%;;1;1;1;1
96676;Flying Dutchman;4552;Flying Dutchman;491;"<span class="" eil""><span>[[Flying Dutchman|Flying Dutchman]]</span><span class=""eico s i1 i2 i4"" title=""Desktop, Console and Mobile versions""><b></b><i></i><span>(Desktop, Console and Mobile versions)</span></span></span>";Flying Dutchman Relic;1;"[[Master Mode|<abbr class=""mode-exclusive master"" title=""Master Mode "">100%</abbr>]]";;1;0;0;1
96677;Flying Dutchman;4552;Flying Dutchman;491;"<span class="" eil""><span>[[Flying Dutchman|Flying Dutchman]]</span><span class=""eico s i1 i2 i4"" title=""Desktop, Console and Mobile versions""><b></b><i></i><span>(Desktop, Console and Mobile versions)</span></span></span>";The Black Spot;1;"[[Master Mode|<abbr class=""mode-exclusive master"" title=""Master Mode "">25%</abbr>]]";;1;0;0;1
97243;Raven;9592;Raven;301;"<span class="" eil""><span>[[Raven|Raven]]</span></span>";Raven Feather;1;10%;;1;1;1;1
98969;Hoplite;12176;Hoplite;481;"<span class="" eil""><span>[[Hoplite|Hoplite]]</span><span class=""eico s i1 i2 i4"" title=""Desktop, Console and Mobile versions""><b></b><i></i><span>(Desktop, Console and Mobile versions)</span></span></span>";Pizza;1;2%;;1;1;1;1
98970;Hoplite;12176;Hoplite;481;"<span class="" eil""><span>[[Hoplite|Hoplite]]</span><span class=""eico s i1 i2 i4"" title=""Desktop, Console and Mobile versions""><b></b><i></i><span>(Desktop, Console and Mobile versions)</span></span></span>";Javelin;40–80;50%;;1;1;1;1
98971;Hoplite;12176;Hoplite;481;"<span class="" eil""><span>[[Hoplite|Hoplite]]</span><span class=""eico s i1 i2 i4"" title=""Desktop, Console and Mobile versions""><b></b><i></i><span>(Desktop, Console and Mobile versions)</span></span></span>";Gladiator Helmet;1;4.76%;;1;1;1;1
98972;Hoplite;12176;Hoplite;481;"<span class="" eil""><span>[[Hoplite|Hoplite]]</span><span class=""eico s i1 i2 i4"" title=""Desktop, Console and Mobile versions""><b></b><i></i><span>(Desktop, Console and Mobile versions)</span></span></span>";Gladiator Breastplate;1;4.76%;;1;1;1;1
98973;Hoplite;12176;Hoplite;481;"<span class="" eil""><span>[[Hoplite|Hoplite]]</span><span class=""eico s i1 i2 i4"" title=""Desktop, Console and Mobile versions""><b></b><i></i><span>(Desktop, Console and Mobile versions)</span></span></span>";Gladiator Leggings;1;4.76%;;1;1;1;1
98974;Hoplite;12176;Hoplite;481;"<span class="" eil""><span>[[Hoplite|Hoplite]]</span><span class=""eico s i1 i2 i4"" title=""Desktop, Console and Mobile versions""><b></b><i></i><span>(Desktop, Console and Mobile versions)</span></span></span>";Gladius;1;5%;;1;1;1;1
98975;Hoplite;12176;Hoplite;481;"<span class="" eil""><span>[[Hoplite|Hoplite]]</span><span class=""eico s i1 i2 i4"" title=""Desktop, Console and Mobile versions""><b></b><i></i><span>(Desktop, Console and Mobile versions)</span></span></span>";Hook;1;4%;;1;1;1;1
98976;Hoplite;12176;Hoplite;481;"<span class="" eil""><span>[[Hoplite|Hoplite]]</span><span class=""eico s i1 i2 i4"" title=""Desktop, Console and Mobile versions""><b></b><i></i><span>(Desktop, Console and Mobile versions)</span></span></span>";Stress Ball;1;1%;;1;1;1;1
100828;Spiked Ice Slime;8380;Spiked Ice Slime;184;"<span class="" eil""><span>[[Spiked Ice Slime|Spiked Ice Slime]]</span></span>";Ice Cream;1;0.67%;;1;1;1;1
100829;Spiked Ice Slime;8380;Spiked Ice Slime;184;"<span class="" eil""><span>[[Spiked Ice Slime|Spiked Ice Slime]]</span></span>";Gel;1–2;100%;;1;1;1;1
100830;Spiked Ice Slime;8380;Spiked Ice Slime;184;"<span class="" eil""><span>[[Spiked Ice Slime|Spiked Ice Slime]]</span></span>";Slime Staff;1;"<span class=""mode-content""><span class=""m-normal"">0.01%</span><span class=""m-expert-master"">[[Expert Mode|<abbr class=""mode-exclusive expert"" title=""Expert Mode "">0.0143%</abbr>]]</span></span>";;1;1;1;1
104208;Floaty Gross;12684;Floaty Gross;182;"<span class="" eil""><span>[[Floaty Gross|Floaty Gross]]</span></span>";Meat Grinder;1;0.5%;;1;1;1;1
104209;Floaty Gross;12684;Floaty Gross;182;"<span class="" eil""><span>[[Floaty Gross|Floaty Gross]]</span></span>";Vertebra;1;33.33%;;1;1;1;1
104210;Floaty Gross;12684;Floaty Gross;182;"<span class="" eil""><span>[[Floaty Gross|Floaty Gross]]</span></span>";Monster Meat;1;0.07%;;1;1;1;1
104211;Floaty Gross;12684;Floaty Gross;182;"<span class="" eil""><span>[[Floaty Gross|Floaty Gross]]</span></span>";Vitamins;1;"<span class=""mode-content""><span class=""m-normal"">1%</span><span class=""m-expert-master"">[[Expert Mode|<abbr class=""mode-exclusive expert"" title=""Expert Mode "">1.99%</abbr>]]</span></span>";;1;1;1;1
104212;Floaty Gross;12684;Floaty Gross;182;"<span class="" eil""><span>[[Floaty Gross|Floaty Gross]]</span></span>";Eater Of Life;1;"<span class=""mode-content""><span class=""m-normal"">0.5%</span><span class=""m-expert-master"">[[Expert Mode|<abbr class=""mode-exclusive expert"" title=""Expert Mode "">0.67%</abbr>]]</span></span>";;1;1;1;1
104227;Corruptor;4159;Corruptor;94;"<span class="" eil""><span>[[Corruptor|Corruptor]]</span></span>";Meat Grinder;1;"0.5% <span class=""eico s i1 i2 i4"" title=""Desktop, Console and Mobile versions""><b></b><i></i><span>(Desktop, Console and Mobile versions)</span></span>";;1;1;1;1
104228;Corruptor;4159;Corruptor;94;"<span class="" eil""><span>[[Corruptor|Corruptor]]</span></span>";Rotten Chunk;1;33.33%;;1;1;1;1
104229;Corruptor;4159;Corruptor;94;"<span class="" eil""><span>[[Corruptor|Corruptor]]</span></span>";Monster Meat;1;0.07%;;1;1;1;1
104230;Corruptor;4159;Corruptor;94;"<span class="" eil""><span>[[Corruptor|Corruptor]]</span></span>";Vitamins;1;"<span class=""mode-content""><span class=""m-normal"">1%</span><span class=""m-expert-master"">[[Expert Mode|<abbr class=""mode-exclusive expert"" title=""Expert Mode "">2%</abbr>]]</span></span>";;1;1;1;1
104231;Corruptor;4159;Corruptor;94;"<span class="" eil""><span>[[Corruptor|Corruptor]]</span></span>";Eater Of Life;1;"<span class=""mode-content""><span class=""m-normal"">0.5%</span><span class=""m-expert-master"">[[Expert Mode|<abbr class=""mode-exclusive expert"" title=""Expert Mode "">0.67%</abbr>]]</span></span>";;1;1;1;1
104232;Ichor Sticker;7986;Ichor Sticker;268;"<span class="" eil""><span>[[Ichor Sticker|Ichor Sticker]]</span></span>";Monster Meat;1;0.07%;;1;1;1;1
104233;Ichor Sticker;7986;Ichor Sticker;268;"<span class="" eil""><span>[[Ichor Sticker|Ichor Sticker]]</span></span>";Ichor;"2–5 <span class=""eico s i1 i2 i4"" title=""Desktop, Console and Mobile versions""><b></b><i></i><span>(Desktop, Console and Mobile versions)</span></span> / 3–6 <span class=""eico s i3 i5"" title=""Old-gen console and 3DS versions""><b></b><i></i><span>(Old-gen console and 3DS versions)</span></span>";100%;;1;1;1;1
104234;Ichor Sticker;7986;Ichor Sticker;268;"<span class="" eil""><span>[[Ichor Sticker|Ichor Sticker]]</span></span>";Eater Of Life;1;"<span class=""mode-content""><span class=""m-normal"">0.5%</span><span class=""m-expert-master"">[[Expert Mode|<abbr class=""mode-exclusive expert"" title=""Expert Mode "">0.67%</abbr>]]</span></span>";;1;1;1;1
104904;Goblin Warrior;11963;Goblin Warrior;28;"<span class="" eil""><span>[[Goblin Warrior|Goblin Warrior]]</span></span>";Harpoon;1;0.5%;;1;1;1;1
104905;Goblin Warrior;11963;Goblin Warrior;28;"<span class="" eil""><span>[[Goblin Warrior|Goblin Warrior]]</span></span>";Spiky Ball;1–5;49.75%;;1;1;1;1
104906;Goblin Peon;15438;Goblin Peon;26;"<span class="" eil""><span>[[Goblin Peon|Goblin Peon]]</span></span>";Harpoon;1;0.5%;;1;1;1;1
104907;Goblin Peon;15438;Goblin Peon;26;"<span class="" eil""><span>[[Goblin Peon|Goblin Peon]]</span></span>";Spiky Ball;1–5;49.75%;;1;1;1;1
104929;Cochineal Beetle;14184;Cochineal Beetle;217;"<span class="" eil""><span>[[Cochineal Beetle|Cochineal Beetle]]</span></span>";Red Husk;1;100%;;1;1;1;1
104938;Basilisk;14094;Basilisk;532;"<span class="" eil""><span>[[Basilisk|Basilisk]]</span><span class=""eico s i1 i2 i4"" title=""Desktop, Console and Mobile versions""><b></b><i></i><span>(Desktop, Console and Mobile versions)</span></span></span>";Sturdy Fossil;1–3;100%;;1;1;1;1
104939;Basilisk;14094;Basilisk;532;"<span class="" eil""><span>[[Basilisk|Basilisk]]</span><span class=""eico s i1 i2 i4"" title=""Desktop, Console and Mobile versions""><b></b><i></i><span>(Desktop, Console and Mobile versions)</span></span></span>";Ancient Horn;1;2%;;1;1;1;1
104940;Brain Scrambler;13907;Brain Scrambler;381;"<span class="" eil""><span>[[Brain Scrambler|Brain Scrambler]]</span><span class=""eico s i1 i2 i4"" title=""Desktop, Console and Mobile versions""><b></b><i></i><span>(Desktop, Console and Mobile versions)</span></span></span>";Martian Conduit Plating;8–20;12.5%;;1;1;1;1
104941;Brain Scrambler;13907;Brain Scrambler;381;"<span class="" eil""><span>[[Brain Scrambler|Brain Scrambler]]</span><span class=""eico s i1 i2 i4"" title=""Desktop, Console and Mobile versions""><b></b><i></i><span>(Desktop, Console and Mobile versions)</span></span></span>";Laser Drill;1;0.13%;;1;1;1;1
104942;Brain Scrambler;13907;Brain Scrambler;381;"<span class="" eil""><span>[[Brain Scrambler|Brain Scrambler]]</span><span class=""eico s i1 i2 i4"" title=""Desktop, Console and Mobile versions""><b></b><i></i><span>(Desktop, Console and Mobile versions)</span></span></span>";Anti-Gravity Hook;1;0.13%;;1;1;1;1
104943;Brain Scrambler;13907;Brain Scrambler;381;"<span class="" eil""><span>[[Brain Scrambler|Brain Scrambler]]</span><span class=""eico s i1 i2 i4"" title=""Desktop, Console and Mobile versions""><b></b><i></i><span>(Desktop, Console and Mobile versions)</span></span></span>";Charged Blaster Cannon;1;0.13%;;1;1;1;1
104944;Brain Scrambler;13907;Brain Scrambler;381;"<span class="" eil""><span>[[Brain Scrambler|Brain Scrambler]]</span><span class=""eico s i1 i2 i4"" title=""Desktop, Console and Mobile versions""><b></b><i></i><span>(Desktop, Console and Mobile versions)</span></span></span>";Martian Costume Mask;1;0.5%;;1;1;1;1
104945;Brain Scrambler;13907;Brain Scrambler;381;"<span class="" eil""><span>[[Brain Scrambler|Brain Scrambler]]</span><span class=""eico s i1 i2 i4"" title=""Desktop, Console and Mobile versions""><b></b><i></i><span>(Desktop, Console and Mobile versions)</span></span></span>";Martian Costume Shirt;1;0.5%;;1;1;1;1
104946;Brain Scrambler;13907;Brain Scrambler;381;"<span class="" eil""><span>[[Brain Scrambler|Brain Scrambler]]</span><span class=""eico s i1 i2 i4"" title=""Desktop, Console and Mobile versions""><b></b><i></i><span>(Desktop, Console and Mobile versions)</span></span></span>";Martian Costume Pants;1;0.5%;;1;1;1;1
104947;Cyan Beetle;4157;Cyan Beetle;218;"<span class="" eil""><span>[[Cyan Beetle|Cyan Beetle]]</span></span>";Cyan Husk;1;100%;;1;1;1;1
104948;Doctor Bones;11500;Doctor Bones;52;"<span class="" eil""><span>[[Doctor Bones|Doctor Bones]]</span></span>";Archaeologist's Hat;1;100%;;1;1;1;1
104949;Dr. Man Fly;8058;Dr. Man Fly;468;"<span class="" eil""><span>[[Dr. Man Fly|Dr. Man Fly]]</span><span class=""eico s i1 i2 i4"" title=""Desktop, Console and Mobile versions""><b></b><i></i><span>(Desktop, Console and Mobile versions)</span></span></span>";Toxic Flask;1;"<span class=""mode-content""><span class=""m-normal"">2.5%</span><span class=""m-expert-master"">[[Expert Mode|<abbr class=""mode-exclusive expert"" title=""Expert Mode "">4.94%</abbr>]]</span></span>";;1;1;1;1
104950;Dr. Man Fly;8058;Dr. Man Fly;468;"<span class="" eil""><span>[[Dr. Man Fly|Dr. Man Fly]]</span><span class=""eico s i1 i2 i4"" title=""Desktop, Console and Mobile versions""><b></b><i></i><span>(Desktop, Console and Mobile versions)</span></span></span>";Dr. Man Fly Mask;1;"<span class=""mode-content""><span class=""m-normal"">2%</span><span class=""m-expert-master"">[[Expert Mode|<abbr class=""mode-exclusive expert"" title=""Expert Mode "">3.96%</abbr>]]</span></span>";;1;1;1;1
104951;Dr. Man Fly;8058;Dr. Man Fly;468;"<span class="" eil""><span>[[Dr. Man Fly|Dr. Man Fly]]</span><span class=""eico s i1 i2 i4"" title=""Desktop, Console and Mobile versions""><b></b><i></i><span>(Desktop, Console and Mobile versions)</span></span></span>";Dr. Man Fly's Lab Coat;1;"<span class=""mode-content""><span class=""m-normal"">2%</span><span class=""m-expert-master"">[[Expert Mode|<abbr class=""mode-exclusive expert"" title=""Expert Mode "">3.96%</abbr>]]</span></span>";;1;1;1;1
104960;Lac Beetle;12164;Lac Beetle;219;"<span class="" eil""><span>[[Lac Beetle|Lac Beetle]]</span></span>";Violet Husk;1;100%;;1;1;1;1
104990;Paladin;8594;Paladin;290;"<span class="" eil""><span>[[Paladin|Paladin]]</span></span>";BBQ Ribs;1;14.29%;;1;1;1;1
104991;Paladin;8594;Paladin;290;"<span class="" eil""><span>[[Paladin|Paladin]]</span></span>";Paladin's Hammer;1;"<span class=""mode-content""><span class=""m-normal"">6.67%</span><span class=""m-expert-master"">[[Expert Mode|<abbr class=""mode-exclusive expert"" title=""Expert Mode "">12.89%</abbr>]]</span></span>";;1;1;1;1
104992;Paladin;8594;Paladin;290;"<span class="" eil""><span>[[Paladin|Paladin]]</span></span>";Paladin's Shield;1;"<span class=""mode-content""><span class=""m-normal"">10%</span><span class=""m-expert-master"">[[Expert Mode|<abbr class=""mode-exclusive expert"" title=""Expert Mode "">19%</abbr>]]</span></span>";;1;1;1;1
105027;Sea Snail;6528;Sea Snail;220;"<span class="" eil""><span>[[Sea Snail|Sea Snail]]</span></span>";Purple Mucus;1;100%;;1;1;1;1
105051;Antlion Swarmer;15302;Antlion Swarmer;581;"<span class="" eil""><span>[[Antlion Swarmer|Antlion Swarmer]]</span><span class=""eico s i1 i2 i4"" title=""Desktop, Console and Mobile versions""><b></b><i></i><span>(Desktop, Console and Mobile versions)</span></span></span>";Banana Split;1;2%;;1;1;1;1
105052;Antlion Swarmer;15302;Antlion Swarmer;581;"<span class="" eil""><span>[[Antlion Swarmer|Antlion Swarmer]]</span><span class=""eico s i1 i2 i4"" title=""Desktop, Console and Mobile versions""><b></b><i></i><span>(Desktop, Console and Mobile versions)</span></span></span>";Antlion Mandible;1–2;33.3%;;1;1;1;1
105053;Antlion Swarmer;15302;Antlion Swarmer;581;"<span class="" eil""><span>[[Antlion Swarmer|Antlion Swarmer]]</span><span class=""eico s i1 i2 i4"" title=""Desktop, Console and Mobile versions""><b></b><i></i><span>(Desktop, Console and Mobile versions)</span></span></span>";Mandible Blade;1;2%;;1;1;1;1
106160;Water Chest;7783;Water Chest;;"<span class="" eil""><span>[[Water Chest|Water Chest]]</span></span>";Breathing Reed;1;"<span class=""chance"" data-sort-value=""22.5"">9/40 (22.5%)</span>";;0;1;1;1
106161;Water Chest;7783;Water Chest;;"<span class="" eil""><span>[[Water Chest|Water Chest]]</span></span>";Flipper;1;"<span class=""chance"" data-sort-value=""22.5"">9/40 (22.5%)</span>";;0;1;1;1
106162;Water Chest;7783;Water Chest;;"<span class="" eil""><span>[[Water Chest|Water Chest]]</span></span>";Trident;1;"<span class=""chance"" data-sort-value=""22.5"">9/40 (22.5%)</span>";;0;1;1;1
106163;Water Chest;7783;Water Chest;;"<span class="" eil""><span>[[Water Chest|Water Chest]]</span></span>";Inner Tube;1;"<span class=""chance"" data-sort-value=""22.5"">9/40 (22.5%)</span>";;0;1;1;1
106164;Water Chest;7783;Water Chest;;"<span class="" eil""><span>[[Water Chest|Water Chest]]</span></span>";Water Walking Boots;1;"<span class=""chance"" data-sort-value=""10"">1/10 (10%)</span>";;0;1;1;1
106165;Water Chest;7783;Water Chest;;"<span class="" eil""><span>[[Water Chest|Water Chest]]</span></span>";Sandcastle Bucket;1;"<span class=""chance"" data-sort-value=""50"">1/2 (50%)</span>";;0;1;1;1
106166;Water Chest;7783;Water Chest;;"<span class="" eil""><span>[[Water Chest|Water Chest]]</span></span>";Shark Bait;1;"<span class=""chance"" data-sort-value=""50"">1/2 (50%)</span>";;0;1;1;1
106541;Giant Cursed Skull;15263;Giant Cursed Skull;289;"<span class="" eil""><span>[[Giant Cursed Skull|Giant Cursed Skull]]</span></span>";Cream Soda;1;2.86%;;1;1;1;1
106542;Giant Cursed Skull;15263;Giant Cursed Skull;289;"<span class="" eil""><span>[[Giant Cursed Skull|Giant Cursed Skull]]</span></span>";Nazar;1;"<span class=""mode-content""><span class=""m-normal"">1%</span><span class=""m-expert-master"">[[Expert Mode|<abbr class=""mode-exclusive expert"" title=""Expert Mode "">1.99%</abbr>]]</span></span> <span class=""eico s i1 i2 i4"" title=""Desktop, Console and Mobile versions""><b></b><i></i><span>(Desktop, Console and Mobile versions)</span></span>";;1;1;1;1
106543;Giant Cursed Skull;15263;Giant Cursed Skull;289;"<span class="" eil""><span>[[Giant Cursed Skull|Giant Cursed Skull]]</span></span>";Shadow Jousting Lance;1;"<span class=""mode-content""><span class=""m-normal"">4%</span><span class=""m-expert-master"">[[Expert Mode|<abbr class=""mode-exclusive expert"" title=""Expert Mode "">7.84%</abbr>]]</span></span>";;1;1;1;1
107643;Cursed Skull;5163;Cursed Skull;34;"<span class="" eil""><span>[[Cursed Skull|Cursed Skull]]</span></span>";Nazar;1;"<span class=""mode-content""><span class=""m-normal m-journey"">1%</span><span class=""m-expert-master"">[[Expert Mode|<abbr class=""mode-exclusive expert"" title=""Expert Mode "">1.99%</abbr>]]</span></span>";;1;1;1;1
107644;Cursed Skull;5163;Cursed Skull;34;"<span class="" eil""><span>[[Cursed Skull|Cursed Skull]]</span></span>";Cream Soda;1;1.43%;;1;1;1;1
107645;Cursed Skull;5163;Cursed Skull;34;"<span class="" eil""><span>[[Cursed Skull|Cursed Skull]]</span></span>";Bone;"<span class=""mode-content""><span class=""m-normal m-journey"">1–3</span><span class=""m-expert-master"">[[Expert Mode|<abbr class=""mode-exclusive expert"" title=""Expert Mode "">2–6</abbr>]]</span></span>";"<span class=""mode-content""><span class=""m-normal m-journey"">97.09%</span><span class=""m-expert-master"">[[Expert Mode|<abbr class=""mode-exclusive expert"" title=""Expert Mode "">100%</abbr>]]</span></span>";;1;1;1;1
107646;Cursed Skull;5163;Cursed Skull;34;"<span class="" eil""><span>[[Cursed Skull|Cursed Skull]]</span></span>";Golden Key;1;1.52%;;1;1;1;1
107647;Cursed Skull;5163;Cursed Skull;34;"<span class="" eil""><span>[[Cursed Skull|Cursed Skull]]</span></span>";Tally Counter;1;1%;;1;1;1;1
107648;Cursed Skull;5163;Cursed Skull;34;"<span class="" eil""><span>[[Cursed Skull|Cursed Skull]]</span></span>";Bone Wand;1;0.4%;;1;1;1;1
108394;Illuminant Slime;4825;Illuminant Slime;138;"<span class="" eil""><span>[[Illuminant Slime|Illuminant Slime]]</span></span>";Apple Pie;1;0.67%;;1;1;1;1
108395;Illuminant Slime;4825;Illuminant Slime;138;"<span class="" eil""><span>[[Illuminant Slime|Illuminant Slime]]</span></span>";Gel;1–2;100%;;1;1;1;1
108396;Illuminant Slime;4825;Illuminant Slime;138;"<span class="" eil""><span>[[Illuminant Slime|Illuminant Slime]]</span></span>";Slime Staff;1;"<span class=""mode-content""><span class=""m-normal m-journey"">0.01%</span><span class=""m-expert-master"">[[Expert Mode|<abbr class=""mode-exclusive expert"" title=""Expert Mode "">0.014%</abbr>]]</span></span>";;1;1;1;1
108397;Illuminant Slime;4825;Illuminant Slime;138;"<span class="" eil""><span>[[Illuminant Slime|Illuminant Slime]]</span></span>";Crystallize;1;"<span class=""mode-content""><span class=""m-normal m-journey"">0.5%</span><span class=""m-expert-master"">[[Expert Mode|<abbr class=""mode-exclusive expert"" title=""Expert Mode "">0.67%</abbr>]]</span></span>";;1;1;1;1
108408;Ghouls;9315;Vile Ghoul;525;"<span class="" eil""><span>[[Ghouls|Vile Ghoul]]</span><span class=""eico s i1 i2 i4"" title=""Desktop, Console and Mobile versions""><b></b><i></i><span>(Desktop, Console and Mobile versions)</span></span></span>";Ancient Cloth;1;10%;;1;1;1;1
108409;Ghouls;9315;Vile Ghoul;525;"<span class="" eil""><span>[[Ghouls|Vile Ghoul]]</span><span class=""eico s i1 i2 i4"" title=""Desktop, Console and Mobile versions""><b></b><i></i><span>(Desktop, Console and Mobile versions)</span></span></span>";Cursed Flame;1-3;33.3%;;1;1;1;1
108410;Ghouls;9315;Vile Ghoul;525;"<span class="" eil""><span>[[Ghouls|Vile Ghoul]]</span><span class=""eico s i1 i2 i4"" title=""Desktop, Console and Mobile versions""><b></b><i></i><span>(Desktop, Console and Mobile versions)</span></span></span>";Dark Shard;1;6.67%;;1;1;1;1
108411;Ghouls;9315;Vile Ghoul;525;"<span class="" eil""><span>[[Ghouls|Vile Ghoul]]</span><span class=""eico s i1 i2 i4"" title=""Desktop, Console and Mobile versions""><b></b><i></i><span>(Desktop, Console and Mobile versions)</span></span></span>";Eater Of Life;1;"<span class=""mode-content""><span class=""m-normal m-journey"">0.5%</span><span class=""m-expert-master"">[[Expert Mode|<abbr class=""mode-exclusive expert"" title=""Expert Mode "">0.67%</abbr>]]</span></span>";;1;1;1;1
108422;Ghouls;9315;Ghoul;524;"<span class="" eil""><span>[[Ghouls|Ghoul]]</span><span class=""eico s i1 i2 i4"" title=""Desktop, Console and Mobile versions""><b></b><i></i><span>(Desktop, Console and Mobile versions)</span></span></span>";Ancient Cloth;1;10%;;1;1;1;1
108428;Ghouls;9315;Tainted Ghoul;526;"<span class="" eil""><span>[[Ghouls|Tainted Ghoul]]</span><span class=""eico s i1 i2 i4"" title=""Desktop, Console and Mobile versions""><b></b><i></i><span>(Desktop, Console and Mobile versions)</span></span></span>";Ancient Cloth;1;10%;;1;1;1;1
108429;Ghouls;9315;Tainted Ghoul;526;"<span class="" eil""><span>[[Ghouls|Tainted Ghoul]]</span><span class=""eico s i1 i2 i4"" title=""Desktop, Console and Mobile versions""><b></b><i></i><span>(Desktop, Console and Mobile versions)</span></span></span>";Ichor;1-3;33.3%;;1;1;1;1
108430;Ghouls;9315;Tainted Ghoul;526;"<span class="" eil""><span>[[Ghouls|Tainted Ghoul]]</span><span class=""eico s i1 i2 i4"" title=""Desktop, Console and Mobile versions""><b></b><i></i><span>(Desktop, Console and Mobile versions)</span></span></span>";Dark Shard;1;6.67%;;1;1;1;1
108431;Ghouls;9315;Tainted Ghoul;526;"<span class="" eil""><span>[[Ghouls|Tainted Ghoul]]</span><span class=""eico s i1 i2 i4"" title=""Desktop, Console and Mobile versions""><b></b><i></i><span>(Desktop, Console and Mobile versions)</span></span></span>";Eater Of Life;1;"<span class=""mode-content""><span class=""m-normal m-journey"">0.5%</span><span class=""m-expert-master"">[[Expert Mode|<abbr class=""mode-exclusive expert"" title=""Expert Mode "">0.67%</abbr>]]</span></span>";;1;1;1;1
108440;Ghouls;9315;Dreamer Ghoul;527;"<span class="" eil""><span>[[Ghouls|Dreamer Ghoul]]</span><span class=""eico s i1 i2 i4"" title=""Desktop, Console and Mobile versions""><b></b><i></i><span>(Desktop, Console and Mobile versions)</span></span></span>";Ancient Cloth;1;10%;;1;1;1;1
108441;Ghouls;9315;Dreamer Ghoul;527;"<span class="" eil""><span>[[Ghouls|Dreamer Ghoul]]</span><span class=""eico s i1 i2 i4"" title=""Desktop, Console and Mobile versions""><b></b><i></i><span>(Desktop, Console and Mobile versions)</span></span></span>";Light Shard;1;6.67%;;1;1;1;1
108442;Ghouls;9315;Dreamer Ghoul;527;"<span class="" eil""><span>[[Ghouls|Dreamer Ghoul]]</span><span class=""eico s i1 i2 i4"" title=""Desktop, Console and Mobile versions""><b></b><i></i><span>(Desktop, Console and Mobile versions)</span></span></span>";Crystallize;1;"<span class=""mode-content""><span class=""m-normal m-journey"">0.5%</span><span class=""m-expert-master"">[[Expert Mode|<abbr class=""mode-exclusive expert"" title=""Expert Mode "">0.67%</abbr>]]</span></span>";;1;1;1;1
108492;Lava Bat;6923;Lava Bat;151;"<span class="" eil""><span>[[Lava Bat|Lava Bat]]</span></span>";Magma Stone;1;2%;;1;1;1;1
108493;Lava Bat;6923;Lava Bat;151;"<span class="" eil""><span>[[Lava Bat|Lava Bat]]</span></span>";Bat Bat;1;0.33%;;1;1;1;1
109093;Angry Bones;5804;Angry Bones;31;"<span class="" eil""><span>[[Angry Bones|Angry Bones]]</span></span>";Ancient Necro Helmet;1;0.22%;;1;1;1;1
109094;Angry Bones;5804;Angry Bones;31;"<span class="" eil""><span>[[Angry Bones|Angry Bones]]</span></span>";Clothier Voodoo Doll;1;0.33%;;1;1;1;1
109095;Angry Bones;5804;Angry Bones;31;"<span class="" eil""><span>[[Angry Bones|Angry Bones]]</span></span>";Bone Wand;1;0.4%;;1;1;1;1
109096;Angry Bones;5804;Angry Bones;31;"<span class="" eil""><span>[[Angry Bones|Angry Bones]]</span></span>";Tally Counter;1;1%;;1;1;1;1
109097;Angry Bones;5804;Angry Bones;31;"<span class="" eil""><span>[[Angry Bones|Angry Bones]]</span></span>";Golden Key;1;1.52%;;1;1;1;1
109098;Angry Bones;5804;Angry Bones;31;"<span class="" eil""><span>[[Angry Bones|Angry Bones]]</span></span>";Bone;"<span class=""mode-content""><span class=""m-normal m-journey"">1–3</span><span class=""m-expert-master"">[[Expert Mode|<abbr class=""mode-exclusive expert"" title=""Expert Mode "">2–6</abbr>]]</span></span>";"<span class=""mode-content""><span class=""m-normal m-journey"">97.09%</span><span class=""m-expert-master"">[[Expert Mode|<abbr class=""mode-exclusive expert"" title=""Expert Mode "">100%</abbr>]]</span></span>";;1;1;1;1
109115;Oyster;11951;Oyster;;"<span class="" eil""><span>[[Oyster|Oyster]]</span><span class=""eico s i1 i2 i4"" title=""Desktop, Console and Mobile versions""><b></b><i></i><span>(Desktop, Console and Mobile versions)</span></span></span>";Shucked Oyster;1;100%;;0;1;1;1
109116;Oyster;11951;Oyster;;"<span class="" eil""><span>[[Oyster|Oyster]]</span><span class=""eico s i1 i2 i4"" title=""Desktop, Console and Mobile versions""><b></b><i></i><span>(Desktop, Console and Mobile versions)</span></span></span>";White Pearl;1;"<span class=""chance"" data-sort-value=""15"">3/20 (15%)</span>";;0;1;1;1
109117;Oyster;11951;Oyster;;"<span class="" eil""><span>[[Oyster|Oyster]]</span><span class=""eico s i1 i2 i4"" title=""Desktop, Console and Mobile versions""><b></b><i></i><span>(Desktop, Console and Mobile versions)</span></span></span>";Black Pearl;1;"<span class=""chance"" data-sort-value=""7.5"">3/40 (7.5%)</span>";;0;1;1;1
109118;Oyster;11951;Oyster;;"<span class="" eil""><span>[[Oyster|Oyster]]</span><span class=""eico s i1 i2 i4"" title=""Desktop, Console and Mobile versions""><b></b><i></i><span>(Desktop, Console and Mobile versions)</span></span></span>";Pink Pearl;1;"<span class=""chance"" data-sort-value=""2.5"">1/40 (2.5%)</span>";;0;1;1;1
109957;Illuminant Bat;6837;Illuminant Bat;137;"<span class="" eil""><span>[[Illuminant Bat|Illuminant Bat]]</span></span>";Apple Pie;1;0.67%;;1;1;1;1
109958;Illuminant Bat;6837;Illuminant Bat;137;"<span class="" eil""><span>[[Illuminant Bat|Illuminant Bat]]</span></span>";Bat Bat;1;0.33%;;1;1;1;1
109959;Illuminant Bat;6837;Illuminant Bat;137;"<span class="" eil""><span>[[Illuminant Bat|Illuminant Bat]]</span></span>";Crystallize;1;"<span class=""mode-content""><span class=""m-normal m-journey"">0.5%</span><span class=""m-expert-master"">[[Expert Mode|<abbr class=""mode-exclusive expert"" title=""Expert Mode "">0.67%</abbr>]]</span></span>";;1;1;1;1
109963;Giant Flying Fox;10904;Giant Flying Fox;152;"<span class="" eil""><span>[[Giant Flying Fox|Giant Flying Fox]]</span></span>";Grapes;1;2.5%;;1;1;1;1
109964;Giant Flying Fox;10904;Giant Flying Fox;152;"<span class="" eil""><span>[[Giant Flying Fox|Giant Flying Fox]]</span></span>";Bat Bat;1;0.33%;;1;1;1;1
109981;Angry Tumbler;10769;Angry Tumbler;546;"<span class="" eil""><span>[[Angry Tumbler|Angry Tumbler]]</span><span class=""eico s i1 i2 i4"" title=""Desktop, Console and Mobile versions""><b></b><i></i><span>(Desktop, Console and Mobile versions)</span></span></span>";Nachos;1;3.33%;;1;1;1;1
110143;Demon;15878;Demon;62;"<span class="" eil""><span>[[Demon|Demon]]</span></span>";Demon Scythe;1;2.86%;;1;1;1;1
110278;Dark Caster;14830;Dark Caster;32;"<span class="" eil""><span>[[Dark Caster|Dark Caster]]</span></span>";Ancient Necro Helmet;1;0.22%;;1;1;1;1
110279;Dark Caster;14830;Dark Caster;32;"<span class="" eil""><span>[[Dark Caster|Dark Caster]]</span></span>";Clothier Voodoo Doll;1;0.33%;;1;1;1;1
110280;Dark Caster;14830;Dark Caster;32;"<span class="" eil""><span>[[Dark Caster|Dark Caster]]</span></span>";Bone Wand;1;0.4%;;1;1;1;1
110281;Dark Caster;14830;Dark Caster;32;"<span class="" eil""><span>[[Dark Caster|Dark Caster]]</span></span>";Tally Counter;1;1%;;1;1;1;1
110282;Dark Caster;14830;Dark Caster;32;"<span class="" eil""><span>[[Dark Caster|Dark Caster]]</span></span>";Golden Key;1;1.52%;;1;1;1;1
110283;Dark Caster;14830;Dark Caster;32;"<span class="" eil""><span>[[Dark Caster|Dark Caster]]</span></span>";Bone;"<span class=""mode-content""><span class=""m-normal m-journey"">1–3</span><span class=""m-expert-master"">[[Expert Mode|<abbr class=""mode-exclusive expert"" title=""Expert Mode "">2–6</abbr>]]</span></span>";"<span class=""mode-content""><span class=""m-normal m-journey"">97.09%</span><span class=""m-expert-master"">[[Expert Mode|<abbr class=""mode-exclusive expert"" title=""Expert Mode "">100%</abbr>]]</span></span>";;1;1;1;1
110284;Dark Caster;14830;Dark Caster;32;"<span class="" eil""><span>[[Dark Caster|Dark Caster]]</span></span>";Dark Forebodings;1;0.67%;;1;1;1;1
110842;Poltergeist;10836;Poltergeist;330;"<span class="" eil""><span>[[Poltergeist|Poltergeist]]</span></span>";Heart;1;25%;;1;1;1;1
110967;Shadow Hammer;15477;Shadow Hammer;1005;"<span class="" eil""><span>[[Shadow Hammer|Shadow Hammer]]</span><span class=""eico s i3 i5"" title=""Old-gen console and 3DS versions""><b></b><i></i><span>(Old-gen console and 3DS versions)</span></span></span>";Cobalt Bar;~2–3;33.3%;;1;1;1;1
110968;Shadow Hammer;15477;Shadow Hammer;1005;"<span class="" eil""><span>[[Shadow Hammer|Shadow Hammer]]</span><span class=""eico s i3 i5"" title=""Old-gen console and 3DS versions""><b></b><i></i><span>(Old-gen console and 3DS versions)</span></span></span>";Mythril Bar;~2–4;33.3%;;1;1;1;1
110969;Shadow Hammer;15477;Shadow Hammer;1005;"<span class="" eil""><span>[[Shadow Hammer|Shadow Hammer]]</span><span class=""eico s i3 i5"" title=""Old-gen console and 3DS versions""><b></b><i></i><span>(Old-gen console and 3DS versions)</span></span></span>";Adamantite Bar;~2–4;33.3%;;1;1;1;1
112252;Green Slime;13936;Green Slime;-3;"<span class="" eil""><span>[[Green Slime|Green Slime]]</span></span>";Gel;;100%;"<span class=""i"">[[File:Gel (Green Slime).png|link=Gel|Gel (Green Slime)]]<span><span>[[Gel]]</span></span></span> (1–2)";1;1;1;1
112253;Green Slime;13936;Green Slime;-3;"<span class="" eil""><span>[[Green Slime|Green Slime]]</span></span>";Slime Staff;1;"<span class=""mode-content""><span class=""m-normal m-journey"">0.01%</span><span class=""m-expert-master"">[[Expert Mode|<abbr class=""mode-exclusive expert"" title=""Expert Mode "">0.014%</abbr>]]</span></span>";;1;1;1;1
112254;Green Slime;13936;Green Slime (bonus drop);-3;"<span class="" eil""><span>[[Green Slime|Green Slime]]</span></span>";Swiftness Potion;1;1/560;;1;1;1;1
112255;Green Slime;13936;Green Slime (bonus drop);-3;"<span class="" eil""><span>[[Green Slime|Green Slime]]</span></span>";Ironskin Potion;1;1/560;;1;1;1;1
112256;Green Slime;13936;Green Slime (bonus drop);-3;"<span class="" eil""><span>[[Green Slime|Green Slime]]</span></span>";Spelunker Potion;1;1/560;;1;1;1;1
112257;Green Slime;13936;Green Slime (bonus drop);-3;"<span class="" eil""><span>[[Green Slime|Green Slime]]</span></span>";Mining Potion;1;1/560;;1;1;1;1
112258;Green Slime;13936;Green Slime (bonus drop);-3;"<span class="" eil""><span>[[Green Slime|Green Slime]]</span></span>";Recall Potion;1;3/1120;;1;1;1;1
112259;Green Slime;13936;Green Slime (bonus drop);-3;"<span class="" eil""><span>[[Green Slime|Green Slime]]</span></span>";Wormhole Potion;1;3/1120;;1;1;1;1
112260;Green Slime;13936;Green Slime (bonus drop);-3;"<span class="" eil""><span>[[Green Slime|Green Slime]]</span></span>";Torch;5–10;1/320;;1;1;1;1
112261;Green Slime;13936;Green Slime (bonus drop);-3;"<span class="" eil""><span>[[Green Slime|Green Slime]]</span></span>";Bomb;2–6;1/320;;1;1;1;1
112262;Green Slime;13936;Green Slime (bonus drop);-3;"<span class="" eil""><span>[[Green Slime|Green Slime]]</span></span>";Rope;20–45;1/320;;1;1;1;1
112263;Green Slime;13936;Green Slime (bonus drop);-3;"<span class="" eil""><span>[[Green Slime|Green Slime]]</span></span>";Heart;1;1/320;;1;1;1;1
112264;Green Slime;13936;Green Slime (bonus drop);-3;"<span class="" eil""><span>[[Green Slime|Green Slime]]</span></span>";Copper Ore;3–13;1/640;;1;1;1;1
112265;Green Slime;13936;Green Slime (bonus drop);-3;"<span class="" eil""><span>[[Green Slime|Green Slime]]</span></span>";Tin Ore;3–13;1/640;;1;1;1;1
112266;Green Slime;13936;Green Slime (bonus drop);-3;"<span class="" eil""><span>[[Green Slime|Green Slime]]</span></span>";Iron Ore;3–13;1/640;;1;1;1;1
112267;Green Slime;13936;Green Slime (bonus drop);-3;"<span class="" eil""><span>[[Green Slime|Green Slime]]</span></span>";Lead Ore;3–13;1/640;;1;1;1;1
112268;Green Slime;13936;Green Slime (bonus drop);-3;"<span class="" eil""><span>[[Green Slime|Green Slime]]</span></span>";Tungsten Ore;3–13;1/640;;1;1;1;1
112269;Green Slime;13936;Green Slime (bonus drop);-3;"<span class="" eil""><span>[[Green Slime|Green Slime]]</span></span>";Silver Ore;3–13;1/640;;1;1;1;1
112270;Green Slime;13936;Green Slime (bonus drop);-3;"<span class="" eil""><span>[[Green Slime|Green Slime]]</span></span>";Gold Ore;3–13;1/640;;1;1;1;1
112271;Green Slime;13936;Green Slime (bonus drop);-3;"<span class="" eil""><span>[[Green Slime|Green Slime]]</span></span>";Platinum Ore;3–13;1/640;;1;1;1;1
112272;Green Slime;13936;Green Slime (bonus drop);-3;"<span class="" eil""><span>[[Green Slime|Green Slime]]</span></span>";Copper Coin;50–99;1/240;;1;1;1;1
112273;Green Slime;13936;Green Slime (bonus drop);-3;"<span class="" eil""><span>[[Green Slime|Green Slime]]</span></span>";Silver Coin;20–99;1/240;;1;1;1;1
112274;Green Slime;13936;Green Slime (bonus drop);-3;"<span class="" eil""><span>[[Green Slime|Green Slime]]</span></span>";Gold Coin;1–2;1/240;;1;1;1;1
112298;Purple Slime;15890;Purple Slime;-7;"<span class="" eil""><span>[[Purple Slime|Purple Slime]]</span></span>";Gel;;100%;"<span class=""i"">[[File:Gel (Purple Slime).png|link=Gel|Gel (Purple Slime)]]<span><span>[[Gel]]</span></span></span> (2–5)";1;1;1;1
112299;Purple Slime;15890;Purple Slime;-7;"<span class="" eil""><span>[[Purple Slime|Purple Slime]]</span></span>";Slime Staff;1;"<span class=""mode-content""><span class=""m-normal m-journey"">0.01%</span><span class=""m-expert-master"">[[Expert Mode|<abbr class=""mode-exclusive expert"" title=""Expert Mode "">0.014%</abbr>]]</span></span>";;1;1;1;1
112300;Purple Slime;15890;Purple Slime (bonus drop);-7;"<span class="" eil""><span>[[Purple Slime|Purple Slime]]</span></span>";Swiftness Potion;1;1/560;;1;1;1;1
112301;Purple Slime;15890;Purple Slime (bonus drop);-7;"<span class="" eil""><span>[[Purple Slime|Purple Slime]]</span></span>";Ironskin Potion;1;1/560;;1;1;1;1
112302;Purple Slime;15890;Purple Slime (bonus drop);-7;"<span class="" eil""><span>[[Purple Slime|Purple Slime]]</span></span>";Spelunker Potion;1;1/560;;1;1;1;1
112303;Purple Slime;15890;Purple Slime (bonus drop);-7;"<span class="" eil""><span>[[Purple Slime|Purple Slime]]</span></span>";Mining Potion;1;1/560;;1;1;1;1
112304;Purple Slime;15890;Purple Slime (bonus drop);-7;"<span class="" eil""><span>[[Purple Slime|Purple Slime]]</span></span>";Recall Potion;1;3/1120;;1;1;1;1
112305;Purple Slime;15890;Purple Slime (bonus drop);-7;"<span class="" eil""><span>[[Purple Slime|Purple Slime]]</span></span>";Wormhole Potion;1;3/1120;;1;1;1;1
112306;Purple Slime;15890;Purple Slime (bonus drop);-7;"<span class="" eil""><span>[[Purple Slime|Purple Slime]]</span></span>";Torch;5–10;1/320;;1;1;1;1
112307;Purple Slime;15890;Purple Slime (bonus drop);-7;"<span class="" eil""><span>[[Purple Slime|Purple Slime]]</span></span>";Bomb;2–6;1/320;;1;1;1;1
112308;Purple Slime;15890;Purple Slime (bonus drop);-7;"<span class="" eil""><span>[[Purple Slime|Purple Slime]]</span></span>";Rope;20–45;1/320;;1;1;1;1
112309;Purple Slime;15890;Purple Slime (bonus drop);-7;"<span class="" eil""><span>[[Purple Slime|Purple Slime]]</span></span>";Heart;1;1/320;;1;1;1;1
112310;Purple Slime;15890;Purple Slime (bonus drop);-7;"<span class="" eil""><span>[[Purple Slime|Purple Slime]]</span></span>";Copper Ore;3–13;1/640;;1;1;1;1
112311;Purple Slime;15890;Purple Slime (bonus drop);-7;"<span class="" eil""><span>[[Purple Slime|Purple Slime]]</span></span>";Tin Ore;3–13;1/640;;1;1;1;1
112312;Purple Slime;15890;Purple Slime (bonus drop);-7;"<span class="" eil""><span>[[Purple Slime|Purple Slime]]</span></span>";Iron Ore;3–13;1/640;;1;1;1;1
112313;Purple Slime;15890;Purple Slime (bonus drop);-7;"<span class="" eil""><span>[[Purple Slime|Purple Slime]]</span></span>";Lead Ore;3–13;1/640;;1;1;1;1
112314;Purple Slime;15890;Purple Slime (bonus drop);-7;"<span class="" eil""><span>[[Purple Slime|Purple Slime]]</span></span>";Tungsten Ore;3–13;1/640;;1;1;1;1
112315;Purple Slime;15890;Purple Slime (bonus drop);-7;"<span class="" eil""><span>[[Purple Slime|Purple Slime]]</span></span>";Silver Ore;3–13;1/640;;1;1;1;1
112316;Purple Slime;15890;Purple Slime (bonus drop);-7;"<span class="" eil""><span>[[Purple Slime|Purple Slime]]</span></span>";Gold Ore;3–13;1/640;;1;1;1;1
112317;Purple Slime;15890;Purple Slime (bonus drop);-7;"<span class="" eil""><span>[[Purple Slime|Purple Slime]]</span></span>";Platinum Ore;3–13;1/640;;1;1;1;1
112318;Purple Slime;15890;Purple Slime (bonus drop);-7;"<span class="" eil""><span>[[Purple Slime|Purple Slime]]</span></span>";Copper Coin;50–99;1/240;;1;1;1;1
112319;Purple Slime;15890;Purple Slime (bonus drop);-7;"<span class="" eil""><span>[[Purple Slime|Purple Slime]]</span></span>";Silver Coin;20–99;1/240;;1;1;1;1
112320;Purple Slime;15890;Purple Slime (bonus drop);-7;"<span class="" eil""><span>[[Purple Slime|Purple Slime]]</span></span>";Gold Coin;1–2;1/240;;1;1;1;1
112321;Yellow Slime;5850;Yellow Slime;-9;"<span class="" eil""><span>[[Yellow Slime|Yellow Slime]]</span></span>";Gel;;100%;"<span class=""i"">[[File:Gel (Yellow Slime).png|link=Gel|Gel (Yellow Slime)]]<span><span>[[Gel]]</span></span></span> (2–5)";1;1;1;1
112322;Yellow Slime;5850;Yellow Slime;-9;"<span class="" eil""><span>[[Yellow Slime|Yellow Slime]]</span></span>";Slime Staff;1;"<span class=""mode-content""><span class=""m-normal m-journey"">0.01%</span><span class=""m-expert-master"">[[Expert Mode|<abbr class=""mode-exclusive expert"" title=""Expert Mode "">0.014%</abbr>]]</span></span>";;1;1;1;1
112323;Yellow Slime;5850;Yellow Slime (bonus drop);-9;"<span class="" eil""><span>[[Yellow Slime|Yellow Slime]]</span></span>";Swiftness Potion;1;1/560;;1;1;1;1
112324;Yellow Slime;5850;Yellow Slime (bonus drop);-9;"<span class="" eil""><span>[[Yellow Slime|Yellow Slime]]</span></span>";Ironskin Potion;1;1/560;;1;1;1;1
112325;Yellow Slime;5850;Yellow Slime (bonus drop);-9;"<span class="" eil""><span>[[Yellow Slime|Yellow Slime]]</span></span>";Spelunker Potion;1;1/560;;1;1;1;1
112326;Yellow Slime;5850;Yellow Slime (bonus drop);-9;"<span class="" eil""><span>[[Yellow Slime|Yellow Slime]]</span></span>";Mining Potion;1;1/560;;1;1;1;1
112327;Yellow Slime;5850;Yellow Slime (bonus drop);-9;"<span class="" eil""><span>[[Yellow Slime|Yellow Slime]]</span></span>";Recall Potion;1;3/1120;;1;1;1;1
112328;Yellow Slime;5850;Yellow Slime (bonus drop);-9;"<span class="" eil""><span>[[Yellow Slime|Yellow Slime]]</span></span>";Wormhole Potion;1;3/1120;;1;1;1;1
112329;Yellow Slime;5850;Yellow Slime (bonus drop);-9;"<span class="" eil""><span>[[Yellow Slime|Yellow Slime]]</span></span>";Torch;5–10;1/320;;1;1;1;1
112330;Yellow Slime;5850;Yellow Slime (bonus drop);-9;"<span class="" eil""><span>[[Yellow Slime|Yellow Slime]]</span></span>";Bomb;2–6;1/320;;1;1;1;1
112331;Yellow Slime;5850;Yellow Slime (bonus drop);-9;"<span class="" eil""><span>[[Yellow Slime|Yellow Slime]]</span></span>";Rope;20–45;1/320;;1;1;1;1
112332;Yellow Slime;5850;Yellow Slime (bonus drop);-9;"<span class="" eil""><span>[[Yellow Slime|Yellow Slime]]</span></span>";Heart;1;1/320;;1;1;1;1
112333;Yellow Slime;5850;Yellow Slime (bonus drop);-9;"<span class="" eil""><span>[[Yellow Slime|Yellow Slime]]</span></span>";Copper Ore;3–13;1/640;;1;1;1;1
112334;Yellow Slime;5850;Yellow Slime (bonus drop);-9;"<span class="" eil""><span>[[Yellow Slime|Yellow Slime]]</span></span>";Tin Ore;3–13;1/640;;1;1;1;1
112335;Yellow Slime;5850;Yellow Slime (bonus drop);-9;"<span class="" eil""><span>[[Yellow Slime|Yellow Slime]]</span></span>";Iron Ore;3–13;1/640;;1;1;1;1
112336;Yellow Slime;5850;Yellow Slime (bonus drop);-9;"<span class="" eil""><span>[[Yellow Slime|Yellow Slime]]</span></span>";Lead Ore;3–13;1/640;;1;1;1;1
112337;Yellow Slime;5850;Yellow Slime (bonus drop);-9;"<span class="" eil""><span>[[Yellow Slime|Yellow Slime]]</span></span>";Tungsten Ore;3–13;1/640;;1;1;1;1
112338;Yellow Slime;5850;Yellow Slime (bonus drop);-9;"<span class="" eil""><span>[[Yellow Slime|Yellow Slime]]</span></span>";Silver Ore;3–13;1/640;;1;1;1;1
112339;Yellow Slime;5850;Yellow Slime (bonus drop);-9;"<span class="" eil""><span>[[Yellow Slime|Yellow Slime]]</span></span>";Gold Ore;3–13;1/640;;1;1;1;1
112340;Yellow Slime;5850;Yellow Slime (bonus drop);-9;"<span class="" eil""><span>[[Yellow Slime|Yellow Slime]]</span></span>";Platinum Ore;3–13;1/640;;1;1;1;1
112341;Yellow Slime;5850;Yellow Slime (bonus drop);-9;"<span class="" eil""><span>[[Yellow Slime|Yellow Slime]]</span></span>";Copper Coin;50–99;1/240;;1;1;1;1
112342;Yellow Slime;5850;Yellow Slime (bonus drop);-9;"<span class="" eil""><span>[[Yellow Slime|Yellow Slime]]</span></span>";Silver Coin;20–99;1/240;;1;1;1;1
112343;Yellow Slime;5850;Yellow Slime (bonus drop);-9;"<span class="" eil""><span>[[Yellow Slime|Yellow Slime]]</span></span>";Gold Coin;1–2;1/240;;1;1;1;1
112344;Jungle Slime;11782;Jungle Slime;-10;"<span class="" eil""><span>[[Jungle Slime|Jungle Slime]]</span></span>";Gel;;100%;"<span class=""i"">[[File:Gel (Jungle Slime).png|link=Gel|Gel (Jungle Slime)]]<span><span>[[Gel]]</span></span></span> (1–2)";1;1;1;1
112345;Jungle Slime;11782;Jungle Slime;-10;"<span class="" eil""><span>[[Jungle Slime|Jungle Slime]]</span></span>";Slime Staff;1;"<span class=""mode-content""><span class=""m-normal m-journey"">0.01%</span><span class=""m-expert-master"">[[Expert Mode|<abbr class=""mode-exclusive expert"" title=""Expert Mode "">0.014%</abbr>]]</span></span>";;1;1;1;1
112346;Jungle Slime;11782;Jungle Slime (bonus drop);-10;"<span class="" eil""><span>[[Jungle Slime|Jungle Slime]]</span></span>";Swiftness Potion;1;1/560;;1;1;1;1
112347;Jungle Slime;11782;Jungle Slime (bonus drop);-10;"<span class="" eil""><span>[[Jungle Slime|Jungle Slime]]</span></span>";Ironskin Potion;1;1/560;;1;1;1;1
112348;Jungle Slime;11782;Jungle Slime (bonus drop);-10;"<span class="" eil""><span>[[Jungle Slime|Jungle Slime]]</span></span>";Spelunker Potion;1;1/560;;1;1;1;1
112349;Jungle Slime;11782;Jungle Slime (bonus drop);-10;"<span class="" eil""><span>[[Jungle Slime|Jungle Slime]]</span></span>";Mining Potion;1;1/560;;1;1;1;1
112350;Jungle Slime;11782;Jungle Slime (bonus drop);-10;"<span class="" eil""><span>[[Jungle Slime|Jungle Slime]]</span></span>";Recall Potion;1;3/1120;;1;1;1;1
112351;Jungle Slime;11782;Jungle Slime (bonus drop);-10;"<span class="" eil""><span>[[Jungle Slime|Jungle Slime]]</span></span>";Wormhole Potion;1;3/1120;;1;1;1;1
112352;Jungle Slime;11782;Jungle Slime (bonus drop);-10;"<span class="" eil""><span>[[Jungle Slime|Jungle Slime]]</span></span>";Torch;5–10;1/320;;1;1;1;1
112353;Jungle Slime;11782;Jungle Slime (bonus drop);-10;"<span class="" eil""><span>[[Jungle Slime|Jungle Slime]]</span></span>";Bomb;2–6;1/320;;1;1;1;1
112354;Jungle Slime;11782;Jungle Slime (bonus drop);-10;"<span class="" eil""><span>[[Jungle Slime|Jungle Slime]]</span></span>";Rope;20–45;1/320;;1;1;1;1
112355;Jungle Slime;11782;Jungle Slime (bonus drop);-10;"<span class="" eil""><span>[[Jungle Slime|Jungle Slime]]</span></span>";Heart;1;1/320;;1;1;1;1
112356;Jungle Slime;11782;Jungle Slime (bonus drop);-10;"<span class="" eil""><span>[[Jungle Slime|Jungle Slime]]</span></span>";Copper Ore;3–13;1/640;;1;1;1;1
112357;Jungle Slime;11782;Jungle Slime (bonus drop);-10;"<span class="" eil""><span>[[Jungle Slime|Jungle Slime]]</span></span>";Tin Ore;3–13;1/640;;1;1;1;1
112358;Jungle Slime;11782;Jungle Slime (bonus drop);-10;"<span class="" eil""><span>[[Jungle Slime|Jungle Slime]]</span></span>";Iron Ore;3–13;1/640;;1;1;1;1
112359;Jungle Slime;11782;Jungle Slime (bonus drop);-10;"<span class="" eil""><span>[[Jungle Slime|Jungle Slime]]</span></span>";Lead Ore;3–13;1/640;;1;1;1;1
112360;Jungle Slime;11782;Jungle Slime (bonus drop);-10;"<span class="" eil""><span>[[Jungle Slime|Jungle Slime]]</span></span>";Tungsten Ore;3–13;1/640;;1;1;1;1
112361;Jungle Slime;11782;Jungle Slime (bonus drop);-10;"<span class="" eil""><span>[[Jungle Slime|Jungle Slime]]</span></span>";Silver Ore;3–13;1/640;;1;1;1;1
112362;Jungle Slime;11782;Jungle Slime (bonus drop);-10;"<span class="" eil""><span>[[Jungle Slime|Jungle Slime]]</span></span>";Gold Ore;3–13;1/640;;1;1;1;1
112363;Jungle Slime;11782;Jungle Slime (bonus drop);-10;"<span class="" eil""><span>[[Jungle Slime|Jungle Slime]]</span></span>";Platinum Ore;3–13;1/640;;1;1;1;1
112364;Jungle Slime;11782;Jungle Slime (bonus drop);-10;"<span class="" eil""><span>[[Jungle Slime|Jungle Slime]]</span></span>";Copper Coin;50–99;1/240;;1;1;1;1
112365;Jungle Slime;11782;Jungle Slime (bonus drop);-10;"<span class="" eil""><span>[[Jungle Slime|Jungle Slime]]</span></span>";Silver Coin;20–99;1/240;;1;1;1;1
112366;Jungle Slime;11782;Jungle Slime (bonus drop);-10;"<span class="" eil""><span>[[Jungle Slime|Jungle Slime]]</span></span>";Gold Coin;1–2;1/240;;1;1;1;1
112546;Scarecrow;11879;Scarecrow;305;"<span class="" eil""><span>[[Scarecrow|Scarecrow]]</span></span>";Heart;1;25%;;1;1;1;1
112547;Scarecrow;11879;Scarecrow;305;"<span class="" eil""><span>[[Scarecrow|Scarecrow]]</span></span>";Scarecrow Hat;1;"<span class=""mode-content""><span class=""m-normal m-journey"">0.37%–3.33%</span><span class=""m-expert-master"">[[Expert Mode|<abbr class=""mode-exclusive expert"" title=""Expert Mode "">0.56%–3.33%</abbr>]]</span></span>";;1;1;1;1
112548;Scarecrow;11879;Scarecrow;305;"<span class="" eil""><span>[[Scarecrow|Scarecrow]]</span></span>";Scarecrow Shirt;1;"<span class=""mode-content""><span class=""m-normal m-journey"">0.37%–3.33%</span><span class=""m-expert-master"">[[Expert Mode|<abbr class=""mode-exclusive expert"" title=""Expert Mode "">0.56%–3.33%</abbr>]]</span></span>";;1;1;1;1
112549;Scarecrow;11879;Scarecrow;305;"<span class="" eil""><span>[[Scarecrow|Scarecrow]]</span></span>";Scarecrow Pants;1;"<span class=""mode-content""><span class=""m-normal m-journey"">0.37%–3.33%</span><span class=""m-expert-master"">[[Expert Mode|<abbr class=""mode-exclusive expert"" title=""Expert Mode "">0.56%–3.33%</abbr>]]</span></span>";;1;1;1;1
112714;Martian Officer;8476;Martian Officer;383;"<span class="" eil""><span>[[Martian Officer|Martian Officer]]</span><span class=""eico s i1 i2 i4"" title=""Desktop, Console and Mobile versions""><b></b><i></i><span>(Desktop, Console and Mobile versions)</span></span></span>";Martian Conduit Plating;8–20;12.5%;;1;1;1;1
112715;Martian Officer;8476;Martian Officer;383;"<span class="" eil""><span>[[Martian Officer|Martian Officer]]</span><span class=""eico s i1 i2 i4"" title=""Desktop, Console and Mobile versions""><b></b><i></i><span>(Desktop, Console and Mobile versions)</span></span></span>";Laser Drill;1;0.13%;;1;1;1;1
112716;Martian Officer;8476;Martian Officer;383;"<span class="" eil""><span>[[Martian Officer|Martian Officer]]</span><span class=""eico s i1 i2 i4"" title=""Desktop, Console and Mobile versions""><b></b><i></i><span>(Desktop, Console and Mobile versions)</span></span></span>";Anti-Gravity Hook;1;0.13%;;1;1;1;1
112717;Martian Officer;8476;Martian Officer;383;"<span class="" eil""><span>[[Martian Officer|Martian Officer]]</span><span class=""eico s i1 i2 i4"" title=""Desktop, Console and Mobile versions""><b></b><i></i><span>(Desktop, Console and Mobile versions)</span></span></span>";Charged Blaster Cannon;1;0.13%;;1;1;1;1
112718;Martian Officer;8476;Martian Officer;383;"<span class="" eil""><span>[[Martian Officer|Martian Officer]]</span><span class=""eico s i1 i2 i4"" title=""Desktop, Console and Mobile versions""><b></b><i></i><span>(Desktop, Console and Mobile versions)</span></span></span>";Martian Uniform Helmet;1;0.5%;;1;1;1;1
112719;Martian Officer;8476;Martian Officer;383;"<span class="" eil""><span>[[Martian Officer|Martian Officer]]</span><span class=""eico s i1 i2 i4"" title=""Desktop, Console and Mobile versions""><b></b><i></i><span>(Desktop, Console and Mobile versions)</span></span></span>";Martian Uniform Torso;1;0.5%;;1;1;1;1
112720;Martian Officer;8476;Martian Officer;383;"<span class="" eil""><span>[[Martian Officer|Martian Officer]]</span><span class=""eico s i1 i2 i4"" title=""Desktop, Console and Mobile versions""><b></b><i></i><span>(Desktop, Console and Mobile versions)</span></span></span>";Martian Uniform Pants;1;0.5%;;1;1;1;1
112788;Rune Wizard;5984;Rune Wizard;172;"<span class="" eil""><span>[[Rune Wizard|Rune Wizard]]</span></span>";Rune Hat;1;100%;;1;1;1;1
112789;Rune Wizard;5984;Rune Wizard;172;"<span class="" eil""><span>[[Rune Wizard|Rune Wizard]]</span></span>";Rune Robe;1;100%;;1;1;1;1
112790;Necromancer;7888;Necromancer;283;"<span class="" eil""><span>[[Necromancer|Necromancer]]</span></span>";Shadowbeam Staff;1;"<span class=""mode-content""><span class=""m-normal m-journey"">5% <span class=""eico s i1 i2 i4"" title=""Desktop, Console and Mobile versions""><b></b><i></i><span>(Desktop, Console and Mobile versions)</span></span><br/>2.5% <span class=""eico s i3 i5"" title=""Old-gen console and 3DS versions""><b></b><i></i><span>(Old-gen console and 3DS versions)</span></span></span><span class=""m-expert-master"">[[Expert Mode|<abbr class=""mode-exclusive expert"" title=""Expert Mode "">9.75%</abbr>]]</span></span>";;1;1;1;1
112791;Ragged Caster;8687;Ragged Caster;281;"<span class="" eil""><span>[[Ragged Caster|Ragged Caster]]</span></span>";Spectre Staff;1;"<span class=""mode-content""><span class=""m-normal m-journey"">5% <span class=""eico s i1 i2 i4"" title=""Desktop, Console and Mobile versions""><b></b><i></i><span>(Desktop, Console and Mobile versions)</span></span><br/>2.5% <span class=""eico s i3 i5"" title=""Old-gen console and 3DS versions""><b></b><i></i><span>(Old-gen console and 3DS versions)</span></span></span><span class=""m-expert-master"">[[Expert Mode|<abbr class=""mode-exclusive expert"" title=""Expert Mode "">9.75%</abbr>]]</span></span>";;1;1;1;1
113666;Wall Creeper;13631;Wall Creeper;164 (ground), 165 (on wall);"<span class="" eil""><span>[[Wall Creeper|Wall Creeper]]</span></span>";Fried Egg;1;3.33%;;1;1;1;1
113894;Black Slime;12093;Black Slime;-6;"<span class="" eil""><span>[[Black Slime|Black Slime]]</span></span>";Gel;2–5;100%;;1;1;1;1
113895;Black Slime;12093;Black Slime;-6;"<span class="" eil""><span>[[Black Slime|Black Slime]]</span></span>";Slime Staff;1;"<span class=""mode-content""><span class=""m-normal m-journey"">0.01%</span><span class=""m-expert-master"">[[Expert Mode|<abbr class=""mode-exclusive expert"" title=""Expert Mode "">0.014%</abbr>]]</span></span>";;1;1;1;1
113896;Black Slime;12093;Black Slime (bonus drop);-6;"<span class="" eil""><span>[[Black Slime|Black Slime]]</span></span>";Swiftness Potion;1;1/560;;1;1;1;1
113897;Black Slime;12093;Black Slime (bonus drop);-6;"<span class="" eil""><span>[[Black Slime|Black Slime]]</span></span>";Ironskin Potion;1;1/560;;1;1;1;1
113898;Black Slime;12093;Black Slime (bonus drop);-6;"<span class="" eil""><span>[[Black Slime|Black Slime]]</span></span>";Spelunker Potion;1;1/560;;1;1;1;1
113899;Black Slime;12093;Black Slime (bonus drop);-6;"<span class="" eil""><span>[[Black Slime|Black Slime]]</span></span>";Mining Potion;1;1/560;;1;1;1;1
113900;Black Slime;12093;Black Slime (bonus drop);-6;"<span class="" eil""><span>[[Black Slime|Black Slime]]</span></span>";Recall Potion;1;3/1120;;1;1;1;1
113901;Black Slime;12093;Black Slime (bonus drop);-6;"<span class="" eil""><span>[[Black Slime|Black Slime]]</span></span>";Wormhole Potion;1;3/1120;;1;1;1;1
113902;Black Slime;12093;Black Slime (bonus drop);-6;"<span class="" eil""><span>[[Black Slime|Black Slime]]</span></span>";Torch;5–10;1/320;;1;1;1;1
113903;Black Slime;12093;Black Slime (bonus drop);-6;"<span class="" eil""><span>[[Black Slime|Black Slime]]</span></span>";Bomb;2–6;1/320;;1;1;1;1
113904;Black Slime;12093;Black Slime (bonus drop);-6;"<span class="" eil""><span>[[Black Slime|Black Slime]]</span></span>";Rope;20–45;1/320;;1;1;1;1
113905;Black Slime;12093;Black Slime (bonus drop);-6;"<span class="" eil""><span>[[Black Slime|Black Slime]]</span></span>";Heart;1;1/320;;1;1;1;1
113906;Black Slime;12093;Black Slime (bonus drop);-6;"<span class="" eil""><span>[[Black Slime|Black Slime]]</span></span>";Copper Ore;3–13;1/640;;1;1;1;1
113907;Black Slime;12093;Black Slime (bonus drop);-6;"<span class="" eil""><span>[[Black Slime|Black Slime]]</span></span>";Tin Ore;3–13;1/640;;1;1;1;1
113908;Black Slime;12093;Black Slime (bonus drop);-6;"<span class="" eil""><span>[[Black Slime|Black Slime]]</span></span>";Iron Ore;3–13;1/640;;1;1;1;1
113909;Black Slime;12093;Black Slime (bonus drop);-6;"<span class="" eil""><span>[[Black Slime|Black Slime]]</span></span>";Lead Ore;3–13;1/640;;1;1;1;1
113910;Black Slime;12093;Black Slime (bonus drop);-6;"<span class="" eil""><span>[[Black Slime|Black Slime]]</span></span>";Tungsten Ore;3–13;1/640;;1;1;1;1
113911;Black Slime;12093;Black Slime (bonus drop);-6;"<span class="" eil""><span>[[Black Slime|Black Slime]]</span></span>";Silver Ore;3–13;1/640;;1;1;1;1
113912;Black Slime;12093;Black Slime (bonus drop);-6;"<span class="" eil""><span>[[Black Slime|Black Slime]]</span></span>";Gold Ore;3–13;1/640;;1;1;1;1
113913;Black Slime;12093;Black Slime (bonus drop);-6;"<span class="" eil""><span>[[Black Slime|Black Slime]]</span></span>";Platinum Ore;3–13;1/640;;1;1;1;1
113914;Black Slime;12093;Black Slime (bonus drop);-6;"<span class="" eil""><span>[[Black Slime|Black Slime]]</span></span>";Copper Coin;50–99;1/240;;1;1;1;1
113915;Black Slime;12093;Black Slime (bonus drop);-6;"<span class="" eil""><span>[[Black Slime|Black Slime]]</span></span>";Silver Coin;20–99;1/240;;1;1;1;1
113916;Black Slime;12093;Black Slime (bonus drop);-6;"<span class="" eil""><span>[[Black Slime|Black Slime]]</span></span>";Gold Coin;1–2;1/240;;1;1;1;1
113919;Baby Slime;10775;Baby Slime;-5;"<span class="" eil""><span>[[Baby Slime|Baby Slime]]</span></span>";Gel;1–2;100%;;1;1;1;1
113920;Baby Slime;10775;Baby Slime;-5;"<span class="" eil""><span>[[Baby Slime|Baby Slime]]</span></span>";Slime Staff;1;"<span class=""mode-content""><span class=""m-normal m-journey"">0.01%</span><span class=""m-expert-master"">[[Expert Mode|<abbr class=""mode-exclusive expert"" title=""Expert Mode "">0.014%</abbr>]]</span></span>";;1;1;1;1
113921;Baby Slime;10775;Baby Slime (bonus drop);-5;"<span class="" eil""><span>[[Baby Slime|Baby Slime]]</span></span>";Swiftness Potion;1;1/560;;1;1;1;1
113922;Baby Slime;10775;Baby Slime (bonus drop);-5;"<span class="" eil""><span>[[Baby Slime|Baby Slime]]</span></span>";Ironskin Potion;1;1/560;;1;1;1;1
113923;Baby Slime;10775;Baby Slime (bonus drop);-5;"<span class="" eil""><span>[[Baby Slime|Baby Slime]]</span></span>";Spelunker Potion;1;1/560;;1;1;1;1
113924;Baby Slime;10775;Baby Slime (bonus drop);-5;"<span class="" eil""><span>[[Baby Slime|Baby Slime]]</span></span>";Mining Potion;1;1/560;;1;1;1;1
113925;Baby Slime;10775;Baby Slime (bonus drop);-5;"<span class="" eil""><span>[[Baby Slime|Baby Slime]]</span></span>";Recall Potion;1;3/1120;;1;1;1;1
113926;Baby Slime;10775;Baby Slime (bonus drop);-5;"<span class="" eil""><span>[[Baby Slime|Baby Slime]]</span></span>";Wormhole Potion;1;3/1120;;1;1;1;1
113927;Baby Slime;10775;Baby Slime (bonus drop);-5;"<span class="" eil""><span>[[Baby Slime|Baby Slime]]</span></span>";Torch;5–10;1/320;;1;1;1;1
113928;Baby Slime;10775;Baby Slime (bonus drop);-5;"<span class="" eil""><span>[[Baby Slime|Baby Slime]]</span></span>";Bomb;2–6;1/320;;1;1;1;1
113929;Baby Slime;10775;Baby Slime (bonus drop);-5;"<span class="" eil""><span>[[Baby Slime|Baby Slime]]</span></span>";Rope;20–45;1/320;;1;1;1;1
113930;Baby Slime;10775;Baby Slime (bonus drop);-5;"<span class="" eil""><span>[[Baby Slime|Baby Slime]]</span></span>";Heart;1;1/320;;1;1;1;1
113931;Baby Slime;10775;Baby Slime (bonus drop);-5;"<span class="" eil""><span>[[Baby Slime|Baby Slime]]</span></span>";Copper Ore;3–13;1/640;;1;1;1;1
113932;Baby Slime;10775;Baby Slime (bonus drop);-5;"<span class="" eil""><span>[[Baby Slime|Baby Slime]]</span></span>";Tin Ore;3–13;1/640;;1;1;1;1
113933;Baby Slime;10775;Baby Slime (bonus drop);-5;"<span class="" eil""><span>[[Baby Slime|Baby Slime]]</span></span>";Iron Ore;3–13;1/640;;1;1;1;1
113934;Baby Slime;10775;Baby Slime (bonus drop);-5;"<span class="" eil""><span>[[Baby Slime|Baby Slime]]</span></span>";Lead Ore;3–13;1/640;;1;1;1;1
113935;Baby Slime;10775;Baby Slime (bonus drop);-5;"<span class="" eil""><span>[[Baby Slime|Baby Slime]]</span></span>";Tungsten Ore;3–13;1/640;;1;1;1;1
113936;Baby Slime;10775;Baby Slime (bonus drop);-5;"<span class="" eil""><span>[[Baby Slime|Baby Slime]]</span></span>";Silver Ore;3–13;1/640;;1;1;1;1
113937;Baby Slime;10775;Baby Slime (bonus drop);-5;"<span class="" eil""><span>[[Baby Slime|Baby Slime]]</span></span>";Gold Ore;3–13;1/640;;1;1;1;1
113938;Baby Slime;10775;Baby Slime (bonus drop);-5;"<span class="" eil""><span>[[Baby Slime|Baby Slime]]</span></span>";Platinum Ore;3–13;1/640;;1;1;1;1
113939;Baby Slime;10775;Baby Slime (bonus drop);-5;"<span class="" eil""><span>[[Baby Slime|Baby Slime]]</span></span>";Copper Coin;50–99;1/240;;1;1;1;1
113940;Baby Slime;10775;Baby Slime (bonus drop);-5;"<span class="" eil""><span>[[Baby Slime|Baby Slime]]</span></span>";Silver Coin;20–99;1/240;;1;1;1;1
113941;Baby Slime;10775;Baby Slime (bonus drop);-5;"<span class="" eil""><span>[[Baby Slime|Baby Slime]]</span></span>";Gold Coin;1–2;1/240;;1;1;1;1
114553;Herb Bag;13670;Herb Bag;;"<span class="" eil""><span>[[Herb Bag|Herb Bag]]</span><span class=""eico s i1 i2 i4"" title=""Desktop, Console and Mobile versions""><b></b><i></i><span>(Desktop, Console and Mobile versions)</span></span></span>";Daybloom;2–40;"<span class=""chance"" data-sort-value=""23.81"">5/21 (23.81%)</span>";;0;1;1;1
114554;Herb Bag;13670;Herb Bag;;"<span class="" eil""><span>[[Herb Bag|Herb Bag]]</span><span class=""eico s i1 i2 i4"" title=""Desktop, Console and Mobile versions""><b></b><i></i><span>(Desktop, Console and Mobile versions)</span></span></span>";Moonglow;2–40;"<span class=""chance"" data-sort-value=""23.81"">5/21 (23.81%)</span>";;0;1;1;1
114555;Herb Bag;13670;Herb Bag;;"<span class="" eil""><span>[[Herb Bag|Herb Bag]]</span><span class=""eico s i1 i2 i4"" title=""Desktop, Console and Mobile versions""><b></b><i></i><span>(Desktop, Console and Mobile versions)</span></span></span>";Blinkroot;2–40;"<span class=""chance"" data-sort-value=""23.81"">5/21 (23.81%)</span>";;0;1;1;1
114556;Herb Bag;13670;Herb Bag;;"<span class="" eil""><span>[[Herb Bag|Herb Bag]]</span><span class=""eico s i1 i2 i4"" title=""Desktop, Console and Mobile versions""><b></b><i></i><span>(Desktop, Console and Mobile versions)</span></span></span>";Waterleaf;2–40;"<span class=""chance"" data-sort-value=""23.81"">5/21 (23.81%)</span>";;0;1;1;1
114557;Herb Bag;13670;Herb Bag;;"<span class="" eil""><span>[[Herb Bag|Herb Bag]]</span><span class=""eico s i1 i2 i4"" title=""Desktop, Console and Mobile versions""><b></b><i></i><span>(Desktop, Console and Mobile versions)</span></span></span>";Deathweed;2–40;"<span class=""chance"" data-sort-value=""23.81"">5/21 (23.81%)</span>";;0;1;1;1
114558;Herb Bag;13670;Herb Bag;;"<span class="" eil""><span>[[Herb Bag|Herb Bag]]</span><span class=""eico s i1 i2 i4"" title=""Desktop, Console and Mobile versions""><b></b><i></i><span>(Desktop, Console and Mobile versions)</span></span></span>";Fireblossom;2–40;"<span class=""chance"" data-sort-value=""23.81"">5/21 (23.81%)</span>";;0;1;1;1
114559;Herb Bag;13670;Herb Bag;;"<span class="" eil""><span>[[Herb Bag|Herb Bag]]</span><span class=""eico s i1 i2 i4"" title=""Desktop, Console and Mobile versions""><b></b><i></i><span>(Desktop, Console and Mobile versions)</span></span></span>";Shiverthorn;2–40;"<span class=""chance"" data-sort-value=""23.81"">5/21 (23.81%)</span>";;0;1;1;1
114560;Herb Bag;13670;Herb Bag;;"<span class="" eil""><span>[[Herb Bag|Herb Bag]]</span><span class=""eico s i1 i2 i4"" title=""Desktop, Console and Mobile versions""><b></b><i></i><span>(Desktop, Console and Mobile versions)</span></span></span>";Daybloom Seeds;2–40;"<span class=""chance"" data-sort-value=""23.81"">5/21 (23.81%)</span>";;0;1;1;1
114561;Herb Bag;13670;Herb Bag;;"<span class="" eil""><span>[[Herb Bag|Herb Bag]]</span><span class=""eico s i1 i2 i4"" title=""Desktop, Console and Mobile versions""><b></b><i></i><span>(Desktop, Console and Mobile versions)</span></span></span>";Moonglow Seeds;2–40;"<span class=""chance"" data-sort-value=""23.81"">5/21 (23.81%)</span>";;0;1;1;1
114562;Herb Bag;13670;Herb Bag;;"<span class="" eil""><span>[[Herb Bag|Herb Bag]]</span><span class=""eico s i1 i2 i4"" title=""Desktop, Console and Mobile versions""><b></b><i></i><span>(Desktop, Console and Mobile versions)</span></span></span>";Blinkroot Seeds;2–40;"<span class=""chance"" data-sort-value=""23.81"">5/21 (23.81%)</span>";;0;1;1;1
114563;Herb Bag;13670;Herb Bag;;"<span class="" eil""><span>[[Herb Bag|Herb Bag]]</span><span class=""eico s i1 i2 i4"" title=""Desktop, Console and Mobile versions""><b></b><i></i><span>(Desktop, Console and Mobile versions)</span></span></span>";Waterleaf Seeds;2–40;"<span class=""chance"" data-sort-value=""23.81"">5/21 (23.81%)</span>";;0;1;1;1
114564;Herb Bag;13670;Herb Bag;;"<span class="" eil""><span>[[Herb Bag|Herb Bag]]</span><span class=""eico s i1 i2 i4"" title=""Desktop, Console and Mobile versions""><b></b><i></i><span>(Desktop, Console and Mobile versions)</span></span></span>";Deathweed Seeds;2–40;"<span class=""chance"" data-sort-value=""23.81"">5/21 (23.81%)</span>";;0;1;1;1
114565;Herb Bag;13670;Herb Bag;;"<span class="" eil""><span>[[Herb Bag|Herb Bag]]</span><span class=""eico s i1 i2 i4"" title=""Desktop, Console and Mobile versions""><b></b><i></i><span>(Desktop, Console and Mobile versions)</span></span></span>";Fireblossom Seeds;2–40;"<span class=""chance"" data-sort-value=""23.81"">5/21 (23.81%)</span>";;0;1;1;1
114566;Herb Bag;13670;Herb Bag;;"<span class="" eil""><span>[[Herb Bag|Herb Bag]]</span><span class=""eico s i1 i2 i4"" title=""Desktop, Console and Mobile versions""><b></b><i></i><span>(Desktop, Console and Mobile versions)</span></span></span>";Shiverthorn Seeds;2–40;"<span class=""chance"" data-sort-value=""23.81"">5/21 (23.81%)</span>";;0;1;1;1
114687;Corrupt Penguin;12000;Corrupt Penguin;168;"<span class="" eil""><span>[[Corrupt Penguin|Corrupt Penguin]]</span></span>";Pedguin's Hood;1;0.67%;;1;1;1;1
114688;Corrupt Penguin;12000;Corrupt Penguin;168;"<span class="" eil""><span>[[Corrupt Penguin|Corrupt Penguin]]</span></span>";Pedguin's Jacket;1;0.67%;;1;1;1;1
114689;Corrupt Penguin;12000;Corrupt Penguin;168;"<span class="" eil""><span>[[Corrupt Penguin|Corrupt Penguin]]</span></span>";Pedguin's Trousers;1;0.67%;;1;1;1;1
114690;Vicious Penguin;14896;Vicious Penguin;470;"<span class="" eil""><span>[[Vicious Penguin|Vicious Penguin]]</span><span class=""eico s i1 i2 i4"" title=""Desktop, Console and Mobile versions""><b></b><i></i><span>(Desktop, Console and Mobile versions)</span></span></span>";Pedguin's Hood;1;0.67%;;1;1;1;1
114691;Vicious Penguin;14896;Vicious Penguin;470;"<span class="" eil""><span>[[Vicious Penguin|Vicious Penguin]]</span><span class=""eico s i1 i2 i4"" title=""Desktop, Console and Mobile versions""><b></b><i></i><span>(Desktop, Console and Mobile versions)</span></span></span>";Pedguin's Jacket;1;0.67%;;1;1;1;1
114692;Vicious Penguin;14896;Vicious Penguin;470;"<span class="" eil""><span>[[Vicious Penguin|Vicious Penguin]]</span><span class=""eico s i1 i2 i4"" title=""Desktop, Console and Mobile versions""><b></b><i></i><span>(Desktop, Console and Mobile versions)</span></span></span>";Pedguin's Trousers;1;0.67%;;1;1;1;1
115015;Gray Grunt;9884;Gray Grunt;385;"<span class="" eil""><span>[[Gray Grunt|Gray Grunt]]</span><span class=""eico s i1 i2 i4"" title=""Desktop, Console and Mobile versions""><b></b><i></i><span>(Desktop, Console and Mobile versions)</span></span></span>";Martian Conduit Plating;8–20;12.5%;;1;1;1;1
115016;Gray Grunt;9884;Gray Grunt;385;"<span class="" eil""><span>[[Gray Grunt|Gray Grunt]]</span><span class=""eico s i1 i2 i4"" title=""Desktop, Console and Mobile versions""><b></b><i></i><span>(Desktop, Console and Mobile versions)</span></span></span>";Laser Drill;1;0.13%;;1;1;1;1
115017;Gray Grunt;9884;Gray Grunt;385;"<span class="" eil""><span>[[Gray Grunt|Gray Grunt]]</span><span class=""eico s i1 i2 i4"" title=""Desktop, Console and Mobile versions""><b></b><i></i><span>(Desktop, Console and Mobile versions)</span></span></span>";Anti-Gravity Hook;1;0.13%;;1;1;1;1
115018;Gray Grunt;9884;Gray Grunt;385;"<span class="" eil""><span>[[Gray Grunt|Gray Grunt]]</span><span class=""eico s i1 i2 i4"" title=""Desktop, Console and Mobile versions""><b></b><i></i><span>(Desktop, Console and Mobile versions)</span></span></span>";Charged Blaster Cannon;1;0.13%;;1;1;1;1
115019;Gray Grunt;9884;Gray Grunt;385;"<span class="" eil""><span>[[Gray Grunt|Gray Grunt]]</span><span class=""eico s i1 i2 i4"" title=""Desktop, Console and Mobile versions""><b></b><i></i><span>(Desktop, Console and Mobile versions)</span></span></span>";Martian Costume Mask;1;0.5%;;1;1;1;1
115020;Gray Grunt;9884;Gray Grunt;385;"<span class="" eil""><span>[[Gray Grunt|Gray Grunt]]</span><span class=""eico s i1 i2 i4"" title=""Desktop, Console and Mobile versions""><b></b><i></i><span>(Desktop, Console and Mobile versions)</span></span></span>";Martian Costume Shirt;1;0.5%;;1;1;1;1
115021;Gray Grunt;9884;Gray Grunt;385;"<span class="" eil""><span>[[Gray Grunt|Gray Grunt]]</span><span class=""eico s i1 i2 i4"" title=""Desktop, Console and Mobile versions""><b></b><i></i><span>(Desktop, Console and Mobile versions)</span></span></span>";Martian Costume Pants;1;0.5%;;1;1;1;1
115267;Raincoat Zombie;4349;Raincoat Zombie;223;"<span class="" eil""><span>[[Raincoat Zombie|Raincoat Zombie]]</span></span>";Shackle;1;2%;;1;1;1;1
115268;Raincoat Zombie;4349;Raincoat Zombie;223;"<span class="" eil""><span>[[Raincoat Zombie|Raincoat Zombie]]</span></span>";Zombie Arm;1;0.4%;;1;1;1;1
115269;Raincoat Zombie;4349;Raincoat Zombie;223;"<span class="" eil""><span>[[Raincoat Zombie|Raincoat Zombie]]</span></span>";Spiffo Plush;1;0.07%;;1;1;1;1
115270;Raincoat Zombie;4349;Raincoat Zombie;223;"<span class="" eil""><span>[[Raincoat Zombie|Raincoat Zombie]]</span></span>";Rain Hat;1;2.5%;;1;1;1;1
115271;Raincoat Zombie;4349;Raincoat Zombie;223;"<span class="" eil""><span>[[Raincoat Zombie|Raincoat Zombie]]</span></span>";Rain Coat;1;2.5%;;1;1;1;1
115272;Raincoat Zombie;4349;Raincoat Zombie;223;"<span class="" eil""><span>[[Raincoat Zombie|Raincoat Zombie]]</span></span>";Glowstick;1–4;100%;;1;1;1;1
115273;Icy Merman;8356;Icy Merman;206;"<span class="" eil""><span>[[Icy Merman|Icy Merman]]</span></span>";Milkshake;1;1.33%;;1;1;1;1
115274;Icy Merman;8356;Icy Merman;206;"<span class="" eil""><span>[[Icy Merman|Icy Merman]]</span></span>";Ice Sickle;1;"<span class=""eico s i1 i2 i4"" title=""Desktop, Console and Mobile versions""><b></b><i></i><span>(Desktop, Console and Mobile versions)</span></span> 1% /<br/><span class=""eico s i3 i5"" title=""Old-gen console and 3DS versions""><b></b><i></i><span>(Old-gen console and 3DS versions)</span></span> 0.56%";;1;1;1;1
115275;Icy Merman;8356;Icy Merman;206;"<span class="" eil""><span>[[Icy Merman|Icy Merman]]</span></span>";Frost Staff;1;2%;;1;1;1;1
115276;Blue Armored Bones;6673;Blue Armored Bones;273;"<span class="" eil""><span>[[Blue Armored Bones|Blue Armored Bones]]</span></span>";Bone Feather;1;0.33%;;1;1;1;1
115277;Blue Armored Bones;6673;Blue Armored Bones;273;"<span class="" eil""><span>[[Blue Armored Bones|Blue Armored Bones]]</span></span>";Armor Polish;1;"<span class=""mode-content""><span class=""m-normal m-journey"">1%</span><span class=""m-expert-master"">[[Expert Mode|<abbr class=""mode-exclusive expert"" title=""Expert Mode "">1.99%</abbr>]]</span></span>";;1;1;1;1
115278;Blue Armored Bones;6673;Blue Armored Bones;273;"<span class="" eil""><span>[[Blue Armored Bones|Blue Armored Bones]]</span></span>";Wisp in a Bottle;1;"<span class=""mode-content""><span class=""m-normal m-journey"">0.25%</span><span class=""m-expert-master"">[[Expert Mode|<abbr class=""mode-exclusive expert"" title=""Expert Mode "">0.5%</abbr>]]</span></span>";;1;1;1;1
115279;Blue Armored Bones;6673;Blue Armored Bones;273;"<span class="" eil""><span>[[Blue Armored Bones|Blue Armored Bones]]</span></span>";Magnet Sphere;1;"<span class=""mode-content""><span class=""m-normal m-journey"">0.33%</span><span class=""m-expert-master"">[[Expert Mode|<abbr class=""mode-exclusive expert"" title=""Expert Mode "">0.67%</abbr>]]</span></span>";;1;1;1;1
115280;Blue Armored Bones;6673;Blue Armored Bones;273;"<span class="" eil""><span>[[Blue Armored Bones|Blue Armored Bones]]</span></span>";Keybrand;1;"<span class=""mode-content""><span class=""m-normal m-journey"">0.5%</span><span class=""m-expert-master"">[[Expert Mode|<abbr class=""mode-exclusive expert"" title=""Expert Mode "">1%</abbr>]]</span></span>";;1;1;1;1
115281;Blue Armored Bones;6673;Blue Armored Bones;273;"<span class="" eil""><span>[[Blue Armored Bones|Blue Armored Bones]]</span></span>";Morning Star;1;"<span class=""mode-content""><span class=""m-normal m-journey"">0.5%</span><span class=""m-expert-master"">[[Expert Mode|<abbr class=""mode-exclusive expert"" title=""Expert Mode "">1%</abbr>]]</span></span>";;1;1;1;1
115717;Corrupt Crate;5107;Corrupt Crate;;"<span class="" eil""><span>[[Corrupt Crate|Corrupt Crate]]</span><span class=""eico s i1 i2 i4"" title=""Desktop, Console and Mobile versions""><b></b><i></i><span>(Desktop, Console and Mobile versions)</span></span></span>";Ball O' Hurt;1;20%;;0;1;1;1
115718;Crimson Crate;11013;Crimson Crate;;"<span class="" eil""><span>[[Crimson Crate|Crimson Crate]]</span><span class=""eico s i1 i2 i4"" title=""Desktop, Console and Mobile versions""><b></b><i></i><span>(Desktop, Console and Mobile versions)</span></span></span>";The Undertaker;1;20%;;0;1;1;1
115719;Corrupt Crate;5107;Corrupt Crate;;"<span class="" eil""><span>[[Corrupt Crate|Corrupt Crate]]</span><span class=""eico s i1 i2 i4"" title=""Desktop, Console and Mobile versions""><b></b><i></i><span>(Desktop, Console and Mobile versions)</span></span></span>";Band of Starpower;1;20%;;0;1;1;1
115720;Corrupt Crate;5107;Corrupt Crate;;"<span class="" eil""><span>[[Corrupt Crate|Corrupt Crate]]</span><span class=""eico s i1 i2 i4"" title=""Desktop, Console and Mobile versions""><b></b><i></i><span>(Desktop, Console and Mobile versions)</span></span></span>";Musket;1;20%;;0;1;1;1
115721;Crimson Crate;11013;Crimson Crate;;"<span class="" eil""><span>[[Crimson Crate|Crimson Crate]]</span><span class=""eico s i1 i2 i4"" title=""Desktop, Console and Mobile versions""><b></b><i></i><span>(Desktop, Console and Mobile versions)</span></span></span>";The Rotted Fork;1;20%;;0;1;1;1
115722;Crimson Crate;11013;Crimson Crate;;"<span class="" eil""><span>[[Crimson Crate|Crimson Crate]]</span><span class=""eico s i1 i2 i4"" title=""Desktop, Console and Mobile versions""><b></b><i></i><span>(Desktop, Console and Mobile versions)</span></span></span>";Crimson Rod;1;20%;;0;1;1;1
115723;Corrupt Crate;5107;Corrupt Crate;;"<span class="" eil""><span>[[Corrupt Crate|Corrupt Crate]]</span><span class=""eico s i1 i2 i4"" title=""Desktop, Console and Mobile versions""><b></b><i></i><span>(Desktop, Console and Mobile versions)</span></span></span>";Shadow Orb (item);1;20%;;0;1;1;1
115724;Crimson Crate;11013;Crimson Crate;;"<span class="" eil""><span>[[Crimson Crate|Crimson Crate]]</span><span class=""eico s i1 i2 i4"" title=""Desktop, Console and Mobile versions""><b></b><i></i><span>(Desktop, Console and Mobile versions)</span></span></span>";Panic Necklace;1;20%;;0;1;1;1
115725;Corrupt Crate;5107;Corrupt Crate;;"<span class="" eil""><span>[[Corrupt Crate|Corrupt Crate]]</span><span class=""eico s i1 i2 i4"" title=""Desktop, Console and Mobile versions""><b></b><i></i><span>(Desktop, Console and Mobile versions)</span></span></span>";Vilethorn;1;20%;;0;1;1;1
115726;Crimson Crate;11013;Crimson Crate;;"<span class="" eil""><span>[[Crimson Crate|Crimson Crate]]</span><span class=""eico s i1 i2 i4"" title=""Desktop, Console and Mobile versions""><b></b><i></i><span>(Desktop, Console and Mobile versions)</span></span></span>";Crimson Heart (item);1;20%;;0;1;1;1
115727;Corrupt Crate;5107;Corrupt Crate;;"<span class="" eil""><span>[[Corrupt Crate|Corrupt Crate]]</span><span class=""eico s i1 i2 i4"" title=""Desktop, Console and Mobile versions""><b></b><i></i><span>(Desktop, Console and Mobile versions)</span></span></span>";Gold Coin;5–12;"<span class=""chance"" data-sort-value=""25"">1/4 (25%)</span>";;0;1;1;1
115729;Crimson Crate;11013;Crimson Crate;;"<span class="" eil""><span>[[Crimson Crate|Crimson Crate]]</span><span class=""eico s i1 i2 i4"" title=""Desktop, Console and Mobile versions""><b></b><i></i><span>(Desktop, Console and Mobile versions)</span></span></span>";Gold Coin;5–12;"<span class=""chance"" data-sort-value=""25"">1/4 (25%)</span>";;0;1;1;1
115730;Corrupt Crate;5107;Corrupt Crate;;"<span class="" eil""><span>[[Corrupt Crate|Corrupt Crate]]</span><span class=""eico s i1 i2 i4"" title=""Desktop, Console and Mobile versions""><b></b><i></i><span>(Desktop, Console and Mobile versions)</span></span></span>";Copper Ore;20–35;"<span class=""chance"" data-sort-value=""1.79"">1/56 (1.79%)</span>";;0;1;1;1
115732;Crimson Crate;11013;Crimson Crate;;"<span class="" eil""><span>[[Crimson Crate|Crimson Crate]]</span><span class=""eico s i1 i2 i4"" title=""Desktop, Console and Mobile versions""><b></b><i></i><span>(Desktop, Console and Mobile versions)</span></span></span>";Copper Ore;20–35;"<span class=""chance"" data-sort-value=""1.79"">1/56 (1.79%)</span>";;0;1;1;1
115734;Corrupt Crate;5107;Corrupt Crate;;"<span class="" eil""><span>[[Corrupt Crate|Corrupt Crate]]</span><span class=""eico s i1 i2 i4"" title=""Desktop, Console and Mobile versions""><b></b><i></i><span>(Desktop, Console and Mobile versions)</span></span></span>";Tin Ore;20–35;"<span class=""chance"" data-sort-value=""1.79"">1/56 (1.79%)</span>";;0;1;1;1
115735;Crimson Crate;11013;Crimson Crate;;"<span class="" eil""><span>[[Crimson Crate|Crimson Crate]]</span><span class=""eico s i1 i2 i4"" title=""Desktop, Console and Mobile versions""><b></b><i></i><span>(Desktop, Console and Mobile versions)</span></span></span>";Tin Ore;20–35;"<span class=""chance"" data-sort-value=""1.79"">1/56 (1.79%)</span>";;0;1;1;1
115737;Corrupt Crate;5107;Corrupt Crate;;"<span class="" eil""><span>[[Corrupt Crate|Corrupt Crate]]</span><span class=""eico s i1 i2 i4"" title=""Desktop, Console and Mobile versions""><b></b><i></i><span>(Desktop, Console and Mobile versions)</span></span></span>";Iron Ore;20–35;"<span class=""chance"" data-sort-value=""1.79"">1/56 (1.79%)</span>";;0;1;1;1
115738;Crimson Crate;11013;Crimson Crate;;"<span class="" eil""><span>[[Crimson Crate|Crimson Crate]]</span><span class=""eico s i1 i2 i4"" title=""Desktop, Console and Mobile versions""><b></b><i></i><span>(Desktop, Console and Mobile versions)</span></span></span>";Iron Ore;20–35;"<span class=""chance"" data-sort-value=""1.79"">1/56 (1.79%)</span>";;0;1;1;1
115741;Corrupt Crate;5107;Corrupt Crate;;"<span class="" eil""><span>[[Corrupt Crate|Corrupt Crate]]</span><span class=""eico s i1 i2 i4"" title=""Desktop, Console and Mobile versions""><b></b><i></i><span>(Desktop, Console and Mobile versions)</span></span></span>";Lead Ore;20–35;"<span class=""chance"" data-sort-value=""1.79"">1/56 (1.79%)</span>";;0;1;1;1
115742;Crimson Crate;11013;Crimson Crate;;"<span class="" eil""><span>[[Crimson Crate|Crimson Crate]]</span><span class=""eico s i1 i2 i4"" title=""Desktop, Console and Mobile versions""><b></b><i></i><span>(Desktop, Console and Mobile versions)</span></span></span>";Lead Ore;20–35;"<span class=""chance"" data-sort-value=""1.79"">1/56 (1.79%)</span>";;0;1;1;1
115744;Corrupt Crate;5107;Corrupt Crate;;"<span class="" eil""><span>[[Corrupt Crate|Corrupt Crate]]</span><span class=""eico s i1 i2 i4"" title=""Desktop, Console and Mobile versions""><b></b><i></i><span>(Desktop, Console and Mobile versions)</span></span></span>";Silver Ore;20–35;"<span class=""chance"" data-sort-value=""1.79"">1/56 (1.79%)</span>";;0;1;1;1
115746;Crimson Crate;11013;Crimson Crate;;"<span class="" eil""><span>[[Crimson Crate|Crimson Crate]]</span><span class=""eico s i1 i2 i4"" title=""Desktop, Console and Mobile versions""><b></b><i></i><span>(Desktop, Console and Mobile versions)</span></span></span>";Silver Ore;20–35;"<span class=""chance"" data-sort-value=""1.79"">1/56 (1.79%)</span>";;0;1;1;1
115748;Corrupt Crate;5107;Corrupt Crate;;"<span class="" eil""><span>[[Corrupt Crate|Corrupt Crate]]</span><span class=""eico s i1 i2 i4"" title=""Desktop, Console and Mobile versions""><b></b><i></i><span>(Desktop, Console and Mobile versions)</span></span></span>";Tungsten Ore;20–35;"<span class=""chance"" data-sort-value=""1.79"">1/56 (1.79%)</span>";;0;1;1;1
115749;Crimson Crate;11013;Crimson Crate;;"<span class="" eil""><span>[[Crimson Crate|Crimson Crate]]</span><span class=""eico s i1 i2 i4"" title=""Desktop, Console and Mobile versions""><b></b><i></i><span>(Desktop, Console and Mobile versions)</span></span></span>";Tungsten Ore;20–35;"<span class=""chance"" data-sort-value=""1.79"">1/56 (1.79%)</span>";;0;1;1;1
115752;Corrupt Crate;5107;Corrupt Crate;;"<span class="" eil""><span>[[Corrupt Crate|Corrupt Crate]]</span><span class=""eico s i1 i2 i4"" title=""Desktop, Console and Mobile versions""><b></b><i></i><span>(Desktop, Console and Mobile versions)</span></span></span>";Gold Ore;20–35;"<span class=""chance"" data-sort-value=""1.79"">1/56 (1.79%)</span>";;0;1;1;1
115754;Crimson Crate;11013;Crimson Crate;;"<span class="" eil""><span>[[Crimson Crate|Crimson Crate]]</span><span class=""eico s i1 i2 i4"" title=""Desktop, Console and Mobile versions""><b></b><i></i><span>(Desktop, Console and Mobile versions)</span></span></span>";Gold Ore;20–35;"<span class=""chance"" data-sort-value=""1.79"">1/56 (1.79%)</span>";;0;1;1;1
115757;Corrupt Crate;5107;Corrupt Crate;;"<span class="" eil""><span>[[Corrupt Crate|Corrupt Crate]]</span><span class=""eico s i1 i2 i4"" title=""Desktop, Console and Mobile versions""><b></b><i></i><span>(Desktop, Console and Mobile versions)</span></span></span>";Platinum Ore;20–35;"<span class=""chance"" data-sort-value=""1.79"">1/56 (1.79%)</span>";;0;1;1;1
115759;Crimson Crate;11013;Crimson Crate;;"<span class="" eil""><span>[[Crimson Crate|Crimson Crate]]</span><span class=""eico s i1 i2 i4"" title=""Desktop, Console and Mobile versions""><b></b><i></i><span>(Desktop, Console and Mobile versions)</span></span></span>";Platinum Ore;20–35;"<span class=""chance"" data-sort-value=""1.79"">1/56 (1.79%)</span>";;0;1;1;1
115762;Corrupt Crate;5107;Corrupt Crate;;"<span class="" eil""><span>[[Corrupt Crate|Corrupt Crate]]</span><span class=""eico s i1 i2 i4"" title=""Desktop, Console and Mobile versions""><b></b><i></i><span>(Desktop, Console and Mobile versions)</span></span></span>";Iron Bar;6–16;"<span class=""chance"" data-sort-value=""4.17"">1/24 (4.17%)</span>";;0;1;1;1
115763;Crimson Crate;11013;Crimson Crate;;"<span class="" eil""><span>[[Crimson Crate|Crimson Crate]]</span><span class=""eico s i1 i2 i4"" title=""Desktop, Console and Mobile versions""><b></b><i></i><span>(Desktop, Console and Mobile versions)</span></span></span>";Iron Bar;6–16;"<span class=""chance"" data-sort-value=""4.17"">1/24 (4.17%)</span>";;0;1;1;1
115767;Corrupt Crate;5107;Corrupt Crate;;"<span class="" eil""><span>[[Corrupt Crate|Corrupt Crate]]</span><span class=""eico s i1 i2 i4"" title=""Desktop, Console and Mobile versions""><b></b><i></i><span>(Desktop, Console and Mobile versions)</span></span></span>";Silver Bar;6–16;"<span class=""chance"" data-sort-value=""4.17"">1/24 (4.17%)</span>";;0;1;1;1
115769;Crimson Crate;11013;Crimson Crate;;"<span class="" eil""><span>[[Crimson Crate|Crimson Crate]]</span><span class=""eico s i1 i2 i4"" title=""Desktop, Console and Mobile versions""><b></b><i></i><span>(Desktop, Console and Mobile versions)</span></span></span>";Silver Bar;6–16;"<span class=""chance"" data-sort-value=""4.17"">1/24 (4.17%)</span>";;0;1;1;1
115772;Corrupt Crate;5107;Corrupt Crate;;"<span class="" eil""><span>[[Corrupt Crate|Corrupt Crate]]</span><span class=""eico s i1 i2 i4"" title=""Desktop, Console and Mobile versions""><b></b><i></i><span>(Desktop, Console and Mobile versions)</span></span></span>";Gold Bar;6–16;"<span class=""chance"" data-sort-value=""4.17"">1/24 (4.17%)</span>";;0;1;1;1
115777;Crimson Crate;11013;Crimson Crate;;"<span class="" eil""><span>[[Crimson Crate|Crimson Crate]]</span><span class=""eico s i1 i2 i4"" title=""Desktop, Console and Mobile versions""><b></b><i></i><span>(Desktop, Console and Mobile versions)</span></span></span>";Gold Bar;6–16;"<span class=""chance"" data-sort-value=""4.17"">1/24 (4.17%)</span>";;0;1;1;1
115780;Corrupt Crate;5107;Corrupt Crate;;"<span class="" eil""><span>[[Corrupt Crate|Corrupt Crate]]</span><span class=""eico s i1 i2 i4"" title=""Desktop, Console and Mobile versions""><b></b><i></i><span>(Desktop, Console and Mobile versions)</span></span></span>";Lead Bar;6–16;"<span class=""chance"" data-sort-value=""4.17"">1/24 (4.17%)</span>";;0;1;1;1
115782;Crimson Crate;11013;Crimson Crate;;"<span class="" eil""><span>[[Crimson Crate|Crimson Crate]]</span><span class=""eico s i1 i2 i4"" title=""Desktop, Console and Mobile versions""><b></b><i></i><span>(Desktop, Console and Mobile versions)</span></span></span>";Lead Bar;6–16;"<span class=""chance"" data-sort-value=""4.17"">1/24 (4.17%)</span>";;0;1;1;1
115786;Corrupt Crate;5107;Corrupt Crate;;"<span class="" eil""><span>[[Corrupt Crate|Corrupt Crate]]</span><span class=""eico s i1 i2 i4"" title=""Desktop, Console and Mobile versions""><b></b><i></i><span>(Desktop, Console and Mobile versions)</span></span></span>";Tungsten Bar;6–16;"<span class=""chance"" data-sort-value=""4.17"">1/24 (4.17%)</span>";;0;1;1;1
115789;Crimson Crate;11013;Crimson Crate;;"<span class="" eil""><span>[[Crimson Crate|Crimson Crate]]</span><span class=""eico s i1 i2 i4"" title=""Desktop, Console and Mobile versions""><b></b><i></i><span>(Desktop, Console and Mobile versions)</span></span></span>";Tungsten Bar;6–16;"<span class=""chance"" data-sort-value=""4.17"">1/24 (4.17%)</span>";;0;1;1;1
115795;Corrupt Crate;5107;Corrupt Crate;;"<span class="" eil""><span>[[Corrupt Crate|Corrupt Crate]]</span><span class=""eico s i1 i2 i4"" title=""Desktop, Console and Mobile versions""><b></b><i></i><span>(Desktop, Console and Mobile versions)</span></span></span>";Platinum Bar;6–16;"<span class=""chance"" data-sort-value=""4.17"">1/24 (4.17%)</span>";;0;1;1;1
115797;Crimson Crate;11013;Crimson Crate;;"<span class="" eil""><span>[[Crimson Crate|Crimson Crate]]</span><span class=""eico s i1 i2 i4"" title=""Desktop, Console and Mobile versions""><b></b><i></i><span>(Desktop, Console and Mobile versions)</span></span></span>";Platinum Bar;6–16;"<span class=""chance"" data-sort-value=""4.17"">1/24 (4.17%)</span>";;0;1;1;1
115804;Corrupt Crate;5107;Corrupt Crate;;"<span class="" eil""><span>[[Corrupt Crate|Corrupt Crate]]</span><span class=""eico s i1 i2 i4"" title=""Desktop, Console and Mobile versions""><b></b><i></i><span>(Desktop, Console and Mobile versions)</span></span></span>";Obsidian Skin Potion;2–4;"<span class=""chance"" data-sort-value=""4.17"">1/24 (4.17%)</span>";;0;1;1;1
115806;Crimson Crate;11013;Crimson Crate;;"<span class="" eil""><span>[[Crimson Crate|Crimson Crate]]</span><span class=""eico s i1 i2 i4"" title=""Desktop, Console and Mobile versions""><b></b><i></i><span>(Desktop, Console and Mobile versions)</span></span></span>";Obsidian Skin Potion;2–4;"<span class=""chance"" data-sort-value=""4.17"">1/24 (4.17%)</span>";;0;1;1;1
115813;Corrupt Crate;5107;Corrupt Crate;;"<span class="" eil""><span>[[Corrupt Crate|Corrupt Crate]]</span><span class=""eico s i1 i2 i4"" title=""Desktop, Console and Mobile versions""><b></b><i></i><span>(Desktop, Console and Mobile versions)</span></span></span>";Spelunker Potion;2–4;"<span class=""chance"" data-sort-value=""4.17"">1/24 (4.17%)</span>";;0;1;1;1
115814;Crimson Crate;11013;Crimson Crate;;"<span class="" eil""><span>[[Crimson Crate|Crimson Crate]]</span><span class=""eico s i1 i2 i4"" title=""Desktop, Console and Mobile versions""><b></b><i></i><span>(Desktop, Console and Mobile versions)</span></span></span>";Spelunker Potion;2–4;"<span class=""chance"" data-sort-value=""4.17"">1/24 (4.17%)</span>";;0;1;1;1
115817;Corrupt Crate;5107;Corrupt Crate;;"<span class="" eil""><span>[[Corrupt Crate|Corrupt Crate]]</span><span class=""eico s i1 i2 i4"" title=""Desktop, Console and Mobile versions""><b></b><i></i><span>(Desktop, Console and Mobile versions)</span></span></span>";Hunter Potion;2–4;"<span class=""chance"" data-sort-value=""4.17"">1/24 (4.17%)</span>";;0;1;1;1
115818;Crimson Crate;11013;Crimson Crate;;"<span class="" eil""><span>[[Crimson Crate|Crimson Crate]]</span><span class=""eico s i1 i2 i4"" title=""Desktop, Console and Mobile versions""><b></b><i></i><span>(Desktop, Console and Mobile versions)</span></span></span>";Hunter Potion;2–4;"<span class=""chance"" data-sort-value=""4.17"">1/24 (4.17%)</span>";;0;1;1;1
115824;Corrupt Crate;5107;Corrupt Crate;;"<span class="" eil""><span>[[Corrupt Crate|Corrupt Crate]]</span><span class=""eico s i1 i2 i4"" title=""Desktop, Console and Mobile versions""><b></b><i></i><span>(Desktop, Console and Mobile versions)</span></span></span>";Gravitation Potion;2–4;"<span class=""chance"" data-sort-value=""4.17"">1/24 (4.17%)</span>";;0;1;1;1
115825;Crimson Crate;11013;Crimson Crate;;"<span class="" eil""><span>[[Crimson Crate|Crimson Crate]]</span><span class=""eico s i1 i2 i4"" title=""Desktop, Console and Mobile versions""><b></b><i></i><span>(Desktop, Console and Mobile versions)</span></span></span>";Gravitation Potion;2–4;"<span class=""chance"" data-sort-value=""4.17"">1/24 (4.17%)</span>";;0;1;1;1
115828;Dungeon Crate;11352;Dungeon Crate;;"<span class="" eil""><span>[[Dungeon Crate|Dungeon Crate]]</span><span class=""eico s i1 i2 i4"" title=""Desktop, Console and Mobile versions""><b></b><i></i><span>(Desktop, Console and Mobile versions)</span></span></span>";Golden Lock Box;1;100%;;0;1;1;1
115832;Corrupt Crate;5107;Corrupt Crate;;"<span class="" eil""><span>[[Corrupt Crate|Corrupt Crate]]</span><span class=""eico s i1 i2 i4"" title=""Desktop, Console and Mobile versions""><b></b><i></i><span>(Desktop, Console and Mobile versions)</span></span></span>";Mining Potion;2–4;"<span class=""chance"" data-sort-value=""4.17"">1/24 (4.17%)</span>";;0;1;1;1
115834;Crimson Crate;11013;Crimson Crate;;"<span class="" eil""><span>[[Crimson Crate|Crimson Crate]]</span><span class=""eico s i1 i2 i4"" title=""Desktop, Console and Mobile versions""><b></b><i></i><span>(Desktop, Console and Mobile versions)</span></span></span>";Mining Potion;2–4;"<span class=""chance"" data-sort-value=""4.17"">1/24 (4.17%)</span>";;0;1;1;1
115835;Dungeon Crate;11352;Dungeon Crate;;"<span class="" eil""><span>[[Dungeon Crate|Dungeon Crate]]</span><span class=""eico s i1 i2 i4"" title=""Desktop, Console and Mobile versions""><b></b><i></i><span>(Desktop, Console and Mobile versions)</span></span></span>";Book;5–15;"<span class=""chance"" data-sort-value=""50"">1/2 (50%)</span>";;0;1;1;1
115841;Corrupt Crate;5107;Corrupt Crate;;"<span class="" eil""><span>[[Corrupt Crate|Corrupt Crate]]</span><span class=""eico s i1 i2 i4"" title=""Desktop, Console and Mobile versions""><b></b><i></i><span>(Desktop, Console and Mobile versions)</span></span></span>";Heartreach Potion;2–4;"<span class=""chance"" data-sort-value=""4.17"">1/24 (4.17%)</span>";;0;1;1;1
115842;Crimson Crate;11013;Crimson Crate;;"<span class="" eil""><span>[[Crimson Crate|Crimson Crate]]</span><span class=""eico s i1 i2 i4"" title=""Desktop, Console and Mobile versions""><b></b><i></i><span>(Desktop, Console and Mobile versions)</span></span></span>";Heartreach Potion;2–4;"<span class=""chance"" data-sort-value=""4.17"">1/24 (4.17%)</span>";;0;1;1;1
115843;Dungeon Crate;11352;Dungeon Crate;;"<span class="" eil""><span>[[Dungeon Crate|Dungeon Crate]]</span><span class=""eico s i1 i2 i4"" title=""Desktop, Console and Mobile versions""><b></b><i></i><span>(Desktop, Console and Mobile versions)</span></span></span>";Gold Coin;5–12;"<span class=""chance"" data-sort-value=""25"">1/4 (25%)</span>";;0;1;1;1
115850;Corrupt Crate;5107;Corrupt Crate;;"<span class="" eil""><span>[[Corrupt Crate|Corrupt Crate]]</span><span class=""eico s i1 i2 i4"" title=""Desktop, Console and Mobile versions""><b></b><i></i><span>(Desktop, Console and Mobile versions)</span></span></span>";Healing Potion;5–17;"<span class=""chance"" data-sort-value=""25"">1/4 (25%)</span>";;0;1;1;1
115851;Dungeon Crate;11352;Dungeon Crate;;"<span class="" eil""><span>[[Dungeon Crate|Dungeon Crate]]</span><span class=""eico s i1 i2 i4"" title=""Desktop, Console and Mobile versions""><b></b><i></i><span>(Desktop, Console and Mobile versions)</span></span></span>";Blue Brick;25–50;"<span class=""chance"" data-sort-value=""16.67"">1/6 (16.67%)</span>";;0;1;1;1
115852;Crimson Crate;11013;Crimson Crate;;"<span class="" eil""><span>[[Crimson Crate|Crimson Crate]]</span><span class=""eico s i1 i2 i4"" title=""Desktop, Console and Mobile versions""><b></b><i></i><span>(Desktop, Console and Mobile versions)</span></span></span>";Healing Potion;5–17;"<span class=""chance"" data-sort-value=""25"">1/4 (25%)</span>";;0;1;1;1
115860;Corrupt Crate;5107;Corrupt Crate;;"<span class="" eil""><span>[[Corrupt Crate|Corrupt Crate]]</span><span class=""eico s i1 i2 i4"" title=""Desktop, Console and Mobile versions""><b></b><i></i><span>(Desktop, Console and Mobile versions)</span></span></span>";Mana Potion;5–17;"<span class=""chance"" data-sort-value=""25"">1/4 (25%)</span>";;0;1;1;1
115861;Dungeon Crate;11352;Dungeon Crate;;"<span class="" eil""><span>[[Dungeon Crate|Dungeon Crate]]</span><span class=""eico s i1 i2 i4"" title=""Desktop, Console and Mobile versions""><b></b><i></i><span>(Desktop, Console and Mobile versions)</span></span></span>";Green Brick;25–50;"<span class=""chance"" data-sort-value=""16.67"">1/6 (16.67%)</span>";;0;1;1;1
115862;Crimson Crate;11013;Crimson Crate;;"<span class="" eil""><span>[[Crimson Crate|Crimson Crate]]</span><span class=""eico s i1 i2 i4"" title=""Desktop, Console and Mobile versions""><b></b><i></i><span>(Desktop, Console and Mobile versions)</span></span></span>";Mana Potion;5–17;"<span class=""chance"" data-sort-value=""25"">1/4 (25%)</span>";;0;1;1;1
115871;Dungeon Crate;11352;Dungeon Crate;;"<span class="" eil""><span>[[Dungeon Crate|Dungeon Crate]]</span><span class=""eico s i1 i2 i4"" title=""Desktop, Console and Mobile versions""><b></b><i></i><span>(Desktop, Console and Mobile versions)</span></span></span>";Pink Brick;25–50;"<span class=""chance"" data-sort-value=""16.67"">1/6 (16.67%)</span>";;0;1;1;1
115872;Corrupt Crate;5107;Corrupt Crate;;"<span class="" eil""><span>[[Corrupt Crate|Corrupt Crate]]</span><span class=""eico s i1 i2 i4"" title=""Desktop, Console and Mobile versions""><b></b><i></i><span>(Desktop, Console and Mobile versions)</span></span></span>";Journeyman Bait;2–6;"<span class=""chance"" data-sort-value=""25"">1/4 (25%)</span>";;0;1;1;1
115873;Crimson Crate;11013;Crimson Crate;;"<span class="" eil""><span>[[Crimson Crate|Crimson Crate]]</span><span class=""eico s i1 i2 i4"" title=""Desktop, Console and Mobile versions""><b></b><i></i><span>(Desktop, Console and Mobile versions)</span></span></span>";Journeyman Bait;2–6;"<span class=""chance"" data-sort-value=""25"">1/4 (25%)</span>";;0;1;1;1
115883;Corrupt Crate;5107;Corrupt Crate;;"<span class="" eil""><span>[[Corrupt Crate|Corrupt Crate]]</span><span class=""eico s i1 i2 i4"" title=""Desktop, Console and Mobile versions""><b></b><i></i><span>(Desktop, Console and Mobile versions)</span></span></span>";Master Bait;2–6;"<span class=""chance"" data-sort-value=""25"">1/4 (25%)</span>";;0;1;1;1
115884;Crimson Crate;11013;Crimson Crate;;"<span class="" eil""><span>[[Crimson Crate|Crimson Crate]]</span><span class=""eico s i1 i2 i4"" title=""Desktop, Console and Mobile versions""><b></b><i></i><span>(Desktop, Console and Mobile versions)</span></span></span>";Master Bait;2–6;"<span class=""chance"" data-sort-value=""25"">1/4 (25%)</span>";;0;1;1;1
115885;Dungeon Crate;11352;Dungeon Crate;;"<span class="" eil""><span>[[Dungeon Crate|Dungeon Crate]]</span><span class=""eico s i1 i2 i4"" title=""Desktop, Console and Mobile versions""><b></b><i></i><span>(Desktop, Console and Mobile versions)</span></span></span>";Copper Ore;20–35;"<span class=""chance"" data-sort-value=""1.79"">1/56 (1.79%)</span>";;0;1;1;1
115895;Dungeon Crate;11352;Dungeon Crate;;"<span class="" eil""><span>[[Dungeon Crate|Dungeon Crate]]</span><span class=""eico s i1 i2 i4"" title=""Desktop, Console and Mobile versions""><b></b><i></i><span>(Desktop, Console and Mobile versions)</span></span></span>";Tin Ore;20–35;"<span class=""chance"" data-sort-value=""1.79"">1/56 (1.79%)</span>";;0;1;1;1
115905;Dungeon Crate;11352;Dungeon Crate;;"<span class="" eil""><span>[[Dungeon Crate|Dungeon Crate]]</span><span class=""eico s i1 i2 i4"" title=""Desktop, Console and Mobile versions""><b></b><i></i><span>(Desktop, Console and Mobile versions)</span></span></span>";Iron Ore;20–35;"<span class=""chance"" data-sort-value=""1.79"">1/56 (1.79%)</span>";;0;1;1;1
115913;Dungeon Crate;11352;Dungeon Crate;;"<span class="" eil""><span>[[Dungeon Crate|Dungeon Crate]]</span><span class=""eico s i1 i2 i4"" title=""Desktop, Console and Mobile versions""><b></b><i></i><span>(Desktop, Console and Mobile versions)</span></span></span>";Lead Ore;20–35;"<span class=""chance"" data-sort-value=""1.79"">1/56 (1.79%)</span>";;0;1;1;1
115919;Dungeon Crate;11352;Dungeon Crate;;"<span class="" eil""><span>[[Dungeon Crate|Dungeon Crate]]</span><span class=""eico s i1 i2 i4"" title=""Desktop, Console and Mobile versions""><b></b><i></i><span>(Desktop, Console and Mobile versions)</span></span></span>";Silver Ore;20–35;"<span class=""chance"" data-sort-value=""1.79"">1/56 (1.79%)</span>";;0;1;1;1
115933;Dungeon Crate;11352;Dungeon Crate;;"<span class="" eil""><span>[[Dungeon Crate|Dungeon Crate]]</span><span class=""eico s i1 i2 i4"" title=""Desktop, Console and Mobile versions""><b></b><i></i><span>(Desktop, Console and Mobile versions)</span></span></span>";Tungsten Ore;20–35;"<span class=""chance"" data-sort-value=""1.79"">1/56 (1.79%)</span>";;0;1;1;1
115944;Dungeon Crate;11352;Dungeon Crate;;"<span class="" eil""><span>[[Dungeon Crate|Dungeon Crate]]</span><span class=""eico s i1 i2 i4"" title=""Desktop, Console and Mobile versions""><b></b><i></i><span>(Desktop, Console and Mobile versions)</span></span></span>";Gold Ore;20–35;"<span class=""chance"" data-sort-value=""1.79"">1/56 (1.79%)</span>";;0;1;1;1
115955;Dungeon Crate;11352;Dungeon Crate;;"<span class="" eil""><span>[[Dungeon Crate|Dungeon Crate]]</span><span class=""eico s i1 i2 i4"" title=""Desktop, Console and Mobile versions""><b></b><i></i><span>(Desktop, Console and Mobile versions)</span></span></span>";Platinum Ore;20–35;"<span class=""chance"" data-sort-value=""1.79"">1/56 (1.79%)</span>";;0;1;1;1
115967;Dungeon Crate;11352;Dungeon Crate;;"<span class="" eil""><span>[[Dungeon Crate|Dungeon Crate]]</span><span class=""eico s i1 i2 i4"" title=""Desktop, Console and Mobile versions""><b></b><i></i><span>(Desktop, Console and Mobile versions)</span></span></span>";Iron Bar;6–16;"<span class=""chance"" data-sort-value=""4.17"">1/24 (4.17%)</span>";;0;1;1;1
115979;Dungeon Crate;11352;Dungeon Crate;;"<span class="" eil""><span>[[Dungeon Crate|Dungeon Crate]]</span><span class=""eico s i1 i2 i4"" title=""Desktop, Console and Mobile versions""><b></b><i></i><span>(Desktop, Console and Mobile versions)</span></span></span>";Silver Bar;6–16;"<span class=""chance"" data-sort-value=""4.17"">1/24 (4.17%)</span>";;0;1;1;1
115991;Dungeon Crate;11352;Dungeon Crate;;"<span class="" eil""><span>[[Dungeon Crate|Dungeon Crate]]</span><span class=""eico s i1 i2 i4"" title=""Desktop, Console and Mobile versions""><b></b><i></i><span>(Desktop, Console and Mobile versions)</span></span></span>";Gold Bar;6–16;"<span class=""chance"" data-sort-value=""4.17"">1/24 (4.17%)</span>";;0;1;1;1
116001;Dungeon Crate;11352;Dungeon Crate;;"<span class="" eil""><span>[[Dungeon Crate|Dungeon Crate]]</span><span class=""eico s i1 i2 i4"" title=""Desktop, Console and Mobile versions""><b></b><i></i><span>(Desktop, Console and Mobile versions)</span></span></span>";Lead Bar;6–16;"<span class=""chance"" data-sort-value=""4.17"">1/24 (4.17%)</span>";;0;1;1;1
116013;Dungeon Crate;11352;Dungeon Crate;;"<span class="" eil""><span>[[Dungeon Crate|Dungeon Crate]]</span><span class=""eico s i1 i2 i4"" title=""Desktop, Console and Mobile versions""><b></b><i></i><span>(Desktop, Console and Mobile versions)</span></span></span>";Tungsten Bar;6–16;"<span class=""chance"" data-sort-value=""4.17"">1/24 (4.17%)</span>";;0;1;1;1
116023;Dungeon Crate;11352;Dungeon Crate;;"<span class="" eil""><span>[[Dungeon Crate|Dungeon Crate]]</span><span class=""eico s i1 i2 i4"" title=""Desktop, Console and Mobile versions""><b></b><i></i><span>(Desktop, Console and Mobile versions)</span></span></span>";Platinum Bar;6–16;"<span class=""chance"" data-sort-value=""4.17"">1/24 (4.17%)</span>";;0;1;1;1
116035;Dungeon Crate;11352;Dungeon Crate;;"<span class="" eil""><span>[[Dungeon Crate|Dungeon Crate]]</span><span class=""eico s i1 i2 i4"" title=""Desktop, Console and Mobile versions""><b></b><i></i><span>(Desktop, Console and Mobile versions)</span></span></span>";Obsidian Skin Potion;2–4;"<span class=""chance"" data-sort-value=""4.17"">1/24 (4.17%)</span>";;0;1;1;1
116047;Dungeon Crate;11352;Dungeon Crate;;"<span class="" eil""><span>[[Dungeon Crate|Dungeon Crate]]</span><span class=""eico s i1 i2 i4"" title=""Desktop, Console and Mobile versions""><b></b><i></i><span>(Desktop, Console and Mobile versions)</span></span></span>";Spelunker Potion;2–4;"<span class=""chance"" data-sort-value=""4.17"">1/24 (4.17%)</span>";;0;1;1;1
116060;Dungeon Crate;11352;Dungeon Crate;;"<span class="" eil""><span>[[Dungeon Crate|Dungeon Crate]]</span><span class=""eico s i1 i2 i4"" title=""Desktop, Console and Mobile versions""><b></b><i></i><span>(Desktop, Console and Mobile versions)</span></span></span>";Hunter Potion;2–4;"<span class=""chance"" data-sort-value=""4.17"">1/24 (4.17%)</span>";;0;1;1;1
116071;Dungeon Crate;11352;Dungeon Crate;;"<span class="" eil""><span>[[Dungeon Crate|Dungeon Crate]]</span><span class=""eico s i1 i2 i4"" title=""Desktop, Console and Mobile versions""><b></b><i></i><span>(Desktop, Console and Mobile versions)</span></span></span>";Gravitation Potion;2–4;"<span class=""chance"" data-sort-value=""4.17"">1/24 (4.17%)</span>";;0;1;1;1
116083;Dungeon Crate;11352;Dungeon Crate;;"<span class="" eil""><span>[[Dungeon Crate|Dungeon Crate]]</span><span class=""eico s i1 i2 i4"" title=""Desktop, Console and Mobile versions""><b></b><i></i><span>(Desktop, Console and Mobile versions)</span></span></span>";Mining Potion;2–4;"<span class=""chance"" data-sort-value=""4.17"">1/24 (4.17%)</span>";;0;1;1;1
116092;Dungeon Crate;11352;Dungeon Crate;;"<span class="" eil""><span>[[Dungeon Crate|Dungeon Crate]]</span><span class=""eico s i1 i2 i4"" title=""Desktop, Console and Mobile versions""><b></b><i></i><span>(Desktop, Console and Mobile versions)</span></span></span>";Heartreach Potion;2–4;"<span class=""chance"" data-sort-value=""4.17"">1/24 (4.17%)</span>";;0;1;1;1
116101;Dungeon Crate;11352;Dungeon Crate;;"<span class="" eil""><span>[[Dungeon Crate|Dungeon Crate]]</span><span class=""eico s i1 i2 i4"" title=""Desktop, Console and Mobile versions""><b></b><i></i><span>(Desktop, Console and Mobile versions)</span></span></span>";Healing Potion;5–17;"<span class=""chance"" data-sort-value=""25"">1/4 (25%)</span>";;0;1;1;1
116112;Dungeon Crate;11352;Dungeon Crate;;"<span class="" eil""><span>[[Dungeon Crate|Dungeon Crate]]</span><span class=""eico s i1 i2 i4"" title=""Desktop, Console and Mobile versions""><b></b><i></i><span>(Desktop, Console and Mobile versions)</span></span></span>";Mana Potion;5–17;"<span class=""chance"" data-sort-value=""25"">1/4 (25%)</span>";;0;1;1;1
116124;Dungeon Crate;11352;Dungeon Crate;;"<span class="" eil""><span>[[Dungeon Crate|Dungeon Crate]]</span><span class=""eico s i1 i2 i4"" title=""Desktop, Console and Mobile versions""><b></b><i></i><span>(Desktop, Console and Mobile versions)</span></span></span>";Journeyman Bait;2–6;"<span class=""chance"" data-sort-value=""25"">1/4 (25%)</span>";;0;1;1;1
116135;Dungeon Crate;11352;Dungeon Crate;;"<span class="" eil""><span>[[Dungeon Crate|Dungeon Crate]]</span><span class=""eico s i1 i2 i4"" title=""Desktop, Console and Mobile versions""><b></b><i></i><span>(Desktop, Console and Mobile versions)</span></span></span>";Master Bait;2–6;"<span class=""chance"" data-sort-value=""25"">1/4 (25%)</span>";;0;1;1;1
116145;Dungeon Crate;11352;Dungeon Crate;;"<span class="" eil""><span>[[Dungeon Crate|Dungeon Crate]]</span><span class=""eico s i1 i2 i4"" title=""Desktop, Console and Mobile versions""><b></b><i></i><span>(Desktop, Console and Mobile versions)</span></span></span>";Blood Moon Rising;1;"<span class=""chance"" data-sort-value=""2"">1/50 (2%)</span>";;0;1;1;1
116157;Dungeon Crate;11352;Dungeon Crate;;"<span class="" eil""><span>[[Dungeon Crate|Dungeon Crate]]</span><span class=""eico s i1 i2 i4"" title=""Desktop, Console and Mobile versions""><b></b><i></i><span>(Desktop, Console and Mobile versions)</span></span></span>";The Hanged Man;1;"<span class=""chance"" data-sort-value=""2"">1/50 (2%)</span>";;0;1;1;1
116163;Dungeon Crate;11352;Dungeon Crate;;"<span class="" eil""><span>[[Dungeon Crate|Dungeon Crate]]</span><span class=""eico s i1 i2 i4"" title=""Desktop, Console and Mobile versions""><b></b><i></i><span>(Desktop, Console and Mobile versions)</span></span></span>";Glory of the Fire;1;"<span class=""chance"" data-sort-value=""2"">1/50 (2%)</span>";;0;1;1;1
116172;Dungeon Crate;11352;Dungeon Crate;;"<span class="" eil""><span>[[Dungeon Crate|Dungeon Crate]]</span><span class=""eico s i1 i2 i4"" title=""Desktop, Console and Mobile versions""><b></b><i></i><span>(Desktop, Console and Mobile versions)</span></span></span>";Bone Warp;1;"<span class=""chance"" data-sort-value=""2"">1/50 (2%)</span>";;0;1;1;1
116182;Dungeon Crate;11352;Dungeon Crate;;"<span class="" eil""><span>[[Dungeon Crate|Dungeon Crate]]</span><span class=""eico s i1 i2 i4"" title=""Desktop, Console and Mobile versions""><b></b><i></i><span>(Desktop, Console and Mobile versions)</span></span></span>";Skellington J Skellingsworth;1;"<span class=""chance"" data-sort-value=""2"">1/50 (2%)</span>";;0;1;1;1
116194;Dungeon Crate;11352;Dungeon Crate;;"<span class="" eil""><span>[[Dungeon Crate|Dungeon Crate]]</span><span class=""eico s i1 i2 i4"" title=""Desktop, Console and Mobile versions""><b></b><i></i><span>(Desktop, Console and Mobile versions)</span></span></span>";The Cursed Man;1;"<span class=""chance"" data-sort-value=""2"">1/50 (2%)</span>";;0;1;1;1
116202;Dungeon Crate;11352;Dungeon Crate;;"<span class="" eil""><span>[[Dungeon Crate|Dungeon Crate]]</span><span class=""eico s i1 i2 i4"" title=""Desktop, Console and Mobile versions""><b></b><i></i><span>(Desktop, Console and Mobile versions)</span></span></span>";The Eye Sees the End;1;"<span class=""chance"" data-sort-value=""2"">1/50 (2%)</span>";;0;1;1;1
116210;Dungeon Crate;11352;Dungeon Crate;;"<span class="" eil""><span>[[Dungeon Crate|Dungeon Crate]]</span><span class=""eico s i1 i2 i4"" title=""Desktop, Console and Mobile versions""><b></b><i></i><span>(Desktop, Console and Mobile versions)</span></span></span>";Something Evil is Watching You;1;"<span class=""chance"" data-sort-value=""2"">1/50 (2%)</span>";;0;1;1;1
116224;Dungeon Crate;11352;Dungeon Crate;;"<span class="" eil""><span>[[Dungeon Crate|Dungeon Crate]]</span><span class=""eico s i1 i2 i4"" title=""Desktop, Console and Mobile versions""><b></b><i></i><span>(Desktop, Console and Mobile versions)</span></span></span>";The Twins Have Awoken;1;"<span class=""chance"" data-sort-value=""2"">1/50 (2%)</span>";;0;1;1;1
116234;Dungeon Crate;11352;Dungeon Crate;;"<span class="" eil""><span>[[Dungeon Crate|Dungeon Crate]]</span><span class=""eico s i1 i2 i4"" title=""Desktop, Console and Mobile versions""><b></b><i></i><span>(Desktop, Console and Mobile versions)</span></span></span>";The Screamer;1;"<span class=""chance"" data-sort-value=""2"">1/50 (2%)</span>";;0;1;1;1
116248;Dungeon Crate;11352;Dungeon Crate;;"<span class="" eil""><span>[[Dungeon Crate|Dungeon Crate]]</span><span class=""eico s i1 i2 i4"" title=""Desktop, Console and Mobile versions""><b></b><i></i><span>(Desktop, Console and Mobile versions)</span></span></span>";Goblins Playing Poker;1;"<span class=""chance"" data-sort-value=""2"">1/50 (2%)</span>";;0;1;1;1
116263;Dungeon Crate;11352;Dungeon Crate;;"<span class="" eil""><span>[[Dungeon Crate|Dungeon Crate]]</span><span class=""eico s i1 i2 i4"" title=""Desktop, Console and Mobile versions""><b></b><i></i><span>(Desktop, Console and Mobile versions)</span></span></span>";Dryadisque;1;"<span class=""chance"" data-sort-value=""2"">1/50 (2%)</span>";;0;1;1;1
116275;Dungeon Crate;11352;Dungeon Crate;;"<span class="" eil""><span>[[Dungeon Crate|Dungeon Crate]]</span><span class=""eico s i1 i2 i4"" title=""Desktop, Console and Mobile versions""><b></b><i></i><span>(Desktop, Console and Mobile versions)</span></span></span>";Impact;1;"<span class=""chance"" data-sort-value=""2"">1/50 (2%)</span>";;0;1;1;1
116283;Dungeon Crate;11352;Dungeon Crate;;"<span class="" eil""><span>[[Dungeon Crate|Dungeon Crate]]</span><span class=""eico s i1 i2 i4"" title=""Desktop, Console and Mobile versions""><b></b><i></i><span>(Desktop, Console and Mobile versions)</span></span></span>";Powered by Birds;1;"<span class=""chance"" data-sort-value=""2"">1/50 (2%)</span>";;0;1;1;1
116293;Dungeon Crate;11352;Dungeon Crate;;"<span class="" eil""><span>[[Dungeon Crate|Dungeon Crate]]</span><span class=""eico s i1 i2 i4"" title=""Desktop, Console and Mobile versions""><b></b><i></i><span>(Desktop, Console and Mobile versions)</span></span></span>";The Destroyer (item);1;"<span class=""chance"" data-sort-value=""2"">1/50 (2%)</span>";;0;1;1;1
116301;Dungeon Crate;11352;Dungeon Crate;;"<span class="" eil""><span>[[Dungeon Crate|Dungeon Crate]]</span><span class=""eico s i1 i2 i4"" title=""Desktop, Console and Mobile versions""><b></b><i></i><span>(Desktop, Console and Mobile versions)</span></span></span>";The Persistency of Eyes;1;"<span class=""chance"" data-sort-value=""2"">1/50 (2%)</span>";;0;1;1;1
116310;Dungeon Crate;11352;Dungeon Crate;;"<span class="" eil""><span>[[Dungeon Crate|Dungeon Crate]]</span><span class=""eico s i1 i2 i4"" title=""Desktop, Console and Mobile versions""><b></b><i></i><span>(Desktop, Console and Mobile versions)</span></span></span>";Unicorn Crossing the Hallows;1;"<span class=""chance"" data-sort-value=""2"">1/50 (2%)</span>";;0;1;1;1
116318;Dungeon Crate;11352;Dungeon Crate;;"<span class="" eil""><span>[[Dungeon Crate|Dungeon Crate]]</span><span class=""eico s i1 i2 i4"" title=""Desktop, Console and Mobile versions""><b></b><i></i><span>(Desktop, Console and Mobile versions)</span></span></span>";Great Wave;1;"<span class=""chance"" data-sort-value=""2"">1/50 (2%)</span>";;0;1;1;1
116323;Dungeon Crate;11352;Dungeon Crate;;"<span class="" eil""><span>[[Dungeon Crate|Dungeon Crate]]</span><span class=""eico s i1 i2 i4"" title=""Desktop, Console and Mobile versions""><b></b><i></i><span>(Desktop, Console and Mobile versions)</span></span></span>";Starry Night;1;"<span class=""chance"" data-sort-value=""2"">1/50 (2%)</span>";;0;1;1;1
116330;Dungeon Crate;11352;Dungeon Crate;;"<span class="" eil""><span>[[Dungeon Crate|Dungeon Crate]]</span><span class=""eico s i1 i2 i4"" title=""Desktop, Console and Mobile versions""><b></b><i></i><span>(Desktop, Console and Mobile versions)</span></span></span>";The Guardian's Gaze;1;"<span class=""chance"" data-sort-value=""2"">1/50 (2%)</span>";;0;1;1;1
116339;Dungeon Crate;11352;Dungeon Crate;;"<span class="" eil""><span>[[Dungeon Crate|Dungeon Crate]]</span><span class=""eico s i1 i2 i4"" title=""Desktop, Console and Mobile versions""><b></b><i></i><span>(Desktop, Console and Mobile versions)</span></span></span>";Facing the Cerebral Mastermind;1;"<span class=""chance"" data-sort-value=""2"">1/50 (2%)</span>";;0;1;1;1
116343;Dungeon Crate;11352;Dungeon Crate;;"<span class="" eil""><span>[[Dungeon Crate|Dungeon Crate]]</span><span class=""eico s i1 i2 i4"" title=""Desktop, Console and Mobile versions""><b></b><i></i><span>(Desktop, Console and Mobile versions)</span></span></span>";Trio Super Heroes;1;"<span class=""chance"" data-sort-value=""2"">1/50 (2%)</span>";;0;1;1;1
116349;Dungeon Crate;11352;Dungeon Crate;;"<span class="" eil""><span>[[Dungeon Crate|Dungeon Crate]]</span><span class=""eico s i1 i2 i4"" title=""Desktop, Console and Mobile versions""><b></b><i></i><span>(Desktop, Console and Mobile versions)</span></span></span>";The Creation of the Guide;1;"<span class=""chance"" data-sort-value=""2"">1/50 (2%)</span>";;0;1;1;1
116355;Dungeon Crate;11352;Dungeon Crate;;"<span class="" eil""><span>[[Dungeon Crate|Dungeon Crate]]</span><span class=""eico s i1 i2 i4"" title=""Desktop, Console and Mobile versions""><b></b><i></i><span>(Desktop, Console and Mobile versions)</span></span></span>";Sparky;1;"<span class=""chance"" data-sort-value=""2"">1/50 (2%)</span>";;0;1;1;1
116361;Dungeon Crate;11352;Dungeon Crate;;"<span class="" eil""><span>[[Dungeon Crate|Dungeon Crate]]</span><span class=""eico s i1 i2 i4"" title=""Desktop, Console and Mobile versions""><b></b><i></i><span>(Desktop, Console and Mobile versions)</span></span></span>";Remnants of Devotion;1;"<span class=""chance"" data-sort-value=""2"">1/50 (2%)</span>";;0;1;1;1
116445;Jungle Crate;6978;Jungle Crate;;"<span class="" eil""><span>[[Jungle Crate|Jungle Crate]]</span><span class=""eico s i1 i2 i4"" title=""Desktop, Console and Mobile versions""><b></b><i></i><span>(Desktop, Console and Mobile versions)</span></span></span>";Flower Boots;1;"<span class=""chance"" data-sort-value=""5"">1/20 (5%)</span>";;0;1;1;1
116447;Jungle Crate;6978;Jungle Crate;;"<span class="" eil""><span>[[Jungle Crate|Jungle Crate]]</span><span class=""eico s i1 i2 i4"" title=""Desktop, Console and Mobile versions""><b></b><i></i><span>(Desktop, Console and Mobile versions)</span></span></span>";Anklet of the Wind;1;"<span class=""chance"" data-sort-value=""19"">19/100 (19%)</span>";;0;1;1;1
116449;Jungle Crate;6978;Jungle Crate;;"<span class="" eil""><span>[[Jungle Crate|Jungle Crate]]</span><span class=""eico s i1 i2 i4"" title=""Desktop, Console and Mobile versions""><b></b><i></i><span>(Desktop, Console and Mobile versions)</span></span></span>";Boomstick;1;"<span class=""chance"" data-sort-value=""19"">19/100 (19%)</span>";;0;1;1;1
116450;Jungle Crate;6978;Jungle Crate;;"<span class="" eil""><span>[[Jungle Crate|Jungle Crate]]</span><span class=""eico s i1 i2 i4"" title=""Desktop, Console and Mobile versions""><b></b><i></i><span>(Desktop, Console and Mobile versions)</span></span></span>";Feral Claws;1;"<span class=""chance"" data-sort-value=""19"">19/100 (19%)</span>";;0;1;1;1
116452;Jungle Crate;6978;Jungle Crate;;"<span class="" eil""><span>[[Jungle Crate|Jungle Crate]]</span><span class=""eico s i1 i2 i4"" title=""Desktop, Console and Mobile versions""><b></b><i></i><span>(Desktop, Console and Mobile versions)</span></span></span>";Staff of Regrowth;1;"<span class=""chance"" data-sort-value=""19"">19/100 (19%)</span>";;0;1;1;1
116454;Jungle Crate;6978;Jungle Crate;;"<span class="" eil""><span>[[Jungle Crate|Jungle Crate]]</span><span class=""eico s i1 i2 i4"" title=""Desktop, Console and Mobile versions""><b></b><i></i><span>(Desktop, Console and Mobile versions)</span></span></span>";Fiberglass Fishing Pole;1;"<span class=""chance"" data-sort-value=""19"">19/100 (19%)</span>";;0;1;1;1
116456;Jungle Crate;6978;Jungle Crate;;"<span class="" eil""><span>[[Jungle Crate|Jungle Crate]]</span><span class=""eico s i1 i2 i4"" title=""Desktop, Console and Mobile versions""><b></b><i></i><span>(Desktop, Console and Mobile versions)</span></span></span>";Gold Coin;5–12;"<span class=""chance"" data-sort-value=""25"">1/4 (25%)</span>";;0;1;1;1
116458;Jungle Crate;6978;Jungle Crate;;"<span class="" eil""><span>[[Jungle Crate|Jungle Crate]]</span><span class=""eico s i1 i2 i4"" title=""Desktop, Console and Mobile versions""><b></b><i></i><span>(Desktop, Console and Mobile versions)</span></span></span>";Copper Ore;20–35;"<span class=""chance"" data-sort-value=""1.79"">1/56 (1.79%)</span>";;0;1;1;1
116461;Jungle Crate;6978;Jungle Crate;;"<span class="" eil""><span>[[Jungle Crate|Jungle Crate]]</span><span class=""eico s i1 i2 i4"" title=""Desktop, Console and Mobile versions""><b></b><i></i><span>(Desktop, Console and Mobile versions)</span></span></span>";Tin Ore;20–35;"<span class=""chance"" data-sort-value=""1.79"">1/56 (1.79%)</span>";;0;1;1;1
116463;Jungle Crate;6978;Jungle Crate;;"<span class="" eil""><span>[[Jungle Crate|Jungle Crate]]</span><span class=""eico s i1 i2 i4"" title=""Desktop, Console and Mobile versions""><b></b><i></i><span>(Desktop, Console and Mobile versions)</span></span></span>";Iron Ore;20–35;"<span class=""chance"" data-sort-value=""1.79"">1/56 (1.79%)</span>";;0;1;1;1
116465;Jungle Crate;6978;Jungle Crate;;"<span class="" eil""><span>[[Jungle Crate|Jungle Crate]]</span><span class=""eico s i1 i2 i4"" title=""Desktop, Console and Mobile versions""><b></b><i></i><span>(Desktop, Console and Mobile versions)</span></span></span>";Lead Ore;20–35;"<span class=""chance"" data-sort-value=""1.79"">1/56 (1.79%)</span>";;0;1;1;1
116468;Jungle Crate;6978;Jungle Crate;;"<span class="" eil""><span>[[Jungle Crate|Jungle Crate]]</span><span class=""eico s i1 i2 i4"" title=""Desktop, Console and Mobile versions""><b></b><i></i><span>(Desktop, Console and Mobile versions)</span></span></span>";Silver Ore;20–35;"<span class=""chance"" data-sort-value=""1.79"">1/56 (1.79%)</span>";;0;1;1;1
116469;Oasis Crate;9765;Oasis Crate;;"<span class="" eil""><span>[[Oasis Crate|Oasis Crate]]</span><span class=""eico s i1 i2 i4"" title=""Desktop, Console and Mobile versions""><b></b><i></i><span>(Desktop, Console and Mobile versions)</span></span></span>";Ancient Chisel;1;12.5%;;0;1;1;1
116471;Oasis Crate;9765;Oasis Crate;;"<span class="" eil""><span>[[Oasis Crate|Oasis Crate]]</span><span class=""eico s i1 i2 i4"" title=""Desktop, Console and Mobile versions""><b></b><i></i><span>(Desktop, Console and Mobile versions)</span></span></span>";Scarab Fishing Rod;1;12.5%;;0;1;1;1
116473;Jungle Crate;6978;Jungle Crate;;"<span class="" eil""><span>[[Jungle Crate|Jungle Crate]]</span><span class=""eico s i1 i2 i4"" title=""Desktop, Console and Mobile versions""><b></b><i></i><span>(Desktop, Console and Mobile versions)</span></span></span>";Tungsten Ore;20–35;"<span class=""chance"" data-sort-value=""1.79"">1/56 (1.79%)</span>";;0;1;1;1
116475;Oasis Crate;9765;Oasis Crate;;"<span class="" eil""><span>[[Oasis Crate|Oasis Crate]]</span><span class=""eico s i1 i2 i4"" title=""Desktop, Console and Mobile versions""><b></b><i></i><span>(Desktop, Console and Mobile versions)</span></span></span>";Dunerider Boots;1;12.5%;;0;1;1;1
116477;Jungle Crate;6978;Jungle Crate;;"<span class="" eil""><span>[[Jungle Crate|Jungle Crate]]</span><span class=""eico s i1 i2 i4"" title=""Desktop, Console and Mobile versions""><b></b><i></i><span>(Desktop, Console and Mobile versions)</span></span></span>";Gold Ore;20–35;"<span class=""chance"" data-sort-value=""1.79"">1/56 (1.79%)</span>";;0;1;1;1
116479;Oasis Crate;9765;Oasis Crate;;"<span class="" eil""><span>[[Oasis Crate|Oasis Crate]]</span><span class=""eico s i1 i2 i4"" title=""Desktop, Console and Mobile versions""><b></b><i></i><span>(Desktop, Console and Mobile versions)</span></span></span>";Storm Spear;1;12.5%;;0;1;1;1
116480;Oasis Crate;9765;Oasis Crate;;"<span class="" eil""><span>[[Oasis Crate|Oasis Crate]]</span><span class=""eico s i1 i2 i4"" title=""Desktop, Console and Mobile versions""><b></b><i></i><span>(Desktop, Console and Mobile versions)</span></span></span>";Thunder Zapper;1;12.5%;;0;1;1;1
116481;Jungle Crate;6978;Jungle Crate;;"<span class="" eil""><span>[[Jungle Crate|Jungle Crate]]</span><span class=""eico s i1 i2 i4"" title=""Desktop, Console and Mobile versions""><b></b><i></i><span>(Desktop, Console and Mobile versions)</span></span></span>";Platinum Ore;20–35;"<span class=""chance"" data-sort-value=""1.79"">1/56 (1.79%)</span>";;0;1;1;1
116484;Oasis Crate;9765;Oasis Crate;;"<span class="" eil""><span>[[Oasis Crate|Oasis Crate]]</span><span class=""eico s i1 i2 i4"" title=""Desktop, Console and Mobile versions""><b></b><i></i><span>(Desktop, Console and Mobile versions)</span></span></span>";Bast Statue;1;12.5%;;0;1;1;1
116486;Jungle Crate;6978;Jungle Crate;;"<span class="" eil""><span>[[Jungle Crate|Jungle Crate]]</span><span class=""eico s i1 i2 i4"" title=""Desktop, Console and Mobile versions""><b></b><i></i><span>(Desktop, Console and Mobile versions)</span></span></span>";Iron Bar;6–16;"<span class=""chance"" data-sort-value=""4.17"">1/24 (4.17%)</span>";;0;1;1;1
116487;Oasis Crate;9765;Oasis Crate;;"<span class="" eil""><span>[[Oasis Crate|Oasis Crate]]</span><span class=""eico s i1 i2 i4"" title=""Desktop, Console and Mobile versions""><b></b><i></i><span>(Desktop, Console and Mobile versions)</span></span></span>";Snake Charmer's Flute;1;12.5%;;0;1;1;1
116490;Jungle Crate;6978;Jungle Crate;;"<span class="" eil""><span>[[Jungle Crate|Jungle Crate]]</span><span class=""eico s i1 i2 i4"" title=""Desktop, Console and Mobile versions""><b></b><i></i><span>(Desktop, Console and Mobile versions)</span></span></span>";Silver Bar;6–16;"<span class=""chance"" data-sort-value=""4.17"">1/24 (4.17%)</span>";;0;1;1;1
116491;Oasis Crate;9765;Oasis Crate;;"<span class="" eil""><span>[[Oasis Crate|Oasis Crate]]</span><span class=""eico s i1 i2 i4"" title=""Desktop, Console and Mobile versions""><b></b><i></i><span>(Desktop, Console and Mobile versions)</span></span></span>";Magic Conch;1;12.5%;;0;1;1;1
116494;Jungle Crate;6978;Jungle Crate;;"<span class="" eil""><span>[[Jungle Crate|Jungle Crate]]</span><span class=""eico s i1 i2 i4"" title=""Desktop, Console and Mobile versions""><b></b><i></i><span>(Desktop, Console and Mobile versions)</span></span></span>";Gold Bar;6–16;"<span class=""chance"" data-sort-value=""4.17"">1/24 (4.17%)</span>";;0;1;1;1
116495;Oasis Crate;9765;Oasis Crate;;"<span class="" eil""><span>[[Oasis Crate|Oasis Crate]]</span><span class=""eico s i1 i2 i4"" title=""Desktop, Console and Mobile versions""><b></b><i></i><span>(Desktop, Console and Mobile versions)</span></span></span>";Scarab Bomb;4–6;"<span class=""chance"" data-sort-value=""25"">1/4 (25%)</span>";;0;1;1;1
116498;Stockade Crate;7340;Stockade Crate;;"<span class="" eil""><span>[[Stockade Crate|Stockade Crate]]</span><span class=""eico s i1 i2 i4"" title=""Desktop, Console and Mobile versions""><b></b><i></i><span>(Desktop, Console and Mobile versions)</span></span></span>";Golden Lock Box;1;100%;;0;1;1;1
116499;Jungle Crate;6978;Jungle Crate;;"<span class="" eil""><span>[[Jungle Crate|Jungle Crate]]</span><span class=""eico s i1 i2 i4"" title=""Desktop, Console and Mobile versions""><b></b><i></i><span>(Desktop, Console and Mobile versions)</span></span></span>";Lead Bar;6–16;"<span class=""chance"" data-sort-value=""4.17"">1/24 (4.17%)</span>";;0;1;1;1
116501;Oasis Crate;9765;Oasis Crate;;"<span class="" eil""><span>[[Oasis Crate|Oasis Crate]]</span><span class=""eico s i1 i2 i4"" title=""Desktop, Console and Mobile versions""><b></b><i></i><span>(Desktop, Console and Mobile versions)</span></span></span>";Sturdy Fossil;10–16;"<span class=""chance"" data-sort-value=""50"">1/2 (50%)</span>";;0;1;1;1
116503;Jungle Crate;6978;Jungle Crate;;"<span class="" eil""><span>[[Jungle Crate|Jungle Crate]]</span><span class=""eico s i1 i2 i4"" title=""Desktop, Console and Mobile versions""><b></b><i></i><span>(Desktop, Console and Mobile versions)</span></span></span>";Tungsten Bar;6–16;"<span class=""chance"" data-sort-value=""4.17"">1/24 (4.17%)</span>";;0;1;1;1
116505;Oasis Crate;9765;Oasis Crate;;"<span class="" eil""><span>[[Oasis Crate|Oasis Crate]]</span><span class=""eico s i1 i2 i4"" title=""Desktop, Console and Mobile versions""><b></b><i></i><span>(Desktop, Console and Mobile versions)</span></span></span>";Sandstorm in a Bottle;1;"<span class=""chance"" data-sort-value=""2.86"">1/35 (2.86%)</span>";;0;1;1;1
116506;Stockade Crate;7340;Stockade Crate;;"<span class="" eil""><span>[[Stockade Crate|Stockade Crate]]</span><span class=""eico s i1 i2 i4"" title=""Desktop, Console and Mobile versions""><b></b><i></i><span>(Desktop, Console and Mobile versions)</span></span></span>";Book;5–15;"<span class=""chance"" data-sort-value=""50"">1/2 (50%)</span>";;0;1;1;1
116508;Jungle Crate;6978;Jungle Crate;;"<span class="" eil""><span>[[Jungle Crate|Jungle Crate]]</span><span class=""eico s i1 i2 i4"" title=""Desktop, Console and Mobile versions""><b></b><i></i><span>(Desktop, Console and Mobile versions)</span></span></span>";Platinum Bar;6–16;"<span class=""chance"" data-sort-value=""4.17"">1/24 (4.17%)</span>";;0;1;1;1
116509;Oasis Crate;9765;Oasis Crate;;"<span class="" eil""><span>[[Oasis Crate|Oasis Crate]]</span><span class=""eico s i1 i2 i4"" title=""Desktop, Console and Mobile versions""><b></b><i></i><span>(Desktop, Console and Mobile versions)</span></span></span>";Gold Coin;5–12;"<span class=""chance"" data-sort-value=""25"">1/4 (25%)</span>";;0;1;1;1
116512;Stockade Crate;7340;Stockade Crate;;"<span class="" eil""><span>[[Stockade Crate|Stockade Crate]]</span><span class=""eico s i1 i2 i4"" title=""Desktop, Console and Mobile versions""><b></b><i></i><span>(Desktop, Console and Mobile versions)</span></span></span>";Gold Coin;5–12;"<span class=""chance"" data-sort-value=""25"">1/4 (25%)</span>";;0;1;1;1
116515;Jungle Crate;6978;Jungle Crate;;"<span class="" eil""><span>[[Jungle Crate|Jungle Crate]]</span><span class=""eico s i1 i2 i4"" title=""Desktop, Console and Mobile versions""><b></b><i></i><span>(Desktop, Console and Mobile versions)</span></span></span>";Obsidian Skin Potion;2–4;"<span class=""chance"" data-sort-value=""4.17"">1/24 (4.17%)</span>";;0;1;1;1
116516;Oasis Crate;9765;Oasis Crate;;"<span class="" eil""><span>[[Oasis Crate|Oasis Crate]]</span><span class=""eico s i1 i2 i4"" title=""Desktop, Console and Mobile versions""><b></b><i></i><span>(Desktop, Console and Mobile versions)</span></span></span>";Copper Ore;20–35;"<span class=""chance"" data-sort-value=""1.79"">1/56 (1.79%)</span>";;0;1;1;1
116518;Stockade Crate;7340;Stockade Crate;;"<span class="" eil""><span>[[Stockade Crate|Stockade Crate]]</span><span class=""eico s i1 i2 i4"" title=""Desktop, Console and Mobile versions""><b></b><i></i><span>(Desktop, Console and Mobile versions)</span></span></span>";Blue Brick;25–50;"<span class=""chance"" data-sort-value=""16.67"">1/6 (16.67%)</span>";;0;1;1;1
116521;Jungle Crate;6978;Jungle Crate;;"<span class="" eil""><span>[[Jungle Crate|Jungle Crate]]</span><span class=""eico s i1 i2 i4"" title=""Desktop, Console and Mobile versions""><b></b><i></i><span>(Desktop, Console and Mobile versions)</span></span></span>";Spelunker Potion;2–4;"<span class=""chance"" data-sort-value=""4.17"">1/24 (4.17%)</span>";;0;1;1;1
116522;Oasis Crate;9765;Oasis Crate;;"<span class="" eil""><span>[[Oasis Crate|Oasis Crate]]</span><span class=""eico s i1 i2 i4"" title=""Desktop, Console and Mobile versions""><b></b><i></i><span>(Desktop, Console and Mobile versions)</span></span></span>";Tin Ore;20–35;"<span class=""chance"" data-sort-value=""1.79"">1/56 (1.79%)</span>";;0;1;1;1
116527;Stockade Crate;7340;Stockade Crate;;"<span class="" eil""><span>[[Stockade Crate|Stockade Crate]]</span><span class=""eico s i1 i2 i4"" title=""Desktop, Console and Mobile versions""><b></b><i></i><span>(Desktop, Console and Mobile versions)</span></span></span>";Green Brick;25–50;"<span class=""chance"" data-sort-value=""16.67"">1/6 (16.67%)</span>";;0;1;1;1
116529;Jungle Crate;6978;Jungle Crate;;"<span class="" eil""><span>[[Jungle Crate|Jungle Crate]]</span><span class=""eico s i1 i2 i4"" title=""Desktop, Console and Mobile versions""><b></b><i></i><span>(Desktop, Console and Mobile versions)</span></span></span>";Hunter Potion;2–4;"<span class=""chance"" data-sort-value=""4.17"">1/24 (4.17%)</span>";;0;1;1;1
116530;Oasis Crate;9765;Oasis Crate;;"<span class="" eil""><span>[[Oasis Crate|Oasis Crate]]</span><span class=""eico s i1 i2 i4"" title=""Desktop, Console and Mobile versions""><b></b><i></i><span>(Desktop, Console and Mobile versions)</span></span></span>";Iron Ore;20–35;"<span class=""chance"" data-sort-value=""1.79"">1/56 (1.79%)</span>";;0;1;1;1
116534;Stockade Crate;7340;Stockade Crate;;"<span class="" eil""><span>[[Stockade Crate|Stockade Crate]]</span><span class=""eico s i1 i2 i4"" title=""Desktop, Console and Mobile versions""><b></b><i></i><span>(Desktop, Console and Mobile versions)</span></span></span>";Pink Brick;25–50;"<span class=""chance"" data-sort-value=""16.67"">1/6 (16.67%)</span>";;0;1;1;1
116535;Oasis Crate;9765;Oasis Crate;;"<span class="" eil""><span>[[Oasis Crate|Oasis Crate]]</span><span class=""eico s i1 i2 i4"" title=""Desktop, Console and Mobile versions""><b></b><i></i><span>(Desktop, Console and Mobile versions)</span></span></span>";Lead Ore;20–35;"<span class=""chance"" data-sort-value=""1.79"">1/56 (1.79%)</span>";;0;1;1;1
116537;Jungle Crate;6978;Jungle Crate;;"<span class="" eil""><span>[[Jungle Crate|Jungle Crate]]</span><span class=""eico s i1 i2 i4"" title=""Desktop, Console and Mobile versions""><b></b><i></i><span>(Desktop, Console and Mobile versions)</span></span></span>";Gravitation Potion;2–4;"<span class=""chance"" data-sort-value=""4.17"">1/24 (4.17%)</span>";;0;1;1;1
116540;Stockade Crate;7340;Stockade Crate;;"<span class="" eil""><span>[[Stockade Crate|Stockade Crate]]</span><span class=""eico s i1 i2 i4"" title=""Desktop, Console and Mobile versions""><b></b><i></i><span>(Desktop, Console and Mobile versions)</span></span></span>";Copper Ore;20–35;"<span class=""chance"" data-sort-value=""0.89"">1/112 (0.89%)</span>";;0;1;1;1
116542;Jungle Crate;6978;Jungle Crate;;"<span class="" eil""><span>[[Jungle Crate|Jungle Crate]]</span><span class=""eico s i1 i2 i4"" title=""Desktop, Console and Mobile versions""><b></b><i></i><span>(Desktop, Console and Mobile versions)</span></span></span>";Mining Potion;2–4;"<span class=""chance"" data-sort-value=""4.17"">1/24 (4.17%)</span>";;0;1;1;1
116543;Oasis Crate;9765;Oasis Crate;;"<span class="" eil""><span>[[Oasis Crate|Oasis Crate]]</span><span class=""eico s i1 i2 i4"" title=""Desktop, Console and Mobile versions""><b></b><i></i><span>(Desktop, Console and Mobile versions)</span></span></span>";Silver Ore;20–35;"<span class=""chance"" data-sort-value=""1.79"">1/56 (1.79%)</span>";;0;1;1;1
116547;Jungle Crate;6978;Jungle Crate;;"<span class="" eil""><span>[[Jungle Crate|Jungle Crate]]</span><span class=""eico s i1 i2 i4"" title=""Desktop, Console and Mobile versions""><b></b><i></i><span>(Desktop, Console and Mobile versions)</span></span></span>";Heartreach Potion;2–4;"<span class=""chance"" data-sort-value=""4.17"">1/24 (4.17%)</span>";;0;1;1;1
116548;Oasis Crate;9765;Oasis Crate;;"<span class="" eil""><span>[[Oasis Crate|Oasis Crate]]</span><span class=""eico s i1 i2 i4"" title=""Desktop, Console and Mobile versions""><b></b><i></i><span>(Desktop, Console and Mobile versions)</span></span></span>";Tungsten Ore;20–35;"<span class=""chance"" data-sort-value=""1.79"">1/56 (1.79%)</span>";;0;1;1;1
116551;Stockade Crate;7340;Stockade Crate;;"<span class="" eil""><span>[[Stockade Crate|Stockade Crate]]</span><span class=""eico s i1 i2 i4"" title=""Desktop, Console and Mobile versions""><b></b><i></i><span>(Desktop, Console and Mobile versions)</span></span></span>";Tin Ore;20–35;"<span class=""chance"" data-sort-value=""0.89"">1/112 (0.89%)</span>";;0;1;1;1
116554;Oasis Crate;9765;Oasis Crate;;"<span class="" eil""><span>[[Oasis Crate|Oasis Crate]]</span><span class=""eico s i1 i2 i4"" title=""Desktop, Console and Mobile versions""><b></b><i></i><span>(Desktop, Console and Mobile versions)</span></span></span>";Gold Ore;20–35;"<span class=""chance"" data-sort-value=""1.79"">1/56 (1.79%)</span>";;0;1;1;1
116556;Jungle Crate;6978;Jungle Crate;;"<span class="" eil""><span>[[Jungle Crate|Jungle Crate]]</span><span class=""eico s i1 i2 i4"" title=""Desktop, Console and Mobile versions""><b></b><i></i><span>(Desktop, Console and Mobile versions)</span></span></span>";Healing Potion;5–17;"<span class=""chance"" data-sort-value=""25"">1/4 (25%)</span>";;0;1;1;1
116558;Stockade Crate;7340;Stockade Crate;;"<span class="" eil""><span>[[Stockade Crate|Stockade Crate]]</span><span class=""eico s i1 i2 i4"" title=""Desktop, Console and Mobile versions""><b></b><i></i><span>(Desktop, Console and Mobile versions)</span></span></span>";Iron Ore;20–35;"<span class=""chance"" data-sort-value=""0.89"">1/112 (0.89%)</span>";;0;1;1;1
116560;Jungle Crate;6978;Jungle Crate;;"<span class="" eil""><span>[[Jungle Crate|Jungle Crate]]</span><span class=""eico s i1 i2 i4"" title=""Desktop, Console and Mobile versions""><b></b><i></i><span>(Desktop, Console and Mobile versions)</span></span></span>";Mana Potion;5–17;"<span class=""chance"" data-sort-value=""25"">1/4 (25%)</span>";;0;1;1;1
116561;Oasis Crate;9765;Oasis Crate;;"<span class="" eil""><span>[[Oasis Crate|Oasis Crate]]</span><span class=""eico s i1 i2 i4"" title=""Desktop, Console and Mobile versions""><b></b><i></i><span>(Desktop, Console and Mobile versions)</span></span></span>";Platinum Ore;20–35;"<span class=""chance"" data-sort-value=""1.79"">1/56 (1.79%)</span>";;0;1;1;1
116565;Stockade Crate;7340;Stockade Crate;;"<span class="" eil""><span>[[Stockade Crate|Stockade Crate]]</span><span class=""eico s i1 i2 i4"" title=""Desktop, Console and Mobile versions""><b></b><i></i><span>(Desktop, Console and Mobile versions)</span></span></span>";Lead Ore;20–35;"<span class=""chance"" data-sort-value=""0.89"">1/112 (0.89%)</span>";;0;1;1;1
116566;Jungle Crate;6978;Jungle Crate;;"<span class="" eil""><span>[[Jungle Crate|Jungle Crate]]</span><span class=""eico s i1 i2 i4"" title=""Desktop, Console and Mobile versions""><b></b><i></i><span>(Desktop, Console and Mobile versions)</span></span></span>";Journeyman Bait;2–6;"<span class=""chance"" data-sort-value=""25"">1/4 (25%)</span>";;0;1;1;1
116568;Oasis Crate;9765;Oasis Crate;;"<span class="" eil""><span>[[Oasis Crate|Oasis Crate]]</span><span class=""eico s i1 i2 i4"" title=""Desktop, Console and Mobile versions""><b></b><i></i><span>(Desktop, Console and Mobile versions)</span></span></span>";Iron Bar;6–16;"<span class=""chance"" data-sort-value=""4.17"">1/24 (4.17%)</span>";;0;1;1;1
116571;Stockade Crate;7340;Stockade Crate;;"<span class="" eil""><span>[[Stockade Crate|Stockade Crate]]</span><span class=""eico s i1 i2 i4"" title=""Desktop, Console and Mobile versions""><b></b><i></i><span>(Desktop, Console and Mobile versions)</span></span></span>";Silver Ore;20–35;"<span class=""chance"" data-sort-value=""0.89"">1/112 (0.89%)</span>";;0;1;1;1
116573;Jungle Crate;6978;Jungle Crate;;"<span class="" eil""><span>[[Jungle Crate|Jungle Crate]]</span><span class=""eico s i1 i2 i4"" title=""Desktop, Console and Mobile versions""><b></b><i></i><span>(Desktop, Console and Mobile versions)</span></span></span>";Master Bait;2–6;"<span class=""chance"" data-sort-value=""25"">1/4 (25%)</span>";;0;1;1;1
116574;Oasis Crate;9765;Oasis Crate;;"<span class="" eil""><span>[[Oasis Crate|Oasis Crate]]</span><span class=""eico s i1 i2 i4"" title=""Desktop, Console and Mobile versions""><b></b><i></i><span>(Desktop, Console and Mobile versions)</span></span></span>";Silver Bar;6–16;"<span class=""chance"" data-sort-value=""4.17"">1/24 (4.17%)</span>";;0;1;1;1
116577;Jungle Crate;6978;Jungle Crate;;"<span class="" eil""><span>[[Jungle Crate|Jungle Crate]]</span><span class=""eico s i1 i2 i4"" title=""Desktop, Console and Mobile versions""><b></b><i></i><span>(Desktop, Console and Mobile versions)</span></span></span>";Bamboo;20–50;"<span class=""chance"" data-sort-value=""33.33"">1/3 (33.33%)</span>";;0;1;1;1
116578;Stockade Crate;7340;Stockade Crate;;"<span class="" eil""><span>[[Stockade Crate|Stockade Crate]]</span><span class=""eico s i1 i2 i4"" title=""Desktop, Console and Mobile versions""><b></b><i></i><span>(Desktop, Console and Mobile versions)</span></span></span>";Tungsten Ore;20–35;"<span class=""chance"" data-sort-value=""0.89"">1/112 (0.89%)</span>";;0;1;1;1
116580;Oasis Crate;9765;Oasis Crate;;"<span class="" eil""><span>[[Oasis Crate|Oasis Crate]]</span><span class=""eico s i1 i2 i4"" title=""Desktop, Console and Mobile versions""><b></b><i></i><span>(Desktop, Console and Mobile versions)</span></span></span>";Gold Bar;6–16;"<span class=""chance"" data-sort-value=""4.17"">1/24 (4.17%)</span>";;0;1;1;1
116582;Jungle Crate;6978;Jungle Crate;;"<span class="" eil""><span>[[Jungle Crate|Jungle Crate]]</span><span class=""eico s i1 i2 i4"" title=""Desktop, Console and Mobile versions""><b></b><i></i><span>(Desktop, Console and Mobile versions)</span></span></span>";Seaweed;1;"<span class=""chance"" data-sort-value=""5"">1/20 (5%)</span>";;0;1;1;1
116584;Stockade Crate;7340;Stockade Crate;;"<span class="" eil""><span>[[Stockade Crate|Stockade Crate]]</span><span class=""eico s i1 i2 i4"" title=""Desktop, Console and Mobile versions""><b></b><i></i><span>(Desktop, Console and Mobile versions)</span></span></span>";Gold Ore;20–35;"<span class=""chance"" data-sort-value=""0.89"">1/112 (0.89%)</span>";;0;1;1;1
116585;Oasis Crate;9765;Oasis Crate;;"<span class="" eil""><span>[[Oasis Crate|Oasis Crate]]</span><span class=""eico s i1 i2 i4"" title=""Desktop, Console and Mobile versions""><b></b><i></i><span>(Desktop, Console and Mobile versions)</span></span></span>";Lead Bar;6–16;"<span class=""chance"" data-sort-value=""4.17"">1/24 (4.17%)</span>";;0;1;1;1
116588;Oasis Crate;9765;Oasis Crate;;"<span class="" eil""><span>[[Oasis Crate|Oasis Crate]]</span><span class=""eico s i1 i2 i4"" title=""Desktop, Console and Mobile versions""><b></b><i></i><span>(Desktop, Console and Mobile versions)</span></span></span>";Tungsten Bar;6–16;"<span class=""chance"" data-sort-value=""4.17"">1/24 (4.17%)</span>";;0;1;1;1
116589;Stockade Crate;7340;Stockade Crate;;"<span class="" eil""><span>[[Stockade Crate|Stockade Crate]]</span><span class=""eico s i1 i2 i4"" title=""Desktop, Console and Mobile versions""><b></b><i></i><span>(Desktop, Console and Mobile versions)</span></span></span>";Platinum Ore;20–35;"<span class=""chance"" data-sort-value=""0.89"">1/112 (0.89%)</span>";;0;1;1;1
116594;Oasis Crate;9765;Oasis Crate;;"<span class="" eil""><span>[[Oasis Crate|Oasis Crate]]</span><span class=""eico s i1 i2 i4"" title=""Desktop, Console and Mobile versions""><b></b><i></i><span>(Desktop, Console and Mobile versions)</span></span></span>";Platinum Bar;6–16;"<span class=""chance"" data-sort-value=""4.17"">1/24 (4.17%)</span>";;0;1;1;1
116595;Stockade Crate;7340;Stockade Crate;;"<span class="" eil""><span>[[Stockade Crate|Stockade Crate]]</span><span class=""eico s i1 i2 i4"" title=""Desktop, Console and Mobile versions""><b></b><i></i><span>(Desktop, Console and Mobile versions)</span></span></span>";Cobalt Ore;20–35;"<span class=""chance"" data-sort-value=""1.19"">1/84 (1.19%)</span>";;0;1;1;1
116599;Oasis Crate;9765;Oasis Crate;;"<span class="" eil""><span>[[Oasis Crate|Oasis Crate]]</span><span class=""eico s i1 i2 i4"" title=""Desktop, Console and Mobile versions""><b></b><i></i><span>(Desktop, Console and Mobile versions)</span></span></span>";Obsidian Skin Potion;2–4;"<span class=""chance"" data-sort-value=""4.17"">1/24 (4.17%)</span>";;0;1;1;1
116600;Stockade Crate;7340;Stockade Crate;;"<span class="" eil""><span>[[Stockade Crate|Stockade Crate]]</span><span class=""eico s i1 i2 i4"" title=""Desktop, Console and Mobile versions""><b></b><i></i><span>(Desktop, Console and Mobile versions)</span></span></span>";Palladium Ore;20–35;"<span class=""chance"" data-sort-value=""1.19"">1/84 (1.19%)</span>";;0;1;1;1
116603;Oasis Crate;9765;Oasis Crate;;"<span class="" eil""><span>[[Oasis Crate|Oasis Crate]]</span><span class=""eico s i1 i2 i4"" title=""Desktop, Console and Mobile versions""><b></b><i></i><span>(Desktop, Console and Mobile versions)</span></span></span>";Spelunker Potion;2–4;"<span class=""chance"" data-sort-value=""4.17"">1/24 (4.17%)</span>";;0;1;1;1
116606;Stockade Crate;7340;Stockade Crate;;"<span class="" eil""><span>[[Stockade Crate|Stockade Crate]]</span><span class=""eico s i1 i2 i4"" title=""Desktop, Console and Mobile versions""><b></b><i></i><span>(Desktop, Console and Mobile versions)</span></span></span>";Mythril Ore;20–35;"<span class=""chance"" data-sort-value=""1.19"">1/84 (1.19%)</span>";;0;1;1;1
116608;Oasis Crate;9765;Oasis Crate;;"<span class="" eil""><span>[[Oasis Crate|Oasis Crate]]</span><span class=""eico s i1 i2 i4"" title=""Desktop, Console and Mobile versions""><b></b><i></i><span>(Desktop, Console and Mobile versions)</span></span></span>";Hunter Potion;2–4;"<span class=""chance"" data-sort-value=""4.17"">1/24 (4.17%)</span>";;0;1;1;1
116612;Stockade Crate;7340;Stockade Crate;;"<span class="" eil""><span>[[Stockade Crate|Stockade Crate]]</span><span class=""eico s i1 i2 i4"" title=""Desktop, Console and Mobile versions""><b></b><i></i><span>(Desktop, Console and Mobile versions)</span></span></span>";Orichalcum Ore;20–35;"<span class=""chance"" data-sort-value=""1.19"">1/84 (1.19%)</span>";;0;1;1;1
116614;Oasis Crate;9765;Oasis Crate;;"<span class="" eil""><span>[[Oasis Crate|Oasis Crate]]</span><span class=""eico s i1 i2 i4"" title=""Desktop, Console and Mobile versions""><b></b><i></i><span>(Desktop, Console and Mobile versions)</span></span></span>";Gravitation Potion;2–4;"<span class=""chance"" data-sort-value=""4.17"">1/24 (4.17%)</span>";;0;1;1;1
116619;Stockade Crate;7340;Stockade Crate;;"<span class="" eil""><span>[[Stockade Crate|Stockade Crate]]</span><span class=""eico s i1 i2 i4"" title=""Desktop, Console and Mobile versions""><b></b><i></i><span>(Desktop, Console and Mobile versions)</span></span></span>";Adamantite Ore;20–35;"<span class=""chance"" data-sort-value=""1.19"">1/84 (1.19%)</span>";;0;1;1;1
116620;Oasis Crate;9765;Oasis Crate;;"<span class="" eil""><span>[[Oasis Crate|Oasis Crate]]</span><span class=""eico s i1 i2 i4"" title=""Desktop, Console and Mobile versions""><b></b><i></i><span>(Desktop, Console and Mobile versions)</span></span></span>";Mining Potion;2–4;"<span class=""chance"" data-sort-value=""4.17"">1/24 (4.17%)</span>";;0;1;1;1
116625;Oasis Crate;9765;Oasis Crate;;"<span class="" eil""><span>[[Oasis Crate|Oasis Crate]]</span><span class=""eico s i1 i2 i4"" title=""Desktop, Console and Mobile versions""><b></b><i></i><span>(Desktop, Console and Mobile versions)</span></span></span>";Heartreach Potion;2–4;"<span class=""chance"" data-sort-value=""4.17"">1/24 (4.17%)</span>";;0;1;1;1
116626;Stockade Crate;7340;Stockade Crate;;"<span class="" eil""><span>[[Stockade Crate|Stockade Crate]]</span><span class=""eico s i1 i2 i4"" title=""Desktop, Console and Mobile versions""><b></b><i></i><span>(Desktop, Console and Mobile versions)</span></span></span>";Titanium Ore;20–35;"<span class=""chance"" data-sort-value=""1.19"">1/84 (1.19%)</span>";;0;1;1;1
116631;Oasis Crate;9765;Oasis Crate;;"<span class="" eil""><span>[[Oasis Crate|Oasis Crate]]</span><span class=""eico s i1 i2 i4"" title=""Desktop, Console and Mobile versions""><b></b><i></i><span>(Desktop, Console and Mobile versions)</span></span></span>";Healing Potion;5–17;"<span class=""chance"" data-sort-value=""25"">1/4 (25%)</span>";;0;1;1;1
116632;Stockade Crate;7340;Stockade Crate;;"<span class="" eil""><span>[[Stockade Crate|Stockade Crate]]</span><span class=""eico s i1 i2 i4"" title=""Desktop, Console and Mobile versions""><b></b><i></i><span>(Desktop, Console and Mobile versions)</span></span></span>";Iron Bar;6–16;"<span class=""chance"" data-sort-value=""1.39"">1/72 (1.39%)</span>";;0;1;1;1
116636;Oasis Crate;9765;Oasis Crate;;"<span class="" eil""><span>[[Oasis Crate|Oasis Crate]]</span><span class=""eico s i1 i2 i4"" title=""Desktop, Console and Mobile versions""><b></b><i></i><span>(Desktop, Console and Mobile versions)</span></span></span>";Mana Potion;5–17;"<span class=""chance"" data-sort-value=""25"">1/4 (25%)</span>";;0;1;1;1
116638;Stockade Crate;7340;Stockade Crate;;"<span class="" eil""><span>[[Stockade Crate|Stockade Crate]]</span><span class=""eico s i1 i2 i4"" title=""Desktop, Console and Mobile versions""><b></b><i></i><span>(Desktop, Console and Mobile versions)</span></span></span>";Silver Bar;6–16;"<span class=""chance"" data-sort-value=""1.39"">1/72 (1.39%)</span>";;0;1;1;1
116641;Oasis Crate;9765;Oasis Crate;;"<span class="" eil""><span>[[Oasis Crate|Oasis Crate]]</span><span class=""eico s i1 i2 i4"" title=""Desktop, Console and Mobile versions""><b></b><i></i><span>(Desktop, Console and Mobile versions)</span></span></span>";Journeyman Bait;2–6;"<span class=""chance"" data-sort-value=""25"">1/4 (25%)</span>";;0;1;1;1
116643;Stockade Crate;7340;Stockade Crate;;"<span class="" eil""><span>[[Stockade Crate|Stockade Crate]]</span><span class=""eico s i1 i2 i4"" title=""Desktop, Console and Mobile versions""><b></b><i></i><span>(Desktop, Console and Mobile versions)</span></span></span>";Gold Bar;6–16;"<span class=""chance"" data-sort-value=""1.39"">1/72 (1.39%)</span>";;0;1;1;1
116646;Oasis Crate;9765;Oasis Crate;;"<span class="" eil""><span>[[Oasis Crate|Oasis Crate]]</span><span class=""eico s i1 i2 i4"" title=""Desktop, Console and Mobile versions""><b></b><i></i><span>(Desktop, Console and Mobile versions)</span></span></span>";Master Bait;2–6;"<span class=""chance"" data-sort-value=""25"">1/4 (25%)</span>";;0;1;1;1
116648;Stockade Crate;7340;Stockade Crate;;"<span class="" eil""><span>[[Stockade Crate|Stockade Crate]]</span><span class=""eico s i1 i2 i4"" title=""Desktop, Console and Mobile versions""><b></b><i></i><span>(Desktop, Console and Mobile versions)</span></span></span>";Lead Bar;6–16;"<span class=""chance"" data-sort-value=""1.39"">1/72 (1.39%)</span>";;0;1;1;1
116650;Oasis Crate;9765;Oasis Crate;;"<span class="" eil""><span>[[Oasis Crate|Oasis Crate]]</span><span class=""eico s i1 i2 i4"" title=""Desktop, Console and Mobile versions""><b></b><i></i><span>(Desktop, Console and Mobile versions)</span></span></span>";Andrew Sphinx;1;"<span class=""chance"" data-sort-value=""3.57"">1/28 (3.57%)</span>";;0;1;1;1
116654;Stockade Crate;7340;Stockade Crate;;"<span class="" eil""><span>[[Stockade Crate|Stockade Crate]]</span><span class=""eico s i1 i2 i4"" title=""Desktop, Console and Mobile versions""><b></b><i></i><span>(Desktop, Console and Mobile versions)</span></span></span>";Tungsten Bar;6–16;"<span class=""chance"" data-sort-value=""1.39"">1/72 (1.39%)</span>";;0;1;1;1
116655;Oasis Crate;9765;Oasis Crate;;"<span class="" eil""><span>[[Oasis Crate|Oasis Crate]]</span><span class=""eico s i1 i2 i4"" title=""Desktop, Console and Mobile versions""><b></b><i></i><span>(Desktop, Console and Mobile versions)</span></span></span>";Watchful Antlion;1;"<span class=""chance"" data-sort-value=""3.57"">1/28 (3.57%)</span>";;0;1;1;1
116658;Stockade Crate;7340;Stockade Crate;;"<span class="" eil""><span>[[Stockade Crate|Stockade Crate]]</span><span class=""eico s i1 i2 i4"" title=""Desktop, Console and Mobile versions""><b></b><i></i><span>(Desktop, Console and Mobile versions)</span></span></span>";Platinum Bar;6–16;"<span class=""chance"" data-sort-value=""1.39"">1/72 (1.39%)</span>";;0;1;1;1
116660;Oasis Crate;9765;Oasis Crate;;"<span class="" eil""><span>[[Oasis Crate|Oasis Crate]]</span><span class=""eico s i1 i2 i4"" title=""Desktop, Console and Mobile versions""><b></b><i></i><span>(Desktop, Console and Mobile versions)</span></span></span>";Burning Spirit;1;"<span class=""chance"" data-sort-value=""3.57"">1/28 (3.57%)</span>";;0;1;1;1
116663;Oasis Crate;9765;Oasis Crate;;"<span class="" eil""><span>[[Oasis Crate|Oasis Crate]]</span><span class=""eico s i1 i2 i4"" title=""Desktop, Console and Mobile versions""><b></b><i></i><span>(Desktop, Console and Mobile versions)</span></span></span>";Jaws of Death;1;"<span class=""chance"" data-sort-value=""3.57"">1/28 (3.57%)</span>";;0;1;1;1
116664;Stockade Crate;7340;Stockade Crate;;"<span class="" eil""><span>[[Stockade Crate|Stockade Crate]]</span><span class=""eico s i1 i2 i4"" title=""Desktop, Console and Mobile versions""><b></b><i></i><span>(Desktop, Console and Mobile versions)</span></span></span>";Cobalt Bar;5–16;"<span class=""chance"" data-sort-value=""2.78"">1/36 (2.78%)</span>";;0;1;1;1
116668;Oasis Crate;9765;Oasis Crate;;"<span class="" eil""><span>[[Oasis Crate|Oasis Crate]]</span><span class=""eico s i1 i2 i4"" title=""Desktop, Console and Mobile versions""><b></b><i></i><span>(Desktop, Console and Mobile versions)</span></span></span>";The Sands of Slime;1;"<span class=""chance"" data-sort-value=""3.57"">1/28 (3.57%)</span>";;0;1;1;1
116669;Stockade Crate;7340;Stockade Crate;;"<span class="" eil""><span>[[Stockade Crate|Stockade Crate]]</span><span class=""eico s i1 i2 i4"" title=""Desktop, Console and Mobile versions""><b></b><i></i><span>(Desktop, Console and Mobile versions)</span></span></span>";Mythril Bar;5–16;"<span class=""chance"" data-sort-value=""2.78"">1/36 (2.78%)</span>";;0;1;1;1
116672;Oasis Crate;9765;Oasis Crate;;"<span class="" eil""><span>[[Oasis Crate|Oasis Crate]]</span><span class=""eico s i1 i2 i4"" title=""Desktop, Console and Mobile versions""><b></b><i></i><span>(Desktop, Console and Mobile versions)</span></span></span>";Snakes, I Hate Snakes;1;"<span class=""chance"" data-sort-value=""3.57"">1/28 (3.57%)</span>";;0;1;1;1
116674;Stockade Crate;7340;Stockade Crate;;"<span class="" eil""><span>[[Stockade Crate|Stockade Crate]]</span><span class=""eico s i1 i2 i4"" title=""Desktop, Console and Mobile versions""><b></b><i></i><span>(Desktop, Console and Mobile versions)</span></span></span>";Adamantite Bar;5–16;"<span class=""chance"" data-sort-value=""2.78"">1/36 (2.78%)</span>";;0;1;1;1
116677;Oasis Crate;9765;Oasis Crate;;"<span class="" eil""><span>[[Oasis Crate|Oasis Crate]]</span><span class=""eico s i1 i2 i4"" title=""Desktop, Console and Mobile versions""><b></b><i></i><span>(Desktop, Console and Mobile versions)</span></span></span>";Life Above the Sand;1;"<span class=""chance"" data-sort-value=""3.57"">1/28 (3.57%)</span>";;0;1;1;1
116680;Stockade Crate;7340;Stockade Crate;;"<span class="" eil""><span>[[Stockade Crate|Stockade Crate]]</span><span class=""eico s i1 i2 i4"" title=""Desktop, Console and Mobile versions""><b></b><i></i><span>(Desktop, Console and Mobile versions)</span></span></span>";Palladium Bar;5–16;"<span class=""chance"" data-sort-value=""2.78"">1/36 (2.78%)</span>";;0;1;1;1
116682;Oasis Crate;9765;Oasis Crate;;"<span class="" eil""><span>[[Oasis Crate|Oasis Crate]]</span><span class=""eico s i1 i2 i4"" title=""Desktop, Console and Mobile versions""><b></b><i></i><span>(Desktop, Console and Mobile versions)</span></span></span>";Oasis;1;"<span class=""chance"" data-sort-value=""3.57"">1/28 (3.57%)</span>";;0;1;1;1
116685;Stockade Crate;7340;Stockade Crate;;"<span class="" eil""><span>[[Stockade Crate|Stockade Crate]]</span><span class=""eico s i1 i2 i4"" title=""Desktop, Console and Mobile versions""><b></b><i></i><span>(Desktop, Console and Mobile versions)</span></span></span>";Orichalcum Bar;5–16;"<span class=""chance"" data-sort-value=""2.78"">1/36 (2.78%)</span>";;0;1;1;1
116686;Oasis Crate;9765;Oasis Crate;;"<span class="" eil""><span>[[Oasis Crate|Oasis Crate]]</span><span class=""eico s i1 i2 i4"" title=""Desktop, Console and Mobile versions""><b></b><i></i><span>(Desktop, Console and Mobile versions)</span></span></span>";Prehistory Preserved;1;"<span class=""chance"" data-sort-value=""3.57"">1/28 (3.57%)</span>";;0;1;1;1
116690;Stockade Crate;7340;Stockade Crate;;"<span class="" eil""><span>[[Stockade Crate|Stockade Crate]]</span><span class=""eico s i1 i2 i4"" title=""Desktop, Console and Mobile versions""><b></b><i></i><span>(Desktop, Console and Mobile versions)</span></span></span>";Titanium Bar;5–16;"<span class=""chance"" data-sort-value=""2.78"">1/36 (2.78%)</span>";;0;1;1;1
116691;Oasis Crate;9765;Oasis Crate;;"<span class="" eil""><span>[[Oasis Crate|Oasis Crate]]</span><span class=""eico s i1 i2 i4"" title=""Desktop, Console and Mobile versions""><b></b><i></i><span>(Desktop, Console and Mobile versions)</span></span></span>";Ancient Tablet;1;"<span class=""chance"" data-sort-value=""3.57"">1/28 (3.57%)</span>";;0;1;1;1
116695;Oasis Crate;9765;Oasis Crate;;"<span class="" eil""><span>[[Oasis Crate|Oasis Crate]]</span><span class=""eico s i1 i2 i4"" title=""Desktop, Console and Mobile versions""><b></b><i></i><span>(Desktop, Console and Mobile versions)</span></span></span>";Uluru;1;"<span class=""chance"" data-sort-value=""3.57"">1/28 (3.57%)</span>";;0;1;1;1
116696;Stockade Crate;7340;Stockade Crate;;"<span class="" eil""><span>[[Stockade Crate|Stockade Crate]]</span><span class=""eico s i1 i2 i4"" title=""Desktop, Console and Mobile versions""><b></b><i></i><span>(Desktop, Console and Mobile versions)</span></span></span>";Obsidian Skin Potion;2–4;"<span class=""chance"" data-sort-value=""4.17"">1/24 (4.17%)</span>";;0;1;1;1
116699;Oasis Crate;9765;Oasis Crate;;"<span class="" eil""><span>[[Oasis Crate|Oasis Crate]]</span><span class=""eico s i1 i2 i4"" title=""Desktop, Console and Mobile versions""><b></b><i></i><span>(Desktop, Console and Mobile versions)</span></span></span>";Visiting the Pyramids;1;"<span class=""chance"" data-sort-value=""3.57"">1/28 (3.57%)</span>";;0;1;1;1
116701;Stockade Crate;7340;Stockade Crate;;"<span class="" eil""><span>[[Stockade Crate|Stockade Crate]]</span><span class=""eico s i1 i2 i4"" title=""Desktop, Console and Mobile versions""><b></b><i></i><span>(Desktop, Console and Mobile versions)</span></span></span>";Spelunker Potion;2–4;"<span class=""chance"" data-sort-value=""4.17"">1/24 (4.17%)</span>";;0;1;1;1
116704;Oasis Crate;9765;Oasis Crate;;"<span class="" eil""><span>[[Oasis Crate|Oasis Crate]]</span><span class=""eico s i1 i2 i4"" title=""Desktop, Console and Mobile versions""><b></b><i></i><span>(Desktop, Console and Mobile versions)</span></span></span>";Bandage Boy;1;"<span class=""chance"" data-sort-value=""3.57"">1/28 (3.57%)</span>";;0;1;1;1
116705;Stockade Crate;7340;Stockade Crate;;"<span class="" eil""><span>[[Stockade Crate|Stockade Crate]]</span><span class=""eico s i1 i2 i4"" title=""Desktop, Console and Mobile versions""><b></b><i></i><span>(Desktop, Console and Mobile versions)</span></span></span>";Hunter Potion;2–4;"<span class=""chance"" data-sort-value=""4.17"">1/24 (4.17%)</span>";;0;1;1;1
116706;Oasis Crate;9765;Oasis Crate;;"<span class="" eil""><span>[[Oasis Crate|Oasis Crate]]</span><span class=""eico s i1 i2 i4"" title=""Desktop, Console and Mobile versions""><b></b><i></i><span>(Desktop, Console and Mobile versions)</span></span></span>";Divine Eye;1;"<span class=""chance"" data-sort-value=""3.57"">1/28 (3.57%)</span>";;0;1;1;1
116709;Stockade Crate;7340;Stockade Crate;;"<span class="" eil""><span>[[Stockade Crate|Stockade Crate]]</span><span class=""eico s i1 i2 i4"" title=""Desktop, Console and Mobile versions""><b></b><i></i><span>(Desktop, Console and Mobile versions)</span></span></span>";Gravitation Potion;2–4;"<span class=""chance"" data-sort-value=""4.17"">1/24 (4.17%)</span>";;0;1;1;1
116712;Stockade Crate;7340;Stockade Crate;;"<span class="" eil""><span>[[Stockade Crate|Stockade Crate]]</span><span class=""eico s i1 i2 i4"" title=""Desktop, Console and Mobile versions""><b></b><i></i><span>(Desktop, Console and Mobile versions)</span></span></span>";Mining Potion;2–4;"<span class=""chance"" data-sort-value=""4.17"">1/24 (4.17%)</span>";;0;1;1;1
116713;Stockade Crate;7340;Stockade Crate;;"<span class="" eil""><span>[[Stockade Crate|Stockade Crate]]</span><span class=""eico s i1 i2 i4"" title=""Desktop, Console and Mobile versions""><b></b><i></i><span>(Desktop, Console and Mobile versions)</span></span></span>";Heartreach Potion;2–4;"<span class=""chance"" data-sort-value=""4.17"">1/24 (4.17%)</span>";;0;1;1;1
116716;Stockade Crate;7340;Stockade Crate;;"<span class="" eil""><span>[[Stockade Crate|Stockade Crate]]</span><span class=""eico s i1 i2 i4"" title=""Desktop, Console and Mobile versions""><b></b><i></i><span>(Desktop, Console and Mobile versions)</span></span></span>";Healing Potion;5–17;"<span class=""chance"" data-sort-value=""25"">1/4 (25%)</span>";;0;1;1;1
116719;Stockade Crate;7340;Stockade Crate;;"<span class="" eil""><span>[[Stockade Crate|Stockade Crate]]</span><span class=""eico s i1 i2 i4"" title=""Desktop, Console and Mobile versions""><b></b><i></i><span>(Desktop, Console and Mobile versions)</span></span></span>";Mana Potion;5–17;"<span class=""chance"" data-sort-value=""25"">1/4 (25%)</span>";;0;1;1;1
116722;Stockade Crate;7340;Stockade Crate;;"<span class="" eil""><span>[[Stockade Crate|Stockade Crate]]</span><span class=""eico s i1 i2 i4"" title=""Desktop, Console and Mobile versions""><b></b><i></i><span>(Desktop, Console and Mobile versions)</span></span></span>";Journeyman Bait;2–6;"<span class=""chance"" data-sort-value=""25"">1/4 (25%)</span>";;0;1;1;1
116725;Stockade Crate;7340;Stockade Crate;;"<span class="" eil""><span>[[Stockade Crate|Stockade Crate]]</span><span class=""eico s i1 i2 i4"" title=""Desktop, Console and Mobile versions""><b></b><i></i><span>(Desktop, Console and Mobile versions)</span></span></span>";Master Bait;2–6;"<span class=""chance"" data-sort-value=""25"">1/4 (25%)</span>";;0;1;1;1
116728;Stockade Crate;7340;Stockade Crate;;"<span class="" eil""><span>[[Stockade Crate|Stockade Crate]]</span><span class=""eico s i1 i2 i4"" title=""Desktop, Console and Mobile versions""><b></b><i></i><span>(Desktop, Console and Mobile versions)</span></span></span>";Blood Moon Rising;1;"<span class=""chance"" data-sort-value=""2"">1/50 (2%)</span>";;0;1;1;1
116731;Stockade Crate;7340;Stockade Crate;;"<span class="" eil""><span>[[Stockade Crate|Stockade Crate]]</span><span class=""eico s i1 i2 i4"" title=""Desktop, Console and Mobile versions""><b></b><i></i><span>(Desktop, Console and Mobile versions)</span></span></span>";The Hanged Man;1;"<span class=""chance"" data-sort-value=""2"">1/50 (2%)</span>";;0;1;1;1
116734;Stockade Crate;7340;Stockade Crate;;"<span class="" eil""><span>[[Stockade Crate|Stockade Crate]]</span><span class=""eico s i1 i2 i4"" title=""Desktop, Console and Mobile versions""><b></b><i></i><span>(Desktop, Console and Mobile versions)</span></span></span>";Glory of the Fire;1;"<span class=""chance"" data-sort-value=""2"">1/50 (2%)</span>";;0;1;1;1
116737;Stockade Crate;7340;Stockade Crate;;"<span class="" eil""><span>[[Stockade Crate|Stockade Crate]]</span><span class=""eico s i1 i2 i4"" title=""Desktop, Console and Mobile versions""><b></b><i></i><span>(Desktop, Console and Mobile versions)</span></span></span>";Bone Warp;1;"<span class=""chance"" data-sort-value=""2"">1/50 (2%)</span>";;0;1;1;1
116739;Stockade Crate;7340;Stockade Crate;;"<span class="" eil""><span>[[Stockade Crate|Stockade Crate]]</span><span class=""eico s i1 i2 i4"" title=""Desktop, Console and Mobile versions""><b></b><i></i><span>(Desktop, Console and Mobile versions)</span></span></span>";Skellington J Skellingsworth;1;"<span class=""chance"" data-sort-value=""2"">1/50 (2%)</span>";;0;1;1;1
116740;Stockade Crate;7340;Stockade Crate;;"<span class="" eil""><span>[[Stockade Crate|Stockade Crate]]</span><span class=""eico s i1 i2 i4"" title=""Desktop, Console and Mobile versions""><b></b><i></i><span>(Desktop, Console and Mobile versions)</span></span></span>";The Cursed Man;1;"<span class=""chance"" data-sort-value=""2"">1/50 (2%)</span>";;0;1;1;1
116742;Stockade Crate;7340;Stockade Crate;;"<span class="" eil""><span>[[Stockade Crate|Stockade Crate]]</span><span class=""eico s i1 i2 i4"" title=""Desktop, Console and Mobile versions""><b></b><i></i><span>(Desktop, Console and Mobile versions)</span></span></span>";The Eye Sees the End;1;"<span class=""chance"" data-sort-value=""2"">1/50 (2%)</span>";;0;1;1;1
116744;Stockade Crate;7340;Stockade Crate;;"<span class="" eil""><span>[[Stockade Crate|Stockade Crate]]</span><span class=""eico s i1 i2 i4"" title=""Desktop, Console and Mobile versions""><b></b><i></i><span>(Desktop, Console and Mobile versions)</span></span></span>";Something Evil is Watching You;1;"<span class=""chance"" data-sort-value=""2"">1/50 (2%)</span>";;0;1;1;1
116746;Stockade Crate;7340;Stockade Crate;;"<span class="" eil""><span>[[Stockade Crate|Stockade Crate]]</span><span class=""eico s i1 i2 i4"" title=""Desktop, Console and Mobile versions""><b></b><i></i><span>(Desktop, Console and Mobile versions)</span></span></span>";The Twins Have Awoken;1;"<span class=""chance"" data-sort-value=""2"">1/50 (2%)</span>";;0;1;1;1
116748;Stockade Crate;7340;Stockade Crate;;"<span class="" eil""><span>[[Stockade Crate|Stockade Crate]]</span><span class=""eico s i1 i2 i4"" title=""Desktop, Console and Mobile versions""><b></b><i></i><span>(Desktop, Console and Mobile versions)</span></span></span>";The Screamer;1;"<span class=""chance"" data-sort-value=""2"">1/50 (2%)</span>";;0;1;1;1
116750;Stockade Crate;7340;Stockade Crate;;"<span class="" eil""><span>[[Stockade Crate|Stockade Crate]]</span><span class=""eico s i1 i2 i4"" title=""Desktop, Console and Mobile versions""><b></b><i></i><span>(Desktop, Console and Mobile versions)</span></span></span>";Goblins Playing Poker;1;"<span class=""chance"" data-sort-value=""2"">1/50 (2%)</span>";;0;1;1;1
116752;Stockade Crate;7340;Stockade Crate;;"<span class="" eil""><span>[[Stockade Crate|Stockade Crate]]</span><span class=""eico s i1 i2 i4"" title=""Desktop, Console and Mobile versions""><b></b><i></i><span>(Desktop, Console and Mobile versions)</span></span></span>";Dryadisque;1;"<span class=""chance"" data-sort-value=""2"">1/50 (2%)</span>";;0;1;1;1
116754;Stockade Crate;7340;Stockade Crate;;"<span class="" eil""><span>[[Stockade Crate|Stockade Crate]]</span><span class=""eico s i1 i2 i4"" title=""Desktop, Console and Mobile versions""><b></b><i></i><span>(Desktop, Console and Mobile versions)</span></span></span>";Impact;1;"<span class=""chance"" data-sort-value=""2"">1/50 (2%)</span>";;0;1;1;1
116756;Stockade Crate;7340;Stockade Crate;;"<span class="" eil""><span>[[Stockade Crate|Stockade Crate]]</span><span class=""eico s i1 i2 i4"" title=""Desktop, Console and Mobile versions""><b></b><i></i><span>(Desktop, Console and Mobile versions)</span></span></span>";Powered by Birds;1;"<span class=""chance"" data-sort-value=""2"">1/50 (2%)</span>";;0;1;1;1
116757;Stockade Crate;7340;Stockade Crate;;"<span class="" eil""><span>[[Stockade Crate|Stockade Crate]]</span><span class=""eico s i1 i2 i4"" title=""Desktop, Console and Mobile versions""><b></b><i></i><span>(Desktop, Console and Mobile versions)</span></span></span>";The Destroyer (item);1;"<span class=""chance"" data-sort-value=""2"">1/50 (2%)</span>";;0;1;1;1
116758;Stockade Crate;7340;Stockade Crate;;"<span class="" eil""><span>[[Stockade Crate|Stockade Crate]]</span><span class=""eico s i1 i2 i4"" title=""Desktop, Console and Mobile versions""><b></b><i></i><span>(Desktop, Console and Mobile versions)</span></span></span>";The Persistency of Eyes;1;"<span class=""chance"" data-sort-value=""2"">1/50 (2%)</span>";;0;1;1;1
116759;Stockade Crate;7340;Stockade Crate;;"<span class="" eil""><span>[[Stockade Crate|Stockade Crate]]</span><span class=""eico s i1 i2 i4"" title=""Desktop, Console and Mobile versions""><b></b><i></i><span>(Desktop, Console and Mobile versions)</span></span></span>";Unicorn Crossing the Hallows;1;"<span class=""chance"" data-sort-value=""2"">1/50 (2%)</span>";;0;1;1;1
116760;Stockade Crate;7340;Stockade Crate;;"<span class="" eil""><span>[[Stockade Crate|Stockade Crate]]</span><span class=""eico s i1 i2 i4"" title=""Desktop, Console and Mobile versions""><b></b><i></i><span>(Desktop, Console and Mobile versions)</span></span></span>";Great Wave;1;"<span class=""chance"" data-sort-value=""2"">1/50 (2%)</span>";;0;1;1;1
116761;Stockade Crate;7340;Stockade Crate;;"<span class="" eil""><span>[[Stockade Crate|Stockade Crate]]</span><span class=""eico s i1 i2 i4"" title=""Desktop, Console and Mobile versions""><b></b><i></i><span>(Desktop, Console and Mobile versions)</span></span></span>";Starry Night;1;"<span class=""chance"" data-sort-value=""2"">1/50 (2%)</span>";;0;1;1;1
116762;Stockade Crate;7340;Stockade Crate;;"<span class="" eil""><span>[[Stockade Crate|Stockade Crate]]</span><span class=""eico s i1 i2 i4"" title=""Desktop, Console and Mobile versions""><b></b><i></i><span>(Desktop, Console and Mobile versions)</span></span></span>";The Guardian's Gaze;1;"<span class=""chance"" data-sort-value=""2"">1/50 (2%)</span>";;0;1;1;1
116763;Stockade Crate;7340;Stockade Crate;;"<span class="" eil""><span>[[Stockade Crate|Stockade Crate]]</span><span class=""eico s i1 i2 i4"" title=""Desktop, Console and Mobile versions""><b></b><i></i><span>(Desktop, Console and Mobile versions)</span></span></span>";Facing the Cerebral Mastermind;1;"<span class=""chance"" data-sort-value=""2"">1/50 (2%)</span>";;0;1;1;1
116764;Stockade Crate;7340;Stockade Crate;;"<span class="" eil""><span>[[Stockade Crate|Stockade Crate]]</span><span class=""eico s i1 i2 i4"" title=""Desktop, Console and Mobile versions""><b></b><i></i><span>(Desktop, Console and Mobile versions)</span></span></span>";Trio Super Heroes;1;"<span class=""chance"" data-sort-value=""2"">1/50 (2%)</span>";;0;1;1;1
116765;Stockade Crate;7340;Stockade Crate;;"<span class="" eil""><span>[[Stockade Crate|Stockade Crate]]</span><span class=""eico s i1 i2 i4"" title=""Desktop, Console and Mobile versions""><b></b><i></i><span>(Desktop, Console and Mobile versions)</span></span></span>";The Creation of the Guide;1;"<span class=""chance"" data-sort-value=""2"">1/50 (2%)</span>";;0;1;1;1
116766;Stockade Crate;7340;Stockade Crate;;"<span class="" eil""><span>[[Stockade Crate|Stockade Crate]]</span><span class=""eico s i1 i2 i4"" title=""Desktop, Console and Mobile versions""><b></b><i></i><span>(Desktop, Console and Mobile versions)</span></span></span>";Sparky;1;"<span class=""chance"" data-sort-value=""2"">1/50 (2%)</span>";;0;1;1;1
116767;Stockade Crate;7340;Stockade Crate;;"<span class="" eil""><span>[[Stockade Crate|Stockade Crate]]</span><span class=""eico s i1 i2 i4"" title=""Desktop, Console and Mobile versions""><b></b><i></i><span>(Desktop, Console and Mobile versions)</span></span></span>";Remnants of Devotion;1;"<span class=""chance"" data-sort-value=""2"">1/50 (2%)</span>";;0;1;1;1
116768;Hellstone Crate;10912;Hellstone Crate;;"<span class="" eil""><span>[[Hellstone Crate|Hellstone Crate]]</span><span class=""eico s i1 i2 i4"" title=""Desktop, Console and Mobile versions""><b></b><i></i><span>(Desktop, Console and Mobile versions)</span></span></span>";Lava Charm;1;"<span class=""chance"" data-sort-value=""5"">1/20 (5%)</span>";;0;1;1;1
116769;Hellstone Crate;10912;Hellstone Crate;;"<span class="" eil""><span>[[Hellstone Crate|Hellstone Crate]]</span><span class=""eico s i1 i2 i4"" title=""Desktop, Console and Mobile versions""><b></b><i></i><span>(Desktop, Console and Mobile versions)</span></span></span>";Flame Waker Boots;1;"<span class=""chance"" data-sort-value=""19"">19/100 (19%)</span>";;0;1;1;1
116770;Hellstone Crate;10912;Hellstone Crate;;"<span class="" eil""><span>[[Hellstone Crate|Hellstone Crate]]</span><span class=""eico s i1 i2 i4"" title=""Desktop, Console and Mobile versions""><b></b><i></i><span>(Desktop, Console and Mobile versions)</span></span></span>";Superheated Blood;1;"<span class=""chance"" data-sort-value=""19"">19/100 (19%)</span>";;0;1;1;1
116771;Hellstone Crate;10912;Hellstone Crate;;"<span class="" eil""><span>[[Hellstone Crate|Hellstone Crate]]</span><span class=""eico s i1 i2 i4"" title=""Desktop, Console and Mobile versions""><b></b><i></i><span>(Desktop, Console and Mobile versions)</span></span></span>";Lava Serpent Bowl;1;"<span class=""chance"" data-sort-value=""19"">19/100 (19%)</span>";;0;1;1;1
116772;Hellstone Crate;10912;Hellstone Crate;;"<span class="" eil""><span>[[Hellstone Crate|Hellstone Crate]]</span><span class=""eico s i1 i2 i4"" title=""Desktop, Console and Mobile versions""><b></b><i></i><span>(Desktop, Console and Mobile versions)</span></span></span>";Lavaproof Fishing Hook;1;"<span class=""chance"" data-sort-value=""19"">19/100 (19%)</span>";;0;1;1;1
116773;Hellstone Crate;10912;Hellstone Crate;;"<span class="" eil""><span>[[Hellstone Crate|Hellstone Crate]]</span><span class=""eico s i1 i2 i4"" title=""Desktop, Console and Mobile versions""><b></b><i></i><span>(Desktop, Console and Mobile versions)</span></span></span>";Mini Volcano;1;"<span class=""chance"" data-sort-value=""19"">19/100 (19%)</span>";;0;1;1;1
116774;Hellstone Crate;10912;Hellstone Crate;;"<span class="" eil""><span>[[Hellstone Crate|Hellstone Crate]]</span><span class=""eico s i1 i2 i4"" title=""Desktop, Console and Mobile versions""><b></b><i></i><span>(Desktop, Console and Mobile versions)</span></span></span>";Hanging Pot;2;"<span class=""chance"" data-sort-value=""25"">1/4 (25%)</span>";;0;1;1;1
116775;Hellstone Crate;10912;Hellstone Crate;;"<span class="" eil""><span>[[Hellstone Crate|Hellstone Crate]]</span><span class=""eico s i1 i2 i4"" title=""Desktop, Console and Mobile versions""><b></b><i></i><span>(Desktop, Console and Mobile versions)</span></span></span>";Obsidian Lock Box;1;100%;;0;1;1;1
116776;Hellstone Crate;10912;Hellstone Crate;;"<span class="" eil""><span>[[Hellstone Crate|Hellstone Crate]]</span><span class=""eico s i1 i2 i4"" title=""Desktop, Console and Mobile versions""><b></b><i></i><span>(Desktop, Console and Mobile versions)</span></span></span>";Wet Bomb;7–10;"<span class=""chance"" data-sort-value=""33.33"">1/3 (33.33%)</span>";;0;1;1;1
116777;Hellstone Crate;10912;Hellstone Crate;;"<span class="" eil""><span>[[Hellstone Crate|Hellstone Crate]]</span><span class=""eico s i1 i2 i4"" title=""Desktop, Console and Mobile versions""><b></b><i></i><span>(Desktop, Console and Mobile versions)</span></span></span>";Potted Magma Palm;1;"<span class=""chance"" data-sort-value=""10"">1/10 (10%)</span>";;0;1;1;1
116778;Hellstone Crate;10912;Hellstone Crate;;"<span class="" eil""><span>[[Hellstone Crate|Hellstone Crate]]</span><span class=""eico s i1 i2 i4"" title=""Desktop, Console and Mobile versions""><b></b><i></i><span>(Desktop, Console and Mobile versions)</span></span></span>";Potted Brimstone Bush;1;"<span class=""chance"" data-sort-value=""10"">1/10 (10%)</span>";;0;1;1;1
116779;Hellstone Crate;10912;Hellstone Crate;;"<span class="" eil""><span>[[Hellstone Crate|Hellstone Crate]]</span><span class=""eico s i1 i2 i4"" title=""Desktop, Console and Mobile versions""><b></b><i></i><span>(Desktop, Console and Mobile versions)</span></span></span>";Potted Fire Brambles;1;"<span class=""chance"" data-sort-value=""10"">1/10 (10%)</span>";;0;1;1;1
116780;Hellstone Crate;10912;Hellstone Crate;;"<span class="" eil""><span>[[Hellstone Crate|Hellstone Crate]]</span><span class=""eico s i1 i2 i4"" title=""Desktop, Console and Mobile versions""><b></b><i></i><span>(Desktop, Console and Mobile versions)</span></span></span>";Potted Lava Bulb;1;"<span class=""chance"" data-sort-value=""10"">1/10 (10%)</span>";;0;1;1;1
116781;Hellstone Crate;10912;Hellstone Crate;;"<span class="" eil""><span>[[Hellstone Crate|Hellstone Crate]]</span><span class=""eico s i1 i2 i4"" title=""Desktop, Console and Mobile versions""><b></b><i></i><span>(Desktop, Console and Mobile versions)</span></span></span>";Potted Ember Tendrils;1;"<span class=""chance"" data-sort-value=""10"">1/10 (10%)</span>";;0;1;1;1
116782;Hellstone Crate;10912;Hellstone Crate;;"<span class="" eil""><span>[[Hellstone Crate|Hellstone Crate]]</span><span class=""eico s i1 i2 i4"" title=""Desktop, Console and Mobile versions""><b></b><i></i><span>(Desktop, Console and Mobile versions)</span></span></span>";Gold Coin;5–12;"<span class=""chance"" data-sort-value=""25"">1/4 (25%)</span>";;0;1;1;1
116783;Hellstone Crate;10912;Hellstone Crate;;"<span class="" eil""><span>[[Hellstone Crate|Hellstone Crate]]</span><span class=""eico s i1 i2 i4"" title=""Desktop, Console and Mobile versions""><b></b><i></i><span>(Desktop, Console and Mobile versions)</span></span></span>";Hellstone;20–35;"<span class=""chance"" data-sort-value=""7.14"">1/14 (7.14%)</span>";;0;1;1;1
116784;Hellstone Crate;10912;Hellstone Crate;;"<span class="" eil""><span>[[Hellstone Crate|Hellstone Crate]]</span><span class=""eico s i1 i2 i4"" title=""Desktop, Console and Mobile versions""><b></b><i></i><span>(Desktop, Console and Mobile versions)</span></span></span>";Cobalt Ore;20–35;"<span class=""chance"" data-sort-value=""1.19"">1/84 (1.19%)</span>";;0;1;1;1
116785;Hellstone Crate;10912;Hellstone Crate;;"<span class="" eil""><span>[[Hellstone Crate|Hellstone Crate]]</span><span class=""eico s i1 i2 i4"" title=""Desktop, Console and Mobile versions""><b></b><i></i><span>(Desktop, Console and Mobile versions)</span></span></span>";Palladium Ore;20–35;"<span class=""chance"" data-sort-value=""1.19"">1/84 (1.19%)</span>";;0;1;1;1
116786;Hellstone Crate;10912;Hellstone Crate;;"<span class="" eil""><span>[[Hellstone Crate|Hellstone Crate]]</span><span class=""eico s i1 i2 i4"" title=""Desktop, Console and Mobile versions""><b></b><i></i><span>(Desktop, Console and Mobile versions)</span></span></span>";Mythril Ore;20–35;"<span class=""chance"" data-sort-value=""1.19"">1/84 (1.19%)</span>";;0;1;1;1
116787;Hellstone Crate;10912;Hellstone Crate;;"<span class="" eil""><span>[[Hellstone Crate|Hellstone Crate]]</span><span class=""eico s i1 i2 i4"" title=""Desktop, Console and Mobile versions""><b></b><i></i><span>(Desktop, Console and Mobile versions)</span></span></span>";Orichalcum Ore;20–35;"<span class=""chance"" data-sort-value=""1.19"">1/84 (1.19%)</span>";;0;1;1;1
116788;Hellstone Crate;10912;Hellstone Crate;;"<span class="" eil""><span>[[Hellstone Crate|Hellstone Crate]]</span><span class=""eico s i1 i2 i4"" title=""Desktop, Console and Mobile versions""><b></b><i></i><span>(Desktop, Console and Mobile versions)</span></span></span>";Adamantite Ore;20–35;"<span class=""chance"" data-sort-value=""1.19"">1/84 (1.19%)</span>";;0;1;1;1
116789;Hellstone Crate;10912;Hellstone Crate;;"<span class="" eil""><span>[[Hellstone Crate|Hellstone Crate]]</span><span class=""eico s i1 i2 i4"" title=""Desktop, Console and Mobile versions""><b></b><i></i><span>(Desktop, Console and Mobile versions)</span></span></span>";Titanium Ore;20–35;"<span class=""chance"" data-sort-value=""1.19"">1/84 (1.19%)</span>";;0;1;1;1
116790;Hellstone Crate;10912;Hellstone Crate;;"<span class="" eil""><span>[[Hellstone Crate|Hellstone Crate]]</span><span class=""eico s i1 i2 i4"" title=""Desktop, Console and Mobile versions""><b></b><i></i><span>(Desktop, Console and Mobile versions)</span></span></span>";Hellstone Bar;6–16;"<span class=""chance"" data-sort-value=""8.33"">1/12 (8.33%)</span>";;0;1;1;1
116791;Hellstone Crate;10912;Hellstone Crate;;"<span class="" eil""><span>[[Hellstone Crate|Hellstone Crate]]</span><span class=""eico s i1 i2 i4"" title=""Desktop, Console and Mobile versions""><b></b><i></i><span>(Desktop, Console and Mobile versions)</span></span></span>";Cobalt Bar;5–16;"<span class=""chance"" data-sort-value=""2.78"">1/36 (2.78%)</span>";;0;1;1;1
116792;Hellstone Crate;10912;Hellstone Crate;;"<span class="" eil""><span>[[Hellstone Crate|Hellstone Crate]]</span><span class=""eico s i1 i2 i4"" title=""Desktop, Console and Mobile versions""><b></b><i></i><span>(Desktop, Console and Mobile versions)</span></span></span>";Mythril Bar;5–16;"<span class=""chance"" data-sort-value=""2.78"">1/36 (2.78%)</span>";;0;1;1;1
116793;Hellstone Crate;10912;Hellstone Crate;;"<span class="" eil""><span>[[Hellstone Crate|Hellstone Crate]]</span><span class=""eico s i1 i2 i4"" title=""Desktop, Console and Mobile versions""><b></b><i></i><span>(Desktop, Console and Mobile versions)</span></span></span>";Adamantite Bar;5–16;"<span class=""chance"" data-sort-value=""2.78"">1/36 (2.78%)</span>";;0;1;1;1
116794;Hellstone Crate;10912;Hellstone Crate;;"<span class="" eil""><span>[[Hellstone Crate|Hellstone Crate]]</span><span class=""eico s i1 i2 i4"" title=""Desktop, Console and Mobile versions""><b></b><i></i><span>(Desktop, Console and Mobile versions)</span></span></span>";Palladium Bar;5–16;"<span class=""chance"" data-sort-value=""2.78"">1/36 (2.78%)</span>";;0;1;1;1
116795;Hellstone Crate;10912;Hellstone Crate;;"<span class="" eil""><span>[[Hellstone Crate|Hellstone Crate]]</span><span class=""eico s i1 i2 i4"" title=""Desktop, Console and Mobile versions""><b></b><i></i><span>(Desktop, Console and Mobile versions)</span></span></span>";Orichalcum Bar;5–16;"<span class=""chance"" data-sort-value=""2.78"">1/36 (2.78%)</span>";;0;1;1;1
116796;Hellstone Crate;10912;Hellstone Crate;;"<span class="" eil""><span>[[Hellstone Crate|Hellstone Crate]]</span><span class=""eico s i1 i2 i4"" title=""Desktop, Console and Mobile versions""><b></b><i></i><span>(Desktop, Console and Mobile versions)</span></span></span>";Titanium Bar;5–16;"<span class=""chance"" data-sort-value=""2.78"">1/36 (2.78%)</span>";;0;1;1;1
116797;Hellstone Crate;10912;Hellstone Crate;;"<span class="" eil""><span>[[Hellstone Crate|Hellstone Crate]]</span><span class=""eico s i1 i2 i4"" title=""Desktop, Console and Mobile versions""><b></b><i></i><span>(Desktop, Console and Mobile versions)</span></span></span>";Obsidian Skin Potion;2–4;"<span class=""chance"" data-sort-value=""4.17"">1/24 (4.17%)</span>";;0;1;1;1
116798;Hellstone Crate;10912;Hellstone Crate;;"<span class="" eil""><span>[[Hellstone Crate|Hellstone Crate]]</span><span class=""eico s i1 i2 i4"" title=""Desktop, Console and Mobile versions""><b></b><i></i><span>(Desktop, Console and Mobile versions)</span></span></span>";Spelunker Potion;2–4;"<span class=""chance"" data-sort-value=""4.17"">1/24 (4.17%)</span>";;0;1;1;1
116799;Hellstone Crate;10912;Hellstone Crate;;"<span class="" eil""><span>[[Hellstone Crate|Hellstone Crate]]</span><span class=""eico s i1 i2 i4"" title=""Desktop, Console and Mobile versions""><b></b><i></i><span>(Desktop, Console and Mobile versions)</span></span></span>";Hunter Potion;2–4;"<span class=""chance"" data-sort-value=""4.17"">1/24 (4.17%)</span>";;0;1;1;1
116800;Hellstone Crate;10912;Hellstone Crate;;"<span class="" eil""><span>[[Hellstone Crate|Hellstone Crate]]</span><span class=""eico s i1 i2 i4"" title=""Desktop, Console and Mobile versions""><b></b><i></i><span>(Desktop, Console and Mobile versions)</span></span></span>";Gravitation Potion;2–4;"<span class=""chance"" data-sort-value=""4.17"">1/24 (4.17%)</span>";;0;1;1;1
116801;Hellstone Crate;10912;Hellstone Crate;;"<span class="" eil""><span>[[Hellstone Crate|Hellstone Crate]]</span><span class=""eico s i1 i2 i4"" title=""Desktop, Console and Mobile versions""><b></b><i></i><span>(Desktop, Console and Mobile versions)</span></span></span>";Mining Potion;2–4;"<span class=""chance"" data-sort-value=""4.17"">1/24 (4.17%)</span>";;0;1;1;1
116802;Hellstone Crate;10912;Hellstone Crate;;"<span class="" eil""><span>[[Hellstone Crate|Hellstone Crate]]</span><span class=""eico s i1 i2 i4"" title=""Desktop, Console and Mobile versions""><b></b><i></i><span>(Desktop, Console and Mobile versions)</span></span></span>";Heartreach Potion;2–4;"<span class=""chance"" data-sort-value=""4.17"">1/24 (4.17%)</span>";;0;1;1;1
116803;Hellstone Crate;10912;Hellstone Crate;;"<span class="" eil""><span>[[Hellstone Crate|Hellstone Crate]]</span><span class=""eico s i1 i2 i4"" title=""Desktop, Console and Mobile versions""><b></b><i></i><span>(Desktop, Console and Mobile versions)</span></span></span>";Healing Potion;5–17;"<span class=""chance"" data-sort-value=""25"">1/4 (25%)</span>";;0;1;1;1
116804;Hellstone Crate;10912;Hellstone Crate;;"<span class="" eil""><span>[[Hellstone Crate|Hellstone Crate]]</span><span class=""eico s i1 i2 i4"" title=""Desktop, Console and Mobile versions""><b></b><i></i><span>(Desktop, Console and Mobile versions)</span></span></span>";Mana Potion;5–17;"<span class=""chance"" data-sort-value=""25"">1/4 (25%)</span>";;0;1;1;1
116805;Hellstone Crate;10912;Hellstone Crate;;"<span class="" eil""><span>[[Hellstone Crate|Hellstone Crate]]</span><span class=""eico s i1 i2 i4"" title=""Desktop, Console and Mobile versions""><b></b><i></i><span>(Desktop, Console and Mobile versions)</span></span></span>";Journeyman Bait;2–6;"<span class=""chance"" data-sort-value=""25"">1/4 (25%)</span>";;0;1;1;1
116806;Hellstone Crate;10912;Hellstone Crate;;"<span class="" eil""><span>[[Hellstone Crate|Hellstone Crate]]</span><span class=""eico s i1 i2 i4"" title=""Desktop, Console and Mobile versions""><b></b><i></i><span>(Desktop, Console and Mobile versions)</span></span></span>";Master Bait;2–6;"<span class=""chance"" data-sort-value=""25"">1/4 (25%)</span>";;0;1;1;1
116807;Hellstone Crate;10912;Hellstone Crate;;"<span class="" eil""><span>[[Hellstone Crate|Hellstone Crate]]</span><span class=""eico s i1 i2 i4"" title=""Desktop, Console and Mobile versions""><b></b><i></i><span>(Desktop, Console and Mobile versions)</span></span></span>";Hellforge;1;"<span class=""chance"" data-sort-value=""5"">1/20 (5%)</span>";;0;1;1;1
116808;Hellstone Crate;10912;Hellstone Crate;;"<span class="" eil""><span>[[Hellstone Crate|Hellstone Crate]]</span><span class=""eico s i1 i2 i4"" title=""Desktop, Console and Mobile versions""><b></b><i></i><span>(Desktop, Console and Mobile versions)</span></span></span>";Demonic Hellcart;1;"<span class=""chance"" data-sort-value=""5"">1/20 (5%)</span>";;0;1;1;1
116809;Hellstone Crate;10912;Hellstone Crate;;"<span class="" eil""><span>[[Hellstone Crate|Hellstone Crate]]</span><span class=""eico s i1 i2 i4"" title=""Desktop, Console and Mobile versions""><b></b><i></i><span>(Desktop, Console and Mobile versions)</span></span></span>";Ornate Shadow Key;1;"<span class=""chance"" data-sort-value=""5"">1/20 (5%)</span>";;0;1;1;1
116810;Hellstone Crate;10912;Hellstone Crate;;"<span class="" eil""><span>[[Hellstone Crate|Hellstone Crate]]</span><span class=""eico s i1 i2 i4"" title=""Desktop, Console and Mobile versions""><b></b><i></i><span>(Desktop, Console and Mobile versions)</span></span></span>";Slice of Hell Cake;1;"<span class=""chance"" data-sort-value=""5"">1/20 (5%)</span>";;0;1;1;1
116811;Hellstone Crate;10912;Hellstone Crate;;"<span class="" eil""><span>[[Hellstone Crate|Hellstone Crate]]</span><span class=""eico s i1 i2 i4"" title=""Desktop, Console and Mobile versions""><b></b><i></i><span>(Desktop, Console and Mobile versions)</span></span></span>";Darkness (item);1;"<span class=""chance"" data-sort-value=""4.17"">1/24 (4.17%)</span>";;0;1;1;1
116812;Hellstone Crate;10912;Hellstone Crate;;"<span class="" eil""><span>[[Hellstone Crate|Hellstone Crate]]</span><span class=""eico s i1 i2 i4"" title=""Desktop, Console and Mobile versions""><b></b><i></i><span>(Desktop, Console and Mobile versions)</span></span></span>";Dark Soul Reaper;1;"<span class=""chance"" data-sort-value=""4.17"">1/24 (4.17%)</span>";;0;1;1;1
116813;Hellstone Crate;10912;Hellstone Crate;;"<span class="" eil""><span>[[Hellstone Crate|Hellstone Crate]]</span><span class=""eico s i1 i2 i4"" title=""Desktop, Console and Mobile versions""><b></b><i></i><span>(Desktop, Console and Mobile versions)</span></span></span>";Trapped Ghost;1;"<span class=""chance"" data-sort-value=""4.17"">1/24 (4.17%)</span>";;0;1;1;1
116814;Hellstone Crate;10912;Hellstone Crate;;"<span class="" eil""><span>[[Hellstone Crate|Hellstone Crate]]</span><span class=""eico s i1 i2 i4"" title=""Desktop, Console and Mobile versions""><b></b><i></i><span>(Desktop, Console and Mobile versions)</span></span></span>";Demon's Eye;1;"<span class=""chance"" data-sort-value=""4.17"">1/24 (4.17%)</span>";;0;1;1;1
116815;Hellstone Crate;10912;Hellstone Crate;;"<span class="" eil""><span>[[Hellstone Crate|Hellstone Crate]]</span><span class=""eico s i1 i2 i4"" title=""Desktop, Console and Mobile versions""><b></b><i></i><span>(Desktop, Console and Mobile versions)</span></span></span>";Hand Earth;1;"<span class=""chance"" data-sort-value=""4.17"">1/24 (4.17%)</span>";;0;1;1;1
116816;Hellstone Crate;10912;Hellstone Crate;;"<span class="" eil""><span>[[Hellstone Crate|Hellstone Crate]]</span><span class=""eico s i1 i2 i4"" title=""Desktop, Console and Mobile versions""><b></b><i></i><span>(Desktop, Console and Mobile versions)</span></span></span>";Skelehead;1;"<span class=""chance"" data-sort-value=""4.17"">1/24 (4.17%)</span>";;0;1;1;1
116817;Hellstone Crate;10912;Hellstone Crate;;"<span class="" eil""><span>[[Hellstone Crate|Hellstone Crate]]</span><span class=""eico s i1 i2 i4"" title=""Desktop, Console and Mobile versions""><b></b><i></i><span>(Desktop, Console and Mobile versions)</span></span></span>";Lake of Fire;1;"<span class=""chance"" data-sort-value=""4.17"">1/24 (4.17%)</span>";;0;1;1;1
116818;Hellstone Crate;10912;Hellstone Crate;;"<span class="" eil""><span>[[Hellstone Crate|Hellstone Crate]]</span><span class=""eico s i1 i2 i4"" title=""Desktop, Console and Mobile versions""><b></b><i></i><span>(Desktop, Console and Mobile versions)</span></span></span>";Imp Face;1;"<span class=""chance"" data-sort-value=""4.17"">1/24 (4.17%)</span>";;0;1;1;1
116819;Hellstone Crate;10912;Hellstone Crate;;"<span class="" eil""><span>[[Hellstone Crate|Hellstone Crate]]</span><span class=""eico s i1 i2 i4"" title=""Desktop, Console and Mobile versions""><b></b><i></i><span>(Desktop, Console and Mobile versions)</span></span></span>";Ominous Presence;1;"<span class=""chance"" data-sort-value=""4.17"">1/24 (4.17%)</span>";;0;1;1;1
116820;Hellstone Crate;10912;Hellstone Crate;;"<span class="" eil""><span>[[Hellstone Crate|Hellstone Crate]]</span><span class=""eico s i1 i2 i4"" title=""Desktop, Console and Mobile versions""><b></b><i></i><span>(Desktop, Console and Mobile versions)</span></span></span>";Shining Moon;1;"<span class=""chance"" data-sort-value=""4.17"">1/24 (4.17%)</span>";;0;1;1;1
116821;Hellstone Crate;10912;Hellstone Crate;;"<span class="" eil""><span>[[Hellstone Crate|Hellstone Crate]]</span><span class=""eico s i1 i2 i4"" title=""Desktop, Console and Mobile versions""><b></b><i></i><span>(Desktop, Console and Mobile versions)</span></span></span>";Living Gore;1;"<span class=""chance"" data-sort-value=""4.17"">1/24 (4.17%)</span>";;0;1;1;1
116822;Hellstone Crate;10912;Hellstone Crate;;"<span class="" eil""><span>[[Hellstone Crate|Hellstone Crate]]</span><span class=""eico s i1 i2 i4"" title=""Desktop, Console and Mobile versions""><b></b><i></i><span>(Desktop, Console and Mobile versions)</span></span></span>";Flowing Magma;1;"<span class=""chance"" data-sort-value=""4.17"">1/24 (4.17%)</span>";;0;1;1;1
116823;Bramble Crate;14565;Bramble Crate;;"<span class="" eil""><span>[[Bramble Crate|Bramble Crate]]</span><span class=""eico s i1 i2 i4"" title=""Desktop, Console and Mobile versions""><b></b><i></i><span>(Desktop, Console and Mobile versions)</span></span></span>";Flower Boots;1;"<span class=""chance"" data-sort-value=""5"">1/20 (5%)</span>";;0;1;1;1
116824;Bramble Crate;14565;Bramble Crate;;"<span class="" eil""><span>[[Bramble Crate|Bramble Crate]]</span><span class=""eico s i1 i2 i4"" title=""Desktop, Console and Mobile versions""><b></b><i></i><span>(Desktop, Console and Mobile versions)</span></span></span>";Anklet of the Wind;1;"<span class=""chance"" data-sort-value=""19"">19/100 (19%)</span>";;0;1;1;1
116825;Bramble Crate;14565;Bramble Crate;;"<span class="" eil""><span>[[Bramble Crate|Bramble Crate]]</span><span class=""eico s i1 i2 i4"" title=""Desktop, Console and Mobile versions""><b></b><i></i><span>(Desktop, Console and Mobile versions)</span></span></span>";Boomstick;1;"<span class=""chance"" data-sort-value=""19"">19/100 (19%)</span>";;0;1;1;1
116826;Bramble Crate;14565;Bramble Crate;;"<span class="" eil""><span>[[Bramble Crate|Bramble Crate]]</span><span class=""eico s i1 i2 i4"" title=""Desktop, Console and Mobile versions""><b></b><i></i><span>(Desktop, Console and Mobile versions)</span></span></span>";Feral Claws;1;"<span class=""chance"" data-sort-value=""19"">19/100 (19%)</span>";;0;1;1;1
116827;Bramble Crate;14565;Bramble Crate;;"<span class="" eil""><span>[[Bramble Crate|Bramble Crate]]</span><span class=""eico s i1 i2 i4"" title=""Desktop, Console and Mobile versions""><b></b><i></i><span>(Desktop, Console and Mobile versions)</span></span></span>";Staff of Regrowth;1;"<span class=""chance"" data-sort-value=""19"">19/100 (19%)</span>";;0;1;1;1
116828;Bramble Crate;14565;Bramble Crate;;"<span class="" eil""><span>[[Bramble Crate|Bramble Crate]]</span><span class=""eico s i1 i2 i4"" title=""Desktop, Console and Mobile versions""><b></b><i></i><span>(Desktop, Console and Mobile versions)</span></span></span>";Fiberglass Fishing Pole;1;"<span class=""chance"" data-sort-value=""19"">19/100 (19%)</span>";;0;1;1;1
116829;Bramble Crate;14565;Bramble Crate;;"<span class="" eil""><span>[[Bramble Crate|Bramble Crate]]</span><span class=""eico s i1 i2 i4"" title=""Desktop, Console and Mobile versions""><b></b><i></i><span>(Desktop, Console and Mobile versions)</span></span></span>";Gold Coin;5–12;"<span class=""chance"" data-sort-value=""25"">1/4 (25%)</span>";;0;1;1;1
116830;Bramble Crate;14565;Bramble Crate;;"<span class="" eil""><span>[[Bramble Crate|Bramble Crate]]</span><span class=""eico s i1 i2 i4"" title=""Desktop, Console and Mobile versions""><b></b><i></i><span>(Desktop, Console and Mobile versions)</span></span></span>";Copper Ore;20–35;"<span class=""chance"" data-sort-value=""0.89"">1/112 (0.89%)</span>";;0;1;1;1
116831;Bramble Crate;14565;Bramble Crate;;"<span class="" eil""><span>[[Bramble Crate|Bramble Crate]]</span><span class=""eico s i1 i2 i4"" title=""Desktop, Console and Mobile versions""><b></b><i></i><span>(Desktop, Console and Mobile versions)</span></span></span>";Tin Ore;20–35;"<span class=""chance"" data-sort-value=""0.89"">1/112 (0.89%)</span>";;0;1;1;1
116832;Bramble Crate;14565;Bramble Crate;;"<span class="" eil""><span>[[Bramble Crate|Bramble Crate]]</span><span class=""eico s i1 i2 i4"" title=""Desktop, Console and Mobile versions""><b></b><i></i><span>(Desktop, Console and Mobile versions)</span></span></span>";Iron Ore;20–35;"<span class=""chance"" data-sort-value=""0.89"">1/112 (0.89%)</span>";;0;1;1;1
116833;Bramble Crate;14565;Bramble Crate;;"<span class="" eil""><span>[[Bramble Crate|Bramble Crate]]</span><span class=""eico s i1 i2 i4"" title=""Desktop, Console and Mobile versions""><b></b><i></i><span>(Desktop, Console and Mobile versions)</span></span></span>";Lead Ore;20–35;"<span class=""chance"" data-sort-value=""0.89"">1/112 (0.89%)</span>";;0;1;1;1
116834;Bramble Crate;14565;Bramble Crate;;"<span class="" eil""><span>[[Bramble Crate|Bramble Crate]]</span><span class=""eico s i1 i2 i4"" title=""Desktop, Console and Mobile versions""><b></b><i></i><span>(Desktop, Console and Mobile versions)</span></span></span>";Silver Ore;20–35;"<span class=""chance"" data-sort-value=""0.89"">1/112 (0.89%)</span>";;0;1;1;1
116835;Bramble Crate;14565;Bramble Crate;;"<span class="" eil""><span>[[Bramble Crate|Bramble Crate]]</span><span class=""eico s i1 i2 i4"" title=""Desktop, Console and Mobile versions""><b></b><i></i><span>(Desktop, Console and Mobile versions)</span></span></span>";Tungsten Ore;20–35;"<span class=""chance"" data-sort-value=""0.89"">1/112 (0.89%)</span>";;0;1;1;1
116836;Bramble Crate;14565;Bramble Crate;;"<span class="" eil""><span>[[Bramble Crate|Bramble Crate]]</span><span class=""eico s i1 i2 i4"" title=""Desktop, Console and Mobile versions""><b></b><i></i><span>(Desktop, Console and Mobile versions)</span></span></span>";Gold Ore;20–35;"<span class=""chance"" data-sort-value=""0.89"">1/112 (0.89%)</span>";;0;1;1;1
116837;Bramble Crate;14565;Bramble Crate;;"<span class="" eil""><span>[[Bramble Crate|Bramble Crate]]</span><span class=""eico s i1 i2 i4"" title=""Desktop, Console and Mobile versions""><b></b><i></i><span>(Desktop, Console and Mobile versions)</span></span></span>";Platinum Ore;20–35;"<span class=""chance"" data-sort-value=""0.89"">1/112 (0.89%)</span>";;0;1;1;1
116838;Bramble Crate;14565;Bramble Crate;;"<span class="" eil""><span>[[Bramble Crate|Bramble Crate]]</span><span class=""eico s i1 i2 i4"" title=""Desktop, Console and Mobile versions""><b></b><i></i><span>(Desktop, Console and Mobile versions)</span></span></span>";Cobalt Ore;20–35;"<span class=""chance"" data-sort-value=""1.19"">1/84 (1.19%)</span>";;0;1;1;1
116839;Bramble Crate;14565;Bramble Crate;;"<span class="" eil""><span>[[Bramble Crate|Bramble Crate]]</span><span class=""eico s i1 i2 i4"" title=""Desktop, Console and Mobile versions""><b></b><i></i><span>(Desktop, Console and Mobile versions)</span></span></span>";Palladium Ore;20–35;"<span class=""chance"" data-sort-value=""1.19"">1/84 (1.19%)</span>";;0;1;1;1
116840;Bramble Crate;14565;Bramble Crate;;"<span class="" eil""><span>[[Bramble Crate|Bramble Crate]]</span><span class=""eico s i1 i2 i4"" title=""Desktop, Console and Mobile versions""><b></b><i></i><span>(Desktop, Console and Mobile versions)</span></span></span>";Mythril Ore;20–35;"<span class=""chance"" data-sort-value=""1.19"">1/84 (1.19%)</span>";;0;1;1;1
116841;Bramble Crate;14565;Bramble Crate;;"<span class="" eil""><span>[[Bramble Crate|Bramble Crate]]</span><span class=""eico s i1 i2 i4"" title=""Desktop, Console and Mobile versions""><b></b><i></i><span>(Desktop, Console and Mobile versions)</span></span></span>";Orichalcum Ore;20–35;"<span class=""chance"" data-sort-value=""1.19"">1/84 (1.19%)</span>";;0;1;1;1
116842;Bramble Crate;14565;Bramble Crate;;"<span class="" eil""><span>[[Bramble Crate|Bramble Crate]]</span><span class=""eico s i1 i2 i4"" title=""Desktop, Console and Mobile versions""><b></b><i></i><span>(Desktop, Console and Mobile versions)</span></span></span>";Adamantite Ore;20–35;"<span class=""chance"" data-sort-value=""1.19"">1/84 (1.19%)</span>";;0;1;1;1
116843;Bramble Crate;14565;Bramble Crate;;"<span class="" eil""><span>[[Bramble Crate|Bramble Crate]]</span><span class=""eico s i1 i2 i4"" title=""Desktop, Console and Mobile versions""><b></b><i></i><span>(Desktop, Console and Mobile versions)</span></span></span>";Titanium Ore;20–35;"<span class=""chance"" data-sort-value=""1.19"">1/84 (1.19%)</span>";;0;1;1;1
116844;Bramble Crate;14565;Bramble Crate;;"<span class="" eil""><span>[[Bramble Crate|Bramble Crate]]</span><span class=""eico s i1 i2 i4"" title=""Desktop, Console and Mobile versions""><b></b><i></i><span>(Desktop, Console and Mobile versions)</span></span></span>";Iron Bar;6–16;"<span class=""chance"" data-sort-value=""1.39"">1/72 (1.39%)</span>";;0;1;1;1
116845;Bramble Crate;14565;Bramble Crate;;"<span class="" eil""><span>[[Bramble Crate|Bramble Crate]]</span><span class=""eico s i1 i2 i4"" title=""Desktop, Console and Mobile versions""><b></b><i></i><span>(Desktop, Console and Mobile versions)</span></span></span>";Silver Bar;6–16;"<span class=""chance"" data-sort-value=""1.39"">1/72 (1.39%)</span>";;0;1;1;1
116846;Bramble Crate;14565;Bramble Crate;;"<span class="" eil""><span>[[Bramble Crate|Bramble Crate]]</span><span class=""eico s i1 i2 i4"" title=""Desktop, Console and Mobile versions""><b></b><i></i><span>(Desktop, Console and Mobile versions)</span></span></span>";Gold Bar;6–16;"<span class=""chance"" data-sort-value=""1.39"">1/72 (1.39%)</span>";;0;1;1;1
116847;Bramble Crate;14565;Bramble Crate;;"<span class="" eil""><span>[[Bramble Crate|Bramble Crate]]</span><span class=""eico s i1 i2 i4"" title=""Desktop, Console and Mobile versions""><b></b><i></i><span>(Desktop, Console and Mobile versions)</span></span></span>";Lead Bar;6–16;"<span class=""chance"" data-sort-value=""1.39"">1/72 (1.39%)</span>";;0;1;1;1
116848;Bramble Crate;14565;Bramble Crate;;"<span class="" eil""><span>[[Bramble Crate|Bramble Crate]]</span><span class=""eico s i1 i2 i4"" title=""Desktop, Console and Mobile versions""><b></b><i></i><span>(Desktop, Console and Mobile versions)</span></span></span>";Tungsten Bar;6–16;"<span class=""chance"" data-sort-value=""1.39"">1/72 (1.39%)</span>";;0;1;1;1
116849;Bramble Crate;14565;Bramble Crate;;"<span class="" eil""><span>[[Bramble Crate|Bramble Crate]]</span><span class=""eico s i1 i2 i4"" title=""Desktop, Console and Mobile versions""><b></b><i></i><span>(Desktop, Console and Mobile versions)</span></span></span>";Platinum Bar;6–16;"<span class=""chance"" data-sort-value=""1.39"">1/72 (1.39%)</span>";;0;1;1;1
116850;Bramble Crate;14565;Bramble Crate;;"<span class="" eil""><span>[[Bramble Crate|Bramble Crate]]</span><span class=""eico s i1 i2 i4"" title=""Desktop, Console and Mobile versions""><b></b><i></i><span>(Desktop, Console and Mobile versions)</span></span></span>";Cobalt Bar;5–16;"<span class=""chance"" data-sort-value=""2.78"">1/36 (2.78%)</span>";;0;1;1;1
116851;Bramble Crate;14565;Bramble Crate;;"<span class="" eil""><span>[[Bramble Crate|Bramble Crate]]</span><span class=""eico s i1 i2 i4"" title=""Desktop, Console and Mobile versions""><b></b><i></i><span>(Desktop, Console and Mobile versions)</span></span></span>";Mythril Bar;5–16;"<span class=""chance"" data-sort-value=""2.78"">1/36 (2.78%)</span>";;0;1;1;1
116852;Bramble Crate;14565;Bramble Crate;;"<span class="" eil""><span>[[Bramble Crate|Bramble Crate]]</span><span class=""eico s i1 i2 i4"" title=""Desktop, Console and Mobile versions""><b></b><i></i><span>(Desktop, Console and Mobile versions)</span></span></span>";Adamantite Bar;5–16;"<span class=""chance"" data-sort-value=""2.78"">1/36 (2.78%)</span>";;0;1;1;1
116853;Bramble Crate;14565;Bramble Crate;;"<span class="" eil""><span>[[Bramble Crate|Bramble Crate]]</span><span class=""eico s i1 i2 i4"" title=""Desktop, Console and Mobile versions""><b></b><i></i><span>(Desktop, Console and Mobile versions)</span></span></span>";Palladium Bar;5–16;"<span class=""chance"" data-sort-value=""2.78"">1/36 (2.78%)</span>";;0;1;1;1
116854;Bramble Crate;14565;Bramble Crate;;"<span class="" eil""><span>[[Bramble Crate|Bramble Crate]]</span><span class=""eico s i1 i2 i4"" title=""Desktop, Console and Mobile versions""><b></b><i></i><span>(Desktop, Console and Mobile versions)</span></span></span>";Orichalcum Bar;5–16;"<span class=""chance"" data-sort-value=""2.78"">1/36 (2.78%)</span>";;0;1;1;1
116855;Bramble Crate;14565;Bramble Crate;;"<span class="" eil""><span>[[Bramble Crate|Bramble Crate]]</span><span class=""eico s i1 i2 i4"" title=""Desktop, Console and Mobile versions""><b></b><i></i><span>(Desktop, Console and Mobile versions)</span></span></span>";Titanium Bar;5–16;"<span class=""chance"" data-sort-value=""2.78"">1/36 (2.78%)</span>";;0;1;1;1
116856;Bramble Crate;14565;Bramble Crate;;"<span class="" eil""><span>[[Bramble Crate|Bramble Crate]]</span><span class=""eico s i1 i2 i4"" title=""Desktop, Console and Mobile versions""><b></b><i></i><span>(Desktop, Console and Mobile versions)</span></span></span>";Obsidian Skin Potion;2–4;"<span class=""chance"" data-sort-value=""4.17"">1/24 (4.17%)</span>";;0;1;1;1
116857;Bramble Crate;14565;Bramble Crate;;"<span class="" eil""><span>[[Bramble Crate|Bramble Crate]]</span><span class=""eico s i1 i2 i4"" title=""Desktop, Console and Mobile versions""><b></b><i></i><span>(Desktop, Console and Mobile versions)</span></span></span>";Spelunker Potion;2–4;"<span class=""chance"" data-sort-value=""4.17"">1/24 (4.17%)</span>";;0;1;1;1
116858;Bramble Crate;14565;Bramble Crate;;"<span class="" eil""><span>[[Bramble Crate|Bramble Crate]]</span><span class=""eico s i1 i2 i4"" title=""Desktop, Console and Mobile versions""><b></b><i></i><span>(Desktop, Console and Mobile versions)</span></span></span>";Hunter Potion;2–4;"<span class=""chance"" data-sort-value=""4.17"">1/24 (4.17%)</span>";;0;1;1;1
116859;Bramble Crate;14565;Bramble Crate;;"<span class="" eil""><span>[[Bramble Crate|Bramble Crate]]</span><span class=""eico s i1 i2 i4"" title=""Desktop, Console and Mobile versions""><b></b><i></i><span>(Desktop, Console and Mobile versions)</span></span></span>";Gravitation Potion;2–4;"<span class=""chance"" data-sort-value=""4.17"">1/24 (4.17%)</span>";;0;1;1;1
116860;Bramble Crate;14565;Bramble Crate;;"<span class="" eil""><span>[[Bramble Crate|Bramble Crate]]</span><span class=""eico s i1 i2 i4"" title=""Desktop, Console and Mobile versions""><b></b><i></i><span>(Desktop, Console and Mobile versions)</span></span></span>";Mining Potion;2–4;"<span class=""chance"" data-sort-value=""4.17"">1/24 (4.17%)</span>";;0;1;1;1
116861;Bramble Crate;14565;Bramble Crate;;"<span class="" eil""><span>[[Bramble Crate|Bramble Crate]]</span><span class=""eico s i1 i2 i4"" title=""Desktop, Console and Mobile versions""><b></b><i></i><span>(Desktop, Console and Mobile versions)</span></span></span>";Heartreach Potion;2–4;"<span class=""chance"" data-sort-value=""4.17"">1/24 (4.17%)</span>";;0;1;1;1
116862;Bramble Crate;14565;Bramble Crate;;"<span class="" eil""><span>[[Bramble Crate|Bramble Crate]]</span><span class=""eico s i1 i2 i4"" title=""Desktop, Console and Mobile versions""><b></b><i></i><span>(Desktop, Console and Mobile versions)</span></span></span>";Healing Potion;5–17;"<span class=""chance"" data-sort-value=""25"">1/4 (25%)</span>";;0;1;1;1
116863;Bramble Crate;14565;Bramble Crate;;"<span class="" eil""><span>[[Bramble Crate|Bramble Crate]]</span><span class=""eico s i1 i2 i4"" title=""Desktop, Console and Mobile versions""><b></b><i></i><span>(Desktop, Console and Mobile versions)</span></span></span>";Mana Potion;5–17;"<span class=""chance"" data-sort-value=""25"">1/4 (25%)</span>";;0;1;1;1
116864;Bramble Crate;14565;Bramble Crate;;"<span class="" eil""><span>[[Bramble Crate|Bramble Crate]]</span><span class=""eico s i1 i2 i4"" title=""Desktop, Console and Mobile versions""><b></b><i></i><span>(Desktop, Console and Mobile versions)</span></span></span>";Journeyman Bait;2–6;"<span class=""chance"" data-sort-value=""25"">1/4 (25%)</span>";;0;1;1;1
116865;Bramble Crate;14565;Bramble Crate;;"<span class="" eil""><span>[[Bramble Crate|Bramble Crate]]</span><span class=""eico s i1 i2 i4"" title=""Desktop, Console and Mobile versions""><b></b><i></i><span>(Desktop, Console and Mobile versions)</span></span></span>";Master Bait;2–6;"<span class=""chance"" data-sort-value=""25"">1/4 (25%)</span>";;0;1;1;1
116866;Bramble Crate;14565;Bramble Crate;;"<span class="" eil""><span>[[Bramble Crate|Bramble Crate]]</span><span class=""eico s i1 i2 i4"" title=""Desktop, Console and Mobile versions""><b></b><i></i><span>(Desktop, Console and Mobile versions)</span></span></span>";Bamboo;20–50;"<span class=""chance"" data-sort-value=""33.33"">1/3 (33.33%)</span>";;0;1;1;1
116867;Bramble Crate;14565;Bramble Crate;;"<span class="" eil""><span>[[Bramble Crate|Bramble Crate]]</span><span class=""eico s i1 i2 i4"" title=""Desktop, Console and Mobile versions""><b></b><i></i><span>(Desktop, Console and Mobile versions)</span></span></span>";Seaweed;1;"<span class=""chance"" data-sort-value=""5"">1/20 (5%)</span>";;0;1;1;1
116868;Mythril Crate;5253;Mythril Crate;;"<span class="" eil""><span>[[Mythril Crate|Mythril Crate]]</span><span class=""eico s i1 i2 i4"" title=""Desktop, Console and Mobile versions""><b></b><i></i><span>(Desktop, Console and Mobile versions)</span></span></span>";Falcon Blade;1;5.98%;;0;1;1;1
116869;Mythril Crate;5253;Mythril Crate;;"<span class="" eil""><span>[[Mythril Crate|Mythril Crate]]</span><span class=""eico s i1 i2 i4"" title=""Desktop, Console and Mobile versions""><b></b><i></i><span>(Desktop, Console and Mobile versions)</span></span></span>";Beguiling Lyre;1;"<span class=""chance"" data-sort-value=""4.72"">59/1250 (4.72%)</span>";;0;1;1;1
116870;Mythril Crate;5253;Mythril Crate;;"<span class="" eil""><span>[[Mythril Crate|Mythril Crate]]</span><span class=""eico s i1 i2 i4"" title=""Desktop, Console and Mobile versions""><b></b><i></i><span>(Desktop, Console and Mobile versions)</span></span></span>";Sailfish Boots;1;4.19%;;0;1;1;1
116871;Mythril Crate;5253;Mythril Crate;;"<span class="" eil""><span>[[Mythril Crate|Mythril Crate]]</span><span class=""eico s i1 i2 i4"" title=""Desktop, Console and Mobile versions""><b></b><i></i><span>(Desktop, Console and Mobile versions)</span></span></span>";Tsunami in a Bottle;1;3.98%;;0;1;1;1
116872;Mythril Crate;5253;Mythril Crate;;"<span class="" eil""><span>[[Mythril Crate|Mythril Crate]]</span><span class=""eico s i1 i2 i4"" title=""Desktop, Console and Mobile versions""><b></b><i></i><span>(Desktop, Console and Mobile versions)</span></span></span>";Ginger Beard;1;"<span class=""chance"" data-sort-value=""3.93"">59/1500 (3.93%)</span>";;0;1;1;1
116873;Mythril Crate;5253;Mythril Crate;;"<span class="" eil""><span>[[Mythril Crate|Mythril Crate]]</span><span class=""eico s i1 i2 i4"" title=""Desktop, Console and Mobile versions""><b></b><i></i><span>(Desktop, Console and Mobile versions)</span></span></span>";Enchanted Sundial;1;"<span class=""chance"" data-sort-value=""1.67"">1/60 (1.67%)</span>";;0;1;1;1
116874;Mythril Crate;5253;Mythril Crate;;"<span class="" eil""><span>[[Mythril Crate|Mythril Crate]]</span><span class=""eico s i1 i2 i4"" title=""Desktop, Console and Mobile versions""><b></b><i></i><span>(Desktop, Console and Mobile versions)</span></span></span>";Gold Coin;5–10;"<span class=""chance"" data-sort-value=""25"">1/4 (25%)</span>";;0;1;1;1
116875;Mythril Crate;5253;Mythril Crate;;"<span class="" eil""><span>[[Mythril Crate|Mythril Crate]]</span><span class=""eico s i1 i2 i4"" title=""Desktop, Console and Mobile versions""><b></b><i></i><span>(Desktop, Console and Mobile versions)</span></span></span>";Copper Ore;12–21;"<span class=""chance"" data-sort-value=""1.39"">1/72 (1.39%)</span>";;0;1;1;1
116876;Mythril Crate;5253;Mythril Crate;;"<span class="" eil""><span>[[Mythril Crate|Mythril Crate]]</span><span class=""eico s i1 i2 i4"" title=""Desktop, Console and Mobile versions""><b></b><i></i><span>(Desktop, Console and Mobile versions)</span></span></span>";Tin Ore;12–21;"<span class=""chance"" data-sort-value=""1.39"">1/72 (1.39%)</span>";;0;1;1;1
116877;Mythril Crate;5253;Mythril Crate;;"<span class="" eil""><span>[[Mythril Crate|Mythril Crate]]</span><span class=""eico s i1 i2 i4"" title=""Desktop, Console and Mobile versions""><b></b><i></i><span>(Desktop, Console and Mobile versions)</span></span></span>";Iron Ore;12–21;"<span class=""chance"" data-sort-value=""1.39"">1/72 (1.39%)</span>";;0;1;1;1
116878;Mythril Crate;5253;Mythril Crate;;"<span class="" eil""><span>[[Mythril Crate|Mythril Crate]]</span><span class=""eico s i1 i2 i4"" title=""Desktop, Console and Mobile versions""><b></b><i></i><span>(Desktop, Console and Mobile versions)</span></span></span>";Lead Ore;12–21;"<span class=""chance"" data-sort-value=""1.39"">1/72 (1.39%)</span>";;0;1;1;1
116879;Mythril Crate;5253;Mythril Crate;;"<span class="" eil""><span>[[Mythril Crate|Mythril Crate]]</span><span class=""eico s i1 i2 i4"" title=""Desktop, Console and Mobile versions""><b></b><i></i><span>(Desktop, Console and Mobile versions)</span></span></span>";Silver Ore;12–21;"<span class=""chance"" data-sort-value=""1.39"">1/72 (1.39%)</span>";;0;1;1;1
116880;Mythril Crate;5253;Mythril Crate;;"<span class="" eil""><span>[[Mythril Crate|Mythril Crate]]</span><span class=""eico s i1 i2 i4"" title=""Desktop, Console and Mobile versions""><b></b><i></i><span>(Desktop, Console and Mobile versions)</span></span></span>";Tungsten Ore;12–21;"<span class=""chance"" data-sort-value=""1.39"">1/72 (1.39%)</span>";;0;1;1;1
116881;Mythril Crate;5253;Mythril Crate;;"<span class="" eil""><span>[[Mythril Crate|Mythril Crate]]</span><span class=""eico s i1 i2 i4"" title=""Desktop, Console and Mobile versions""><b></b><i></i><span>(Desktop, Console and Mobile versions)</span></span></span>";Cobalt Ore;12–21;"<span class=""chance"" data-sort-value=""2.08"">1/48 (2.08%)</span>";;0;1;1;1
116882;Mythril Crate;5253;Mythril Crate;;"<span class="" eil""><span>[[Mythril Crate|Mythril Crate]]</span><span class=""eico s i1 i2 i4"" title=""Desktop, Console and Mobile versions""><b></b><i></i><span>(Desktop, Console and Mobile versions)</span></span></span>";Palladium Ore;12–21;"<span class=""chance"" data-sort-value=""2.08"">1/48 (2.08%)</span>";;0;1;1;1
116883;Mythril Crate;5253;Mythril Crate;;"<span class="" eil""><span>[[Mythril Crate|Mythril Crate]]</span><span class=""eico s i1 i2 i4"" title=""Desktop, Console and Mobile versions""><b></b><i></i><span>(Desktop, Console and Mobile versions)</span></span></span>";Mythril Ore;12–21;"<span class=""chance"" data-sort-value=""2.08"">1/48 (2.08%)</span>";;0;1;1;1
116884;Mythril Crate;5253;Mythril Crate;;"<span class="" eil""><span>[[Mythril Crate|Mythril Crate]]</span><span class=""eico s i1 i2 i4"" title=""Desktop, Console and Mobile versions""><b></b><i></i><span>(Desktop, Console and Mobile versions)</span></span></span>";Orichalcum Ore;12–21;"<span class=""chance"" data-sort-value=""2.08"">1/48 (2.08%)</span>";;0;1;1;1
116885;Mythril Crate;5253;Mythril Crate;;"<span class="" eil""><span>[[Mythril Crate|Mythril Crate]]</span><span class=""eico s i1 i2 i4"" title=""Desktop, Console and Mobile versions""><b></b><i></i><span>(Desktop, Console and Mobile versions)</span></span></span>";Copper Bar;4–7;"<span class=""chance"" data-sort-value=""1.16"">5/432 (1.16%)</span>";;0;1;1;1
116886;Mythril Crate;5253;Mythril Crate;;"<span class="" eil""><span>[[Mythril Crate|Mythril Crate]]</span><span class=""eico s i1 i2 i4"" title=""Desktop, Console and Mobile versions""><b></b><i></i><span>(Desktop, Console and Mobile versions)</span></span></span>";Tin Bar;4–7;"<span class=""chance"" data-sort-value=""1.16"">5/432 (1.16%)</span>";;0;1;1;1
116887;Mythril Crate;5253;Mythril Crate;;"<span class="" eil""><span>[[Mythril Crate|Mythril Crate]]</span><span class=""eico s i1 i2 i4"" title=""Desktop, Console and Mobile versions""><b></b><i></i><span>(Desktop, Console and Mobile versions)</span></span></span>";Iron Bar;4–7;"<span class=""chance"" data-sort-value=""1.16"">5/432 (1.16%)</span>";;0;1;1;1
116888;Mythril Crate;5253;Mythril Crate;;"<span class="" eil""><span>[[Mythril Crate|Mythril Crate]]</span><span class=""eico s i1 i2 i4"" title=""Desktop, Console and Mobile versions""><b></b><i></i><span>(Desktop, Console and Mobile versions)</span></span></span>";Lead Bar;4–7;"<span class=""chance"" data-sort-value=""1.16"">5/432 (1.16%)</span>";;0;1;1;1
116889;Mythril Crate;5253;Mythril Crate;;"<span class="" eil""><span>[[Mythril Crate|Mythril Crate]]</span><span class=""eico s i1 i2 i4"" title=""Desktop, Console and Mobile versions""><b></b><i></i><span>(Desktop, Console and Mobile versions)</span></span></span>";Silver Bar;4–7;"<span class=""chance"" data-sort-value=""1.16"">5/432 (1.16%)</span>";;0;1;1;1
116890;Mythril Crate;5253;Mythril Crate;;"<span class="" eil""><span>[[Mythril Crate|Mythril Crate]]</span><span class=""eico s i1 i2 i4"" title=""Desktop, Console and Mobile versions""><b></b><i></i><span>(Desktop, Console and Mobile versions)</span></span></span>";Tungsten Bar;4–7;"<span class=""chance"" data-sort-value=""1.16"">5/432 (1.16%)</span>";;0;1;1;1
116891;Mythril Crate;5253;Mythril Crate;;"<span class="" eil""><span>[[Mythril Crate|Mythril Crate]]</span><span class=""eico s i1 i2 i4"" title=""Desktop, Console and Mobile versions""><b></b><i></i><span>(Desktop, Console and Mobile versions)</span></span></span>";Cobalt Bar;3–7;"<span class=""chance"" data-sort-value=""3.47"">5/144 (3.47%)</span>";;0;1;1;1
116892;Mythril Crate;5253;Mythril Crate;;"<span class="" eil""><span>[[Mythril Crate|Mythril Crate]]</span><span class=""eico s i1 i2 i4"" title=""Desktop, Console and Mobile versions""><b></b><i></i><span>(Desktop, Console and Mobile versions)</span></span></span>";Palladium Bar;3–7;"<span class=""chance"" data-sort-value=""3.47"">5/144 (3.47%)</span>";;0;1;1;1
116893;Mythril Crate;5253;Mythril Crate;;"<span class="" eil""><span>[[Mythril Crate|Mythril Crate]]</span><span class=""eico s i1 i2 i4"" title=""Desktop, Console and Mobile versions""><b></b><i></i><span>(Desktop, Console and Mobile versions)</span></span></span>";Mythril Bar;3–7;"<span class=""chance"" data-sort-value=""3.47"">5/144 (3.47%)</span>";;0;1;1;1
116894;Mythril Crate;5253;Mythril Crate;;"<span class="" eil""><span>[[Mythril Crate|Mythril Crate]]</span><span class=""eico s i1 i2 i4"" title=""Desktop, Console and Mobile versions""><b></b><i></i><span>(Desktop, Console and Mobile versions)</span></span></span>";Orichalcum Bar;3–7;"<span class=""chance"" data-sort-value=""3.47"">5/144 (3.47%)</span>";;0;1;1;1
116895;Mythril Crate;5253;Mythril Crate;;"<span class="" eil""><span>[[Mythril Crate|Mythril Crate]]</span><span class=""eico s i1 i2 i4"" title=""Desktop, Console and Mobile versions""><b></b><i></i><span>(Desktop, Console and Mobile versions)</span></span></span>";Obsidian Skin Potion;2–4;"<span class=""chance"" data-sort-value=""3.13"">1/32 (3.13%)</span>";;0;1;1;1
116896;Mythril Crate;5253;Mythril Crate;;"<span class="" eil""><span>[[Mythril Crate|Mythril Crate]]</span><span class=""eico s i1 i2 i4"" title=""Desktop, Console and Mobile versions""><b></b><i></i><span>(Desktop, Console and Mobile versions)</span></span></span>";Spelunker Potion;2–4;"<span class=""chance"" data-sort-value=""3.13"">1/32 (3.13%)</span>";;0;1;1;1
116897;Mythril Crate;5253;Mythril Crate;;"<span class="" eil""><span>[[Mythril Crate|Mythril Crate]]</span><span class=""eico s i1 i2 i4"" title=""Desktop, Console and Mobile versions""><b></b><i></i><span>(Desktop, Console and Mobile versions)</span></span></span>";Hunter Potion;2–4;"<span class=""chance"" data-sort-value=""3.13"">1/32 (3.13%)</span>";;0;1;1;1
116898;Mythril Crate;5253;Mythril Crate;;"<span class="" eil""><span>[[Mythril Crate|Mythril Crate]]</span><span class=""eico s i1 i2 i4"" title=""Desktop, Console and Mobile versions""><b></b><i></i><span>(Desktop, Console and Mobile versions)</span></span></span>";Gravitation Potion;2–4;"<span class=""chance"" data-sort-value=""3.13"">1/32 (3.13%)</span>";;0;1;1;1
116899;Mythril Crate;5253;Mythril Crate;;"<span class="" eil""><span>[[Mythril Crate|Mythril Crate]]</span><span class=""eico s i1 i2 i4"" title=""Desktop, Console and Mobile versions""><b></b><i></i><span>(Desktop, Console and Mobile versions)</span></span></span>";Mining Potion;2–4;"<span class=""chance"" data-sort-value=""3.13"">1/32 (3.13%)</span>";;0;1;1;1
116900;Mythril Crate;5253;Mythril Crate;;"<span class="" eil""><span>[[Mythril Crate|Mythril Crate]]</span><span class=""eico s i1 i2 i4"" title=""Desktop, Console and Mobile versions""><b></b><i></i><span>(Desktop, Console and Mobile versions)</span></span></span>";Heartreach Potion;2–4;"<span class=""chance"" data-sort-value=""3.13"">1/32 (3.13%)</span>";;0;1;1;1
116901;Mythril Crate;5253;Mythril Crate;;"<span class="" eil""><span>[[Mythril Crate|Mythril Crate]]</span><span class=""eico s i1 i2 i4"" title=""Desktop, Console and Mobile versions""><b></b><i></i><span>(Desktop, Console and Mobile versions)</span></span></span>";Calming Potion;2–4;"<span class=""chance"" data-sort-value=""3.13"">1/32 (3.13%)</span>";;0;1;1;1
116902;Mythril Crate;5253;Mythril Crate;;"<span class="" eil""><span>[[Mythril Crate|Mythril Crate]]</span><span class=""eico s i1 i2 i4"" title=""Desktop, Console and Mobile versions""><b></b><i></i><span>(Desktop, Console and Mobile versions)</span></span></span>";Flipper Potion;2–4;"<span class=""chance"" data-sort-value=""3.13"">1/32 (3.13%)</span>";;0;1;1;1
116903;Mythril Crate;5253;Mythril Crate;;"<span class="" eil""><span>[[Mythril Crate|Mythril Crate]]</span><span class=""eico s i1 i2 i4"" title=""Desktop, Console and Mobile versions""><b></b><i></i><span>(Desktop, Console and Mobile versions)</span></span></span>";Healing Potion;5–15;"<span class=""chance"" data-sort-value=""25"">1/4 (25%)</span>";;0;1;1;1
116904;Mythril Crate;5253;Mythril Crate;;"<span class="" eil""><span>[[Mythril Crate|Mythril Crate]]</span><span class=""eico s i1 i2 i4"" title=""Desktop, Console and Mobile versions""><b></b><i></i><span>(Desktop, Console and Mobile versions)</span></span></span>";Mana Potion;5–15;"<span class=""chance"" data-sort-value=""25"">1/4 (25%)</span>";;0;1;1;1
116905;Mythril Crate;5253;Mythril Crate;;"<span class="" eil""><span>[[Mythril Crate|Mythril Crate]]</span><span class=""eico s i1 i2 i4"" title=""Desktop, Console and Mobile versions""><b></b><i></i><span>(Desktop, Console and Mobile versions)</span></span></span>";Journeyman Bait;2–4;"<span class=""chance"" data-sort-value=""33.33"">1/3 (33.33%)</span>";;0;1;1;1
116906;Mythril Crate;5253;Mythril Crate;;"<span class="" eil""><span>[[Mythril Crate|Mythril Crate]]</span><span class=""eico s i1 i2 i4"" title=""Desktop, Console and Mobile versions""><b></b><i></i><span>(Desktop, Console and Mobile versions)</span></span></span>";Master Bait;2–4;"<span class=""chance"" data-sort-value=""16.67"">1/6 (16.67%)</span>";;0;1;1;1
116907;Divine Crate;15152;Divine Crate;;"<span class="" eil""><span>[[Divine Crate|Divine Crate]]</span><span class=""eico s i1 i2 i4"" title=""Desktop, Console and Mobile versions""><b></b><i></i><span>(Desktop, Console and Mobile versions)</span></span></span>";Gold Coin;5–12;"<span class=""chance"" data-sort-value=""25"">1/4 (25%)</span>";;0;1;1;1
116908;Divine Crate;15152;Divine Crate;;"<span class="" eil""><span>[[Divine Crate|Divine Crate]]</span><span class=""eico s i1 i2 i4"" title=""Desktop, Console and Mobile versions""><b></b><i></i><span>(Desktop, Console and Mobile versions)</span></span></span>";Copper Ore;20–35;"<span class=""chance"" data-sort-value=""0.89"">1/112 (0.89%)</span>";;0;1;1;1
116909;Divine Crate;15152;Divine Crate;;"<span class="" eil""><span>[[Divine Crate|Divine Crate]]</span><span class=""eico s i1 i2 i4"" title=""Desktop, Console and Mobile versions""><b></b><i></i><span>(Desktop, Console and Mobile versions)</span></span></span>";Tin Ore;20–35;"<span class=""chance"" data-sort-value=""0.89"">1/112 (0.89%)</span>";;0;1;1;1
116910;Divine Crate;15152;Divine Crate;;"<span class="" eil""><span>[[Divine Crate|Divine Crate]]</span><span class=""eico s i1 i2 i4"" title=""Desktop, Console and Mobile versions""><b></b><i></i><span>(Desktop, Console and Mobile versions)</span></span></span>";Iron Ore;20–35;"<span class=""chance"" data-sort-value=""0.89"">1/112 (0.89%)</span>";;0;1;1;1
116911;Divine Crate;15152;Divine Crate;;"<span class="" eil""><span>[[Divine Crate|Divine Crate]]</span><span class=""eico s i1 i2 i4"" title=""Desktop, Console and Mobile versions""><b></b><i></i><span>(Desktop, Console and Mobile versions)</span></span></span>";Lead Ore;20–35;"<span class=""chance"" data-sort-value=""0.89"">1/112 (0.89%)</span>";;0;1;1;1
116912;Divine Crate;15152;Divine Crate;;"<span class="" eil""><span>[[Divine Crate|Divine Crate]]</span><span class=""eico s i1 i2 i4"" title=""Desktop, Console and Mobile versions""><b></b><i></i><span>(Desktop, Console and Mobile versions)</span></span></span>";Silver Ore;20–35;"<span class=""chance"" data-sort-value=""0.89"">1/112 (0.89%)</span>";;0;1;1;1
116913;Divine Crate;15152;Divine Crate;;"<span class="" eil""><span>[[Divine Crate|Divine Crate]]</span><span class=""eico s i1 i2 i4"" title=""Desktop, Console and Mobile versions""><b></b><i></i><span>(Desktop, Console and Mobile versions)</span></span></span>";Tungsten Ore;20–35;"<span class=""chance"" data-sort-value=""0.89"">1/112 (0.89%)</span>";;0;1;1;1
116914;Divine Crate;15152;Divine Crate;;"<span class="" eil""><span>[[Divine Crate|Divine Crate]]</span><span class=""eico s i1 i2 i4"" title=""Desktop, Console and Mobile versions""><b></b><i></i><span>(Desktop, Console and Mobile versions)</span></span></span>";Gold Ore;20–35;"<span class=""chance"" data-sort-value=""0.89"">1/112 (0.89%)</span>";;0;1;1;1
116915;Divine Crate;15152;Divine Crate;;"<span class="" eil""><span>[[Divine Crate|Divine Crate]]</span><span class=""eico s i1 i2 i4"" title=""Desktop, Console and Mobile versions""><b></b><i></i><span>(Desktop, Console and Mobile versions)</span></span></span>";Platinum Ore;20–35;"<span class=""chance"" data-sort-value=""0.89"">1/112 (0.89%)</span>";;0;1;1;1
116916;Divine Crate;15152;Divine Crate;;"<span class="" eil""><span>[[Divine Crate|Divine Crate]]</span><span class=""eico s i1 i2 i4"" title=""Desktop, Console and Mobile versions""><b></b><i></i><span>(Desktop, Console and Mobile versions)</span></span></span>";Cobalt Ore;20–35;"<span class=""chance"" data-sort-value=""1.19"">1/84 (1.19%)</span>";;0;1;1;1
116917;Divine Crate;15152;Divine Crate;;"<span class="" eil""><span>[[Divine Crate|Divine Crate]]</span><span class=""eico s i1 i2 i4"" title=""Desktop, Console and Mobile versions""><b></b><i></i><span>(Desktop, Console and Mobile versions)</span></span></span>";Palladium Ore;20–35;"<span class=""chance"" data-sort-value=""1.19"">1/84 (1.19%)</span>";;0;1;1;1
116918;Divine Crate;15152;Divine Crate;;"<span class="" eil""><span>[[Divine Crate|Divine Crate]]</span><span class=""eico s i1 i2 i4"" title=""Desktop, Console and Mobile versions""><b></b><i></i><span>(Desktop, Console and Mobile versions)</span></span></span>";Mythril Ore;20–35;"<span class=""chance"" data-sort-value=""1.19"">1/84 (1.19%)</span>";;0;1;1;1
116919;Divine Crate;15152;Divine Crate;;"<span class="" eil""><span>[[Divine Crate|Divine Crate]]</span><span class=""eico s i1 i2 i4"" title=""Desktop, Console and Mobile versions""><b></b><i></i><span>(Desktop, Console and Mobile versions)</span></span></span>";Orichalcum Ore;20–35;"<span class=""chance"" data-sort-value=""1.19"">1/84 (1.19%)</span>";;0;1;1;1
116920;Divine Crate;15152;Divine Crate;;"<span class="" eil""><span>[[Divine Crate|Divine Crate]]</span><span class=""eico s i1 i2 i4"" title=""Desktop, Console and Mobile versions""><b></b><i></i><span>(Desktop, Console and Mobile versions)</span></span></span>";Adamantite Ore;20–35;"<span class=""chance"" data-sort-value=""1.19"">1/84 (1.19%)</span>";;0;1;1;1
116921;Divine Crate;15152;Divine Crate;;"<span class="" eil""><span>[[Divine Crate|Divine Crate]]</span><span class=""eico s i1 i2 i4"" title=""Desktop, Console and Mobile versions""><b></b><i></i><span>(Desktop, Console and Mobile versions)</span></span></span>";Titanium Ore;20–35;"<span class=""chance"" data-sort-value=""1.19"">1/84 (1.19%)</span>";;0;1;1;1
116922;Divine Crate;15152;Divine Crate;;"<span class="" eil""><span>[[Divine Crate|Divine Crate]]</span><span class=""eico s i1 i2 i4"" title=""Desktop, Console and Mobile versions""><b></b><i></i><span>(Desktop, Console and Mobile versions)</span></span></span>";Iron Bar;6–16;"<span class=""chance"" data-sort-value=""1.39"">1/72 (1.39%)</span>";;0;1;1;1
116923;Divine Crate;15152;Divine Crate;;"<span class="" eil""><span>[[Divine Crate|Divine Crate]]</span><span class=""eico s i1 i2 i4"" title=""Desktop, Console and Mobile versions""><b></b><i></i><span>(Desktop, Console and Mobile versions)</span></span></span>";Silver Bar;6–16;"<span class=""chance"" data-sort-value=""1.39"">1/72 (1.39%)</span>";;0;1;1;1
116924;Divine Crate;15152;Divine Crate;;"<span class="" eil""><span>[[Divine Crate|Divine Crate]]</span><span class=""eico s i1 i2 i4"" title=""Desktop, Console and Mobile versions""><b></b><i></i><span>(Desktop, Console and Mobile versions)</span></span></span>";Gold Bar;6–16;"<span class=""chance"" data-sort-value=""1.39"">1/72 (1.39%)</span>";;0;1;1;1
116925;Divine Crate;15152;Divine Crate;;"<span class="" eil""><span>[[Divine Crate|Divine Crate]]</span><span class=""eico s i1 i2 i4"" title=""Desktop, Console and Mobile versions""><b></b><i></i><span>(Desktop, Console and Mobile versions)</span></span></span>";Lead Bar;6–16;"<span class=""chance"" data-sort-value=""1.39"">1/72 (1.39%)</span>";;0;1;1;1
116926;Divine Crate;15152;Divine Crate;;"<span class="" eil""><span>[[Divine Crate|Divine Crate]]</span><span class=""eico s i1 i2 i4"" title=""Desktop, Console and Mobile versions""><b></b><i></i><span>(Desktop, Console and Mobile versions)</span></span></span>";Tungsten Bar;6–16;"<span class=""chance"" data-sort-value=""1.39"">1/72 (1.39%)</span>";;0;1;1;1
116927;Divine Crate;15152;Divine Crate;;"<span class="" eil""><span>[[Divine Crate|Divine Crate]]</span><span class=""eico s i1 i2 i4"" title=""Desktop, Console and Mobile versions""><b></b><i></i><span>(Desktop, Console and Mobile versions)</span></span></span>";Platinum Bar;6–16;"<span class=""chance"" data-sort-value=""1.39"">1/72 (1.39%)</span>";;0;1;1;1
116928;Divine Crate;15152;Divine Crate;;"<span class="" eil""><span>[[Divine Crate|Divine Crate]]</span><span class=""eico s i1 i2 i4"" title=""Desktop, Console and Mobile versions""><b></b><i></i><span>(Desktop, Console and Mobile versions)</span></span></span>";Cobalt Bar;5–16;"<span class=""chance"" data-sort-value=""2.78"">1/36 (2.78%)</span>";;0;1;1;1
116929;Divine Crate;15152;Divine Crate;;"<span class="" eil""><span>[[Divine Crate|Divine Crate]]</span><span class=""eico s i1 i2 i4"" title=""Desktop, Console and Mobile versions""><b></b><i></i><span>(Desktop, Console and Mobile versions)</span></span></span>";Mythril Bar;5–16;"<span class=""chance"" data-sort-value=""2.78"">1/36 (2.78%)</span>";;0;1;1;1
116930;Divine Crate;15152;Divine Crate;;"<span class="" eil""><span>[[Divine Crate|Divine Crate]]</span><span class=""eico s i1 i2 i4"" title=""Desktop, Console and Mobile versions""><b></b><i></i><span>(Desktop, Console and Mobile versions)</span></span></span>";Adamantite Bar;5–16;"<span class=""chance"" data-sort-value=""2.78"">1/36 (2.78%)</span>";;0;1;1;1
116931;Divine Crate;15152;Divine Crate;;"<span class="" eil""><span>[[Divine Crate|Divine Crate]]</span><span class=""eico s i1 i2 i4"" title=""Desktop, Console and Mobile versions""><b></b><i></i><span>(Desktop, Console and Mobile versions)</span></span></span>";Palladium Bar;5–16;"<span class=""chance"" data-sort-value=""2.78"">1/36 (2.78%)</span>";;0;1;1;1
116932;Divine Crate;15152;Divine Crate;;"<span class="" eil""><span>[[Divine Crate|Divine Crate]]</span><span class=""eico s i1 i2 i4"" title=""Desktop, Console and Mobile versions""><b></b><i></i><span>(Desktop, Console and Mobile versions)</span></span></span>";Orichalcum Bar;5–16;"<span class=""chance"" data-sort-value=""2.78"">1/36 (2.78%)</span>";;0;1;1;1
116933;Divine Crate;15152;Divine Crate;;"<span class="" eil""><span>[[Divine Crate|Divine Crate]]</span><span class=""eico s i1 i2 i4"" title=""Desktop, Console and Mobile versions""><b></b><i></i><span>(Desktop, Console and Mobile versions)</span></span></span>";Titanium Bar;5–16;"<span class=""chance"" data-sort-value=""2.78"">1/36 (2.78%)</span>";;0;1;1;1
116934;Divine Crate;15152;Divine Crate;;"<span class="" eil""><span>[[Divine Crate|Divine Crate]]</span><span class=""eico s i1 i2 i4"" title=""Desktop, Console and Mobile versions""><b></b><i></i><span>(Desktop, Console and Mobile versions)</span></span></span>";Obsidian Skin Potion;2–4;"<span class=""chance"" data-sort-value=""4.17"">1/24 (4.17%)</span>";;0;1;1;1
116935;Divine Crate;15152;Divine Crate;;"<span class="" eil""><span>[[Divine Crate|Divine Crate]]</span><span class=""eico s i1 i2 i4"" title=""Desktop, Console and Mobile versions""><b></b><i></i><span>(Desktop, Console and Mobile versions)</span></span></span>";Spelunker Potion;2–4;"<span class=""chance"" data-sort-value=""4.17"">1/24 (4.17%)</span>";;0;1;1;1
116936;Divine Crate;15152;Divine Crate;;"<span class="" eil""><span>[[Divine Crate|Divine Crate]]</span><span class=""eico s i1 i2 i4"" title=""Desktop, Console and Mobile versions""><b></b><i></i><span>(Desktop, Console and Mobile versions)</span></span></span>";Hunter Potion;2–4;"<span class=""chance"" data-sort-value=""4.17"">1/24 (4.17%)</span>";;0;1;1;1
116937;Divine Crate;15152;Divine Crate;;"<span class="" eil""><span>[[Divine Crate|Divine Crate]]</span><span class=""eico s i1 i2 i4"" title=""Desktop, Console and Mobile versions""><b></b><i></i><span>(Desktop, Console and Mobile versions)</span></span></span>";Gravitation Potion;2–4;"<span class=""chance"" data-sort-value=""4.17"">1/24 (4.17%)</span>";;0;1;1;1
116938;Divine Crate;15152;Divine Crate;;"<span class="" eil""><span>[[Divine Crate|Divine Crate]]</span><span class=""eico s i1 i2 i4"" title=""Desktop, Console and Mobile versions""><b></b><i></i><span>(Desktop, Console and Mobile versions)</span></span></span>";Mining Potion;2–4;"<span class=""chance"" data-sort-value=""4.17"">1/24 (4.17%)</span>";;0;1;1;1
116939;Divine Crate;15152;Divine Crate;;"<span class="" eil""><span>[[Divine Crate|Divine Crate]]</span><span class=""eico s i1 i2 i4"" title=""Desktop, Console and Mobile versions""><b></b><i></i><span>(Desktop, Console and Mobile versions)</span></span></span>";Heartreach Potion;2–4;"<span class=""chance"" data-sort-value=""4.17"">1/24 (4.17%)</span>";;0;1;1;1
116940;Divine Crate;15152;Divine Crate;;"<span class="" eil""><span>[[Divine Crate|Divine Crate]]</span><span class=""eico s i1 i2 i4"" title=""Desktop, Console and Mobile versions""><b></b><i></i><span>(Desktop, Console and Mobile versions)</span></span></span>";Healing Potion;5–17;"<span class=""chance"" data-sort-value=""25"">1/4 (25%)</span>";;0;1;1;1
116941;Divine Crate;15152;Divine Crate;;"<span class="" eil""><span>[[Divine Crate|Divine Crate]]</span><span class=""eico s i1 i2 i4"" title=""Desktop, Console and Mobile versions""><b></b><i></i><span>(Desktop, Console and Mobile versions)</span></span></span>";Mana Potion;5–17;"<span class=""chance"" data-sort-value=""25"">1/4 (25%)</span>";;0;1;1;1
116942;Divine Crate;15152;Divine Crate;;"<span class="" eil""><span>[[Divine Crate|Divine Crate]]</span><span class=""eico s i1 i2 i4"" title=""Desktop, Console and Mobile versions""><b></b><i></i><span>(Desktop, Console and Mobile versions)</span></span></span>";Journeyman Bait;2–6;"<span class=""chance"" data-sort-value=""25"">1/4 (25%)</span>";;0;1;1;1
116943;Divine Crate;15152;Divine Crate;;"<span class="" eil""><span>[[Divine Crate|Divine Crate]]</span><span class=""eico s i1 i2 i4"" title=""Desktop, Console and Mobile versions""><b></b><i></i><span>(Desktop, Console and Mobile versions)</span></span></span>";Master Bait;2–6;"<span class=""chance"" data-sort-value=""25"">1/4 (25%)</span>";;0;1;1;1
116944;Divine Crate;15152;Divine Crate;;"<span class="" eil""><span>[[Divine Crate|Divine Crate]]</span><span class=""eico s i1 i2 i4"" title=""Desktop, Console and Mobile versions""><b></b><i></i><span>(Desktop, Console and Mobile versions)</span></span></span>";Soul of Light;2–5;"<span class=""chance"" data-sort-value=""50"">1/2 (50%)</span>";;0;1;1;1
116945;Divine Crate;15152;Divine Crate;;"<span class="" eil""><span>[[Divine Crate|Divine Crate]]</span><span class=""eico s i1 i2 i4"" title=""Desktop, Console and Mobile versions""><b></b><i></i><span>(Desktop, Console and Mobile versions)</span></span></span>";Crystal Shard;4–10;"<span class=""chance"" data-sort-value=""50"">1/2 (50%)</span>";;0;1;1;1
116946;Seaside Crate;9861;Seaside Crate;;"<span class="" eil""><span>[[Seaside Crate|Seaside Crate]]</span><span class=""eico s i1 i2 i4"" title=""Desktop, Console and Mobile versions""><b></b><i></i><span>(Desktop, Console and Mobile versions)</span></span></span>";Breathing Reed;1;"<span class=""chance"" data-sort-value=""22.5"">9/40 (22.5%)</span>";;0;1;1;1
116947;Seaside Crate;9861;Seaside Crate;;"<span class="" eil""><span>[[Seaside Crate|Seaside Crate]]</span><span class=""eico s i1 i2 i4"" title=""Desktop, Console and Mobile versions""><b></b><i></i><span>(Desktop, Console and Mobile versions)</span></span></span>";Inner Tube;1;"<span class=""chance"" data-sort-value=""22.5"">9/40 (22.5%)</span>";;0;1;1;1
116948;Seaside Crate;9861;Seaside Crate;;"<span class="" eil""><span>[[Seaside Crate|Seaside Crate]]</span><span class=""eico s i1 i2 i4"" title=""Desktop, Console and Mobile versions""><b></b><i></i><span>(Desktop, Console and Mobile versions)</span></span></span>";Trident;1;"<span class=""chance"" data-sort-value=""22.5"">9/40 (22.5%)</span>";;0;1;1;1
116949;Seaside Crate;9861;Seaside Crate;;"<span class="" eil""><span>[[Seaside Crate|Seaside Crate]]</span><span class=""eico s i1 i2 i4"" title=""Desktop, Console and Mobile versions""><b></b><i></i><span>(Desktop, Console and Mobile versions)</span></span></span>";Flipper;1;"<span class=""chance"" data-sort-value=""22.5"">9/40 (22.5%)</span>";;0;1;1;1
116950;Seaside Crate;9861;Seaside Crate;;"<span class="" eil""><span>[[Seaside Crate|Seaside Crate]]</span><span class=""eico s i1 i2 i4"" title=""Desktop, Console and Mobile versions""><b></b><i></i><span>(Desktop, Console and Mobile versions)</span></span></span>";Water Walking Boots;1;"<span class=""chance"" data-sort-value=""10"">1/10 (10%)</span>";;0;1;1;1
116951;Seaside Crate;9861;Seaside Crate;;"<span class="" eil""><span>[[Seaside Crate|Seaside Crate]]</span><span class=""eico s i1 i2 i4"" title=""Desktop, Console and Mobile versions""><b></b><i></i><span>(Desktop, Console and Mobile versions)</span></span></span>";Shark Bait;1;"<span class=""chance"" data-sort-value=""10"">1/10 (10%)</span>";;0;1;1;1
116952;Seaside Crate;9861;Seaside Crate;;"<span class="" eil""><span>[[Seaside Crate|Seaside Crate]]</span><span class=""eico s i1 i2 i4"" title=""Desktop, Console and Mobile versions""><b></b><i></i><span>(Desktop, Console and Mobile versions)</span></span></span>";Sandcastle Bucket;1;"<span class=""chance"" data-sort-value=""10"">1/10 (10%)</span>";;0;1;1;1
116953;Seaside Crate;9861;Seaside Crate;;"<span class="" eil""><span>[[Seaside Crate|Seaside Crate]]</span><span class=""eico s i1 i2 i4"" title=""Desktop, Console and Mobile versions""><b></b><i></i><span>(Desktop, Console and Mobile versions)</span></span></span>";Of Sea and Dreams;1;"<span class=""chance"" data-sort-value=""20"">1/5 (20%)</span>";;0;1;1;1
116954;Seaside Crate;9861;Seaside Crate;;"<span class="" eil""><span>[[Seaside Crate|Seaside Crate]]</span><span class=""eico s i1 i2 i4"" title=""Desktop, Console and Mobile versions""><b></b><i></i><span>(Desktop, Console and Mobile versions)</span></span></span>";Shell Pile;20–50;"<span class=""chance"" data-sort-value=""33.33"">1/3 (33.33%)</span>";;0;1;1;1
116955;Seaside Crate;9861;Seaside Crate;;"<span class="" eil""><span>[[Seaside Crate|Seaside Crate]]</span><span class=""eico s i1 i2 i4"" title=""Desktop, Console and Mobile versions""><b></b><i></i><span>(Desktop, Console and Mobile versions)</span></span></span>";Gold Coin;5–12;"<span class=""chance"" data-sort-value=""25"">1/4 (25%)</span>";;0;1;1;1
116956;Seaside Crate;9861;Seaside Crate;;"<span class="" eil""><span>[[Seaside Crate|Seaside Crate]]</span><span class=""eico s i1 i2 i4"" title=""Desktop, Console and Mobile versions""><b></b><i></i><span>(Desktop, Console and Mobile versions)</span></span></span>";Copper Ore;20–35;"<span class=""chance"" data-sort-value=""0.89"">1/112 (0.89%)</span>";;0;1;1;1
116957;Seaside Crate;9861;Seaside Crate;;"<span class="" eil""><span>[[Seaside Crate|Seaside Crate]]</span><span class=""eico s i1 i2 i4"" title=""Desktop, Console and Mobile versions""><b></b><i></i><span>(Desktop, Console and Mobile versions)</span></span></span>";Tin Ore;20–35;"<span class=""chance"" data-sort-value=""0.89"">1/112 (0.89%)</span>";;0;1;1;1
116958;Seaside Crate;9861;Seaside Crate;;"<span class="" eil""><span>[[Seaside Crate|Seaside Crate]]</span><span class=""eico s i1 i2 i4"" title=""Desktop, Console and Mobile versions""><b></b><i></i><span>(Desktop, Console and Mobile versions)</span></span></span>";Iron Ore;20–35;"<span class=""chance"" data-sort-value=""0.89"">1/112 (0.89%)</span>";;0;1;1;1
116959;Seaside Crate;9861;Seaside Crate;;"<span class="" eil""><span>[[Seaside Crate|Seaside Crate]]</span><span class=""eico s i1 i2 i4"" title=""Desktop, Console and Mobile versions""><b></b><i></i><span>(Desktop, Console and Mobile versions)</span></span></span>";Lead Ore;20–35;"<span class=""chance"" data-sort-value=""0.89"">1/112 (0.89%)</span>";;0;1;1;1
116960;Seaside Crate;9861;Seaside Crate;;"<span class="" eil""><span>[[Seaside Crate|Seaside Crate]]</span><span class=""eico s i1 i2 i4"" title=""Desktop, Console and Mobile versions""><b></b><i></i><span>(Desktop, Console and Mobile versions)</span></span></span>";Silver Ore;20–35;"<span class=""chance"" data-sort-value=""0.89"">1/112 (0.89%)</span>";;0;1;1;1
116961;Seaside Crate;9861;Seaside Crate;;"<span class="" eil""><span>[[Seaside Crate|Seaside Crate]]</span><span class=""eico s i1 i2 i4"" title=""Desktop, Console and Mobile versions""><b></b><i></i><span>(Desktop, Console and Mobile versions)</span></span></span>";Tungsten Ore;20–35;"<span class=""chance"" data-sort-value=""0.89"">1/112 (0.89%)</span>";;0;1;1;1
116962;Seaside Crate;9861;Seaside Crate;;"<span class="" eil""><span>[[Seaside Crate|Seaside Crate]]</span><span class=""eico s i1 i2 i4"" title=""Desktop, Console and Mobile versions""><b></b><i></i><span>(Desktop, Console and Mobile versions)</span></span></span>";Gold Ore;20–35;"<span class=""chance"" data-sort-value=""0.89"">1/112 (0.89%)</span>";;0;1;1;1
116963;Seaside Crate;9861;Seaside Crate;;"<span class="" eil""><span>[[Seaside Crate|Seaside Crate]]</span><span class=""eico s i1 i2 i4"" title=""Desktop, Console and Mobile versions""><b></b><i></i><span>(Desktop, Console and Mobile versions)</span></span></span>";Platinum Ore;20–35;"<span class=""chance"" data-sort-value=""0.89"">1/112 (0.89%)</span>";;0;1;1;1
116964;Seaside Crate;9861;Seaside Crate;;"<span class="" eil""><span>[[Seaside Crate|Seaside Crate]]</span><span class=""eico s i1 i2 i4"" title=""Desktop, Console and Mobile versions""><b></b><i></i><span>(Desktop, Console and Mobile versions)</span></span></span>";Cobalt Ore;20–35;"<span class=""chance"" data-sort-value=""1.19"">1/84 (1.19%)</span>";;0;1;1;1
116965;Seaside Crate;9861;Seaside Crate;;"<span class="" eil""><span>[[Seaside Crate|Seaside Crate]]</span><span class=""eico s i1 i2 i4"" title=""Desktop, Console and Mobile versions""><b></b><i></i><span>(Desktop, Console and Mobile versions)</span></span></span>";Palladium Ore;20–35;"<span class=""chance"" data-sort-value=""1.19"">1/84 (1.19%)</span>";;0;1;1;1
116966;Seaside Crate;9861;Seaside Crate;;"<span class="" eil""><span>[[Seaside Crate|Seaside Crate]]</span><span class=""eico s i1 i2 i4"" title=""Desktop, Console and Mobile versions""><b></b><i></i><span>(Desktop, Console and Mobile versions)</span></span></span>";Mythril Ore;20–35;"<span class=""chance"" data-sort-value=""1.19"">1/84 (1.19%)</span>";;0;1;1;1
116967;Seaside Crate;9861;Seaside Crate;;"<span class="" eil""><span>[[Seaside Crate|Seaside Crate]]</span><span class=""eico s i1 i2 i4"" title=""Desktop, Console and Mobile versions""><b></b><i></i><span>(Desktop, Console and Mobile versions)</span></span></span>";Orichalcum Ore;20–35;"<span class=""chance"" data-sort-value=""1.19"">1/84 (1.19%)</span>";;0;1;1;1
116968;Seaside Crate;9861;Seaside Crate;;"<span class="" eil""><span>[[Seaside Crate|Seaside Crate]]</span><span class=""eico s i1 i2 i4"" title=""Desktop, Console and Mobile versions""><b></b><i></i><span>(Desktop, Console and Mobile versions)</span></span></span>";Adamantite Ore;20–35;"<span class=""chance"" data-sort-value=""1.19"">1/84 (1.19%)</span>";;0;1;1;1
116969;Seaside Crate;9861;Seaside Crate;;"<span class="" eil""><span>[[Seaside Crate|Seaside Crate]]</span><span class=""eico s i1 i2 i4"" title=""Desktop, Console and Mobile versions""><b></b><i></i><span>(Desktop, Console and Mobile versions)</span></span></span>";Titanium Ore;20–35;"<span class=""chance"" data-sort-value=""1.19"">1/84 (1.19%)</span>";;0;1;1;1
116970;Seaside Crate;9861;Seaside Crate;;"<span class="" eil""><span>[[Seaside Crate|Seaside Crate]]</span><span class=""eico s i1 i2 i4"" title=""Desktop, Console and Mobile versions""><b></b><i></i><span>(Desktop, Console and Mobile versions)</span></span></span>";Iron Bar;6–16;"<span class=""chance"" data-sort-value=""1.39"">1/72 (1.39%)</span>";;0;1;1;1
116971;Seaside Crate;9861;Seaside Crate;;"<span class="" eil""><span>[[Seaside Crate|Seaside Crate]]</span><span class=""eico s i1 i2 i4"" title=""Desktop, Console and Mobile versions""><b></b><i></i><span>(Desktop, Console and Mobile versions)</span></span></span>";Silver Bar;6–16;"<span class=""chance"" data-sort-value=""1.39"">1/72 (1.39%)</span>";;0;1;1;1
116972;Seaside Crate;9861;Seaside Crate;;"<span class="" eil""><span>[[Seaside Crate|Seaside Crate]]</span><span class=""eico s i1 i2 i4"" title=""Desktop, Console and Mobile versions""><b></b><i></i><span>(Desktop, Console and Mobile versions)</span></span></span>";Gold Bar;6–16;"<span class=""chance"" data-sort-value=""1.39"">1/72 (1.39%)</span>";;0;1;1;1
116973;Seaside Crate;9861;Seaside Crate;;"<span class="" eil""><span>[[Seaside Crate|Seaside Crate]]</span><span class=""eico s i1 i2 i4"" title=""Desktop, Console and Mobile versions""><b></b><i></i><span>(Desktop, Console and Mobile versions)</span></span></span>";Lead Bar;6–16;"<span class=""chance"" data-sort-value=""1.39"">1/72 (1.39%)</span>";;0;1;1;1
116974;Seaside Crate;9861;Seaside Crate;;"<span class="" eil""><span>[[Seaside Crate|Seaside Crate]]</span><span class=""eico s i1 i2 i4"" title=""Desktop, Console and Mobile versions""><b></b><i></i><span>(Desktop, Console and Mobile versions)</span></span></span>";Tungsten Bar;6–16;"<span class=""chance"" data-sort-value=""1.39"">1/72 (1.39%)</span>";;0;1;1;1
116975;Seaside Crate;9861;Seaside Crate;;"<span class="" eil""><span>[[Seaside Crate|Seaside Crate]]</span><span class=""eico s i1 i2 i4"" title=""Desktop, Console and Mobile versions""><b></b><i></i><span>(Desktop, Console and Mobile versions)</span></span></span>";Platinum Bar;6–16;"<span class=""chance"" data-sort-value=""1.39"">1/72 (1.39%)</span>";;0;1;1;1
116976;Seaside Crate;9861;Seaside Crate;;"<span class="" eil""><span>[[Seaside Crate|Seaside Crate]]</span><span class=""eico s i1 i2 i4"" title=""Desktop, Console and Mobile versions""><b></b><i></i><span>(Desktop, Console and Mobile versions)</span></span></span>";Cobalt Bar;5–16;"<span class=""chance"" data-sort-value=""2.78"">1/36 (2.78%)</span>";;0;1;1;1
116977;Seaside Crate;9861;Seaside Crate;;"<span class="" eil""><span>[[Seaside Crate|Seaside Crate]]</span><span class=""eico s i1 i2 i4"" title=""Desktop, Console and Mobile versions""><b></b><i></i><span>(Desktop, Console and Mobile versions)</span></span></span>";Mythril Bar;5–16;"<span class=""chance"" data-sort-value=""2.78"">1/36 (2.78%)</span>";;0;1;1;1
116978;Seaside Crate;9861;Seaside Crate;;"<span class="" eil""><span>[[Seaside Crate|Seaside Crate]]</span><span class=""eico s i1 i2 i4"" title=""Desktop, Console and Mobile versions""><b></b><i></i><span>(Desktop, Console and Mobile versions)</span></span></span>";Adamantite Bar;5–16;"<span class=""chance"" data-sort-value=""2.78"">1/36 (2.78%)</span>";;0;1;1;1
116979;Seaside Crate;9861;Seaside Crate;;"<span class="" eil""><span>[[Seaside Crate|Seaside Crate]]</span><span class=""eico s i1 i2 i4"" title=""Desktop, Console and Mobile versions""><b></b><i></i><span>(Desktop, Console and Mobile versions)</span></span></span>";Palladium Bar;5–16;"<span class=""chance"" data-sort-value=""2.78"">1/36 (2.78%)</span>";;0;1;1;1
116980;Seaside Crate;9861;Seaside Crate;;"<span class="" eil""><span>[[Seaside Crate|Seaside Crate]]</span><span class=""eico s i1 i2 i4"" title=""Desktop, Console and Mobile versions""><b></b><i></i><span>(Desktop, Console and Mobile versions)</span></span></span>";Orichalcum Bar;5–16;"<span class=""chance"" data-sort-value=""2.78"">1/36 (2.78%)</span>";;0;1;1;1
116981;Seaside Crate;9861;Seaside Crate;;"<span class="" eil""><span>[[Seaside Crate|Seaside Crate]]</span><span class=""eico s i1 i2 i4"" title=""Desktop, Console and Mobile versions""><b></b><i></i><span>(Desktop, Console and Mobile versions)</span></span></span>";Titanium Bar;5–16;"<span class=""chance"" data-sort-value=""2.78"">1/36 (2.78%)</span>";;0;1;1;1
116982;Seaside Crate;9861;Seaside Crate;;"<span class="" eil""><span>[[Seaside Crate|Seaside Crate]]</span><span class=""eico s i1 i2 i4"" title=""Desktop, Console and Mobile versions""><b></b><i></i><span>(Desktop, Console and Mobile versions)</span></span></span>";Obsidian Skin Potion;2–4;"<span class=""chance"" data-sort-value=""4.17"">1/24 (4.17%)</span>";;0;1;1;1
116983;Seaside Crate;9861;Seaside Crate;;"<span class="" eil""><span>[[Seaside Crate|Seaside Crate]]</span><span class=""eico s i1 i2 i4"" title=""Desktop, Console and Mobile versions""><b></b><i></i><span>(Desktop, Console and Mobile versions)</span></span></span>";Spelunker Potion;2–4;"<span class=""chance"" data-sort-value=""4.17"">1/24 (4.17%)</span>";;0;1;1;1
116984;Seaside Crate;9861;Seaside Crate;;"<span class="" eil""><span>[[Seaside Crate|Seaside Crate]]</span><span class=""eico s i1 i2 i4"" title=""Desktop, Console and Mobile versions""><b></b><i></i><span>(Desktop, Console and Mobile versions)</span></span></span>";Hunter Potion;2–4;"<span class=""chance"" data-sort-value=""4.17"">1/24 (4.17%)</span>";;0;1;1;1
116985;Seaside Crate;9861;Seaside Crate;;"<span class="" eil""><span>[[Seaside Crate|Seaside Crate]]</span><span class=""eico s i1 i2 i4"" title=""Desktop, Console and Mobile versions""><b></b><i></i><span>(Desktop, Console and Mobile versions)</span></span></span>";Gravitation Potion;2–4;"<span class=""chance"" data-sort-value=""4.17"">1/24 (4.17%)</span>";;0;1;1;1
116986;Seaside Crate;9861;Seaside Crate;;"<span class="" eil""><span>[[Seaside Crate|Seaside Crate]]</span><span class=""eico s i1 i2 i4"" title=""Desktop, Console and Mobile versions""><b></b><i></i><span>(Desktop, Console and Mobile versions)</span></span></span>";Mining Potion;2–4;"<span class=""chance"" data-sort-value=""4.17"">1/24 (4.17%)</span>";;0;1;1;1
116987;Seaside Crate;9861;Seaside Crate;;"<span class="" eil""><span>[[Seaside Crate|Seaside Crate]]</span><span class=""eico s i1 i2 i4"" title=""Desktop, Console and Mobile versions""><b></b><i></i><span>(Desktop, Console and Mobile versions)</span></span></span>";Heartreach Potion;2–4;"<span class=""chance"" data-sort-value=""4.17"">1/24 (4.17%)</span>";;0;1;1;1
116988;Seaside Crate;9861;Seaside Crate;;"<span class="" eil""><span>[[Seaside Crate|Seaside Crate]]</span><span class=""eico s i1 i2 i4"" title=""Desktop, Console and Mobile versions""><b></b><i></i><span>(Desktop, Console and Mobile versions)</span></span></span>";Healing Potion;5–17;"<span class=""chance"" data-sort-value=""25"">1/4 (25%)</span>";;0;1;1;1
116989;Seaside Crate;9861;Seaside Crate;;"<span class="" eil""><span>[[Seaside Crate|Seaside Crate]]</span><span class=""eico s i1 i2 i4"" title=""Desktop, Console and Mobile versions""><b></b><i></i><span>(Desktop, Console and Mobile versions)</span></span></span>";Mana Potion;5–17;"<span class=""chance"" data-sort-value=""25"">1/4 (25%)</span>";;0;1;1;1
116990;Seaside Crate;9861;Seaside Crate;;"<span class="" eil""><span>[[Seaside Crate|Seaside Crate]]</span><span class=""eico s i1 i2 i4"" title=""Desktop, Console and Mobile versions""><b></b><i></i><span>(Desktop, Console and Mobile versions)</span></span></span>";Journeyman Bait;2–6;"<span class=""chance"" data-sort-value=""25"">1/4 (25%)</span>";;0;1;1;1
116991;Seaside Crate;9861;Seaside Crate;;"<span class="" eil""><span>[[Seaside Crate|Seaside Crate]]</span><span class=""eico s i1 i2 i4"" title=""Desktop, Console and Mobile versions""><b></b><i></i><span>(Desktop, Console and Mobile versions)</span></span></span>";Master Bait;2–6;"<span class=""chance"" data-sort-value=""25"">1/4 (25%)</span>";;0;1;1;1
116992;Golden Crate;10984;Golden Crate;;"<span class="" eil""><span>[[Golden Crate|Golden Crate]]</span></span>";Life Crystal;1;"<span class=""chance"" data-sort-value=""12.5"">1/8 (12.5%)</span>";;0;1;1;1
116993;Golden Crate;10984;Golden Crate;;"<span class="" eil""><span>[[Golden Crate|Golden Crate]]</span></span>";Hardy Saddle;1;"<span class=""chance"" data-sort-value=""8.75"">7/80 (8.75%)</span>";;0;1;1;1
116994;Golden Crate;10984;Golden Crate;;"<span class="" eil""><span>[[Golden Crate|Golden Crate]]</span></span>";Gold Coin;8–20;"<span class=""chance"" data-sort-value=""33.33"">1/3 (33.33%)</span>";;0;1;1;1
116995;Golden Crate;10984;Golden Crate;;"<span class="" eil""><span>[[Golden Crate|Golden Crate]]</span></span>";Silver Ore;25–34;"<span class=""chance"" data-sort-value=""5"">1/20 (5%)</span>";;0;1;1;1
116996;Golden Crate;10984;Golden Crate;;"<span class="" eil""><span>[[Golden Crate|Golden Crate]]</span></span>";Tungsten Ore;25–34;"<span class=""chance"" data-sort-value=""5"">1/20 (5%)</span>";;0;1;1;1
116997;Golden Crate;10984;Golden Crate;;"<span class="" eil""><span>[[Golden Crate|Golden Crate]]</span></span>";Gold Ore;25–34;"<span class=""chance"" data-sort-value=""5"">1/20 (5%)</span>";;0;1;1;1
116998;Golden Crate;10984;Golden Crate;;"<span class="" eil""><span>[[Golden Crate|Golden Crate]]</span></span>";Platinum Ore;25–34;"<span class=""chance"" data-sort-value=""5"">1/20 (5%)</span>";;0;1;1;1
116999;Golden Crate;10984;Golden Crate;;"<span class="" eil""><span>[[Golden Crate|Golden Crate]]</span></span>";Silver Bar;8–11;"<span class=""chance"" data-sort-value=""6.67"">1/15 (6.67%)</span>";;0;1;1;1
117000;Golden Crate;10984;Golden Crate;;"<span class="" eil""><span>[[Golden Crate|Golden Crate]]</span></span>";Gold Bar;8–11;"<span class=""chance"" data-sort-value=""6.67"">1/15 (6.67%)</span>";;0;1;1;1
117001;Golden Crate;10984;Golden Crate;;"<span class="" eil""><span>[[Golden Crate|Golden Crate]]</span></span>";Tungsten Bar;8–11;"<span class=""chance"" data-sort-value=""6.67"">1/15 (6.67%)</span>";;0;1;1;1
117002;Golden Crate;10984;Golden Crate;;"<span class="" eil""><span>[[Golden Crate|Golden Crate]]</span></span>";Platinum Bar;8–11;"<span class=""chance"" data-sort-value=""6.67"">1/15 (6.67%)</span>";;0;1;1;1
117003;Golden Crate;10984;Golden Crate;;"<span class="" eil""><span>[[Golden Crate|Golden Crate]]</span></span>";Obsidian Skin Potion;2–5;"<span class=""chance"" data-sort-value=""6.67"">1/15 (6.67%)</span>";;0;1;1;1
117004;Golden Crate;10984;Golden Crate;;"<span class="" eil""><span>[[Golden Crate|Golden Crate]]</span></span>";Spelunker Potion;2–5;"<span class=""chance"" data-sort-value=""6.67"">1/15 (6.67%)</span>";;0;1;1;1
117005;Golden Crate;10984;Golden Crate;;"<span class="" eil""><span>[[Golden Crate|Golden Crate]]</span></span>";Gravitation Potion;2–5;"<span class=""chance"" data-sort-value=""6.67"">1/15 (6.67%)</span>";;0;1;1;1
117006;Golden Crate;10984;Golden Crate;;"<span class="" eil""><span>[[Golden Crate|Golden Crate]]</span></span>";Mining Potion;2–5;"<span class=""chance"" data-sort-value=""6.67"">1/15 (6.67%)</span>";;0;1;1;1
117007;Golden Crate;10984;Golden Crate;;"<span class="" eil""><span>[[Golden Crate|Golden Crate]]</span></span>";Heartreach Potion;2–5;"<span class=""chance"" data-sort-value=""6.67"">1/15 (6.67%)</span>";;0;1;1;1
117008;Golden Crate;10984;Golden Crate;;"<span class="" eil""><span>[[Golden Crate|Golden Crate]]</span></span>";Healing Potion;5–20;"<span class=""chance"" data-sort-value=""25"">1/4 (25%)</span>";;0;1;1;1
117009;Golden Crate;10984;Golden Crate;;"<span class="" eil""><span>[[Golden Crate|Golden Crate]]</span></span>";Mana Potion;5–20;"<span class=""chance"" data-sort-value=""25"">1/4 (25%)</span>";;0;1;1;1
117010;Golden Crate;10984;Golden Crate;;"<span class="" eil""><span>[[Golden Crate|Golden Crate]]</span></span>";Master Bait;3–7;"<span class=""chance"" data-sort-value=""66.67"">2/3 (66.67%)</span>";;0;1;1;1
117011;Golden Crate;10984;Golden Crate;;"<span class="" eil""><span>[[Golden Crate|Golden Crate]]</span></span>";Enchanted Sword;1;"<span class=""chance"" data-sort-value=""3.33"">1/30 (3.33%)</span>";;0;1;1;1
117081;Iron Crate;13742;Iron Crate;;"<span class="" eil""><span>[[Iron Crate|Iron Crate]]</span></span>";Falcon Blade;1;"<span class=""chance"" data-sort-value=""6.08"">38/625 (6.08%)</span>";;0;1;1;1
117082;Iron Crate;13742;Iron Crate;;"<span class="" eil""><span>[[Iron Crate|Iron Crate]]</span></span>";Beguiling Lyre;1;"<span class=""chance"" data-sort-value=""4.8"">6/125 (4.8%)</span>";;0;1;1;1
117083;Iron Crate;13742;Iron Crate;;"<span class="" eil""><span>[[Iron Crate|Iron Crate]]</span></span>";Sailfish Boots;1;"<span class=""chance"" data-sort-value=""4.26"">133/3125 (4.26%)</span>";;0;1;1;1
117084;Iron Crate;13742;Iron Crate;;"<span class="" eil""><span>[[Iron Crate|Iron Crate]]</span></span>";Tsunami in a Bottle;1;4.04%;;0;1;1;1
117085;Iron Crate;13742;Iron Crate;;"<span class="" eil""><span>[[Iron Crate|Iron Crate]]</span></span>";Ginger Beard;1;"<span class=""chance"" data-sort-value=""4"">1/25 (4%)</span>";;0;1;1;1
117086;Iron Crate;13742;Iron Crate;;"<span class="" eil""><span>[[Iron Crate|Iron Crate]]</span></span>";Gold Coin;5–10;"<span class=""chance"" data-sort-value=""25"">1/4 (25%)</span>";;0;1;1;1
117087;Iron Crate;13742;Iron Crate;;"<span class="" eil""><span>[[Iron Crate|Iron Crate]]</span></span>";Copper Ore;12–21;"<span class=""chance"" data-sort-value=""2.78"">1/36 (2.78%)</span>";;0;1;1;1
117088;Iron Crate;13742;Iron Crate;;"<span class="" eil""><span>[[Iron Crate|Iron Crate]]</span></span>";Tin Ore;12–21;"<span class=""chance"" data-sort-value=""2.78"">1/36 (2.78%)</span>";;0;1;1;1
117089;Iron Crate;13742;Iron Crate;;"<span class="" eil""><span>[[Iron Crate|Iron Crate]]</span></span>";Iron Ore;12–21;"<span class=""chance"" data-sort-value=""2.78"">1/36 (2.78%)</span>";;0;1;1;1
117090;Iron Crate;13742;Iron Crate;;"<span class="" eil""><span>[[Iron Crate|Iron Crate]]</span></span>";Lead Ore;12–21;"<span class=""chance"" data-sort-value=""2.78"">1/36 (2.78%)</span>";;0;1;1;1
117091;Iron Crate;13742;Iron Crate;;"<span class="" eil""><span>[[Iron Crate|Iron Crate]]</span></span>";Silver Ore;12–21;"<span class=""chance"" data-sort-value=""2.78"">1/36 (2.78%)</span>";;0;1;1;1
117092;Iron Crate;13742;Iron Crate;;"<span class="" eil""><span>[[Iron Crate|Iron Crate]]</span></span>";Tungsten Ore;12–21;"<span class=""chance"" data-sort-value=""2.78"">1/36 (2.78%)</span>";;0;1;1;1
117093;Iron Crate;13742;Iron Crate;;"<span class="" eil""><span>[[Iron Crate|Iron Crate]]</span></span>";Copper Bar;4–7;"<span class=""chance"" data-sort-value=""3.47"">5/144 (3.47%)</span>";;0;1;1;1
117094;Iron Crate;13742;Iron Crate;;"<span class="" eil""><span>[[Iron Crate|Iron Crate]]</span></span>";Tin Bar;4–7;"<span class=""chance"" data-sort-value=""3.47"">5/144 (3.47%)</span>";;0;1;1;1
117095;Iron Crate;13742;Iron Crate;;"<span class="" eil""><span>[[Iron Crate|Iron Crate]]</span></span>";Iron Bar;4–7;"<span class=""chance"" data-sort-value=""3.47"">5/144 (3.47%)</span>";;0;1;1;1
117096;Iron Crate;13742;Iron Crate;;"<span class="" eil""><span>[[Iron Crate|Iron Crate]]</span></span>";Lead Bar;4–7;"<span class=""chance"" data-sort-value=""3.47"">5/144 (3.47%)</span>";;0;1;1;1
117097;Iron Crate;13742;Iron Crate;;"<span class="" eil""><span>[[Iron Crate|Iron Crate]]</span></span>";Silver Bar;4–7;"<span class=""chance"" data-sort-value=""3.47"">5/144 (3.47%)</span>";;0;1;1;1
117098;Iron Crate;13742;Iron Crate;;"<span class="" eil""><span>[[Iron Crate|Iron Crate]]</span></span>";Tungsten Bar;4–7;"<span class=""chance"" data-sort-value=""3.47"">5/144 (3.47%)</span>";;0;1;1;1
117099;Iron Crate;13742;Iron Crate;;"<span class="" eil""><span>[[Iron Crate|Iron Crate]]</span></span>";Obsidian Skin Potion;2–4;"<span class=""chance"" data-sort-value=""3.13"">1/32 (3.13%)</span>";;0;1;1;1
117100;Iron Crate;13742;Iron Crate;;"<span class="" eil""><span>[[Iron Crate|Iron Crate]]</span></span>";Spelunker Potion;2–4;"<span class=""chance"" data-sort-value=""3.13"">1/32 (3.13%)</span>";;0;1;1;1
117101;Iron Crate;13742;Iron Crate;;"<span class="" eil""><span>[[Iron Crate|Iron Crate]]</span></span>";Hunter Potion;2–4;"<span class=""chance"" data-sort-value=""3.13"">1/32 (3.13%)</span>";;0;1;1;1
117102;Iron Crate;13742;Iron Crate;;"<span class="" eil""><span>[[Iron Crate|Iron Crate]]</span></span>";Gravitation Potion;2–4;"<span class=""chance"" data-sort-value=""3.13"">1/32 (3.13%)</span>";;0;1;1;1
117103;Iron Crate;13742;Iron Crate;;"<span class="" eil""><span>[[Iron Crate|Iron Crate]]</span></span>";Mining Potion;2–4;"<span class=""chance"" data-sort-value=""3.13"">1/32 (3.13%)</span>";;0;1;1;1
117104;Iron Crate;13742;Iron Crate;;"<span class="" eil""><span>[[Iron Crate|Iron Crate]]</span></span>";Heartreach Potion;2–4;"<span class=""chance"" data-sort-value=""3.13"">1/32 (3.13%)</span>";;0;1;1;1
117105;Iron Crate;13742;Iron Crate;;"<span class="" eil""><span>[[Iron Crate|Iron Crate]]</span></span>";Calming Potion;2–4;"<span class=""chance"" data-sort-value=""3.13"">1/32 (3.13%)</span>";;0;1;1;1
117106;Iron Crate;13742;Iron Crate;;"<span class="" eil""><span>[[Iron Crate|Iron Crate]]</span></span>";Flipper Potion;2–4;"<span class=""chance"" data-sort-value=""3.13"">1/32 (3.13%)</span>";;0;1;1;1
117107;Iron Crate;13742;Iron Crate;;"<span class="" eil""><span>[[Iron Crate|Iron Crate]]</span></span>";Healing Potion;5–15;"<span class=""chance"" data-sort-value=""25"">1/4 (25%)</span>";;0;1;1;1
117108;Iron Crate;13742;Iron Crate;;"<span class="" eil""><span>[[Iron Crate|Iron Crate]]</span></span>";Mana Potion;5–15;"<span class=""chance"" data-sort-value=""25"">1/4 (25%)</span>";;0;1;1;1
117109;Iron Crate;13742;Iron Crate;;"<span class="" eil""><span>[[Iron Crate|Iron Crate]]</span></span>";Journeyman Bait;2–4;"<span class=""chance"" data-sort-value=""33.33"">1/3 (33.33%)</span>";;0;1;1;1
117110;Iron Crate;13742;Iron Crate;;"<span class="" eil""><span>[[Iron Crate|Iron Crate]]</span></span>";Master Bait;2–4;"<span class=""chance"" data-sort-value=""16.67"">1/6 (16.67%)</span>";;0;1;1;1
117111;Titanium Crate;11178;Titanium Crate;;"<span class="" eil""><span>[[Titanium Crate|Titanium Crate]]</span><span class=""eico s i1 i2 i4"" title=""Desktop, Console and Mobile versions""><b></b><i></i><span>(Desktop, Console and Mobile versions)</span></span></span>";Life Crystal;1;"<span class=""chance"" data-sort-value=""11.88"">19/160 (11.88%)</span>";;0;1;1;1
117112;Titanium Crate;11178;Titanium Crate;;"<span class="" eil""><span>[[Titanium Crate|Titanium Crate]]</span><span class=""eico s i1 i2 i4"" title=""Desktop, Console and Mobile versions""><b></b><i></i><span>(Desktop, Console and Mobile versions)</span></span></span>";Hardy Saddle;1;"<span class=""chance"" data-sort-value=""8.31"">133/1600 (8.31%)</span>";;0;1;1;1
117113;Titanium Crate;11178;Titanium Crate;;"<span class="" eil""><span>[[Titanium Crate|Titanium Crate]]</span><span class=""eico s i1 i2 i4"" title=""Desktop, Console and Mobile versions""><b></b><i></i><span>(Desktop, Console and Mobile versions)</span></span></span>";Enchanted Sundial;1;"<span class=""chance"" data-sort-value=""5"">1/20 (5%)</span>";;0;1;1;1
117114;Titanium Crate;11178;Titanium Crate;;"<span class="" eil""><span>[[Titanium Crate|Titanium Crate]]</span><span class=""eico s i1 i2 i4"" title=""Desktop, Console and Mobile versions""><b></b><i></i><span>(Desktop, Console and Mobile versions)</span></span></span>";Gold Coin;8–20;"<span class=""chance"" data-sort-value=""33.33"">1/3 (33.33%)</span>";;0;1;1;1
117115;Titanium Crate;11178;Titanium Crate;;"<span class="" eil""><span>[[Titanium Crate|Titanium Crate]]</span><span class=""eico s i1 i2 i4"" title=""Desktop, Console and Mobile versions""><b></b><i></i><span>(Desktop, Console and Mobile versions)</span></span></span>";Silver Ore;25–34;"<span class=""chance"" data-sort-value=""2.5"">1/40 (2.5%)</span>";;0;1;1;1
117116;Titanium Crate;11178;Titanium Crate;;"<span class="" eil""><span>[[Titanium Crate|Titanium Crate]]</span><span class=""eico s i1 i2 i4"" title=""Desktop, Console and Mobile versions""><b></b><i></i><span>(Desktop, Console and Mobile versions)</span></span></span>";Tungsten Ore;25–34;"<span class=""chance"" data-sort-value=""2.5"">1/40 (2.5%)</span>";;0;1;1;1
117117;Titanium Crate;11178;Titanium Crate;;"<span class="" eil""><span>[[Titanium Crate|Titanium Crate]]</span><span class=""eico s i1 i2 i4"" title=""Desktop, Console and Mobile versions""><b></b><i></i><span>(Desktop, Console and Mobile versions)</span></span></span>";Gold Ore;25–34;"<span class=""chance"" data-sort-value=""2.5"">1/40 (2.5%)</span>";;0;1;1;1
117118;Titanium Crate;11178;Titanium Crate;;"<span class="" eil""><span>[[Titanium Crate|Titanium Crate]]</span><span class=""eico s i1 i2 i4"" title=""Desktop, Console and Mobile versions""><b></b><i></i><span>(Desktop, Console and Mobile versions)</span></span></span>";Platinum Ore;25–34;"<span class=""chance"" data-sort-value=""2.5"">1/40 (2.5%)</span>";;0;1;1;1
117119;Titanium Crate;11178;Titanium Crate;;"<span class="" eil""><span>[[Titanium Crate|Titanium Crate]]</span><span class=""eico s i1 i2 i4"" title=""Desktop, Console and Mobile versions""><b></b><i></i><span>(Desktop, Console and Mobile versions)</span></span></span>";Mythril Ore;25–34;"<span class=""chance"" data-sort-value=""2.5"">1/40 (2.5%)</span>";;0;1;1;1
117120;Titanium Crate;11178;Titanium Crate;;"<span class="" eil""><span>[[Titanium Crate|Titanium Crate]]</span><span class=""eico s i1 i2 i4"" title=""Desktop, Console and Mobile versions""><b></b><i></i><span>(Desktop, Console and Mobile versions)</span></span></span>";Orichalcum Ore;25–34;"<span class=""chance"" data-sort-value=""2.5"">1/40 (2.5%)</span>";;0;1;1;1
117121;Titanium Crate;11178;Titanium Crate;;"<span class="" eil""><span>[[Titanium Crate|Titanium Crate]]</span><span class=""eico s i1 i2 i4"" title=""Desktop, Console and Mobile versions""><b></b><i></i><span>(Desktop, Console and Mobile versions)</span></span></span>";Adamantite Ore;25–34;"<span class=""chance"" data-sort-value=""2.5"">1/40 (2.5%)</span>";;0;1;1;1
117122;Titanium Crate;11178;Titanium Crate;;"<span class="" eil""><span>[[Titanium Crate|Titanium Crate]]</span><span class=""eico s i1 i2 i4"" title=""Desktop, Console and Mobile versions""><b></b><i></i><span>(Desktop, Console and Mobile versions)</span></span></span>";Titanium Ore;25–34;"<span class=""chance"" data-sort-value=""2.5"">1/40 (2.5%)</span>";;0;1;1;1
117123;Titanium Crate;11178;Titanium Crate;;"<span class="" eil""><span>[[Titanium Crate|Titanium Crate]]</span><span class=""eico s i1 i2 i4"" title=""Desktop, Console and Mobile versions""><b></b><i></i><span>(Desktop, Console and Mobile versions)</span></span></span>";Silver Bar;8–11;"<span class=""chance"" data-sort-value=""2.22"">1/45 (2.22%)</span>";;0;1;1;1
117124;Titanium Crate;11178;Titanium Crate;;"<span class="" eil""><span>[[Titanium Crate|Titanium Crate]]</span><span class=""eico s i1 i2 i4"" title=""Desktop, Console and Mobile versions""><b></b><i></i><span>(Desktop, Console and Mobile versions)</span></span></span>";Gold Bar;8–11;"<span class=""chance"" data-sort-value=""2.22"">1/45 (2.22%)</span>";;0;1;1;1
117125;Titanium Crate;11178;Titanium Crate;;"<span class="" eil""><span>[[Titanium Crate|Titanium Crate]]</span><span class=""eico s i1 i2 i4"" title=""Desktop, Console and Mobile versions""><b></b><i></i><span>(Desktop, Console and Mobile versions)</span></span></span>";Tungsten Bar;8–11;"<span class=""chance"" data-sort-value=""2.22"">1/45 (2.22%)</span>";;0;1;1;1
117126;Titanium Crate;11178;Titanium Crate;;"<span class="" eil""><span>[[Titanium Crate|Titanium Crate]]</span><span class=""eico s i1 i2 i4"" title=""Desktop, Console and Mobile versions""><b></b><i></i><span>(Desktop, Console and Mobile versions)</span></span></span>";Platinum Bar;8–11;"<span class=""chance"" data-sort-value=""2.22"">1/45 (2.22%)</span>";;0;1;1;1
117127;Titanium Crate;11178;Titanium Crate;;"<span class="" eil""><span>[[Titanium Crate|Titanium Crate]]</span><span class=""eico s i1 i2 i4"" title=""Desktop, Console and Mobile versions""><b></b><i></i><span>(Desktop, Console and Mobile versions)</span></span></span>";Mythril Bar;8–11;"<span class=""chance"" data-sort-value=""4.44"">2/45 (4.44%)</span>";;0;1;1;1
117128;Titanium Crate;11178;Titanium Crate;;"<span class="" eil""><span>[[Titanium Crate|Titanium Crate]]</span><span class=""eico s i1 i2 i4"" title=""Desktop, Console and Mobile versions""><b></b><i></i><span>(Desktop, Console and Mobile versions)</span></span></span>";Adamantite Bar;8–11;"<span class=""chance"" data-sort-value=""4.44"">2/45 (4.44%)</span>";;0;1;1;1
117129;Titanium Crate;11178;Titanium Crate;;"<span class="" eil""><span>[[Titanium Crate|Titanium Crate]]</span><span class=""eico s i1 i2 i4"" title=""Desktop, Console and Mobile versions""><b></b><i></i><span>(Desktop, Console and Mobile versions)</span></span></span>";Orichalcum Bar;8–11;"<span class=""chance"" data-sort-value=""4.44"">2/45 (4.44%)</span>";;0;1;1;1
117130;Titanium Crate;11178;Titanium Crate;;"<span class="" eil""><span>[[Titanium Crate|Titanium Crate]]</span><span class=""eico s i1 i2 i4"" title=""Desktop, Console and Mobile versions""><b></b><i></i><span>(Desktop, Console and Mobile versions)</span></span></span>";Titanium Bar;8–11;"<span class=""chance"" data-sort-value=""4.44"">2/45 (4.44%)</span>";;0;1;1;1
117131;Titanium Crate;11178;Titanium Crate;;"<span class="" eil""><span>[[Titanium Crate|Titanium Crate]]</span><span class=""eico s i1 i2 i4"" title=""Desktop, Console and Mobile versions""><b></b><i></i><span>(Desktop, Console and Mobile versions)</span></span></span>";Obsidian Skin Potion;2–5;"<span class=""chance"" data-sort-value=""6.67"">1/15 (6.67%)</span>";;0;1;1;1
117132;Titanium Crate;11178;Titanium Crate;;"<span class="" eil""><span>[[Titanium Crate|Titanium Crate]]</span><span class=""eico s i1 i2 i4"" title=""Desktop, Console and Mobile versions""><b></b><i></i><span>(Desktop, Console and Mobile versions)</span></span></span>";Spelunker Potion;2–5;"<span class=""chance"" data-sort-value=""6.67"">1/15 (6.67%)</span>";;0;1;1;1
117133;Titanium Crate;11178;Titanium Crate;;"<span class="" eil""><span>[[Titanium Crate|Titanium Crate]]</span><span class=""eico s i1 i2 i4"" title=""Desktop, Console and Mobile versions""><b></b><i></i><span>(Desktop, Console and Mobile versions)</span></span></span>";Gravitation Potion;2–5;"<span class=""chance"" data-sort-value=""6.67"">1/15 (6.67%)</span>";;0;1;1;1
117134;Titanium Crate;11178;Titanium Crate;;"<span class="" eil""><span>[[Titanium Crate|Titanium Crate]]</span><span class=""eico s i1 i2 i4"" title=""Desktop, Console and Mobile versions""><b></b><i></i><span>(Desktop, Console and Mobile versions)</span></span></span>";Mining Potion;2–5;"<span class=""chance"" data-sort-value=""6.67"">1/15 (6.67%)</span>";;0;1;1;1
117135;Titanium Crate;11178;Titanium Crate;;"<span class="" eil""><span>[[Titanium Crate|Titanium Crate]]</span><span class=""eico s i1 i2 i4"" title=""Desktop, Console and Mobile versions""><b></b><i></i><span>(Desktop, Console and Mobile versions)</span></span></span>";Heartreach Potion;2–5;"<span class=""chance"" data-sort-value=""6.67"">1/15 (6.67%)</span>";;0;1;1;1
117136;Titanium Crate;11178;Titanium Crate;;"<span class="" eil""><span>[[Titanium Crate|Titanium Crate]]</span><span class=""eico s i1 i2 i4"" title=""Desktop, Console and Mobile versions""><b></b><i></i><span>(Desktop, Console and Mobile versions)</span></span></span>";Healing Potion;5–20;"<span class=""chance"" data-sort-value=""25"">1/4 (25%)</span>";;0;1;1;1
117137;Titanium Crate;11178;Titanium Crate;;"<span class="" eil""><span>[[Titanium Crate|Titanium Crate]]</span><span class=""eico s i1 i2 i4"" title=""Desktop, Console and Mobile versions""><b></b><i></i><span>(Desktop, Console and Mobile versions)</span></span></span>";Mana Potion;5–20;"<span class=""chance"" data-sort-value=""25"">1/4 (25%)</span>";;0;1;1;1
117138;Titanium Crate;11178;Titanium Crate;;"<span class="" eil""><span>[[Titanium Crate|Titanium Crate]]</span><span class=""eico s i1 i2 i4"" title=""Desktop, Console and Mobile versions""><b></b><i></i><span>(Desktop, Console and Mobile versions)</span></span></span>";Master Bait;3–7;"<span class=""chance"" data-sort-value=""66.67"">2/3 (66.67%)</span>";;0;1;1;1
117139;Titanium Crate;11178;Titanium Crate;;"<span class="" eil""><span>[[Titanium Crate|Titanium Crate]]</span><span class=""eico s i1 i2 i4"" title=""Desktop, Console and Mobile versions""><b></b><i></i><span>(Desktop, Console and Mobile versions)</span></span></span>";Enchanted Sword;1;"<span class=""chance"" data-sort-value=""6.67"">1/15 (6.67%)</span>";;0;1;1;1
117172;Hematic Crate;13093;Hematic Crate;;"<span class="" eil""><span>[[Hematic Crate|Hematic Crate]]</span><span class=""eico s i1 i2 i4"" title=""Desktop, Console and Mobile versions""><b></b><i></i><span>(Desktop, Console and Mobile versions)</span></span></span>";The Undertaker;1;20%;;0;1;1;1
117173;Hematic Crate;13093;Hematic Crate;;"<span class="" eil""><span>[[Hematic Crate|Hematic Crate]]</span><span class=""eico s i1 i2 i4"" title=""Desktop, Console and Mobile versions""><b></b><i></i><span>(Desktop, Console and Mobile versions)</span></span></span>";The Rotted Fork;1;20%;;0;1;1;1
117174;Hematic Crate;13093;Hematic Crate;;"<span class="" eil""><span>[[Hematic Crate|Hematic Crate]]</span><span class=""eico s i1 i2 i4"" title=""Desktop, Console and Mobile versions""><b></b><i></i><span>(Desktop, Console and Mobile versions)</span></span></span>";Crimson Rod;1;20%;;0;1;1;1
117175;Hematic Crate;13093;Hematic Crate;;"<span class="" eil""><span>[[Hematic Crate|Hematic Crate]]</span><span class=""eico s i1 i2 i4"" title=""Desktop, Console and Mobile versions""><b></b><i></i><span>(Desktop, Console and Mobile versions)</span></span></span>";Panic Necklace;1;20%;;0;1;1;1
117176;Hematic Crate;13093;Hematic Crate;;"<span class="" eil""><span>[[Hematic Crate|Hematic Crate]]</span><span class=""eico s i1 i2 i4"" title=""Desktop, Console and Mobile versions""><b></b><i></i><span>(Desktop, Console and Mobile versions)</span></span></span>";Crimson Heart (item);1;20%;;0;1;1;1
117177;Hematic Crate;13093;Hematic Crate;;"<span class="" eil""><span>[[Hematic Crate|Hematic Crate]]</span><span class=""eico s i1 i2 i4"" title=""Desktop, Console and Mobile versions""><b></b><i></i><span>(Desktop, Console and Mobile versions)</span></span></span>";Gold Coin;5–12;"<span class=""chance"" data-sort-value=""25"">1/4 (25%)</span>";;0;1;1;1
117178;Hematic Crate;13093;Hematic Crate;;"<span class="" eil""><span>[[Hematic Crate|Hematic Crate]]</span><span class=""eico s i1 i2 i4"" title=""Desktop, Console and Mobile versions""><b></b><i></i><span>(Desktop, Console and Mobile versions)</span></span></span>";Copper Ore;20–35;"<span class=""chance"" data-sort-value=""0.89"">1/112 (0.89%)</span>";;0;1;1;1
117179;Hematic Crate;13093;Hematic Crate;;"<span class="" eil""><span>[[Hematic Crate|Hematic Crate]]</span><span class=""eico s i1 i2 i4"" title=""Desktop, Console and Mobile versions""><b></b><i></i><span>(Desktop, Console and Mobile versions)</span></span></span>";Tin Ore;20–35;"<span class=""chance"" data-sort-value=""0.89"">1/112 (0.89%)</span>";;0;1;1;1
117180;Hematic Crate;13093;Hematic Crate;;"<span class="" eil""><span>[[Hematic Crate|Hematic Crate]]</span><span class=""eico s i1 i2 i4"" title=""Desktop, Console and Mobile versions""><b></b><i></i><span>(Desktop, Console and Mobile versions)</span></span></span>";Iron Ore;20–35;"<span class=""chance"" data-sort-value=""0.89"">1/112 (0.89%)</span>";;0;1;1;1
117181;Hematic Crate;13093;Hematic Crate;;"<span class="" eil""><span>[[Hematic Crate|Hematic Crate]]</span><span class=""eico s i1 i2 i4"" title=""Desktop, Console and Mobile versions""><b></b><i></i><span>(Desktop, Console and Mobile versions)</span></span></span>";Lead Ore;20–35;"<span class=""chance"" data-sort-value=""0.89"">1/112 (0.89%)</span>";;0;1;1;1
117182;Hematic Crate;13093;Hematic Crate;;"<span class="" eil""><span>[[Hematic Crate|Hematic Crate]]</span><span class=""eico s i1 i2 i4"" title=""Desktop, Console and Mobile versions""><b></b><i></i><span>(Desktop, Console and Mobile versions)</span></span></span>";Silver Ore;20–35;"<span class=""chance"" data-sort-value=""0.89"">1/112 (0.89%)</span>";;0;1;1;1
117183;Hematic Crate;13093;Hematic Crate;;"<span class="" eil""><span>[[Hematic Crate|Hematic Crate]]</span><span class=""eico s i1 i2 i4"" title=""Desktop, Console and Mobile versions""><b></b><i></i><span>(Desktop, Console and Mobile versions)</span></span></span>";Tungsten Ore;20–35;"<span class=""chance"" data-sort-value=""0.89"">1/112 (0.89%)</span>";;0;1;1;1
117184;Hematic Crate;13093;Hematic Crate;;"<span class="" eil""><span>[[Hematic Crate|Hematic Crate]]</span><span class=""eico s i1 i2 i4"" title=""Desktop, Console and Mobile versions""><b></b><i></i><span>(Desktop, Console and Mobile versions)</span></span></span>";Gold Ore;20–35;"<span class=""chance"" data-sort-value=""0.89"">1/112 (0.89%)</span>";;0;1;1;1
117185;Hematic Crate;13093;Hematic Crate;;"<span class="" eil""><span>[[Hematic Crate|Hematic Crate]]</span><span class=""eico s i1 i2 i4"" title=""Desktop, Console and Mobile versions""><b></b><i></i><span>(Desktop, Console and Mobile versions)</span></span></span>";Platinum Ore;20–35;"<span class=""chance"" data-sort-value=""0.89"">1/112 (0.89%)</span>";;0;1;1;1
117186;Hematic Crate;13093;Hematic Crate;;"<span class="" eil""><span>[[Hematic Crate|Hematic Crate]]</span><span class=""eico s i1 i2 i4"" title=""Desktop, Console and Mobile versions""><b></b><i></i><span>(Desktop, Console and Mobile versions)</span></span></span>";Cobalt Ore;20–35;"<span class=""chance"" data-sort-value=""1.19"">1/84 (1.19%)</span>";;0;1;1;1
117187;Hematic Crate;13093;Hematic Crate;;"<span class="" eil""><span>[[Hematic Crate|Hematic Crate]]</span><span class=""eico s i1 i2 i4"" title=""Desktop, Console and Mobile versions""><b></b><i></i><span>(Desktop, Console and Mobile versions)</span></span></span>";Palladium Ore;20–35;"<span class=""chance"" data-sort-value=""1.19"">1/84 (1.19%)</span>";;0;1;1;1
117188;Hematic Crate;13093;Hematic Crate;;"<span class="" eil""><span>[[Hematic Crate|Hematic Crate]]</span><span class=""eico s i1 i2 i4"" title=""Desktop, Console and Mobile versions""><b></b><i></i><span>(Desktop, Console and Mobile versions)</span></span></span>";Mythril Ore;20–35;"<span class=""chance"" data-sort-value=""1.19"">1/84 (1.19%)</span>";;0;1;1;1
117189;Hematic Crate;13093;Hematic Crate;;"<span class="" eil""><span>[[Hematic Crate|Hematic Crate]]</span><span class=""eico s i1 i2 i4"" title=""Desktop, Console and Mobile versions""><b></b><i></i><span>(Desktop, Console and Mobile versions)</span></span></span>";Orichalcum Ore;20–35;"<span class=""chance"" data-sort-value=""1.19"">1/84 (1.19%)</span>";;0;1;1;1
117190;Hematic Crate;13093;Hematic Crate;;"<span class="" eil""><span>[[Hematic Crate|Hematic Crate]]</span><span class=""eico s i1 i2 i4"" title=""Desktop, Console and Mobile versions""><b></b><i></i><span>(Desktop, Console and Mobile versions)</span></span></span>";Adamantite Ore;20–35;"<span class=""chance"" data-sort-value=""1.19"">1/84 (1.19%)</span>";;0;1;1;1
117191;Hematic Crate;13093;Hematic Crate;;"<span class="" eil""><span>[[Hematic Crate|Hematic Crate]]</span><span class=""eico s i1 i2 i4"" title=""Desktop, Console and Mobile versions""><b></b><i></i><span>(Desktop, Console and Mobile versions)</span></span></span>";Titanium Ore;20–35;"<span class=""chance"" data-sort-value=""1.19"">1/84 (1.19%)</span>";;0;1;1;1
117192;Hematic Crate;13093;Hematic Crate;;"<span class="" eil""><span>[[Hematic Crate|Hematic Crate]]</span><span class=""eico s i1 i2 i4"" title=""Desktop, Console and Mobile versions""><b></b><i></i><span>(Desktop, Console and Mobile versions)</span></span></span>";Iron Bar;6–16;"<span class=""chance"" data-sort-value=""1.39"">1/72 (1.39%)</span>";;0;1;1;1
117193;Hematic Crate;13093;Hematic Crate;;"<span class="" eil""><span>[[Hematic Crate|Hematic Crate]]</span><span class=""eico s i1 i2 i4"" title=""Desktop, Console and Mobile versions""><b></b><i></i><span>(Desktop, Console and Mobile versions)</span></span></span>";Silver Bar;6–16;"<span class=""chance"" data-sort-value=""1.39"">1/72 (1.39%)</span>";;0;1;1;1
117194;Hematic Crate;13093;Hematic Crate;;"<span class="" eil""><span>[[Hematic Crate|Hematic Crate]]</span><span class=""eico s i1 i2 i4"" title=""Desktop, Console and Mobile versions""><b></b><i></i><span>(Desktop, Console and Mobile versions)</span></span></span>";Gold Bar;6–16;"<span class=""chance"" data-sort-value=""1.39"">1/72 (1.39%)</span>";;0;1;1;1
117195;Hematic Crate;13093;Hematic Crate;;"<span class="" eil""><span>[[Hematic Crate|Hematic Crate]]</span><span class=""eico s i1 i2 i4"" title=""Desktop, Console and Mobile versions""><b></b><i></i><span>(Desktop, Console and Mobile versions)</span></span></span>";Lead Bar;6–16;"<span class=""chance"" data-sort-value=""1.39"">1/72 (1.39%)</span>";;0;1;1;1
117196;Hematic Crate;13093;Hematic Crate;;"<span class="" eil""><span>[[Hematic Crate|Hematic Crate]]</span><span class=""eico s i1 i2 i4"" title=""Desktop, Console and Mobile versions""><b></b><i></i><span>(Desktop, Console and Mobile versions)</span></span></span>";Tungsten Bar;6–16;"<span class=""chance"" data-sort-value=""1.39"">1/72 (1.39%)</span>";;0;1;1;1
117197;Hematic Crate;13093;Hematic Crate;;"<span class="" eil""><span>[[Hematic Crate|Hematic Crate]]</span><span class=""eico s i1 i2 i4"" title=""Desktop, Console and Mobile versions""><b></b><i></i><span>(Desktop, Console and Mobile versions)</span></span></span>";Platinum Bar;6–16;"<span class=""chance"" data-sort-value=""1.39"">1/72 (1.39%)</span>";;0;1;1;1
117198;Hematic Crate;13093;Hematic Crate;;"<span class="" eil""><span>[[Hematic Crate|Hematic Crate]]</span><span class=""eico s i1 i2 i4"" title=""Desktop, Console and Mobile versions""><b></b><i></i><span>(Desktop, Console and Mobile versions)</span></span></span>";Cobalt Bar;5–16;"<span class=""chance"" data-sort-value=""2.78"">1/36 (2.78%)</span>";;0;1;1;1
117199;Hematic Crate;13093;Hematic Crate;;"<span class="" eil""><span>[[Hematic Crate|Hematic Crate]]</span><span class=""eico s i1 i2 i4"" title=""Desktop, Console and Mobile versions""><b></b><i></i><span>(Desktop, Console and Mobile versions)</span></span></span>";Mythril Bar;5–16;"<span class=""chance"" data-sort-value=""2.78"">1/36 (2.78%)</span>";;0;1;1;1
117200;Hematic Crate;13093;Hematic Crate;;"<span class="" eil""><span>[[Hematic Crate|Hematic Crate]]</span><span class=""eico s i1 i2 i4"" title=""Desktop, Console and Mobile versions""><b></b><i></i><span>(Desktop, Console and Mobile versions)</span></span></span>";Adamantite Bar;5–16;"<span class=""chance"" data-sort-value=""2.78"">1/36 (2.78%)</span>";;0;1;1;1
117201;Hematic Crate;13093;Hematic Crate;;"<span class="" eil""><span>[[Hematic Crate|Hematic Crate]]</span><span class=""eico s i1 i2 i4"" title=""Desktop, Console and Mobile versions""><b></b><i></i><span>(Desktop, Console and Mobile versions)</span></span></span>";Palladium Bar;5–16;"<span class=""chance"" data-sort-value=""2.78"">1/36 (2.78%)</span>";;0;1;1;1
117202;Hematic Crate;13093;Hematic Crate;;"<span class="" eil""><span>[[Hematic Crate|Hematic Crate]]</span><span class=""eico s i1 i2 i4"" title=""Desktop, Console and Mobile versions""><b></b><i></i><span>(Desktop, Console and Mobile versions)</span></span></span>";Orichalcum Bar;5–16;"<span class=""chance"" data-sort-value=""2.78"">1/36 (2.78%)</span>";;0;1;1;1
117203;Hematic Crate;13093;Hematic Crate;;"<span class="" eil""><span>[[Hematic Crate|Hematic Crate]]</span><span class=""eico s i1 i2 i4"" title=""Desktop, Console and Mobile versions""><b></b><i></i><span>(Desktop, Console and Mobile versions)</span></span></span>";Titanium Bar;5–16;"<span class=""chance"" data-sort-value=""2.78"">1/36 (2.78%)</span>";;0;1;1;1
117204;Hematic Crate;13093;Hematic Crate;;"<span class="" eil""><span>[[Hematic Crate|Hematic Crate]]</span><span class=""eico s i1 i2 i4"" title=""Desktop, Console and Mobile versions""><b></b><i></i><span>(Desktop, Console and Mobile versions)</span></span></span>";Obsidian Skin Potion;2–4;"<span class=""chance"" data-sort-value=""4.17"">1/24 (4.17%)</span>";;0;1;1;1
117205;Hematic Crate;13093;Hematic Crate;;"<span class="" eil""><span>[[Hematic Crate|Hematic Crate]]</span><span class=""eico s i1 i2 i4"" title=""Desktop, Console and Mobile versions""><b></b><i></i><span>(Desktop, Console and Mobile versions)</span></span></span>";Spelunker Potion;2–4;"<span class=""chance"" data-sort-value=""4.17"">1/24 (4.17%)</span>";;0;1;1;1
117206;Hematic Crate;13093;Hematic Crate;;"<span class="" eil""><span>[[Hematic Crate|Hematic Crate]]</span><span class=""eico s i1 i2 i4"" title=""Desktop, Console and Mobile versions""><b></b><i></i><span>(Desktop, Console and Mobile versions)</span></span></span>";Hunter Potion;2–4;"<span class=""chance"" data-sort-value=""4.17"">1/24 (4.17%)</span>";;0;1;1;1
117207;Hematic Crate;13093;Hematic Crate;;"<span class="" eil""><span>[[Hematic Crate|Hematic Crate]]</span><span class=""eico s i1 i2 i4"" title=""Desktop, Console and Mobile versions""><b></b><i></i><span>(Desktop, Console and Mobile versions)</span></span></span>";Gravitation Potion;2–4;"<span class=""chance"" data-sort-value=""4.17"">1/24 (4.17%)</span>";;0;1;1;1
117208;Hematic Crate;13093;Hematic Crate;;"<span class="" eil""><span>[[Hematic Crate|Hematic Crate]]</span><span class=""eico s i1 i2 i4"" title=""Desktop, Console and Mobile versions""><b></b><i></i><span>(Desktop, Console and Mobile versions)</span></span></span>";Mining Potion;2–4;"<span class=""chance"" data-sort-value=""4.17"">1/24 (4.17%)</span>";;0;1;1;1
117209;Hematic Crate;13093;Hematic Crate;;"<span class="" eil""><span>[[Hematic Crate|Hematic Crate]]</span><span class=""eico s i1 i2 i4"" title=""Desktop, Console and Mobile versions""><b></b><i></i><span>(Desktop, Console and Mobile versions)</span></span></span>";Heartreach Potion;2–4;"<span class=""chance"" data-sort-value=""4.17"">1/24 (4.17%)</span>";;0;1;1;1
117210;Hematic Crate;13093;Hematic Crate;;"<span class="" eil""><span>[[Hematic Crate|Hematic Crate]]</span><span class=""eico s i1 i2 i4"" title=""Desktop, Console and Mobile versions""><b></b><i></i><span>(Desktop, Console and Mobile versions)</span></span></span>";Healing Potion;5–17;"<span class=""chance"" data-sort-value=""25"">1/4 (25%)</span>";;0;1;1;1
117211;Hematic Crate;13093;Hematic Crate;;"<span class="" eil""><span>[[Hematic Crate|Hematic Crate]]</span><span class=""eico s i1 i2 i4"" title=""Desktop, Console and Mobile versions""><b></b><i></i><span>(Desktop, Console and Mobile versions)</span></span></span>";Mana Potion;5–17;"<span class=""chance"" data-sort-value=""25"">1/4 (25%)</span>";;0;1;1;1
117212;Hematic Crate;13093;Hematic Crate;;"<span class="" eil""><span>[[Hematic Crate|Hematic Crate]]</span><span class=""eico s i1 i2 i4"" title=""Desktop, Console and Mobile versions""><b></b><i></i><span>(Desktop, Console and Mobile versions)</span></span></span>";Journeyman Bait;2–6;"<span class=""chance"" data-sort-value=""25"">1/4 (25%)</span>";;0;1;1;1
117213;Hematic Crate;13093;Hematic Crate;;"<span class="" eil""><span>[[Hematic Crate|Hematic Crate]]</span><span class=""eico s i1 i2 i4"" title=""Desktop, Console and Mobile versions""><b></b><i></i><span>(Desktop, Console and Mobile versions)</span></span></span>";Master Bait;2–6;"<span class=""chance"" data-sort-value=""25"">1/4 (25%)</span>";;0;1;1;1
117214;Hematic Crate;13093;Hematic Crate;;"<span class="" eil""><span>[[Hematic Crate|Hematic Crate]]</span><span class=""eico s i1 i2 i4"" title=""Desktop, Console and Mobile versions""><b></b><i></i><span>(Desktop, Console and Mobile versions)</span></span></span>";Soul of Night;2–5;"<span class=""chance"" data-sort-value=""50"">1/2 (50%)</span>";;0;1;1;1
117215;Hematic Crate;13093;Hematic Crate;;"<span class="" eil""><span>[[Hematic Crate|Hematic Crate]]</span><span class=""eico s i1 i2 i4"" title=""Desktop, Console and Mobile versions""><b></b><i></i><span>(Desktop, Console and Mobile versions)</span></span></span>";Ichor;2–5;"<span class=""chance"" data-sort-value=""50"">1/2 (50%)</span>";;0;1;1;1
117216;Mirage Crate;10989;Mirage Crate;;"<span class="" eil""><span>[[Mirage Crate|Mirage Crate]]</span><span class=""eico s i1 i2 i4"" title=""Desktop, Console and Mobile versions""><b></b><i></i><span>(Desktop, Console and Mobile versions)</span></span></span>";Ancient Chisel;1;12.5%;;0;1;1;1
117217;Mirage Crate;10989;Mirage Crate;;"<span class="" eil""><span>[[Mirage Crate|Mirage Crate]]</span><span class=""eico s i1 i2 i4"" title=""Desktop, Console and Mobile versions""><b></b><i></i><span>(Desktop, Console and Mobile versions)</span></span></span>";Scarab Fishing Rod;1;12.5%;;0;1;1;1
117218;Mirage Crate;10989;Mirage Crate;;"<span class="" eil""><span>[[Mirage Crate|Mirage Crate]]</span><span class=""eico s i1 i2 i4"" title=""Desktop, Console and Mobile versions""><b></b><i></i><span>(Desktop, Console and Mobile versions)</span></span></span>";Dunerider Boots;1;12.5%;;0;1;1;1
117219;Mirage Crate;10989;Mirage Crate;;"<span class="" eil""><span>[[Mirage Crate|Mirage Crate]]</span><span class=""eico s i1 i2 i4"" title=""Desktop, Console and Mobile versions""><b></b><i></i><span>(Desktop, Console and Mobile versions)</span></span></span>";Storm Spear;1;12.5%;;0;1;1;1
117220;Mirage Crate;10989;Mirage Crate;;"<span class="" eil""><span>[[Mirage Crate|Mirage Crate]]</span><span class=""eico s i1 i2 i4"" title=""Desktop, Console and Mobile versions""><b></b><i></i><span>(Desktop, Console and Mobile versions)</span></span></span>";Thunder Zapper;1;12.5%;;0;1;1;1
117221;Mirage Crate;10989;Mirage Crate;;"<span class="" eil""><span>[[Mirage Crate|Mirage Crate]]</span><span class=""eico s i1 i2 i4"" title=""Desktop, Console and Mobile versions""><b></b><i></i><span>(Desktop, Console and Mobile versions)</span></span></span>";Bast Statue;1;12.5%;;0;1;1;1
117222;Mirage Crate;10989;Mirage Crate;;"<span class="" eil""><span>[[Mirage Crate|Mirage Crate]]</span><span class=""eico s i1 i2 i4"" title=""Desktop, Console and Mobile versions""><b></b><i></i><span>(Desktop, Console and Mobile versions)</span></span></span>";Snake Charmer's Flute;1;12.5%;;0;1;1;1
117223;Mirage Crate;10989;Mirage Crate;;"<span class="" eil""><span>[[Mirage Crate|Mirage Crate]]</span><span class=""eico s i1 i2 i4"" title=""Desktop, Console and Mobile versions""><b></b><i></i><span>(Desktop, Console and Mobile versions)</span></span></span>";Magic Conch;1;12.5%;;0;1;1;1
117224;Mirage Crate;10989;Mirage Crate;;"<span class="" eil""><span>[[Mirage Crate|Mirage Crate]]</span><span class=""eico s i1 i2 i4"" title=""Desktop, Console and Mobile versions""><b></b><i></i><span>(Desktop, Console and Mobile versions)</span></span></span>";Scarab Bomb;4–6;"<span class=""chance"" data-sort-value=""25"">1/4 (25%)</span>";;0;1;1;1
117225;Mirage Crate;10989;Mirage Crate;;"<span class="" eil""><span>[[Mirage Crate|Mirage Crate]]</span><span class=""eico s i1 i2 i4"" title=""Desktop, Console and Mobile versions""><b></b><i></i><span>(Desktop, Console and Mobile versions)</span></span></span>";Sturdy Fossil;10–16;"<span class=""chance"" data-sort-value=""50"">1/2 (50%)</span>";;0;1;1;1
117226;Mirage Crate;10989;Mirage Crate;;"<span class="" eil""><span>[[Mirage Crate|Mirage Crate]]</span><span class=""eico s i1 i2 i4"" title=""Desktop, Console and Mobile versions""><b></b><i></i><span>(Desktop, Console and Mobile versions)</span></span></span>";Sandstorm in a Bottle;1;"<span class=""chance"" data-sort-value=""2.86"">1/35 (2.86%)</span>";;0;1;1;1
117227;Mirage Crate;10989;Mirage Crate;;"<span class="" eil""><span>[[Mirage Crate|Mirage Crate]]</span><span class=""eico s i1 i2 i4"" title=""Desktop, Console and Mobile versions""><b></b><i></i><span>(Desktop, Console and Mobile versions)</span></span></span>";Gold Coin;5–12;"<span class=""chance"" data-sort-value=""25"">1/4 (25%)</span>";;0;1;1;1
117228;Mirage Crate;10989;Mirage Crate;;"<span class="" eil""><span>[[Mirage Crate|Mirage Crate]]</span><span class=""eico s i1 i2 i4"" title=""Desktop, Console and Mobile versions""><b></b><i></i><span>(Desktop, Console and Mobile versions)</span></span></span>";Copper Ore;20–35;"<span class=""chance"" data-sort-value=""0.89"">1/112 (0.89%)</span>";;0;1;1;1
117229;Mirage Crate;10989;Mirage Crate;;"<span class="" eil""><span>[[Mirage Crate|Mirage Crate]]</span><span class=""eico s i1 i2 i4"" title=""Desktop, Console and Mobile versions""><b></b><i></i><span>(Desktop, Console and Mobile versions)</span></span></span>";Tin Ore;20–35;"<span class=""chance"" data-sort-value=""0.89"">1/112 (0.89%)</span>";;0;1;1;1
117230;Mirage Crate;10989;Mirage Crate;;"<span class="" eil""><span>[[Mirage Crate|Mirage Crate]]</span><span class=""eico s i1 i2 i4"" title=""Desktop, Console and Mobile versions""><b></b><i></i><span>(Desktop, Console and Mobile versions)</span></span></span>";Iron Ore;20–35;"<span class=""chance"" data-sort-value=""0.89"">1/112 (0.89%)</span>";;0;1;1;1
117231;Mirage Crate;10989;Mirage Crate;;"<span class="" eil""><span>[[Mirage Crate|Mirage Crate]]</span><span class=""eico s i1 i2 i4"" title=""Desktop, Console and Mobile versions""><b></b><i></i><span>(Desktop, Console and Mobile versions)</span></span></span>";Lead Ore;20–35;"<span class=""chance"" data-sort-value=""0.89"">1/112 (0.89%)</span>";;0;1;1;1
117232;Mirage Crate;10989;Mirage Crate;;"<span class="" eil""><span>[[Mirage Crate|Mirage Crate]]</span><span class=""eico s i1 i2 i4"" title=""Desktop, Console and Mobile versions""><b></b><i></i><span>(Desktop, Console and Mobile versions)</span></span></span>";Silver Ore;20–35;"<span class=""chance"" data-sort-value=""0.89"">1/112 (0.89%)</span>";;0;1;1;1
117233;Mirage Crate;10989;Mirage Crate;;"<span class="" eil""><span>[[Mirage Crate|Mirage Crate]]</span><span class=""eico s i1 i2 i4"" title=""Desktop, Console and Mobile versions""><b></b><i></i><span>(Desktop, Console and Mobile versions)</span></span></span>";Tungsten Ore;20–35;"<span class=""chance"" data-sort-value=""0.89"">1/112 (0.89%)</span>";;0;1;1;1
117234;Mirage Crate;10989;Mirage Crate;;"<span class="" eil""><span>[[Mirage Crate|Mirage Crate]]</span><span class=""eico s i1 i2 i4"" title=""Desktop, Console and Mobile versions""><b></b><i></i><span>(Desktop, Console and Mobile versions)</span></span></span>";Gold Ore;20–35;"<span class=""chance"" data-sort-value=""0.89"">1/112 (0.89%)</span>";;0;1;1;1
117235;Mirage Crate;10989;Mirage Crate;;"<span class="" eil""><span>[[Mirage Crate|Mirage Crate]]</span><span class=""eico s i1 i2 i4"" title=""Desktop, Console and Mobile versions""><b></b><i></i><span>(Desktop, Console and Mobile versions)</span></span></span>";Platinum Ore;20–35;"<span class=""chance"" data-sort-value=""0.89"">1/112 (0.89%)</span>";;0;1;1;1
117236;Mirage Crate;10989;Mirage Crate;;"<span class="" eil""><span>[[Mirage Crate|Mirage Crate]]</span><span class=""eico s i1 i2 i4"" title=""Desktop, Console and Mobile versions""><b></b><i></i><span>(Desktop, Console and Mobile versions)</span></span></span>";Cobalt Ore;20–35;"<span class=""chance"" data-sort-value=""1.19"">1/84 (1.19%)</span>";;0;1;1;1
117237;Mirage Crate;10989;Mirage Crate;;"<span class="" eil""><span>[[Mirage Crate|Mirage Crate]]</span><span class=""eico s i1 i2 i4"" title=""Desktop, Console and Mobile versions""><b></b><i></i><span>(Desktop, Console and Mobile versions)</span></span></span>";Palladium Ore;20–35;"<span class=""chance"" data-sort-value=""1.19"">1/84 (1.19%)</span>";;0;1;1;1
117238;Mirage Crate;10989;Mirage Crate;;"<span class="" eil""><span>[[Mirage Crate|Mirage Crate]]</span><span class=""eico s i1 i2 i4"" title=""Desktop, Console and Mobile versions""><b></b><i></i><span>(Desktop, Console and Mobile versions)</span></span></span>";Mythril Ore;20–35;"<span class=""chance"" data-sort-value=""1.19"">1/84 (1.19%)</span>";;0;1;1;1
117239;Mirage Crate;10989;Mirage Crate;;"<span class="" eil""><span>[[Mirage Crate|Mirage Crate]]</span><span class=""eico s i1 i2 i4"" title=""Desktop, Console and Mobile versions""><b></b><i></i><span>(Desktop, Console and Mobile versions)</span></span></span>";Orichalcum Ore;20–35;"<span class=""chance"" data-sort-value=""1.19"">1/84 (1.19%)</span>";;0;1;1;1
117240;Mirage Crate;10989;Mirage Crate;;"<span class="" eil""><span>[[Mirage Crate|Mirage Crate]]</span><span class=""eico s i1 i2 i4"" title=""Desktop, Console and Mobile versions""><b></b><i></i><span>(Desktop, Console and Mobile versions)</span></span></span>";Adamantite Ore;20–35;"<span class=""chance"" data-sort-value=""1.19"">1/84 (1.19%)</span>";;0;1;1;1
117241;Mirage Crate;10989;Mirage Crate;;"<span class="" eil""><span>[[Mirage Crate|Mirage Crate]]</span><span class=""eico s i1 i2 i4"" title=""Desktop, Console and Mobile versions""><b></b><i></i><span>(Desktop, Console and Mobile versions)</span></span></span>";Titanium Ore;20–35;"<span class=""chance"" data-sort-value=""1.19"">1/84 (1.19%)</span>";;0;1;1;1
117242;Mirage Crate;10989;Mirage Crate;;"<span class="" eil""><span>[[Mirage Crate|Mirage Crate]]</span><span class=""eico s i1 i2 i4"" title=""Desktop, Console and Mobile versions""><b></b><i></i><span>(Desktop, Console and Mobile versions)</span></span></span>";Iron Bar;6–16;"<span class=""chance"" data-sort-value=""1.39"">1/72 (1.39%)</span>";;0;1;1;1
117243;Mirage Crate;10989;Mirage Crate;;"<span class="" eil""><span>[[Mirage Crate|Mirage Crate]]</span><span class=""eico s i1 i2 i4"" title=""Desktop, Console and Mobile versions""><b></b><i></i><span>(Desktop, Console and Mobile versions)</span></span></span>";Silver Bar;6–16;"<span class=""chance"" data-sort-value=""1.39"">1/72 (1.39%)</span>";;0;1;1;1
117244;Mirage Crate;10989;Mirage Crate;;"<span class="" eil""><span>[[Mirage Crate|Mirage Crate]]</span><span class=""eico s i1 i2 i4"" title=""Desktop, Console and Mobile versions""><b></b><i></i><span>(Desktop, Console and Mobile versions)</span></span></span>";Gold Bar;6–16;"<span class=""chance"" data-sort-value=""1.39"">1/72 (1.39%)</span>";;0;1;1;1
117245;Mirage Crate;10989;Mirage Crate;;"<span class="" eil""><span>[[Mirage Crate|Mirage Crate]]</span><span class=""eico s i1 i2 i4"" title=""Desktop, Console and Mobile versions""><b></b><i></i><span>(Desktop, Console and Mobile versions)</span></span></span>";Lead Bar;6–16;"<span class=""chance"" data-sort-value=""1.39"">1/72 (1.39%)</span>";;0;1;1;1
117246;Mirage Crate;10989;Mirage Crate;;"<span class="" eil""><span>[[Mirage Crate|Mirage Crate]]</span><span class=""eico s i1 i2 i4"" title=""Desktop, Console and Mobile versions""><b></b><i></i><span>(Desktop, Console and Mobile versions)</span></span></span>";Tungsten Bar;6–16;"<span class=""chance"" data-sort-value=""1.39"">1/72 (1.39%)</span>";;0;1;1;1
117247;Mirage Crate;10989;Mirage Crate;;"<span class="" eil""><span>[[Mirage Crate|Mirage Crate]]</span><span class=""eico s i1 i2 i4"" title=""Desktop, Console and Mobile versions""><b></b><i></i><span>(Desktop, Console and Mobile versions)</span></span></span>";Platinum Bar;6–16;"<span class=""chance"" data-sort-value=""1.39"">1/72 (1.39%)</span>";;0;1;1;1
117248;Mirage Crate;10989;Mirage Crate;;"<span class="" eil""><span>[[Mirage Crate|Mirage Crate]]</span><span class=""eico s i1 i2 i4"" title=""Desktop, Console and Mobile versions""><b></b><i></i><span>(Desktop, Console and Mobile versions)</span></span></span>";Cobalt Bar;5–16;"<span class=""chance"" data-sort-value=""2.78"">1/36 (2.78%)</span>";;0;1;1;1
117249;Mirage Crate;10989;Mirage Crate;;"<span class="" eil""><span>[[Mirage Crate|Mirage Crate]]</span><span class=""eico s i1 i2 i4"" title=""Desktop, Console and Mobile versions""><b></b><i></i><span>(Desktop, Console and Mobile versions)</span></span></span>";Mythril Bar;5–16;"<span class=""chance"" data-sort-value=""2.78"">1/36 (2.78%)</span>";;0;1;1;1
117250;Mirage Crate;10989;Mirage Crate;;"<span class="" eil""><span>[[Mirage Crate|Mirage Crate]]</span><span class=""eico s i1 i2 i4"" title=""Desktop, Console and Mobile versions""><b></b><i></i><span>(Desktop, Console and Mobile versions)</span></span></span>";Adamantite Bar;5–16;"<span class=""chance"" data-sort-value=""2.78"">1/36 (2.78%)</span>";;0;1;1;1
117251;Mirage Crate;10989;Mirage Crate;;"<span class="" eil""><span>[[Mirage Crate|Mirage Crate]]</span><span class=""eico s i1 i2 i4"" title=""Desktop, Console and Mobile versions""><b></b><i></i><span>(Desktop, Console and Mobile versions)</span></span></span>";Palladium Bar;5–16;"<span class=""chance"" data-sort-value=""2.78"">1/36 (2.78%)</span>";;0;1;1;1
117252;Mirage Crate;10989;Mirage Crate;;"<span class="" eil""><span>[[Mirage Crate|Mirage Crate]]</span><span class=""eico s i1 i2 i4"" title=""Desktop, Console and Mobile versions""><b></b><i></i><span>(Desktop, Console and Mobile versions)</span></span></span>";Orichalcum Bar;5–16;"<span class=""chance"" data-sort-value=""2.78"">1/36 (2.78%)</span>";;0;1;1;1
117253;Mirage Crate;10989;Mirage Crate;;"<span class="" eil""><span>[[Mirage Crate|Mirage Crate]]</span><span class=""eico s i1 i2 i4"" title=""Desktop, Console and Mobile versions""><b></b><i></i><span>(Desktop, Console and Mobile versions)</span></span></span>";Titanium Bar;5–16;"<span class=""chance"" data-sort-value=""2.78"">1/36 (2.78%)</span>";;0;1;1;1
117254;Mirage Crate;10989;Mirage Crate;;"<span class="" eil""><span>[[Mirage Crate|Mirage Crate]]</span><span class=""eico s i1 i2 i4"" title=""Desktop, Console and Mobile versions""><b></b><i></i><span>(Desktop, Console and Mobile versions)</span></span></span>";Obsidian Skin Potion;2–4;"<span class=""chance"" data-sort-value=""4.17"">1/24 (4.17%)</span>";;0;1;1;1
117255;Mirage Crate;10989;Mirage Crate;;"<span class="" eil""><span>[[Mirage Crate|Mirage Crate]]</span><span class=""eico s i1 i2 i4"" title=""Desktop, Console and Mobile versions""><b></b><i></i><span>(Desktop, Console and Mobile versions)</span></span></span>";Spelunker Potion;2–4;"<span class=""chance"" data-sort-value=""4.17"">1/24 (4.17%)</span>";;0;1;1;1
117256;Mirage Crate;10989;Mirage Crate;;"<span class="" eil""><span>[[Mirage Crate|Mirage Crate]]</span><span class=""eico s i1 i2 i4"" title=""Desktop, Console and Mobile versions""><b></b><i></i><span>(Desktop, Console and Mobile versions)</span></span></span>";Hunter Potion;2–4;"<span class=""chance"" data-sort-value=""4.17"">1/24 (4.17%)</span>";;0;1;1;1
117257;Mirage Crate;10989;Mirage Crate;;"<span class="" eil""><span>[[Mirage Crate|Mirage Crate]]</span><span class=""eico s i1 i2 i4"" title=""Desktop, Console and Mobile versions""><b></b><i></i><span>(Desktop, Console and Mobile versions)</span></span></span>";Gravitation Potion;2–4;"<span class=""chance"" data-sort-value=""4.17"">1/24 (4.17%)</span>";;0;1;1;1
117258;Mirage Crate;10989;Mirage Crate;;"<span class="" eil""><span>[[Mirage Crate|Mirage Crate]]</span><span class=""eico s i1 i2 i4"" title=""Desktop, Console and Mobile versions""><b></b><i></i><span>(Desktop, Console and Mobile versions)</span></span></span>";Mining Potion;2–4;"<span class=""chance"" data-sort-value=""4.17"">1/24 (4.17%)</span>";;0;1;1;1
117259;Mirage Crate;10989;Mirage Crate;;"<span class="" eil""><span>[[Mirage Crate|Mirage Crate]]</span><span class=""eico s i1 i2 i4"" title=""Desktop, Console and Mobile versions""><b></b><i></i><span>(Desktop, Console and Mobile versions)</span></span></span>";Heartreach Potion;2–4;"<span class=""chance"" data-sort-value=""4.17"">1/24 (4.17%)</span>";;0;1;1;1
117260;Mirage Crate;10989;Mirage Crate;;"<span class="" eil""><span>[[Mirage Crate|Mirage Crate]]</span><span class=""eico s i1 i2 i4"" title=""Desktop, Console and Mobile versions""><b></b><i></i><span>(Desktop, Console and Mobile versions)</span></span></span>";Healing Potion;5–17;"<span class=""chance"" data-sort-value=""25"">1/4 (25%)</span>";;0;1;1;1
117261;Mirage Crate;10989;Mirage Crate;;"<span class="" eil""><span>[[Mirage Crate|Mirage Crate]]</span><span class=""eico s i1 i2 i4"" title=""Desktop, Console and Mobile versions""><b></b><i></i><span>(Desktop, Console and Mobile versions)</span></span></span>";Mana Potion;5–17;"<span class=""chance"" data-sort-value=""25"">1/4 (25%)</span>";;0;1;1;1
117262;Mirage Crate;10989;Mirage Crate;;"<span class="" eil""><span>[[Mirage Crate|Mirage Crate]]</span><span class=""eico s i1 i2 i4"" title=""Desktop, Console and Mobile versions""><b></b><i></i><span>(Desktop, Console and Mobile versions)</span></span></span>";Journeyman Bait;2–6;"<span class=""chance"" data-sort-value=""25"">1/4 (25%)</span>";;0;1;1;1
117263;Mirage Crate;10989;Mirage Crate;;"<span class="" eil""><span>[[Mirage Crate|Mirage Crate]]</span><span class=""eico s i1 i2 i4"" title=""Desktop, Console and Mobile versions""><b></b><i></i><span>(Desktop, Console and Mobile versions)</span></span></span>";Master Bait;2–6;"<span class=""chance"" data-sort-value=""25"">1/4 (25%)</span>";;0;1;1;1
117264;Mirage Crate;10989;Mirage Crate;;"<span class="" eil""><span>[[Mirage Crate|Mirage Crate]]</span><span class=""eico s i1 i2 i4"" title=""Desktop, Console and Mobile versions""><b></b><i></i><span>(Desktop, Console and Mobile versions)</span></span></span>";Andrew Sphinx;1;"<span class=""chance"" data-sort-value=""3.57"">1/28 (3.57%)</span>";;0;1;1;1
117265;Mirage Crate;10989;Mirage Crate;;"<span class="" eil""><span>[[Mirage Crate|Mirage Crate]]</span><span class=""eico s i1 i2 i4"" title=""Desktop, Console and Mobile versions""><b></b><i></i><span>(Desktop, Console and Mobile versions)</span></span></span>";Watchful Antlion;1;"<span class=""chance"" data-sort-value=""3.57"">1/28 (3.57%)</span>";;0;1;1;1
117266;Mirage Crate;10989;Mirage Crate;;"<span class="" eil""><span>[[Mirage Crate|Mirage Crate]]</span><span class=""eico s i1 i2 i4"" title=""Desktop, Console and Mobile versions""><b></b><i></i><span>(Desktop, Console and Mobile versions)</span></span></span>";Burning Spirit;1;"<span class=""chance"" data-sort-value=""3.57"">1/28 (3.57%)</span>";;0;1;1;1
117267;Mirage Crate;10989;Mirage Crate;;"<span class="" eil""><span>[[Mirage Crate|Mirage Crate]]</span><span class=""eico s i1 i2 i4"" title=""Desktop, Console and Mobile versions""><b></b><i></i><span>(Desktop, Console and Mobile versions)</span></span></span>";Jaws of Death;1;"<span class=""chance"" data-sort-value=""3.57"">1/28 (3.57%)</span>";;0;1;1;1
117268;Mirage Crate;10989;Mirage Crate;;"<span class="" eil""><span>[[Mirage Crate|Mirage Crate]]</span><span class=""eico s i1 i2 i4"" title=""Desktop, Console and Mobile versions""><b></b><i></i><span>(Desktop, Console and Mobile versions)</span></span></span>";The Sands of Slime;1;"<span class=""chance"" data-sort-value=""3.57"">1/28 (3.57%)</span>";;0;1;1;1
117269;Mirage Crate;10989;Mirage Crate;;"<span class="" eil""><span>[[Mirage Crate|Mirage Crate]]</span><span class=""eico s i1 i2 i4"" title=""Desktop, Console and Mobile versions""><b></b><i></i><span>(Desktop, Console and Mobile versions)</span></span></span>";Snakes, I Hate Snakes;1;"<span class=""chance"" data-sort-value=""3.57"">1/28 (3.57%)</span>";;0;1;1;1
117270;Mirage Crate;10989;Mirage Crate;;"<span class="" eil""><span>[[Mirage Crate|Mirage Crate]]</span><span class=""eico s i1 i2 i4"" title=""Desktop, Console and Mobile versions""><b></b><i></i><span>(Desktop, Console and Mobile versions)</span></span></span>";Life Above the Sand;1;"<span class=""chance"" data-sort-value=""3.57"">1/28 (3.57%)</span>";;0;1;1;1
117271;Mirage Crate;10989;Mirage Crate;;"<span class="" eil""><span>[[Mirage Crate|Mirage Crate]]</span><span class=""eico s i1 i2 i4"" title=""Desktop, Console and Mobile versions""><b></b><i></i><span>(Desktop, Console and Mobile versions)</span></span></span>";Oasis;1;"<span class=""chance"" data-sort-value=""3.57"">1/28 (3.57%)</span>";;0;1;1;1
117272;Mirage Crate;10989;Mirage Crate;;"<span class="" eil""><span>[[Mirage Crate|Mirage Crate]]</span><span class=""eico s i1 i2 i4"" title=""Desktop, Console and Mobile versions""><b></b><i></i><span>(Desktop, Console and Mobile versions)</span></span></span>";Prehistory Preserved;1;"<span class=""chance"" data-sort-value=""3.57"">1/28 (3.57%)</span>";;0;1;1;1
117273;Mirage Crate;10989;Mirage Crate;;"<span class="" eil""><span>[[Mirage Crate|Mirage Crate]]</span><span class=""eico s i1 i2 i4"" title=""Desktop, Console and Mobile versions""><b></b><i></i><span>(Desktop, Console and Mobile versions)</span></span></span>";Ancient Tablet;1;"<span class=""chance"" data-sort-value=""3.57"">1/28 (3.57%)</span>";;0;1;1;1
117274;Mirage Crate;10989;Mirage Crate;;"<span class="" eil""><span>[[Mirage Crate|Mirage Crate]]</span><span class=""eico s i1 i2 i4"" title=""Desktop, Console and Mobile versions""><b></b><i></i><span>(Desktop, Console and Mobile versions)</span></span></span>";Uluru;1;"<span class=""chance"" data-sort-value=""3.57"">1/28 (3.57%)</span>";;0;1;1;1
117275;Mirage Crate;10989;Mirage Crate;;"<span class="" eil""><span>[[Mirage Crate|Mirage Crate]]</span><span class=""eico s i1 i2 i4"" title=""Desktop, Console and Mobile versions""><b></b><i></i><span>(Desktop, Console and Mobile versions)</span></span></span>";Visiting the Pyramids;1;"<span class=""chance"" data-sort-value=""3.57"">1/28 (3.57%)</span>";;0;1;1;1
117276;Mirage Crate;10989;Mirage Crate;;"<span class="" eil""><span>[[Mirage Crate|Mirage Crate]]</span><span class=""eico s i1 i2 i4"" title=""Desktop, Console and Mobile versions""><b></b><i></i><span>(Desktop, Console and Mobile versions)</span></span></span>";Bandage Boy;1;"<span class=""chance"" data-sort-value=""3.57"">1/28 (3.57%)</span>";;0;1;1;1
117277;Mirage Crate;10989;Mirage Crate;;"<span class="" eil""><span>[[Mirage Crate|Mirage Crate]]</span><span class=""eico s i1 i2 i4"" title=""Desktop, Console and Mobile versions""><b></b><i></i><span>(Desktop, Console and Mobile versions)</span></span></span>";Divine Eye;1;"<span class=""chance"" data-sort-value=""3.57"">1/28 (3.57%)</span>";;0;1;1;1
117278;Hallowed Crate;9776;Hallowed Crate;;"<span class="" eil""><span>[[Hallowed Crate|Hallowed Crate]]</span><span class=""eico s i1 i2 i4"" title=""Desktop, Console and Mobile versions""><b></b><i></i><span>(Desktop, Console and Mobile versions)</span></span></span>";Gold Coin;5–12;"<span class=""chance"" data-sort-value=""25"">1/4 (25%)</span>";;0;1;1;1
117279;Hallowed Crate;9776;Hallowed Crate;;"<span class="" eil""><span>[[Hallowed Crate|Hallowed Crate]]</span><span class=""eico s i1 i2 i4"" title=""Desktop, Console and Mobile versions""><b></b><i></i><span>(Desktop, Console and Mobile versions)</span></span></span>";Copper Ore;20–35;"<span class=""chance"" data-sort-value=""1.79"">1/56 (1.79%)</span>";;0;1;1;1
117280;Hallowed Crate;9776;Hallowed Crate;;"<span class="" eil""><span>[[Hallowed Crate|Hallowed Crate]]</span><span class=""eico s i1 i2 i4"" title=""Desktop, Console and Mobile versions""><b></b><i></i><span>(Desktop, Console and Mobile versions)</span></span></span>";Tin Ore;20–35;"<span class=""chance"" data-sort-value=""1.79"">1/56 (1.79%)</span>";;0;1;1;1
117281;Hallowed Crate;9776;Hallowed Crate;;"<span class="" eil""><span>[[Hallowed Crate|Hallowed Crate]]</span><span class=""eico s i1 i2 i4"" title=""Desktop, Console and Mobile versions""><b></b><i></i><span>(Desktop, Console and Mobile versions)</span></span></span>";Iron Ore;20–35;"<span class=""chance"" data-sort-value=""1.79"">1/56 (1.79%)</span>";;0;1;1;1
117282;Hallowed Crate;9776;Hallowed Crate;;"<span class="" eil""><span>[[Hallowed Crate|Hallowed Crate]]</span><span class=""eico s i1 i2 i4"" title=""Desktop, Console and Mobile versions""><b></b><i></i><span>(Desktop, Console and Mobile versions)</span></span></span>";Lead Ore;20–35;"<span class=""chance"" data-sort-value=""1.79"">1/56 (1.79%)</span>";;0;1;1;1
117283;Hallowed Crate;9776;Hallowed Crate;;"<span class="" eil""><span>[[Hallowed Crate|Hallowed Crate]]</span><span class=""eico s i1 i2 i4"" title=""Desktop, Console and Mobile versions""><b></b><i></i><span>(Desktop, Console and Mobile versions)</span></span></span>";Silver Ore;20–35;"<span class=""chance"" data-sort-value=""1.79"">1/56 (1.79%)</span>";;0;1;1;1
117284;Hallowed Crate;9776;Hallowed Crate;;"<span class="" eil""><span>[[Hallowed Crate|Hallowed Crate]]</span><span class=""eico s i1 i2 i4"" title=""Desktop, Console and Mobile versions""><b></b><i></i><span>(Desktop, Console and Mobile versions)</span></span></span>";Tungsten Ore;20–35;"<span class=""chance"" data-sort-value=""1.79"">1/56 (1.79%)</span>";;0;1;1;1
117285;Hallowed Crate;9776;Hallowed Crate;;"<span class="" eil""><span>[[Hallowed Crate|Hallowed Crate]]</span><span class=""eico s i1 i2 i4"" title=""Desktop, Console and Mobile versions""><b></b><i></i><span>(Desktop, Console and Mobile versions)</span></span></span>";Gold Ore;20–35;"<span class=""chance"" data-sort-value=""1.79"">1/56 (1.79%)</span>";;0;1;1;1
117286;Hallowed Crate;9776;Hallowed Crate;;"<span class="" eil""><span>[[Hallowed Crate|Hallowed Crate]]</span><span class=""eico s i1 i2 i4"" title=""Desktop, Console and Mobile versions""><b></b><i></i><span>(Desktop, Console and Mobile versions)</span></span></span>";Platinum Ore;20–35;"<span class=""chance"" data-sort-value=""1.79"">1/56 (1.79%)</span>";;0;1;1;1
117287;Hallowed Crate;9776;Hallowed Crate;;"<span class="" eil""><span>[[Hallowed Crate|Hallowed Crate]]</span><span class=""eico s i1 i2 i4"" title=""Desktop, Console and Mobile versions""><b></b><i></i><span>(Desktop, Console and Mobile versions)</span></span></span>";Iron Bar;6–16;"<span class=""chance"" data-sort-value=""4.17"">1/24 (4.17%)</span>";;0;1;1;1
117288;Hallowed Crate;9776;Hallowed Crate;;"<span class="" eil""><span>[[Hallowed Crate|Hallowed Crate]]</span><span class=""eico s i1 i2 i4"" title=""Desktop, Console and Mobile versions""><b></b><i></i><span>(Desktop, Console and Mobile versions)</span></span></span>";Silver Bar;6–16;"<span class=""chance"" data-sort-value=""4.17"">1/24 (4.17%)</span>";;0;1;1;1
117289;Hallowed Crate;9776;Hallowed Crate;;"<span class="" eil""><span>[[Hallowed Crate|Hallowed Crate]]</span><span class=""eico s i1 i2 i4"" title=""Desktop, Console and Mobile versions""><b></b><i></i><span>(Desktop, Console and Mobile versions)</span></span></span>";Gold Bar;6–16;"<span class=""chance"" data-sort-value=""4.17"">1/24 (4.17%)</span>";;0;1;1;1
117290;Hallowed Crate;9776;Hallowed Crate;;"<span class="" eil""><span>[[Hallowed Crate|Hallowed Crate]]</span><span class=""eico s i1 i2 i4"" title=""Desktop, Console and Mobile versions""><b></b><i></i><span>(Desktop, Console and Mobile versions)</span></span></span>";Lead Bar;6–16;"<span class=""chance"" data-sort-value=""4.17"">1/24 (4.17%)</span>";;0;1;1;1
117291;Hallowed Crate;9776;Hallowed Crate;;"<span class="" eil""><span>[[Hallowed Crate|Hallowed Crate]]</span><span class=""eico s i1 i2 i4"" title=""Desktop, Console and Mobile versions""><b></b><i></i><span>(Desktop, Console and Mobile versions)</span></span></span>";Tungsten Bar;6–16;"<span class=""chance"" data-sort-value=""4.17"">1/24 (4.17%)</span>";;0;1;1;1
117292;Hallowed Crate;9776;Hallowed Crate;;"<span class="" eil""><span>[[Hallowed Crate|Hallowed Crate]]</span><span class=""eico s i1 i2 i4"" title=""Desktop, Console and Mobile versions""><b></b><i></i><span>(Desktop, Console and Mobile versions)</span></span></span>";Platinum Bar;6–16;"<span class=""chance"" data-sort-value=""4.17"">1/24 (4.17%)</span>";;0;1;1;1
117293;Hallowed Crate;9776;Hallowed Crate;;"<span class="" eil""><span>[[Hallowed Crate|Hallowed Crate]]</span><span class=""eico s i1 i2 i4"" title=""Desktop, Console and Mobile versions""><b></b><i></i><span>(Desktop, Console and Mobile versions)</span></span></span>";Obsidian Skin Potion;2–4;"<span class=""chance"" data-sort-value=""4.17"">1/24 (4.17%)</span>";;0;1;1;1
117294;Hallowed Crate;9776;Hallowed Crate;;"<span class="" eil""><span>[[Hallowed Crate|Hallowed Crate]]</span><span class=""eico s i1 i2 i4"" title=""Desktop, Console and Mobile versions""><b></b><i></i><span>(Desktop, Console and Mobile versions)</span></span></span>";Spelunker Potion;2–4;"<span class=""chance"" data-sort-value=""4.17"">1/24 (4.17%)</span>";;0;1;1;1
117295;Hallowed Crate;9776;Hallowed Crate;;"<span class="" eil""><span>[[Hallowed Crate|Hallowed Crate]]</span><span class=""eico s i1 i2 i4"" title=""Desktop, Console and Mobile versions""><b></b><i></i><span>(Desktop, Console and Mobile versions)</span></span></span>";Hunter Potion;2–4;"<span class=""chance"" data-sort-value=""4.17"">1/24 (4.17%)</span>";;0;1;1;1
117296;Hallowed Crate;9776;Hallowed Crate;;"<span class="" eil""><span>[[Hallowed Crate|Hallowed Crate]]</span><span class=""eico s i1 i2 i4"" title=""Desktop, Console and Mobile versions""><b></b><i></i><span>(Desktop, Console and Mobile versions)</span></span></span>";Gravitation Potion;2–4;"<span class=""chance"" data-sort-value=""4.17"">1/24 (4.17%)</span>";;0;1;1;1
117297;Hallowed Crate;9776;Hallowed Crate;;"<span class="" eil""><span>[[Hallowed Crate|Hallowed Crate]]</span><span class=""eico s i1 i2 i4"" title=""Desktop, Console and Mobile versions""><b></b><i></i><span>(Desktop, Console and Mobile versions)</span></span></span>";Mining Potion;2–4;"<span class=""chance"" data-sort-value=""4.17"">1/24 (4.17%)</span>";;0;1;1;1
117298;Hallowed Crate;9776;Hallowed Crate;;"<span class="" eil""><span>[[Hallowed Crate|Hallowed Crate]]</span><span class=""eico s i1 i2 i4"" title=""Desktop, Console and Mobile versions""><b></b><i></i><span>(Desktop, Console and Mobile versions)</span></span></span>";Heartreach Potion;2–4;"<span class=""chance"" data-sort-value=""4.17"">1/24 (4.17%)</span>";;0;1;1;1
117299;Hallowed Crate;9776;Hallowed Crate;;"<span class="" eil""><span>[[Hallowed Crate|Hallowed Crate]]</span><span class=""eico s i1 i2 i4"" title=""Desktop, Console and Mobile versions""><b></b><i></i><span>(Desktop, Console and Mobile versions)</span></span></span>";Healing Potion;5–17;"<span class=""chance"" data-sort-value=""25"">1/4 (25%)</span>";;0;1;1;1
117300;Hallowed Crate;9776;Hallowed Crate;;"<span class="" eil""><span>[[Hallowed Crate|Hallowed Crate]]</span><span class=""eico s i1 i2 i4"" title=""Desktop, Console and Mobile versions""><b></b><i></i><span>(Desktop, Console and Mobile versions)</span></span></span>";Mana Potion;5–17;"<span class=""chance"" data-sort-value=""25"">1/4 (25%)</span>";;0;1;1;1
117301;Hallowed Crate;9776;Hallowed Crate;;"<span class="" eil""><span>[[Hallowed Crate|Hallowed Crate]]</span><span class=""eico s i1 i2 i4"" title=""Desktop, Console and Mobile versions""><b></b><i></i><span>(Desktop, Console and Mobile versions)</span></span></span>";Journeyman Bait;2–6;"<span class=""chance"" data-sort-value=""25"">1/4 (25%)</span>";;0;1;1;1
117302;Hallowed Crate;9776;Hallowed Crate;;"<span class="" eil""><span>[[Hallowed Crate|Hallowed Crate]]</span><span class=""eico s i1 i2 i4"" title=""Desktop, Console and Mobile versions""><b></b><i></i><span>(Desktop, Console and Mobile versions)</span></span></span>";Master Bait;2–6;"<span class=""chance"" data-sort-value=""25"">1/4 (25%)</span>";;0;1;1;1
117303;Defiled Crate;11837;Defiled Crate;;"<span class="" eil""><span>[[Defiled Crate|Defiled Crate]]</span><span class=""eico s i1 i2 i4"" title=""Desktop, Console and Mobile versions""><b></b><i></i><span>(Desktop, Console and Mobile versions)</span></span></span>";Ball O' Hurt;1;20%;;0;1;1;1
117304;Defiled Crate;11837;Defiled Crate;;"<span class="" eil""><span>[[Defiled Crate|Defiled Crate]]</span><span class=""eico s i1 i2 i4"" title=""Desktop, Console and Mobile versions""><b></b><i></i><span>(Desktop, Console and Mobile versions)</span></span></span>";Band of Starpower;1;20%;;0;1;1;1
117305;Defiled Crate;11837;Defiled Crate;;"<span class="" eil""><span>[[Defiled Crate|Defiled Crate]]</span><span class=""eico s i1 i2 i4"" title=""Desktop, Console and Mobile versions""><b></b><i></i><span>(Desktop, Console and Mobile versions)</span></span></span>";Musket;1;20%;;0;1;1;1
117306;Defiled Crate;11837;Defiled Crate;;"<span class="" eil""><span>[[Defiled Crate|Defiled Crate]]</span><span class=""eico s i1 i2 i4"" title=""Desktop, Console and Mobile versions""><b></b><i></i><span>(Desktop, Console and Mobile versions)</span></span></span>";Shadow Orb (item);1;20%;;0;1;1;1
117307;Defiled Crate;11837;Defiled Crate;;"<span class="" eil""><span>[[Defiled Crate|Defiled Crate]]</span><span class=""eico s i1 i2 i4"" title=""Desktop, Console and Mobile versions""><b></b><i></i><span>(Desktop, Console and Mobile versions)</span></span></span>";Vilethorn;1;20%;;0;1;1;1
117308;Defiled Crate;11837;Defiled Crate;;"<span class="" eil""><span>[[Defiled Crate|Defiled Crate]]</span><span class=""eico s i1 i2 i4"" title=""Desktop, Console and Mobile versions""><b></b><i></i><span>(Desktop, Console and Mobile versions)</span></span></span>";Gold Coin;5–12;"<span class=""chance"" data-sort-value=""25"">1/4 (25%)</span>";;0;1;1;1
117309;Defiled Crate;11837;Defiled Crate;;"<span class="" eil""><span>[[Defiled Crate|Defiled Crate]]</span><span class=""eico s i1 i2 i4"" title=""Desktop, Console and Mobile versions""><b></b><i></i><span>(Desktop, Console and Mobile versions)</span></span></span>";Copper Ore;20–35;"<span class=""chance"" data-sort-value=""0.89"">1/112 (0.89%)</span>";;0;1;1;1
117310;Defiled Crate;11837;Defiled Crate;;"<span class="" eil""><span>[[Defiled Crate|Defiled Crate]]</span><span class=""eico s i1 i2 i4"" title=""Desktop, Console and Mobile versions""><b></b><i></i><span>(Desktop, Console and Mobile versions)</span></span></span>";Tin Ore;20–35;"<span class=""chance"" data-sort-value=""0.89"">1/112 (0.89%)</span>";;0;1;1;1
117311;Defiled Crate;11837;Defiled Crate;;"<span class="" eil""><span>[[Defiled Crate|Defiled Crate]]</span><span class=""eico s i1 i2 i4"" title=""Desktop, Console and Mobile versions""><b></b><i></i><span>(Desktop, Console and Mobile versions)</span></span></span>";Iron Ore;20–35;"<span class=""chance"" data-sort-value=""0.89"">1/112 (0.89%)</span>";;0;1;1;1
117312;Defiled Crate;11837;Defiled Crate;;"<span class="" eil""><span>[[Defiled Crate|Defiled Crate]]</span><span class=""eico s i1 i2 i4"" title=""Desktop, Console and Mobile versions""><b></b><i></i><span>(Desktop, Console and Mobile versions)</span></span></span>";Lead Ore;20–35;"<span class=""chance"" data-sort-value=""0.89"">1/112 (0.89%)</span>";;0;1;1;1
117313;Defiled Crate;11837;Defiled Crate;;"<span class="" eil""><span>[[Defiled Crate|Defiled Crate]]</span><span class=""eico s i1 i2 i4"" title=""Desktop, Console and Mobile versions""><b></b><i></i><span>(Desktop, Console and Mobile versions)</span></span></span>";Silver Ore;20–35;"<span class=""chance"" data-sort-value=""0.89"">1/112 (0.89%)</span>";;0;1;1;1
117314;Defiled Crate;11837;Defiled Crate;;"<span class="" eil""><span>[[Defiled Crate|Defiled Crate]]</span><span class=""eico s i1 i2 i4"" title=""Desktop, Console and Mobile versions""><b></b><i></i><span>(Desktop, Console and Mobile versions)</span></span></span>";Tungsten Ore;20–35;"<span class=""chance"" data-sort-value=""0.89"">1/112 (0.89%)</span>";;0;1;1;1
117315;Defiled Crate;11837;Defiled Crate;;"<span class="" eil""><span>[[Defiled Crate|Defiled Crate]]</span><span class=""eico s i1 i2 i4"" title=""Desktop, Console and Mobile versions""><b></b><i></i><span>(Desktop, Console and Mobile versions)</span></span></span>";Gold Ore;20–35;"<span class=""chance"" data-sort-value=""0.89"">1/112 (0.89%)</span>";;0;1;1;1
117316;Defiled Crate;11837;Defiled Crate;;"<span class="" eil""><span>[[Defiled Crate|Defiled Crate]]</span><span class=""eico s i1 i2 i4"" title=""Desktop, Console and Mobile versions""><b></b><i></i><span>(Desktop, Console and Mobile versions)</span></span></span>";Platinum Ore;20–35;"<span class=""chance"" data-sort-value=""0.89"">1/112 (0.89%)</span>";;0;1;1;1
117317;Defiled Crate;11837;Defiled Crate;;"<span class="" eil""><span>[[Defiled Crate|Defiled Crate]]</span><span class=""eico s i1 i2 i4"" title=""Desktop, Console and Mobile versions""><b></b><i></i><span>(Desktop, Console and Mobile versions)</span></span></span>";Cobalt Ore;20–35;"<span class=""chance"" data-sort-value=""1.19"">1/84 (1.19%)</span>";;0;1;1;1
117318;Defiled Crate;11837;Defiled Crate;;"<span class="" eil""><span>[[Defiled Crate|Defiled Crate]]</span><span class=""eico s i1 i2 i4"" title=""Desktop, Console and Mobile versions""><b></b><i></i><span>(Desktop, Console and Mobile versions)</span></span></span>";Palladium Ore;20–35;"<span class=""chance"" data-sort-value=""1.19"">1/84 (1.19%)</span>";;0;1;1;1
117319;Defiled Crate;11837;Defiled Crate;;"<span class="" eil""><span>[[Defiled Crate|Defiled Crate]]</span><span class=""eico s i1 i2 i4"" title=""Desktop, Console and Mobile versions""><b></b><i></i><span>(Desktop, Console and Mobile versions)</span></span></span>";Mythril Ore;20–35;"<span class=""chance"" data-sort-value=""1.19"">1/84 (1.19%)</span>";;0;1;1;1
117320;Defiled Crate;11837;Defiled Crate;;"<span class="" eil""><span>[[Defiled Crate|Defiled Crate]]</span><span class=""eico s i1 i2 i4"" title=""Desktop, Console and Mobile versions""><b></b><i></i><span>(Desktop, Console and Mobile versions)</span></span></span>";Orichalcum Ore;20–35;"<span class=""chance"" data-sort-value=""1.19"">1/84 (1.19%)</span>";;0;1;1;1
117321;Defiled Crate;11837;Defiled Crate;;"<span class="" eil""><span>[[Defiled Crate|Defiled Crate]]</span><span class=""eico s i1 i2 i4"" title=""Desktop, Console and Mobile versions""><b></b><i></i><span>(Desktop, Console and Mobile versions)</span></span></span>";Adamantite Ore;20–35;"<span class=""chance"" data-sort-value=""1.19"">1/84 (1.19%)</span>";;0;1;1;1
117322;Defiled Crate;11837;Defiled Crate;;"<span class="" eil""><span>[[Defiled Crate|Defiled Crate]]</span><span class=""eico s i1 i2 i4"" title=""Desktop, Console and Mobile versions""><b></b><i></i><span>(Desktop, Console and Mobile versions)</span></span></span>";Titanium Ore;20–35;"<span class=""chance"" data-sort-value=""1.19"">1/84 (1.19%)</span>";;0;1;1;1
117323;Defiled Crate;11837;Defiled Crate;;"<span class="" eil""><span>[[Defiled Crate|Defiled Crate]]</span><span class=""eico s i1 i2 i4"" title=""Desktop, Console and Mobile versions""><b></b><i></i><span>(Desktop, Console and Mobile versions)</span></span></span>";Iron Bar;6–16;"<span class=""chance"" data-sort-value=""1.39"">1/72 (1.39%)</span>";;0;1;1;1
117324;Defiled Crate;11837;Defiled Crate;;"<span class="" eil""><span>[[Defiled Crate|Defiled Crate]]</span><span class=""eico s i1 i2 i4"" title=""Desktop, Console and Mobile versions""><b></b><i></i><span>(Desktop, Console and Mobile versions)</span></span></span>";Silver Bar;6–16;"<span class=""chance"" data-sort-value=""1.39"">1/72 (1.39%)</span>";;0;1;1;1
117325;Defiled Crate;11837;Defiled Crate;;"<span class="" eil""><span>[[Defiled Crate|Defiled Crate]]</span><span class=""eico s i1 i2 i4"" title=""Desktop, Console and Mobile versions""><b></b><i></i><span>(Desktop, Console and Mobile versions)</span></span></span>";Gold Bar;6–16;"<span class=""chance"" data-sort-value=""1.39"">1/72 (1.39%)</span>";;0;1;1;1
117326;Defiled Crate;11837;Defiled Crate;;"<span class="" eil""><span>[[Defiled Crate|Defiled Crate]]</span><span class=""eico s i1 i2 i4"" title=""Desktop, Console and Mobile versions""><b></b><i></i><span>(Desktop, Console and Mobile versions)</span></span></span>";Lead Bar;6–16;"<span class=""chance"" data-sort-value=""1.39"">1/72 (1.39%)</span>";;0;1;1;1
117327;Defiled Crate;11837;Defiled Crate;;"<span class="" eil""><span>[[Defiled Crate|Defiled Crate]]</span><span class=""eico s i1 i2 i4"" title=""Desktop, Console and Mobile versions""><b></b><i></i><span>(Desktop, Console and Mobile versions)</span></span></span>";Tungsten Bar;6–16;"<span class=""chance"" data-sort-value=""1.39"">1/72 (1.39%)</span>";;0;1;1;1
117328;Defiled Crate;11837;Defiled Crate;;"<span class="" eil""><span>[[Defiled Crate|Defiled Crate]]</span><span class=""eico s i1 i2 i4"" title=""Desktop, Console and Mobile versions""><b></b><i></i><span>(Desktop, Console and Mobile versions)</span></span></span>";Platinum Bar;6–16;"<span class=""chance"" data-sort-value=""1.39"">1/72 (1.39%)</span>";;0;1;1;1
117329;Defiled Crate;11837;Defiled Crate;;"<span class="" eil""><span>[[Defiled Crate|Defiled Crate]]</span><span class=""eico s i1 i2 i4"" title=""Desktop, Console and Mobile versions""><b></b><i></i><span>(Desktop, Console and Mobile versions)</span></span></span>";Cobalt Bar;5–16;"<span class=""chance"" data-sort-value=""2.78"">1/36 (2.78%)</span>";;0;1;1;1
117330;Defiled Crate;11837;Defiled Crate;;"<span class="" eil""><span>[[Defiled Crate|Defiled Crate]]</span><span class=""eico s i1 i2 i4"" title=""Desktop, Console and Mobile versions""><b></b><i></i><span>(Desktop, Console and Mobile versions)</span></span></span>";Mythril Bar;5–16;"<span class=""chance"" data-sort-value=""2.78"">1/36 (2.78%)</span>";;0;1;1;1
117331;Defiled Crate;11837;Defiled Crate;;"<span class="" eil""><span>[[Defiled Crate|Defiled Crate]]</span><span class=""eico s i1 i2 i4"" title=""Desktop, Console and Mobile versions""><b></b><i></i><span>(Desktop, Console and Mobile versions)</span></span></span>";Adamantite Bar;5–16;"<span class=""chance"" data-sort-value=""2.78"">1/36 (2.78%)</span>";;0;1;1;1
117332;Defiled Crate;11837;Defiled Crate;;"<span class="" eil""><span>[[Defiled Crate|Defiled Crate]]</span><span class=""eico s i1 i2 i4"" title=""Desktop, Console and Mobile versions""><b></b><i></i><span>(Desktop, Console and Mobile versions)</span></span></span>";Palladium Bar;5–16;"<span class=""chance"" data-sort-value=""2.78"">1/36 (2.78%)</span>";;0;1;1;1
117333;Defiled Crate;11837;Defiled Crate;;"<span class="" eil""><span>[[Defiled Crate|Defiled Crate]]</span><span class=""eico s i1 i2 i4"" title=""Desktop, Console and Mobile versions""><b></b><i></i><span>(Desktop, Console and Mobile versions)</span></span></span>";Orichalcum Bar;5–16;"<span class=""chance"" data-sort-value=""2.78"">1/36 (2.78%)</span>";;0;1;1;1
117334;Defiled Crate;11837;Defiled Crate;;"<span class="" eil""><span>[[Defiled Crate|Defiled Crate]]</span><span class=""eico s i1 i2 i4"" title=""Desktop, Console and Mobile versions""><b></b><i></i><span>(Desktop, Console and Mobile versions)</span></span></span>";Titanium Bar;5–16;"<span class=""chance"" data-sort-value=""2.78"">1/36 (2.78%)</span>";;0;1;1;1
117335;Defiled Crate;11837;Defiled Crate;;"<span class="" eil""><span>[[Defiled Crate|Defiled Crate]]</span><span class=""eico s i1 i2 i4"" title=""Desktop, Console and Mobile versions""><b></b><i></i><span>(Desktop, Console and Mobile versions)</span></span></span>";Obsidian Skin Potion;2–4;"<span class=""chance"" data-sort-value=""4.17"">1/24 (4.17%)</span>";;0;1;1;1
117336;Defiled Crate;11837;Defiled Crate;;"<span class="" eil""><span>[[Defiled Crate|Defiled Crate]]</span><span class=""eico s i1 i2 i4"" title=""Desktop, Console and Mobile versions""><b></b><i></i><span>(Desktop, Console and Mobile versions)</span></span></span>";Spelunker Potion;2–4;"<span class=""chance"" data-sort-value=""4.17"">1/24 (4.17%)</span>";;0;1;1;1
117337;Defiled Crate;11837;Defiled Crate;;"<span class="" eil""><span>[[Defiled Crate|Defiled Crate]]</span><span class=""eico s i1 i2 i4"" title=""Desktop, Console and Mobile versions""><b></b><i></i><span>(Desktop, Console and Mobile versions)</span></span></span>";Hunter Potion;2–4;"<span class=""chance"" data-sort-value=""4.17"">1/24 (4.17%)</span>";;0;1;1;1
117338;Defiled Crate;11837;Defiled Crate;;"<span class="" eil""><span>[[Defiled Crate|Defiled Crate]]</span><span class=""eico s i1 i2 i4"" title=""Desktop, Console and Mobile versions""><b></b><i></i><span>(Desktop, Console and Mobile versions)</span></span></span>";Gravitation Potion;2–4;"<span class=""chance"" data-sort-value=""4.17"">1/24 (4.17%)</span>";;0;1;1;1
117339;Defiled Crate;11837;Defiled Crate;;"<span class="" eil""><span>[[Defiled Crate|Defiled Crate]]</span><span class=""eico s i1 i2 i4"" title=""Desktop, Console and Mobile versions""><b></b><i></i><span>(Desktop, Console and Mobile versions)</span></span></span>";Mining Potion;2–4;"<span class=""chance"" data-sort-value=""4.17"">1/24 (4.17%)</span>";;0;1;1;1
117340;Defiled Crate;11837;Defiled Crate;;"<span class="" eil""><span>[[Defiled Crate|Defiled Crate]]</span><span class=""eico s i1 i2 i4"" title=""Desktop, Console and Mobile versions""><b></b><i></i><span>(Desktop, Console and Mobile versions)</span></span></span>";Heartreach Potion;2–4;"<span class=""chance"" data-sort-value=""4.17"">1/24 (4.17%)</span>";;0;1;1;1
117341;Defiled Crate;11837;Defiled Crate;;"<span class="" eil""><span>[[Defiled Crate|Defiled Crate]]</span><span class=""eico s i1 i2 i4"" title=""Desktop, Console and Mobile versions""><b></b><i></i><span>(Desktop, Console and Mobile versions)</span></span></span>";Healing Potion;5–17;"<span class=""chance"" data-sort-value=""25"">1/4 (25%)</span>";;0;1;1;1
117342;Defiled Crate;11837;Defiled Crate;;"<span class="" eil""><span>[[Defiled Crate|Defiled Crate]]</span><span class=""eico s i1 i2 i4"" title=""Desktop, Console and Mobile versions""><b></b><i></i><span>(Desktop, Console and Mobile versions)</span></span></span>";Mana Potion;5–17;"<span class=""chance"" data-sort-value=""25"">1/4 (25%)</span>";;0;1;1;1
117343;Defiled Crate;11837;Defiled Crate;;"<span class="" eil""><span>[[Defiled Crate|Defiled Crate]]</span><span class=""eico s i1 i2 i4"" title=""Desktop, Console and Mobile versions""><b></b><i></i><span>(Desktop, Console and Mobile versions)</span></span></span>";Journeyman Bait;2–6;"<span class=""chance"" data-sort-value=""25"">1/4 (25%)</span>";;0;1;1;1
117344;Defiled Crate;11837;Defiled Crate;;"<span class="" eil""><span>[[Defiled Crate|Defiled Crate]]</span><span class=""eico s i1 i2 i4"" title=""Desktop, Console and Mobile versions""><b></b><i></i><span>(Desktop, Console and Mobile versions)</span></span></span>";Master Bait;2–6;"<span class=""chance"" data-sort-value=""25"">1/4 (25%)</span>";;0;1;1;1
117345;Defiled Crate;11837;Defiled Crate;;"<span class="" eil""><span>[[Defiled Crate|Defiled Crate]]</span><span class=""eico s i1 i2 i4"" title=""Desktop, Console and Mobile versions""><b></b><i></i><span>(Desktop, Console and Mobile versions)</span></span></span>";Soul of Night;2–5;"<span class=""chance"" data-sort-value=""50"">1/2 (50%)</span>";;0;1;1;1
117346;Defiled Crate;11837;Defiled Crate;;"<span class="" eil""><span>[[Defiled Crate|Defiled Crate]]</span><span class=""eico s i1 i2 i4"" title=""Desktop, Console and Mobile versions""><b></b><i></i><span>(Desktop, Console and Mobile versions)</span></span></span>";Cursed Flame;2–5;"<span class=""chance"" data-sort-value=""50"">1/2 (50%)</span>";;0;1;1;1
117581;Pirate Corsair;4809;Pirate Corsair;213;"<span class="" eil""><span>[[Pirate Corsair|Pirate Corsair]]</span></span>";Coin Gun;1;0.025%;;1;1;1;1
117582;Pirate Corsair;4809;Pirate Corsair;213;"<span class="" eil""><span>[[Pirate Corsair|Pirate Corsair]]</span></span>";Barrel Launcher;1;0.5%;;1;1;1;1
117583;Pirate Corsair;4809;Pirate Corsair;213;"<span class="" eil""><span>[[Pirate Corsair|Pirate Corsair]]</span></span>";Lucky Coin;1;0.05%;;1;1;1;1
117584;Pirate Corsair;4809;Pirate Corsair;213;"<span class="" eil""><span>[[Pirate Corsair|Pirate Corsair]]</span></span>";Discount Card;1;0.1%;;1;1;1;1
117585;Pirate Corsair;4809;Pirate Corsair;213;"<span class="" eil""><span>[[Pirate Corsair|Pirate Corsair]]</span></span>";Pirate Staff;1;0.1%;;1;1;1;1
117586;Pirate Corsair;4809;Pirate Corsair;213;"<span class="" eil""><span>[[Pirate Corsair|Pirate Corsair]]</span></span>";Cutlass;1;0.5%;;1;1;1;1
117587;Pirate Corsair;4809;Pirate Corsair;213;"<span class="" eil""><span>[[Pirate Corsair|Pirate Corsair]]</span></span>";Sailor Hat;1;0.2%;;1;1;1;1
117588;Pirate Corsair;4809;Pirate Corsair;213;"<span class="" eil""><span>[[Pirate Corsair|Pirate Corsair]]</span></span>";Eye Patch;1;0.2%;;1;1;1;1
117589;Pirate Corsair;4809;Pirate Corsair;213;"<span class="" eil""><span>[[Pirate Corsair|Pirate Corsair]]</span></span>";Sailor Shirt;1;0.2%;;1;1;1;1
117590;Pirate Corsair;4809;Pirate Corsair;213;"<span class="" eil""><span>[[Pirate Corsair|Pirate Corsair]]</span></span>";Sailor Pants;1;0.2%;;1;1;1;1
117591;Pirate Corsair;4809;Pirate Corsair;213;"<span class="" eil""><span>[[Pirate Corsair|Pirate Corsair]]</span></span>";Golden furniture;1 piece;0.33% each;;1;1;1;1
117592;Pirate Corsair;4809;Pirate Corsair;213;"<span class="" eil""><span>[[Pirate Corsair|Pirate Corsair]]</span></span>";Golden Platform;80–129;0.67%;;1;1;1;1
117593;Pirate Corsair;4809;Pirate Corsair;213;"<span class="" eil""><span>[[Pirate Corsair|Pirate Corsair]]</span></span>";Gold Ring;1;0.2%;;1;1;1;1
117594;Pirate Corsair;4809;Pirate Corsair;213;"<span class="" eil""><span>[[Pirate Corsair|Pirate Corsair]]</span></span>";Buccaneer Bandana;1;0.2%;;1;1;1;1
117595;Pirate Corsair;4809;Pirate Corsair;213;"<span class="" eil""><span>[[Pirate Corsair|Pirate Corsair]]</span></span>";Buccaneer Tunic;1;0.2%;;1;1;1;1
117596;Pirate Corsair;4809;Pirate Corsair;213;"<span class="" eil""><span>[[Pirate Corsair|Pirate Corsair]]</span></span>";Buccaneer Pantaloons;1;0.2%;;1;1;1;1
117597;Pirate Deckhand;13201;Pirate Deckhand;212;"<span class="" eil""><span>[[Pirate Deckhand|Pirate Deckhand]]</span></span>";Coin Gun;1;0.025%;;1;1;1;1
117598;Pirate Deckhand;13201;Pirate Deckhand;212;"<span class="" eil""><span>[[Pirate Deckhand|Pirate Deckhand]]</span></span>";Barrel Launcher;1;0.5%;;1;1;1;1
117599;Pirate Deckhand;13201;Pirate Deckhand;212;"<span class="" eil""><span>[[Pirate Deckhand|Pirate Deckhand]]</span></span>";Lucky Coin;1;0.05%;;1;1;1;1
117600;Pirate Deckhand;13201;Pirate Deckhand;212;"<span class="" eil""><span>[[Pirate Deckhand|Pirate Deckhand]]</span></span>";Discount Card;1;0.1%;;1;1;1;1
117601;Pirate Deckhand;13201;Pirate Deckhand;212;"<span class="" eil""><span>[[Pirate Deckhand|Pirate Deckhand]]</span></span>";Pirate Staff;1;0.1%;;1;1;1;1
117602;Pirate Deckhand;13201;Pirate Deckhand;212;"<span class="" eil""><span>[[Pirate Deckhand|Pirate Deckhand]]</span></span>";Gold Ring;1;0.2%;;1;1;1;1
117603;Pirate Deckhand;13201;Pirate Deckhand;212;"<span class="" eil""><span>[[Pirate Deckhand|Pirate Deckhand]]</span></span>";Cutlass;1;0.5%;;1;1;1;1
117604;Pirate Deckhand;13201;Pirate Deckhand;212;"<span class="" eil""><span>[[Pirate Deckhand|Pirate Deckhand]]</span></span>";Sailor Hat;1;0.2%;;1;1;1;1
117605;Pirate Deckhand;13201;Pirate Deckhand;212;"<span class="" eil""><span>[[Pirate Deckhand|Pirate Deckhand]]</span></span>";Eye Patch;1;0.2%;;1;1;1;1
117606;Pirate Deckhand;13201;Pirate Deckhand;212;"<span class="" eil""><span>[[Pirate Deckhand|Pirate Deckhand]]</span></span>";Sailor Shirt;1;0.2%;;1;1;1;1
117607;Pirate Deckhand;13201;Pirate Deckhand;212;"<span class="" eil""><span>[[Pirate Deckhand|Pirate Deckhand]]</span></span>";Sailor Pants;1;0.2%;;1;1;1;1
117608;Pirate Deckhand;13201;Pirate Deckhand;212;"<span class="" eil""><span>[[Pirate Deckhand|Pirate Deckhand]]</span></span>";Golden furniture;1 piece;0.33% each;;1;1;1;1
117609;Pirate Deckhand;13201;Pirate Deckhand;212;"<span class="" eil""><span>[[Pirate Deckhand|Pirate Deckhand]]</span></span>";Golden Platform;80–129;0.67%;;1;1;1;1
117610;Pirate Deckhand;13201;Pirate Deckhand;212;"<span class="" eil""><span>[[Pirate Deckhand|Pirate Deckhand]]</span></span>";Buccaneer Bandana;1;0.2%;;1;1;1;1
117611;Pirate Deckhand;13201;Pirate Deckhand;212;"<span class="" eil""><span>[[Pirate Deckhand|Pirate Deckhand]]</span></span>";Buccaneer Tunic;1;0.2%;;1;1;1;1
117612;Pirate Deckhand;13201;Pirate Deckhand;212;"<span class="" eil""><span>[[Pirate Deckhand|Pirate Deckhand]]</span></span>";Buccaneer Pantaloons;1;0.2%;;1;1;1;1
117645;Pirate Deadeye;6464;Pirate Deadeye;214;"<span class="" eil""><span>[[Pirate Deadeye|Pirate Deadeye]]</span></span>";Coin Gun;1;0.025%;;1;1;1;1
117646;Pirate Deadeye;6464;Pirate Deadeye;214;"<span class="" eil""><span>[[Pirate Deadeye|Pirate Deadeye]]</span></span>";Barrel Launcher;1;0.5%;;1;1;1;1
117647;Pirate Deadeye;6464;Pirate Deadeye;214;"<span class="" eil""><span>[[Pirate Deadeye|Pirate Deadeye]]</span></span>";Lucky Coin;1;0.05%;;1;1;1;1
117648;Pirate Deadeye;6464;Pirate Deadeye;214;"<span class="" eil""><span>[[Pirate Deadeye|Pirate Deadeye]]</span></span>";Discount Card;1;0.1%;;1;1;1;1
117649;Pirate Deadeye;6464;Pirate Deadeye;214;"<span class="" eil""><span>[[Pirate Deadeye|Pirate Deadeye]]</span></span>";Pirate Staff;1;0.1%;;1;1;1;1
117650;Pirate Deadeye;6464;Pirate Deadeye;214;"<span class="" eil""><span>[[Pirate Deadeye|Pirate Deadeye]]</span></span>";Gold Ring;1;0.2%;;1;1;1;1
117651;Pirate Deadeye;6464;Pirate Deadeye;214;"<span class="" eil""><span>[[Pirate Deadeye|Pirate Deadeye]]</span></span>";Cutlass;1;0.5%;;1;1;1;1
117652;Pirate Deadeye;6464;Pirate Deadeye;214;"<span class="" eil""><span>[[Pirate Deadeye|Pirate Deadeye]]</span></span>";Sailor Hat;1;0.2%;;1;1;1;1
117653;Pirate Deadeye;6464;Pirate Deadeye;214;"<span class="" eil""><span>[[Pirate Deadeye|Pirate Deadeye]]</span></span>";Eye Patch;1;0.2%;;1;1;1;1
117654;Pirate Deadeye;6464;Pirate Deadeye;214;"<span class="" eil""><span>[[Pirate Deadeye|Pirate Deadeye]]</span></span>";Sailor Shirt;1;0.2%;;1;1;1;1
117655;Pirate Deadeye;6464;Pirate Deadeye;214;"<span class="" eil""><span>[[Pirate Deadeye|Pirate Deadeye]]</span></span>";Sailor Pants;1;0.2%;;1;1;1;1
117656;Pirate Deadeye;6464;Pirate Deadeye;214;"<span class="" eil""><span>[[Pirate Deadeye|Pirate Deadeye]]</span></span>";Golden furniture;1 piece;0.33% each;;1;1;1;1
117657;Pirate Deadeye;6464;Pirate Deadeye;214;"<span class="" eil""><span>[[Pirate Deadeye|Pirate Deadeye]]</span></span>";Golden Platform;80–129;0.67%;;1;1;1;1
117658;Pirate Deadeye;6464;Pirate Deadeye;214;"<span class="" eil""><span>[[Pirate Deadeye|Pirate Deadeye]]</span></span>";Buccaneer Bandana;1;0.2%;;1;1;1;1
117659;Pirate Deadeye;6464;Pirate Deadeye;214;"<span class="" eil""><span>[[Pirate Deadeye|Pirate Deadeye]]</span></span>";Buccaneer Tunic;1;0.2%;;1;1;1;1
117660;Pirate Deadeye;6464;Pirate Deadeye;214;"<span class="" eil""><span>[[Pirate Deadeye|Pirate Deadeye]]</span></span>";Buccaneer Pantaloons;1;0.2%;;1;1;1;1
117800;Ice Golem;9764;Ice Golem;243;"<span class="" eil""><span>[[Ice Golem|Ice Golem]]</span></span>";Ice Feather;1;33.3%;;1;1;1;1
117801;Ice Golem;9764;Ice Golem;243;"<span class="" eil""><span>[[Ice Golem|Ice Golem]]</span></span>";Frost Core;1;100%;;1;1;1;1
117802;Antlion Charger;11741;Antlion Charger;580;"<span class="" eil""><span>[[Antlion Charger|Antlion Charger]]</span><span class=""eico s i1 i2 i4"" title=""Desktop, Console and Mobile versions""><b></b><i></i><span>(Desktop, Console and Mobile versions)</span></span></span>";Banana Split;1;2%;;1;1;1;1
117803;Antlion Charger;11741;Antlion Charger;580;"<span class="" eil""><span>[[Antlion Charger|Antlion Charger]]</span><span class=""eico s i1 i2 i4"" title=""Desktop, Console and Mobile versions""><b></b><i></i><span>(Desktop, Console and Mobile versions)</span></span></span>";Antlion Mandible;1–2;33.3%;;1;1;1;1
117804;Antlion Charger;11741;Antlion Charger;580;"<span class="" eil""><span>[[Antlion Charger|Antlion Charger]]</span><span class=""eico s i1 i2 i4"" title=""Desktop, Console and Mobile versions""><b></b><i></i><span>(Desktop, Console and Mobile versions)</span></span></span>";Mandible Blade;1;2%;;1;1;1;1
118117;Sandstone Chest;4172;Sandstone Chest;;"<span class="" eil""><span>[[Sandstone Chest|Sandstone Chest]]</span></span>";Magic Conch;1;"<span class=""chance"" data-sort-value=""25"">1/4 (25%)</span>";;0;1;1;1
118118;Sandstone Chest;4172;Sandstone Chest;;"<span class="" eil""><span>[[Sandstone Chest|Sandstone Chest]]</span></span>";Snake Charmer's Flute;1;"<span class=""chance"" data-sort-value=""25"">1/4 (25%)</span>";;0;1;1;1
118119;Sandstone Chest;4172;Sandstone Chest;;"<span class="" eil""><span>[[Sandstone Chest|Sandstone Chest]]</span></span>";Ancient Chisel;1;"<span class=""chance"" data-sort-value=""25"">1/4 (25%)</span>";;0;1;1;1
118120;Sandstone Chest;4172;Sandstone Chest;;"<span class="" eil""><span>[[Sandstone Chest|Sandstone Chest]]</span></span>";Dunerider Boots;1;"<span class=""chance"" data-sort-value=""25"">1/4 (25%)</span>";;0;1;1;1
118121;Sandstone Chest;4172;Sandstone Chest;;"<span class="" eil""><span>[[Sandstone Chest|Sandstone Chest]]</span></span>";Storm Spear;1;"<span class=""chance"" data-sort-value=""33.33"">1/3 (33.33%)</span>";;0;1;1;1
118122;Sandstone Chest;4172;Sandstone Chest;;"<span class="" eil""><span>[[Sandstone Chest|Sandstone Chest]]</span></span>";Thunder Zapper;1;"<span class=""chance"" data-sort-value=""33.33"">1/3 (33.33%)</span>";;0;1;1;1
118123;Sandstone Chest;4172;Sandstone Chest;;"<span class="" eil""><span>[[Sandstone Chest|Sandstone Chest]]</span></span>";Bast Statue;1;"<span class=""chance"" data-sort-value=""33.33"">1/3 (33.33%)</span>";;0;1;1;1
118124;Sandstone Chest;4172;Sandstone Chest;;"<span class="" eil""><span>[[Sandstone Chest|Sandstone Chest]]</span></span>";Desert Minecart;1;"<span class=""chance"" data-sort-value=""6.67"">1/15 (6.67%)</span>";;0;1;1;1
118125;Sandstone Chest;4172;Sandstone Chest;;"<span class="" eil""><span>[[Sandstone Chest|Sandstone Chest]]</span></span>";Encumbering Stone;1;"<span class=""chance"" data-sort-value=""14.29"">1/7 (14.29%)</span>";;0;1;1;1
118126;Skyware Chest;11577;Skyware Chest;;"<span class="" eil""><span>[[Skyware Chest|Skyware Chest]]</span></span>";Shiny Red Balloon;1;"<span class=""chance"" data-sort-value=""25"">1/4 (25%)</span>";;0;1;1;1
118127;Skyware Chest;11577;Skyware Chest;;"<span class="" eil""><span>[[Skyware Chest|Skyware Chest]]</span></span>";Starfury;1;"<span class=""chance"" data-sort-value=""25"">1/4 (25%)</span>";;0;1;1;1
118128;Skyware Chest;11577;Skyware Chest;;"<span class="" eil""><span>[[Skyware Chest|Skyware Chest]]</span></span>";Lucky Horseshoe;1;"<span class=""chance"" data-sort-value=""25"">1/4 (25%)</span>";;0;1;1;1
118129;Skyware Chest;11577;Skyware Chest;;"<span class="" eil""><span>[[Skyware Chest|Skyware Chest]]</span></span>";Celestial Magnet;1;"<span class=""chance"" data-sort-value=""25"">1/4 (25%)</span>";;0;1;1;1
118130;Skyware Chest;11577;Skyware Chest;;"<span class="" eil""><span>[[Skyware Chest|Skyware Chest]]</span></span>";Sky Mill;1;"<span class=""chance"" data-sort-value=""33.33"">1/3 (33.33%)</span>";;0;1;1;1
118131;Skyware Chest;11577;Skyware Chest;;"<span class="" eil""><span>[[Skyware Chest|Skyware Chest]]</span></span>";Fledgling Wings;1;"<span class=""chance"" data-sort-value=""2.5"">1/40 (2.5%)</span>";;0;1;1;1
118132;Skyware Chest;11577;Skyware Chest;;"<span class="" eil""><span>[[Skyware Chest|Skyware Chest]]</span></span>";High Pitch;1;"<span class=""chance"" data-sort-value=""16.67"">1/6 (16.67%)</span>";;0;1;1;1
118133;Skyware Chest;11577;Skyware Chest;;"<span class="" eil""><span>[[Skyware Chest|Skyware Chest]]</span></span>";Blessing from the Heavens;1;"<span class=""chance"" data-sort-value=""16.67"">1/6 (16.67%)</span>";;0;1;1;1
118134;Skyware Chest;11577;Skyware Chest;;"<span class="" eil""><span>[[Skyware Chest|Skyware Chest]]</span></span>";Constellation (painting);1;"<span class=""chance"" data-sort-value=""16.67"">1/6 (16.67%)</span>";;0;1;1;1
118135;Skyware Chest;11577;Skyware Chest;;"<span class="" eil""><span>[[Skyware Chest|Skyware Chest]]</span></span>";See The World For What It Is;1;"<span class=""chance"" data-sort-value=""16.67"">1/6 (16.67%)</span>";;0;1;1;1
118136;Skyware Chest;11577;Skyware Chest;;"<span class="" eil""><span>[[Skyware Chest|Skyware Chest]]</span></span>";Love is in the Trash Slot;1;"<span class=""chance"" data-sort-value=""16.67"">1/6 (16.67%)</span>";;0;1;1;1
118137;Skyware Chest;11577;Skyware Chest;;"<span class="" eil""><span>[[Skyware Chest|Skyware Chest]]</span></span>";Eye of the Sun;1;"<span class=""chance"" data-sort-value=""16.67"">1/6 (16.67%)</span>";;0;1;1;1
118138;Skyware Chest;11577;Skyware Chest;;"<span class="" eil""><span>[[Skyware Chest|Skyware Chest]]</span></span>";Cloud;50–100;"<span class=""chance"" data-sort-value=""100"">1/1 (100%)</span>";;0;1;1;1
118324;Water Bolt Mimic;71113;Water Bolt Mimic;694;"<span class="" eil""><span>[[Water Bolt Mimic|Water Bolt Mimic]]</span></span>";Water Bolt;1;2.5%;;1;1;1;1
118368;Betsy;13003;Betsy;551;"<span class="" eil""><span>[[Betsy|Betsy]]</span></span>";Aerial Bane;1;25%;;1;1;0;0
118369;Betsy;13003;Betsy;551;"<span class="" eil""><span>[[Betsy|Betsy]]</span></span>";Sky Dragon's Fury;1;25%;;1;1;0;0
118370;Betsy;13003;Betsy;551;"<span class="" eil""><span>[[Betsy|Betsy]]</span></span>";Betsy's Wrath;1;25%;;1;1;0;0
118371;Betsy;13003;Betsy;551;"<span class="" eil""><span>[[Betsy|Betsy]]</span></span>";Flying Dragon;1;25%;;1;1;0;0
118372;Betsy;13003;Betsy;551;"<span class="" eil""><span>[[Betsy|Betsy]]</span></span>";Betsy's Wings;1;25%;;1;1;0;0
118373;Betsy;13003;Betsy;551;"<span class="" eil""><span>[[Betsy|Betsy]]</span></span>";Betsy Mask;1;14.29%;;1;1;0;0
118374;Betsy;13003;Betsy;551;"<span class="" eil""><span>[[Betsy|Betsy]]</span></span>";Betsy Trophy;1;10%;;1;1;1;1
118375;Betsy;13003;Betsy;551;"<span class="" eil""><span>[[Betsy|Betsy]]</span></span>";Treasure Bag (Betsy);1;"[[Expert Mode|<abbr class=""mode-exclusive expert"" title=""Expert Mode "">100%</abbr>]]";;1;0;1;1
118376;Betsy;13003;Treasure Bag (Betsy);551;"<span class="" eil""><span>[[Treasure Bag (Betsy)|Treasure Bag]]</span></span><br/><span class=""note-text "">(Betsy)</span>";Betsy Mask;1;14.29%;;0;0;1;1
118377;Betsy;13003;Treasure Bag (Betsy);551;"<span class="" eil""><span>[[Treasure Bag (Betsy)|Treasure Bag]]</span></span><br/><span class=""note-text "">(Betsy)</span>";Betsy's Wings;1;25%;;0;0;1;1
118378;Betsy;13003;Treasure Bag (Betsy);551;"<span class="" eil""><span>[[Treasure Bag (Betsy)|Treasure Bag]]</span></span><br/><span class=""note-text "">(Betsy)</span>";Defender Medal;30-49;100%;;0;0;1;1
118379;Betsy;13003;Treasure Bag (Betsy);551;"<span class="" eil""><span>[[Treasure Bag (Betsy)|Treasure Bag]]</span></span><br/><span class=""note-text "">(Betsy)</span>";Aerial Bane;1;25%;;0;0;1;1
118380;Betsy;13003;Treasure Bag (Betsy);551;"<span class="" eil""><span>[[Treasure Bag (Betsy)|Treasure Bag]]</span></span><br/><span class=""note-text "">(Betsy)</span>";Sky Dragon's Fury;1;25%;;0;0;1;1
118381;Betsy;13003;Treasure Bag (Betsy);551;"<span class="" eil""><span>[[Treasure Bag (Betsy)|Treasure Bag]]</span></span><br/><span class=""note-text "">(Betsy)</span>";Betsy's Wrath;1;25%;;0;0;1;1
118382;Betsy;13003;Treasure Bag (Betsy);551;"<span class="" eil""><span>[[Treasure Bag (Betsy)|Treasure Bag]]</span></span><br/><span class=""note-text "">(Betsy)</span>";Flying Dragon;1;25%;;0;0;1;1
118383;Betsy;13003;Betsy;551;"<span class="" eil""><span>[[Betsy|Betsy]]</span></span>";Betsy's Egg;1;"[[Master Mode|<abbr class=""mode-exclusive master"" title=""Master Mode "">25%</abbr>]]";;1;0;0;1
118384;Betsy;13003;Betsy;551;"<span class="" eil""><span>[[Betsy|Betsy]]</span></span>";Betsy Relic;1;"[[Master Mode|<abbr class=""mode-exclusive master"" title=""Master Mode "">100%</abbr>]]";;1;0;0;1
118385;Frozen Zombie;12372;Frozen Zombie;161;"<span class="" eil""><span>[[Frozen Zombie|Frozen Zombie]]</span></span>";Snow Hood;1;3.33%;;1;1;1;1
118386;Frozen Zombie;12372;Frozen Zombie;161;"<span class="" eil""><span>[[Frozen Zombie|Frozen Zombie]]</span></span>";Snow Coat;1;3.33%;;1;1;1;1
118387;Frozen Zombie;12372;Frozen Zombie;161;"<span class="" eil""><span>[[Frozen Zombie|Frozen Zombie]]</span></span>";Snow Pants;1;3.33%;;1;1;1;1
118388;Frozen Zombie;12372;Frozen Zombie;161;"<span class="" eil""><span>[[Frozen Zombie|Frozen Zombie]]</span></span>";Shackle;1;2%;;1;1;1;1
118389;Frozen Zombie;12372;Frozen Zombie;161;"<span class="" eil""><span>[[Frozen Zombie|Frozen Zombie]]</span></span>";Zombie Arm;1;0.4%;;1;1;1;1
118390;Frozen Zombie;12372;Frozen Zombie;161;"<span class="" eil""><span>[[Frozen Zombie|Frozen Zombie]]</span></span>";Spiffo Plush;1;0.07%;;1;1;1;1
118613;Pumpking;6507;Pumpking;327;"<span class="" eil""><span>[[Pumpking|Pumpking]]</span></span>";Candy Corn Rifle;;"<span class=""mode-content""><span class=""m-normal m-journey"">2.5–12.5%</span><span class=""m-expert-master"">[[Expert Mode|<abbr class=""mode-exclusive expert"" title=""Expert Mode "">6.25–12.5%</abbr>]]</span></span>";"<span class=""i"">[[File:Candy Corn Rifle.png|link=Candy Corn Rifle|Candy Corn Rifle]]<span><span>[[Candy Corn Rifle]]</span></span></span>
: + <span class=""i"">[[File:Candy Corn.png|link=Candy Corn|Candy Corn]]<span><span>[[Candy Corn]]</span></span></span> (50–100)";1;1;1;1
118614;Pumpking;6507;Pumpking;327;"<span class="" eil""><span>[[Pumpking|Pumpking]]</span></span>";Candy Corn;;"<span class=""mode-content""><span class=""m-normal m-journey"">2.5–12.5%</span><span class=""m-expert-master"">[[Expert Mode|<abbr class=""mode-exclusive expert"" title=""Expert Mode "">6.25–12.5%</abbr>]]</span></span>";"<span class=""i"">[[File:Candy Corn Rifle.png|link=Candy Corn Rifle|Candy Corn Rifle]]<span><span>[[Candy Corn Rifle]]</span></span></span>
: + <span class=""i"">[[File:Candy Corn.png|link=Candy Corn|Candy Corn]]<span><span>[[Candy Corn]]</span></span></span> (50–100)";1;1;1;1
118615;Pumpking;6507;Pumpking;327;"<span class="" eil""><span>[[Pumpking|Pumpking]]</span></span>";Jack 'O Lantern Launcher;;"<span class=""mode-content""><span class=""m-normal m-journey"">2.5–12.5%</span><span class=""m-expert-master"">[[Expert Mode|<abbr class=""mode-exclusive expert"" title=""Expert Mode "">6.25–12.5%</abbr>]]</span></span>";"<span class=""i"">[[File:Jack 'O Lantern Launcher.png|link=Jack 'O Lantern Launcher|Jack 'O Lantern Launcher]]<span><span>[[Jack 'O Lantern Launcher]]</span></span></span>
: + <span class=""i"">[[File:Explosive Jack 'O Lantern.png|link=Explosive Jack 'O Lantern|Explosive Jack 'O Lantern]]<span><span>[[Explosive Jack 'O Lantern]]</span></span></span> (25–50)";1;1;1;1
118616;Pumpking;6507;Pumpking;327;"<span class="" eil""><span>[[Pumpking|Pumpking]]</span></span>";Explosive Jack 'O Lantern;;"<span class=""mode-content""><span class=""m-normal m-journey"">2.5–12.5%</span><span class=""m-expert-master"">[[Expert Mode|<abbr class=""mode-exclusive expert"" title=""Expert Mode "">6.25–12.5%</abbr>]]</span></span>";"<span class=""i"">[[File:Jack 'O Lantern Launcher.png|link=Jack 'O Lantern Launcher|Jack 'O Lantern Launcher]]<span><span>[[Jack 'O Lantern Launcher]]</span></span></span>
: + <span class=""i"">[[File:Explosive Jack 'O Lantern.png|link=Explosive Jack 'O Lantern|Explosive Jack 'O Lantern]]<span><span>[[Explosive Jack 'O Lantern]]</span></span></span> (25–50)";1;1;1;1
118617;Pumpking;6507;Pumpking;327;"<span class="" eil""><span>[[Pumpking|Pumpking]]</span></span>";Black Fairy Dust;1;"<span class=""mode-content""><span class=""m-normal m-journey"">2.5–12.5%</span><span class=""m-expert-master"">[[Expert Mode|<abbr class=""mode-exclusive expert"" title=""Expert Mode "">6.25–12.5%</abbr>]]</span></span>";;1;1;1;1
118618;Pumpking;6507;Pumpking;327;"<span class="" eil""><span>[[Pumpking|Pumpking]]</span></span>";The Horseman's Blade;1;"<span class=""mode-content""><span class=""m-normal m-journey"">2.5–12.5%</span><span class=""m-expert-master"">[[Expert Mode|<abbr class=""mode-exclusive expert"" title=""Expert Mode "">6.25–12.5%</abbr>]]</span></span>";;1;1;1;1
118619;Pumpking;6507;Pumpking;327;"<span class="" eil""><span>[[Pumpking|Pumpking]]</span></span>";Bat Scepter;1;"<span class=""mode-content""><span class=""m-normal m-journey"">2.5–12.5%</span><span class=""m-expert-master"">[[Expert Mode|<abbr class=""mode-exclusive expert"" title=""Expert Mode "">6.25–12.5%</abbr>]]</span></span>";;1;1;1;1
118620;Pumpking;6507;Pumpking;327;"<span class="" eil""><span>[[Pumpking|Pumpking]]</span></span>";Raven Staff;1;"<span class=""mode-content""><span class=""m-normal m-journey"">2.5–12.5%</span><span class=""m-expert-master"">[[Expert Mode|<abbr class=""mode-exclusive expert"" title=""Expert Mode "">6.25–12.5%</abbr>]]</span></span>";;1;1;1;1
118621;Pumpking;6507;Pumpking;327;"<span class="" eil""><span>[[Pumpking|Pumpking]]</span></span>";Dark Harvest;1;"<span class=""mode-content""><span class=""m-normal m-journey"">2.5–12.5%</span><span class=""m-expert-master"">[[Expert Mode|<abbr class=""mode-exclusive expert"" title=""Expert Mode "">6.25–12.5%</abbr>]]</span></span>";;1;1;1;1
118622;Pumpking;6507;Pumpking;327;"<span class="" eil""><span>[[Pumpking|Pumpking]]</span></span>";Spider Egg;1;"<span class=""mode-content""><span class=""m-normal m-journey"">2.5–12.5%</span><span class=""m-expert-master"">[[Expert Mode|<abbr class=""mode-exclusive expert"" title=""Expert Mode "">6.25–12.5%</abbr>]]</span></span>";;1;1;1;1
118623;Pumpking;6507;Pumpking;327;"<span class="" eil""><span>[[Pumpking|Pumpking]]</span></span>";Pumpking Trophy;;"<span class=""mode-content""><span class=""m-normal m-journey"">8.33–50%</span><span class=""m-expert-master"">[[Expert Mode|<abbr class=""mode-exclusive expert"" title=""Expert Mode "">27.27–60%</abbr>]]</span></span>";"<span class=""i -w"">[[File:Pumpking Trophy.png|link=Pumpking Trophy|Pumpking Trophy]]<span><span>[[Pumpking Trophy]]</span><span class=""note"">(During wave 15 and up)</span></span></span>";1;1;1;1
118624;Pumpking;6507;Pumpking;327;"<span class="" eil""><span>[[Pumpking|Pumpking]]</span></span>";Pumpking Relic;1;"[[Master Mode|<abbr class=""mode-exclusive master"" title=""Master Mode "">50–100%</abbr>]]";;1;0;0;1
118625;Pumpking;6507;Pumpking;327;"<span class="" eil""><span>[[Pumpking|Pumpking]]</span></span>";Pumpkin Scented Candle;1;"[[Master Mode|<abbr class=""mode-exclusive master"" title=""Master Mode "">12.5–25%</abbr>]]";;1;0;0;1
118626;Ice Queen;4410;Ice Queen;345;"<span class="" eil""><span>[[Ice Queen|Ice Queen]]</span></span>";Blizzard Staff;1;"<span class=""mode-content""><span class=""m-normal m-journey"">5.19–10.37%</span><span class=""m-expert-master"">[[Expert Mode|<abbr class=""mode-exclusive expert"" title=""Expert Mode "">15.56–31.11%</abbr>]]</span></span>";;1;1;1;1
118627;Ice Queen;4410;Ice Queen;345;"<span class="" eil""><span>[[Ice Queen|Ice Queen]]</span></span>";Snowman Cannon;1;"<span class=""mode-content""><span class=""m-normal m-journey"">5.19–10.37%</span><span class=""m-expert-master"">[[Expert Mode|<abbr class=""mode-exclusive expert"" title=""Expert Mode "">15.56–31.11%</abbr>]]</span></span>";;1;1;1;1
118628;Ice Queen;4410;Ice Queen;345;"<span class="" eil""><span>[[Ice Queen|Ice Queen]]</span></span>";North Pole;1;"<span class=""mode-content""><span class=""m-normal m-journey"">5.19–10.37%</span><span class=""m-expert-master"">[[Expert Mode|<abbr class=""mode-exclusive expert"" title=""Expert Mode "">15.56–31.11%</abbr>]]</span></span>";;1;1;1;1
118629;Ice Queen;4410;Ice Queen;345;"<span class="" eil""><span>[[Ice Queen|Ice Queen]]</span></span>";Baby Grinch's Mischief Whistle;1;"<span class=""mode-content""><span class=""m-normal m-journey"">1.11–2.22%</span><span class=""m-expert-master"">[[Expert Mode|<abbr class=""mode-exclusive expert"" title=""Expert Mode "">3.33–6.67%</abbr>]]</span></span>";;1;1;1;1
118630;Ice Queen;4410;Ice Queen;345;"<span class="" eil""><span>[[Ice Queen|Ice Queen]]</span></span>";Reindeer Bells;;"<span class=""mode-content""><span class=""m-normal m-journey"">1.33–2.22%</span><span class=""m-expert-master"">[[Expert Mode|<abbr class=""mode-exclusive expert"" title=""Expert Mode "">6.67%</abbr>]]</span></span>";"<span class=""i -w"">[[File:Reindeer Bells.png|link=Reindeer Bells|Reindeer Bells]]<span><span>[[Reindeer Bells]]</span><span class=""note"">(During wave 15 and up)</span></span></span>";1;1;1;1
118631;Ice Queen;4410;Ice Queen;345;"<span class="" eil""><span>[[Ice Queen|Ice Queen]]</span></span>";Ice Queen Trophy;;"<span class=""mode-content""><span class=""m-normal m-journey"">5–16.67%</span><span class=""m-expert-master"">[[Expert Mode|<abbr class=""mode-exclusive expert"" title=""Expert Mode "">27.27–60%</abbr>]]</span></span>";"<span class=""i -w"">[[File:Ice Queen Trophy.png|link=Ice Queen Trophy|Ice Queen Trophy]]<span><span>[[Ice Queen Trophy]]</span><span class=""note"">(During wave 15 and up)</span></span></span>";1;1;1;1
118632;Ice Queen;4410;Ice Queen;345;"<span class="" eil""><span>[[Ice Queen|Ice Queen]]</span></span>";Frozen Crown;1;"[[Master Mode|<abbr class=""mode-exclusive master"" title=""Master Mode "">12.5–25%</abbr>]]";;1;0;0;1
118633;Ice Queen;4410;Ice Queen;345;"<span class="" eil""><span>[[Ice Queen|Ice Queen]]</span></span>";Ice Queen Relic;1;"[[Master Mode|<abbr class=""mode-exclusive master"" title=""Master Mode "">50–100%</abbr>]]";;1;0;0;1
118679;Goblin Sorcerer;15056;Goblin Sorcerer;29;"<span class="" eil""><span>[[Goblin Sorcerer|Goblin Sorcerer]]</span></span>";Harpoon;1;0.5%;;1;1;1;1
118680;Goblin Sorcerer;15056;Goblin Sorcerer;29;"<span class="" eil""><span>[[Goblin Sorcerer|Goblin Sorcerer]]</span></span>";Spiky Ball;1-5;49.75%;;1;1;1;1
118928;Blood Zombie;6492;Blood Zombie;489;"<span class="" eil""><span>[[Blood Zombie|Blood Zombie]]</span></span>";Shark Tooth Necklace;1;"<span class=""mode-content""><span class=""m-normal m-journey"">0.67%</span><span class=""m-expert-master"">[[Expert Mode|<abbr class=""mode-exclusive expert"" title=""Expert Mode "">1.33%</abbr>]]</span></span>";;1;1;1;1
118929;Blood Zombie;6492;Blood Zombie;489;"<span class="" eil""><span>[[Blood Zombie|Blood Zombie]]</span></span>";Money Trough;1;"<span class=""mode-content""><span class=""m-normal m-journey"">0.5%</span><span class=""m-expert-master"">[[Expert Mode|<abbr class=""mode-exclusive expert"" title=""Expert Mode "">1%</abbr>]]</span></span>";;1;1;1;1
118930;Blood Zombie;6492;Blood Zombie;489;"<span class="" eil""><span>[[Blood Zombie|Blood Zombie]]</span></span>";Bloody Tear;1;1%;;1;1;1;1
119028;Martian Walker;10934;Martian Walker;520;"<span class="" eil""><span>[[Martian Walker|Martian Walker]]</span></span>";Martian Conduit Plating;8–20;12.5%;;1;1;1;1
119029;Martian Walker;10934;Martian Walker;520;"<span class="" eil""><span>[[Martian Walker|Martian Walker]]</span></span>";Laser Drill;1;0.13%;;1;1;1;1
119030;Martian Walker;10934;Martian Walker;520;"<span class="" eil""><span>[[Martian Walker|Martian Walker]]</span></span>";Anti-Gravity Hook;1;0.13%;;1;1;1;1
119031;Martian Walker;10934;Martian Walker;520;"<span class="" eil""><span>[[Martian Walker|Martian Walker]]</span></span>";Charged Blaster Cannon;1;0.13%;;1;1;1;1
119032;Skeleton Commando;10188;Skeleton Commando;293;"<span class="" eil""><span>[[Skeleton Commando|Skeleton Commando]]</span></span>";BBQ Ribs;1;4.76%;;1;1;1;1
119033;Skeleton Commando;10188;Skeleton Commando;293;"<span class="" eil""><span>[[Skeleton Commando|Skeleton Commando]]</span></span>";Rocket Launcher;1;"<span class=""mode-content""><span class=""m-normal m-journey"">5.56%</span><span class=""m-expert-master"">[[Expert Mode|<abbr class=""mode-exclusive expert"" title=""Expert Mode "">10.8%</abbr>]]</span></span>";;1;1;1;1
119037;Skeleton Sniper;10808;Skeleton Sniper;291;"<span class="" eil""><span>[[Skeleton Sniper|Skeleton Sniper]]</span></span>";BBQ Ribs;1;4.76%;;1;1;1;1
119038;Skeleton Sniper;10808;Skeleton Sniper;291;"<span class="" eil""><span>[[Skeleton Sniper|Skeleton Sniper]]</span></span>";Rifle Scope;1;"<span class=""mode-content""><span class=""m-normal m-journey"">8.33%</span><span class=""m-expert-master"">[[Expert Mode|<abbr class=""mode-exclusive expert"" title=""Expert Mode "">15.97%</abbr>]]</span></span>";;1;1;1;1
119039;Skeleton Sniper;10808;Skeleton Sniper;291;"<span class="" eil""><span>[[Skeleton Sniper|Skeleton Sniper]]</span></span>";Sniper Rifle;1;"<span class=""mode-content""><span class=""m-normal m-journey"">8.33%</span><span class=""m-expert-master"">[[Expert Mode|<abbr class=""mode-exclusive expert"" title=""Expert Mode "">15.97%</abbr>]]</span></span>";;1;1;1;1
119043;Butcher;8352;Butcher;460;"<span class="" eil""><span>[[Butcher|Butcher]]</span></span>";A Machine for Terrarians;1;1.67%;;1;1;1;1
119044;Butcher;8352;Butcher;460;"<span class="" eil""><span>[[Butcher|Butcher]]</span></span>";Butcher's Chainsaw;1;"<span class=""mode-content""><span class=""m-normal m-journey"">2.5%</span><span class=""m-expert-master"">[[Expert Mode|<abbr class=""mode-exclusive expert"" title=""Expert Mode "">4.94%</abbr>]]</span></span>";;1;1;1;1
119045;Butcher;8352;Butcher;460;"<span class="" eil""><span>[[Butcher|Butcher]]</span></span>";Butcher Mask;1;"<span class=""mode-content""><span class=""m-normal m-journey"">2%</span><span class=""m-expert-master"">[[Expert Mode|<abbr class=""mode-exclusive expert"" title=""Expert Mode "">3.96%</abbr>]]</span></span>";;1;1;1;1
119046;Butcher;8352;Butcher;460;"<span class="" eil""><span>[[Butcher|Butcher]]</span></span>";Butcher's Bloodstained Apron;1;"<span class=""mode-content""><span class=""m-normal m-journey"">2%</span><span class=""m-expert-master"">[[Expert Mode|<abbr class=""mode-exclusive expert"" title=""Expert Mode "">3.96%</abbr>]]</span></span>";;1;1;1;1
119047;Butcher;8352;Butcher;460;"<span class="" eil""><span>[[Butcher|Butcher]]</span></span>";Butcher's Bloodstained Pants;1;"<span class=""mode-content""><span class=""m-normal m-journey"">2%</span><span class=""m-expert-master"">[[Expert Mode|<abbr class=""mode-exclusive expert"" title=""Expert Mode "">3.96%</abbr>]]</span></span>";;1;1;1;1
119078;Tactical Skeleton;13940;Tactical Skeleton;292;"<span class="" eil""><span>[[Tactical Skeleton|Tactical Skeleton]]</span></span>";BBQ Ribs;1;4.76%;;1;1;1;1
119079;Tactical Skeleton;13940;Tactical Skeleton;292;"<span class="" eil""><span>[[Tactical Skeleton|Tactical Skeleton]]</span></span>";SWAT Helmet;1;"<span class=""mode-content""><span class=""m-normal m-journey"">8.33%</span><span class=""m-expert-master"">[[Expert Mode|<abbr class=""mode-exclusive expert"" title=""Expert Mode "">15.97%</abbr>]]</span></span>";;1;1;1;1
119080;Tactical Skeleton;13940;Tactical Skeleton;292;"<span class="" eil""><span>[[Tactical Skeleton|Tactical Skeleton]]</span></span>";Tactical Shotgun;1;"<span class=""mode-content""><span class=""m-normal m-journey"">8.33%</span><span class=""m-expert-master"">[[Expert Mode|<abbr class=""mode-exclusive expert"" title=""Expert Mode "">15.97%</abbr>]]</span></span>";;1;1;1;1
119087;Fritz;7369;Fritz;462;"<span class="" eil""><span>[[Fritz|Fritz]]</span></span>";Midnight Sun;1;1.67%;;1;1;1;1
119088;Swamp Thing;13698;Swamp Thing;166;"<span class="" eil""><span>[[Swamp Thing|Swamp Thing]]</span></span>";Buddies;1;0.22%;;1;1;1;1
119089;Frankenstein;4262;Frankenstein;162;"<span class="" eil""><span>[[Frankenstein|Frankenstein]]</span></span>";Buddies;1;0.22%;;1;1;1;1
119090;Psycho;11975;Psycho;466;"<span class="" eil""><span>[[Psycho|Psycho]]</span></span>";Psycho Knife;1;"<span class=""mode-content""><span class=""m-normal m-journey"">2.5%</span><span class=""m-expert-master"">[[Expert Mode|<abbr class=""mode-exclusive expert"" title=""Expert Mode "">4.94%</abbr>]]</span></span>";;1;1;1;1
119353;Mister Stabby;15415;Mister Stabby;144;"<span class="" eil""><span>[[Mister Stabby|Mister Stabby]]</span></span>";Snow Block;5-10;100%;;1;1;1;1
119491;Orca;8101;Orca;692;"<span class="" eil""><span>[[Orca|Orca]]</span></span>";Shrimp Po' Boy;1;2%;;1;1;1;1
119492;Orca;8101;Orca;692;"<span class="" eil""><span>[[Orca|Orca]]</span></span>";Diving Helmet;1;5%;;1;1;1;1
119493;Orca;8101;Orca;692;"<span class="" eil""><span>[[Orca|Orca]]</span></span>";Shark Fin;1;95%;;1;1;1;1
119497;The Bride;8610;The Bride;536;"<span class="" eil""><span>[[The Bride|The Bride]]</span></span>";Wedding Veil;1;100%;;1;1;1;1
119498;The Bride;8610;The Bride;536;"<span class="" eil""><span>[[The Bride|The Bride]]</span></span>";Wedding Dress;1;100%;;1;1;1;1
119499;The Bride;8610;The Bride;536;"<span class="" eil""><span>[[The Bride|The Bride]]</span></span>";Bloody Tear;1;20%;;1;1;1;1
119753;Pirate Crossbower;12136;Pirate Crossbower;215;"<span class="" eil""><span>[[Pirate Crossbower|Pirate Crossbower]]</span></span>";Coin Gun;1;0.025%;;1;1;1;1
119754;Pirate Crossbower;12136;Pirate Crossbower;215;"<span class="" eil""><span>[[Pirate Crossbower|Pirate Crossbower]]</span></span>";Barrel Launcher;1;0.5%;;1;1;1;1
119755;Pirate Crossbower;12136;Pirate Crossbower;215;"<span class="" eil""><span>[[Pirate Crossbower|Pirate Crossbower]]</span></span>";Lucky Coin;1;0.05%;;1;1;1;1
119756;Pirate Crossbower;12136;Pirate Crossbower;215;"<span class="" eil""><span>[[Pirate Crossbower|Pirate Crossbower]]</span></span>";Discount Card;1;0.1%;;1;1;1;1
119757;Pirate Crossbower;12136;Pirate Crossbower;215;"<span class="" eil""><span>[[Pirate Crossbower|Pirate Crossbower]]</span></span>";Pirate Staff;1;0.1%;;1;1;1;1
119758;Pirate Crossbower;12136;Pirate Crossbower;215;"<span class="" eil""><span>[[Pirate Crossbower|Pirate Crossbower]]</span></span>";Cutlass;1;0.5%;;1;1;1;1
119759;Pirate Crossbower;12136;Pirate Crossbower;215;"<span class="" eil""><span>[[Pirate Crossbower|Pirate Crossbower]]</span></span>";Eye Patch;1;0.2%;;1;1;1;1
119760;Pirate Crossbower;12136;Pirate Crossbower;215;"<span class="" eil""><span>[[Pirate Crossbower|Pirate Crossbower]]</span></span>";Sailor Hat;1;0.2%;;1;1;1;1
119761;Pirate Crossbower;12136;Pirate Crossbower;215;"<span class="" eil""><span>[[Pirate Crossbower|Pirate Crossbower]]</span></span>";Sailor Shirt;1;0.2%;;1;1;1;1
119762;Pirate Crossbower;12136;Pirate Crossbower;215;"<span class="" eil""><span>[[Pirate Crossbower|Pirate Crossbower]]</span></span>";Sailor Pants;1;0.2%;;1;1;1;1
119763;Pirate Crossbower;12136;Pirate Crossbower;215;"<span class="" eil""><span>[[Pirate Crossbower|Pirate Crossbower]]</span></span>";Golden furniture;1 piece;0.33% each;;1;1;1;1
119764;Pirate Crossbower;12136;Pirate Crossbower;215;"<span class="" eil""><span>[[Pirate Crossbower|Pirate Crossbower]]</span></span>";Golden Platform;80–129;0.67%;;1;1;1;1
119765;Pirate Crossbower;12136;Pirate Crossbower;215;"<span class="" eil""><span>[[Pirate Crossbower|Pirate Crossbower]]</span></span>";Gold Ring;1;0.2%;;1;1;1;1
119766;Pirate Crossbower;12136;Pirate Crossbower;215;"<span class="" eil""><span>[[Pirate Crossbower|Pirate Crossbower]]</span></span>";Buccaneer Bandana;1;0.2%;;1;1;1;1
119767;Pirate Crossbower;12136;Pirate Crossbower;215;"<span class="" eil""><span>[[Pirate Crossbower|Pirate Crossbower]]</span></span>";Buccaneer Tunic;1;0.2%;;1;1;1;1
119768;Pirate Crossbower;12136;Pirate Crossbower;215;"<span class="" eil""><span>[[Pirate Crossbower|Pirate Crossbower]]</span></span>";Buccaneer Pantaloons;1;0.2%;;1;1;1;1
120449;Mothron;7089;Mothron;477;"<span class="" eil""><span>[[Mothron|Mothron]]</span></span>";Wings of Evil;1;6.67%;;1;1;1;1
120450;Mothron;7089;Mothron;477;"<span class="" eil""><span>[[Mothron|Mothron]]</span></span>";Mothron Wings;1;"<span class=""mode-content""><span class=""m-normal m-journey"">5%</span><span class=""m-expert-master"">[[Expert Mode|<abbr class=""mode-exclusive expert"" title=""Expert Mode "">9.75%</abbr>]]</span></span>";;1;1;1;1
120451;Mothron;7089;Mothron;477;"<span class="" eil""><span>[[Mothron|Mothron]]</span></span>";The Eye of Cthulhu;1;"<span class=""mode-content""><span class=""m-normal m-journey"">33.33%</span><span class=""m-expert-master"">[[Expert Mode|<abbr class=""mode-exclusive expert"" title=""Expert Mode "">55.56%</abbr>]]</span></span>";;1;1;1;1
120452;Mothron;7089;Mothron;477;"<span class="" eil""><span>[[Mothron|Mothron]]</span></span>";Broken Hero Sword;1;"<span class=""mode-content""><span class=""m-normal m-journey"">25%</span><span class=""m-expert-master"">[[Expert Mode|<abbr class=""mode-exclusive expert"" title=""Expert Mode "">43.75%</abbr>]]</span></span>";;1;1;1;1
120472;Spore Skeleton;13461;Spore Skeleton;635;"<span class="" eil""><span>[[Spore Skeleton|Spore Skeleton]]</span></span>";Carton of Milk;1;0.67%;;1;1;1;1
120473;Spore Skeleton;13461;Spore Skeleton;635;"<span class="" eil""><span>[[Spore Skeleton|Spore Skeleton]]</span></span>";Ancient Iron Helmet;1;1%;;1;1;1;1
120474;Spore Skeleton;13461;Spore Skeleton;635;"<span class="" eil""><span>[[Spore Skeleton|Spore Skeleton]]</span></span>";Ancient Gold Helmet;1;0.5%;;1;1;1;1
120475;Spore Skeleton;13461;Spore Skeleton;635;"<span class="" eil""><span>[[Spore Skeleton|Spore Skeleton]]</span></span>";Bone Sword;1;0.5%;;1;1;1;1
120476;Spore Skeleton;13461;Spore Skeleton;635;"<span class="" eil""><span>[[Spore Skeleton|Spore Skeleton]]</span></span>";Skull;1;0.2%;;1;1;1;1
120672;Sky Crate;9683;Sky Crate;;"<span class="" eil""><span>[[Sky Crate|Sky Crate]]</span></span>";Starfury;1;"<span class=""chance"" data-sort-value=""25"">1/4 (25%)</span>";;0;1;1;1
120673;Sky Crate;9683;Sky Crate;;"<span class="" eil""><span>[[Sky Crate|Sky Crate]]</span></span>";Lucky Horseshoe;1;"<span class=""chance"" data-sort-value=""25"">1/4 (25%)</span>";;0;1;1;1
120674;Sky Crate;9683;Sky Crate;;"<span class="" eil""><span>[[Sky Crate|Sky Crate]]</span></span>";Shiny Red Balloon;1;"<span class=""chance"" data-sort-value=""25"">1/4 (25%)</span>";;0;1;1;1
120675;Sky Crate;9683;Sky Crate;;"<span class="" eil""><span>[[Sky Crate|Sky Crate]]</span></span>";Celestial Magnet;1;"<span class=""chance"" data-sort-value=""25"">1/4 (25%)</span>";;0;1;1;1
120676;Sky Crate;9683;Sky Crate;;"<span class="" eil""><span>[[Sky Crate|Sky Crate]]</span></span>";Fledgling Wings;1;"<span class=""chance"" data-sort-value=""2.5"">1/40 (2.5%)</span>";;0;1;1;1
120677;Sky Crate;9683;Sky Crate;;"<span class="" eil""><span>[[Sky Crate|Sky Crate]]</span></span>";Cloud;50–100;"<span class=""chance"" data-sort-value=""50"">1/2 (50%)</span>";;0;1;1;1
120678;Sky Crate;9683;Sky Crate;;"<span class="" eil""><span>[[Sky Crate|Sky Crate]]</span></span>";Gold Coin;5–12;"<span class=""chance"" data-sort-value=""25"">1/4 (25%)</span>";;0;1;1;1
120679;Sky Crate;9683;Sky Crate;;"<span class="" eil""><span>[[Sky Crate|Sky Crate]]</span></span>";Copper Ore;20–35;"<span class=""chance"" data-sort-value=""1.79"">1/56 (1.79%)</span>";;0;1;1;1
120680;Sky Crate;9683;Sky Crate;;"<span class="" eil""><span>[[Sky Crate|Sky Crate]]</span></span>";Tin Ore;20–35;"<span class=""chance"" data-sort-value=""1.79"">1/56 (1.79%)</span>";;0;1;1;1
120681;Sky Crate;9683;Sky Crate;;"<span class="" eil""><span>[[Sky Crate|Sky Crate]]</span></span>";Iron Ore;20–35;"<span class=""chance"" data-sort-value=""1.79"">1/56 (1.79%)</span>";;0;1;1;1
120682;Sky Crate;9683;Sky Crate;;"<span class="" eil""><span>[[Sky Crate|Sky Crate]]</span></span>";Lead Ore;20–35;"<span class=""chance"" data-sort-value=""1.79"">1/56 (1.79%)</span>";;0;1;1;1
120683;Sky Crate;9683;Sky Crate;;"<span class="" eil""><span>[[Sky Crate|Sky Crate]]</span></span>";Silver Ore;20–35;"<span class=""chance"" data-sort-value=""1.79"">1/56 (1.79%)</span>";;0;1;1;1
120684;Sky Crate;9683;Sky Crate;;"<span class="" eil""><span>[[Sky Crate|Sky Crate]]</span></span>";Tungsten Ore;20–35;"<span class=""chance"" data-sort-value=""1.79"">1/56 (1.79%)</span>";;0;1;1;1
120685;Sky Crate;9683;Sky Crate;;"<span class="" eil""><span>[[Sky Crate|Sky Crate]]</span></span>";Gold Ore;20–35;"<span class=""chance"" data-sort-value=""1.79"">1/56 (1.79%)</span>";;0;1;1;1
120686;Sky Crate;9683;Sky Crate;;"<span class="" eil""><span>[[Sky Crate|Sky Crate]]</span></span>";Platinum Ore;20–35;"<span class=""chance"" data-sort-value=""1.79"">1/56 (1.79%)</span>";;0;1;1;1
120687;Sky Crate;9683;Sky Crate;;"<span class="" eil""><span>[[Sky Crate|Sky Crate]]</span></span>";Iron Bar;6–16;"<span class=""chance"" data-sort-value=""4.17"">1/24 (4.17%)</span>";;0;1;1;1
120688;Sky Crate;9683;Sky Crate;;"<span class="" eil""><span>[[Sky Crate|Sky Crate]]</span></span>";Silver Bar;6–16;"<span class=""chance"" data-sort-value=""4.17"">1/24 (4.17%)</span>";;0;1;1;1
120689;Sky Crate;9683;Sky Crate;;"<span class="" eil""><span>[[Sky Crate|Sky Crate]]</span></span>";Gold Bar;6–16;"<span class=""chance"" data-sort-value=""4.17"">1/24 (4.17%)</span>";;0;1;1;1
120690;Sky Crate;9683;Sky Crate;;"<span class="" eil""><span>[[Sky Crate|Sky Crate]]</span></span>";Lead Bar;6–16;"<span class=""chance"" data-sort-value=""4.17"">1/24 (4.17%)</span>";;0;1;1;1
120691;Sky Crate;9683;Sky Crate;;"<span class="" eil""><span>[[Sky Crate|Sky Crate]]</span></span>";Tungsten Bar;6–16;"<span class=""chance"" data-sort-value=""4.17"">1/24 (4.17%)</span>";;0;1;1;1
120692;Sky Crate;9683;Sky Crate;;"<span class="" eil""><span>[[Sky Crate|Sky Crate]]</span></span>";Platinum Bar;6–16;"<span class=""chance"" data-sort-value=""4.17"">1/24 (4.17%)</span>";;0;1;1;1
120693;Sky Crate;9683;Sky Crate;;"<span class="" eil""><span>[[Sky Crate|Sky Crate]]</span></span>";Obsidian Skin Potion;2–4;"<span class=""chance"" data-sort-value=""4.17"">1/24 (4.17%)</span>";;0;1;1;1
120694;Sky Crate;9683;Sky Crate;;"<span class="" eil""><span>[[Sky Crate|Sky Crate]]</span></span>";Spelunker Potion;2–4;"<span class=""chance"" data-sort-value=""4.17"">1/24 (4.17%)</span>";;0;1;1;1
120695;Sky Crate;9683;Sky Crate;;"<span class="" eil""><span>[[Sky Crate|Sky Crate]]</span></span>";Hunter Potion;2–4;"<span class=""chance"" data-sort-value=""4.17"">1/24 (4.17%)</span>";;0;1;1;1
120696;Sky Crate;9683;Sky Crate;;"<span class="" eil""><span>[[Sky Crate|Sky Crate]]</span></span>";Gravitation Potion;2–4;"<span class=""chance"" data-sort-value=""4.17"">1/24 (4.17%)</span>";;0;1;1;1
120697;Sky Crate;9683;Sky Crate;;"<span class="" eil""><span>[[Sky Crate|Sky Crate]]</span></span>";Mining Potion;2–4;"<span class=""chance"" data-sort-value=""4.17"">1/24 (4.17%)</span>";;0;1;1;1
120698;Sky Crate;9683;Sky Crate;;"<span class="" eil""><span>[[Sky Crate|Sky Crate]]</span></span>";Heartreach Potion;2–4;"<span class=""chance"" data-sort-value=""4.17"">1/24 (4.17%)</span>";;0;1;1;1
120699;Sky Crate;9683;Sky Crate;;"<span class="" eil""><span>[[Sky Crate|Sky Crate]]</span></span>";Healing Potion;5–17;"<span class=""chance"" data-sort-value=""25"">1/4 (25%)</span>";;0;1;1;1
120700;Sky Crate;9683;Sky Crate;;"<span class="" eil""><span>[[Sky Crate|Sky Crate]]</span></span>";Mana Potion;5–17;"<span class=""chance"" data-sort-value=""25"">1/4 (25%)</span>";;0;1;1;1
120701;Sky Crate;9683;Sky Crate;;"<span class="" eil""><span>[[Sky Crate|Sky Crate]]</span></span>";Journeyman Bait;2–6;"<span class=""chance"" data-sort-value=""25"">1/4 (25%)</span>";;0;1;1;1
120702;Sky Crate;9683;Sky Crate;;"<span class="" eil""><span>[[Sky Crate|Sky Crate]]</span></span>";Master Bait;2–6;"<span class=""chance"" data-sort-value=""25"">1/4 (25%)</span>";;0;1;1;1
120703;Sky Crate;9683;Sky Crate;;"<span class="" eil""><span>[[Sky Crate|Sky Crate]]</span></span>";High Pitch;1;"<span class=""chance"" data-sort-value=""8.33"">1/12 (8.33%)</span>";;0;1;1;1
120704;Sky Crate;9683;Sky Crate;;"<span class="" eil""><span>[[Sky Crate|Sky Crate]]</span></span>";Blessing from the Heavens;1;"<span class=""chance"" data-sort-value=""8.33"">1/12 (8.33%)</span>";;0;1;1;1
120705;Sky Crate;9683;Sky Crate;;"<span class="" eil""><span>[[Sky Crate|Sky Crate]]</span></span>";Constellation (painting);1;"<span class=""chance"" data-sort-value=""8.33"">1/12 (8.33%)</span>";;0;1;1;1
120706;Sky Crate;9683;Sky Crate;;"<span class="" eil""><span>[[Sky Crate|Sky Crate]]</span></span>";See The World For What It Is;1;"<span class=""chance"" data-sort-value=""8.33"">1/12 (8.33%)</span>";;0;1;1;1
120707;Sky Crate;9683;Sky Crate;;"<span class="" eil""><span>[[Sky Crate|Sky Crate]]</span></span>";Love is in the Trash Slot;1;"<span class=""chance"" data-sort-value=""8.33"">1/12 (8.33%)</span>";;0;1;1;1
120708;Sky Crate;9683;Sky Crate;;"<span class="" eil""><span>[[Sky Crate|Sky Crate]]</span></span>";Eye of the Sun;1;"<span class=""chance"" data-sort-value=""8.33"">1/12 (8.33%)</span>";;0;1;1;1
120709;Azure Crate;8138;Azure Crate;;"<span class="" eil""><span>[[Azure Crate|Azure Crate]]</span></span>";Starfury;1;"<span class=""chance"" data-sort-value=""25"">1/4 (25%)</span>";;0;1;1;1
120710;Azure Crate;8138;Azure Crate;;"<span class="" eil""><span>[[Azure Crate|Azure Crate]]</span></span>";Lucky Horseshoe;1;"<span class=""chance"" data-sort-value=""25"">1/4 (25%)</span>";;0;1;1;1
120711;Azure Crate;8138;Azure Crate;;"<span class="" eil""><span>[[Azure Crate|Azure Crate]]</span></span>";Shiny Red Balloon;1;"<span class=""chance"" data-sort-value=""25"">1/4 (25%)</span>";;0;1;1;1
120712;Azure Crate;8138;Azure Crate;;"<span class="" eil""><span>[[Azure Crate|Azure Crate]]</span></span>";Celestial Magnet;1;"<span class=""chance"" data-sort-value=""25"">1/4 (25%)</span>";;0;1;1;1
120713;Azure Crate;8138;Azure Crate;;"<span class="" eil""><span>[[Azure Crate|Azure Crate]]</span></span>";Fledgling Wings;1;"<span class=""chance"" data-sort-value=""2.5"">1/40 (2.5%)</span>";;0;1;1;1
120714;Azure Crate;8138;Azure Crate;;"<span class="" eil""><span>[[Azure Crate|Azure Crate]]</span></span>";Cloud;50–100;"<span class=""chance"" data-sort-value=""50"">1/2 (50%)</span>";;0;1;1;1
120715;Azure Crate;8138;Azure Crate;;"<span class="" eil""><span>[[Azure Crate|Azure Crate]]</span></span>";Gold Coin;5–12;"<span class=""chance"" data-sort-value=""25"">1/4 (25%)</span>";;0;1;1;1
120716;Azure Crate;8138;Azure Crate;;"<span class="" eil""><span>[[Azure Crate|Azure Crate]]</span></span>";Copper Ore;20–35;"<span class=""chance"" data-sort-value=""0.89"">1/112 (0.89%)</span>";;0;1;1;1
120717;Azure Crate;8138;Azure Crate;;"<span class="" eil""><span>[[Azure Crate|Azure Crate]]</span></span>";Tin Ore;20–35;"<span class=""chance"" data-sort-value=""0.89"">1/112 (0.89%)</span>";;0;1;1;1
120718;Azure Crate;8138;Azure Crate;;"<span class="" eil""><span>[[Azure Crate|Azure Crate]]</span></span>";Iron Ore;20–35;"<span class=""chance"" data-sort-value=""0.89"">1/112 (0.89%)</span>";;0;1;1;1
120719;Azure Crate;8138;Azure Crate;;"<span class="" eil""><span>[[Azure Crate|Azure Crate]]</span></span>";Lead Ore;20–35;"<span class=""chance"" data-sort-value=""0.89"">1/112 (0.89%)</span>";;0;1;1;1
120720;Azure Crate;8138;Azure Crate;;"<span class="" eil""><span>[[Azure Crate|Azure Crate]]</span></span>";Silver Ore;20–35;"<span class=""chance"" data-sort-value=""0.89"">1/112 (0.89%)</span>";;0;1;1;1
120721;Azure Crate;8138;Azure Crate;;"<span class="" eil""><span>[[Azure Crate|Azure Crate]]</span></span>";Tungsten Ore;20–35;"<span class=""chance"" data-sort-value=""0.89"">1/112 (0.89%)</span>";;0;1;1;1
120722;Azure Crate;8138;Azure Crate;;"<span class="" eil""><span>[[Azure Crate|Azure Crate]]</span></span>";Gold Ore;20–35;"<span class=""chance"" data-sort-value=""0.89"">1/112 (0.89%)</span>";;0;1;1;1
120723;Azure Crate;8138;Azure Crate;;"<span class="" eil""><span>[[Azure Crate|Azure Crate]]</span></span>";Platinum Ore;20–35;"<span class=""chance"" data-sort-value=""0.89"">1/112 (0.89%)</span>";;0;1;1;1
120724;Azure Crate;8138;Azure Crate;;"<span class="" eil""><span>[[Azure Crate|Azure Crate]]</span></span>";Cobalt Ore;20–35;"<span class=""chance"" data-sort-value=""1.19"">1/84 (1.19%)</span>";;0;1;1;1
120725;Azure Crate;8138;Azure Crate;;"<span class="" eil""><span>[[Azure Crate|Azure Crate]]</span></span>";Palladium Ore;20–35;"<span class=""chance"" data-sort-value=""1.19"">1/84 (1.19%)</span>";;0;1;1;1
120726;Azure Crate;8138;Azure Crate;;"<span class="" eil""><span>[[Azure Crate|Azure Crate]]</span></span>";Mythril Ore;20–35;"<span class=""chance"" data-sort-value=""1.19"">1/84 (1.19%)</span>";;0;1;1;1
120727;Azure Crate;8138;Azure Crate;;"<span class="" eil""><span>[[Azure Crate|Azure Crate]]</span></span>";Orichalcum Ore;20–35;"<span class=""chance"" data-sort-value=""1.19"">1/84 (1.19%)</span>";;0;1;1;1
120728;Azure Crate;8138;Azure Crate;;"<span class="" eil""><span>[[Azure Crate|Azure Crate]]</span></span>";Adamantite Ore;20–35;"<span class=""chance"" data-sort-value=""1.19"">1/84 (1.19%)</span>";;0;1;1;1
120729;Azure Crate;8138;Azure Crate;;"<span class="" eil""><span>[[Azure Crate|Azure Crate]]</span></span>";Titanium Ore;20–35;"<span class=""chance"" data-sort-value=""1.19"">1/84 (1.19%)</span>";;0;1;1;1
120730;Azure Crate;8138;Azure Crate;;"<span class="" eil""><span>[[Azure Crate|Azure Crate]]</span></span>";Iron Bar;6–16;"<span class=""chance"" data-sort-value=""1.39"">1/72 (1.39%)</span>";;0;1;1;1
120731;Azure Crate;8138;Azure Crate;;"<span class="" eil""><span>[[Azure Crate|Azure Crate]]</span></span>";Silver Bar;6–16;"<span class=""chance"" data-sort-value=""1.39"">1/72 (1.39%)</span>";;0;1;1;1
120732;Azure Crate;8138;Azure Crate;;"<span class="" eil""><span>[[Azure Crate|Azure Crate]]</span></span>";Gold Bar;6–16;"<span class=""chance"" data-sort-value=""1.39"">1/72 (1.39%)</span>";;0;1;1;1
120733;Azure Crate;8138;Azure Crate;;"<span class="" eil""><span>[[Azure Crate|Azure Crate]]</span></span>";Lead Bar;6–16;"<span class=""chance"" data-sort-value=""1.39"">1/72 (1.39%)</span>";;0;1;1;1
120734;Azure Crate;8138;Azure Crate;;"<span class="" eil""><span>[[Azure Crate|Azure Crate]]</span></span>";Tungsten Bar;6–16;"<span class=""chance"" data-sort-value=""1.39"">1/72 (1.39%)</span>";;0;1;1;1
120735;Azure Crate;8138;Azure Crate;;"<span class="" eil""><span>[[Azure Crate|Azure Crate]]</span></span>";Platinum Bar;6–16;"<span class=""chance"" data-sort-value=""1.39"">1/72 (1.39%)</span>";;0;1;1;1
120736;Azure Crate;8138;Azure Crate;;"<span class="" eil""><span>[[Azure Crate|Azure Crate]]</span></span>";Cobalt Bar;5–16;"<span class=""chance"" data-sort-value=""2.78"">1/36 (2.78%)</span>";;0;1;1;1
120737;Azure Crate;8138;Azure Crate;;"<span class="" eil""><span>[[Azure Crate|Azure Crate]]</span></span>";Mythril Bar;5–16;"<span class=""chance"" data-sort-value=""2.78"">1/36 (2.78%)</span>";;0;1;1;1
120738;Azure Crate;8138;Azure Crate;;"<span class="" eil""><span>[[Azure Crate|Azure Crate]]</span></span>";Adamantite Bar;5–16;"<span class=""chance"" data-sort-value=""2.78"">1/36 (2.78%)</span>";;0;1;1;1
120739;Azure Crate;8138;Azure Crate;;"<span class="" eil""><span>[[Azure Crate|Azure Crate]]</span></span>";Palladium Bar;5–16;"<span class=""chance"" data-sort-value=""2.78"">1/36 (2.78%)</span>";;0;1;1;1
120740;Azure Crate;8138;Azure Crate;;"<span class="" eil""><span>[[Azure Crate|Azure Crate]]</span></span>";Orichalcum Bar;5–16;"<span class=""chance"" data-sort-value=""2.78"">1/36 (2.78%)</span>";;0;1;1;1
120741;Azure Crate;8138;Azure Crate;;"<span class="" eil""><span>[[Azure Crate|Azure Crate]]</span></span>";Titanium Bar;5–16;"<span class=""chance"" data-sort-value=""2.78"">1/36 (2.78%)</span>";;0;1;1;1
120742;Azure Crate;8138;Azure Crate;;"<span class="" eil""><span>[[Azure Crate|Azure Crate]]</span></span>";Obsidian Skin Potion;2–4;"<span class=""chance"" data-sort-value=""4.17"">1/24 (4.17%)</span>";;0;1;1;1
120743;Azure Crate;8138;Azure Crate;;"<span class="" eil""><span>[[Azure Crate|Azure Crate]]</span></span>";Spelunker Potion;2–4;"<span class=""chance"" data-sort-value=""4.17"">1/24 (4.17%)</span>";;0;1;1;1
120744;Azure Crate;8138;Azure Crate;;"<span class="" eil""><span>[[Azure Crate|Azure Crate]]</span></span>";Hunter Potion;2–4;"<span class=""chance"" data-sort-value=""4.17"">1/24 (4.17%)</span>";;0;1;1;1
120745;Azure Crate;8138;Azure Crate;;"<span class="" eil""><span>[[Azure Crate|Azure Crate]]</span></span>";Gravitation Potion;2–4;"<span class=""chance"" data-sort-value=""4.17"">1/24 (4.17%)</span>";;0;1;1;1
120746;Azure Crate;8138;Azure Crate;;"<span class="" eil""><span>[[Azure Crate|Azure Crate]]</span></span>";Mining Potion;2–4;"<span class=""chance"" data-sort-value=""4.17"">1/24 (4.17%)</span>";;0;1;1;1
120747;Azure Crate;8138;Azure Crate;;"<span class="" eil""><span>[[Azure Crate|Azure Crate]]</span></span>";Heartreach Potion;2–4;"<span class=""chance"" data-sort-value=""4.17"">1/24 (4.17%)</span>";;0;1;1;1
120748;Azure Crate;8138;Azure Crate;;"<span class="" eil""><span>[[Azure Crate|Azure Crate]]</span></span>";Healing Potion;5–17;"<span class=""chance"" data-sort-value=""25"">1/4 (25%)</span>";;0;1;1;1
120749;Azure Crate;8138;Azure Crate;;"<span class="" eil""><span>[[Azure Crate|Azure Crate]]</span></span>";Mana Potion;5–17;"<span class=""chance"" data-sort-value=""25"">1/4 (25%)</span>";;0;1;1;1
120750;Azure Crate;8138;Azure Crate;;"<span class="" eil""><span>[[Azure Crate|Azure Crate]]</span></span>";Journeyman Bait;2–6;"<span class=""chance"" data-sort-value=""25"">1/4 (25%)</span>";;0;1;1;1
120751;Azure Crate;8138;Azure Crate;;"<span class="" eil""><span>[[Azure Crate|Azure Crate]]</span></span>";Master Bait;2–6;"<span class=""chance"" data-sort-value=""25"">1/4 (25%)</span>";;0;1;1;1
120752;Azure Crate;8138;Azure Crate;;"<span class="" eil""><span>[[Azure Crate|Azure Crate]]</span></span>";High Pitch;1;"<span class=""chance"" data-sort-value=""8.33"">1/12 (8.33%)</span>";;0;1;1;1
120753;Azure Crate;8138;Azure Crate;;"<span class="" eil""><span>[[Azure Crate|Azure Crate]]</span></span>";Blessing from the Heavens;1;"<span class=""chance"" data-sort-value=""8.33"">1/12 (8.33%)</span>";;0;1;1;1
120754;Azure Crate;8138;Azure Crate;;"<span class="" eil""><span>[[Azure Crate|Azure Crate]]</span></span>";Constellation (painting);1;"<span class=""chance"" data-sort-value=""8.33"">1/12 (8.33%)</span>";;0;1;1;1
120755;Azure Crate;8138;Azure Crate;;"<span class="" eil""><span>[[Azure Crate|Azure Crate]]</span></span>";See The World For What It Is;1;"<span class=""chance"" data-sort-value=""8.33"">1/12 (8.33%)</span>";;0;1;1;1
120756;Azure Crate;8138;Azure Crate;;"<span class="" eil""><span>[[Azure Crate|Azure Crate]]</span></span>";Love is in the Trash Slot;1;"<span class=""chance"" data-sort-value=""8.33"">1/12 (8.33%)</span>";;0;1;1;1
120757;Azure Crate;8138;Azure Crate;;"<span class="" eil""><span>[[Azure Crate|Azure Crate]]</span></span>";Eye of the Sun;1;"<span class=""chance"" data-sort-value=""8.33"">1/12 (8.33%)</span>";;0;1;1;1
120786;Skeleton Archer;4306;Skeleton Archer;110;"<span class="" eil""><span>[[Skeleton Archer|Skeleton Archer]]</span></span>";Marrow;1;0.5%;;1;1;1;1
120787;Skeleton Archer;4306;Skeleton Archer;110;"<span class="" eil""><span>[[Skeleton Archer|Skeleton Archer]]</span></span>";Magic Quiver;1;"2.5% <span class=""eico s i1 i2 i4"" title=""Desktop, Console and Mobile versions""><b></b><i></i><span>(Desktop, Console and Mobile versions)</span></span><br/>1.25% <span class=""eico s i3 i5"" title=""Old-gen console and 3DS versions""><b></b><i></i><span>(Old-gen console and 3DS versions)</span></span>";;1;1;1;1
120788;Tomb Crawler;11806;Tomb Crawler;513;"<span class="" eil""><span>[[Tomb Crawler|Tomb Crawler]]</span></span>";Sturdy Fossil;1–2;50%;;1;1;1;1
120792;Flying Fish;8251;Flying Fish;224;"<span class="" eil""><span>[[Flying Fish|Flying Fish]]</span></span>";Fries;1;2%;;1;1;1;1
120793;Flying Fish;8251;Flying Fish;224;"<span class="" eil""><span>[[Flying Fish|Flying Fish]]</span></span>";Rain Song;1;1%;;1;1;1;1
120794;Flying Fish;8251;Flying Fish;224;"<span class="" eil""><span>[[Flying Fish|Flying Fish]]</span></span>";Glowstick;1–4;"100% <span class=""eico s i1 i2 i4"" title=""Desktop, Console and Mobile versions""><b></b><i></i><span>(Desktop, Console and Mobile versions)</span></span>";;1;1;1;1
120965;Pinky;10175;Pinky;-4;"<span class="" eil""><span>[[Pinky|Pinky]]</span></span>";Gel;1–2;"100% <span class=""eico s i3 i5"" title=""Old-gen console and 3DS versions""><b></b><i></i><span>(Old-gen console and 3DS versions)</span></span>";;1;1;0;0
120966;Pinky;10175;Pinky;-4;"<span class="" eil""><span>[[Pinky|Pinky]]</span></span>";Pink Gel;25–50;100%;;1;1;1;1
120967;Pinky;10175;Pinky;-4;"<span class="" eil""><span>[[Pinky|Pinky]]</span></span>";Slime Staff;1;"<span class=""mode-content""><span class=""m-normal m-journey"">1%</span><span class=""m-expert-master"">[[Expert Mode|<abbr class=""mode-exclusive expert"" title=""Expert Mode "">1.4%</abbr>]]</span></span>";;1;1;1;1
120968;Pinky;10175;Pinky (bonus drop);-4;"<span class="" eil""><span>[[Pinky|Pinky]]</span></span>";Swiftness Potion;1;1/560;;1;1;1;1
120969;Pinky;10175;Pinky (bonus drop);-4;"<span class="" eil""><span>[[Pinky|Pinky]]</span></span>";Ironskin Potion;1;1/560;;1;1;1;1
120970;Pinky;10175;Pinky (bonus drop);-4;"<span class="" eil""><span>[[Pinky|Pinky]]</span></span>";Spelunker Potion;1;1/560;;1;1;1;1
120971;Pinky;10175;Pinky (bonus drop);-4;"<span class="" eil""><span>[[Pinky|Pinky]]</span></span>";Mining Potion;1;1/560;;1;1;1;1
120972;Pinky;10175;Pinky (bonus drop);-4;"<span class="" eil""><span>[[Pinky|Pinky]]</span></span>";Recall Potion;1;3/1120;;1;1;1;1
120973;Pinky;10175;Pinky (bonus drop);-4;"<span class="" eil""><span>[[Pinky|Pinky]]</span></span>";Wormhole Potion;1;3/1120;;1;1;1;1
120974;Pinky;10175;Pinky (bonus drop);-4;"<span class="" eil""><span>[[Pinky|Pinky]]</span></span>";Torch;5–10;1/320;;1;1;1;1
120975;Pinky;10175;Pinky (bonus drop);-4;"<span class="" eil""><span>[[Pinky|Pinky]]</span></span>";Bomb;2–6;1/320;;1;1;1;1
120976;Pinky;10175;Pinky (bonus drop);-4;"<span class="" eil""><span>[[Pinky|Pinky]]</span></span>";Rope;20–45;1/320;;1;1;1;1
120977;Pinky;10175;Pinky (bonus drop);-4;"<span class="" eil""><span>[[Pinky|Pinky]]</span></span>";Heart;1;1/320;;1;1;1;1
120978;Pinky;10175;Pinky (bonus drop);-4;"<span class="" eil""><span>[[Pinky|Pinky]]</span></span>";Copper Ore;3–13;1/640;;1;1;1;1
120979;Pinky;10175;Pinky (bonus drop);-4;"<span class="" eil""><span>[[Pinky|Pinky]]</span></span>";Tin Ore;3–13;1/640;;1;1;1;1
120980;Pinky;10175;Pinky (bonus drop);-4;"<span class="" eil""><span>[[Pinky|Pinky]]</span></span>";Iron Ore;3–13;1/640;;1;1;1;1
120981;Pinky;10175;Pinky (bonus drop);-4;"<span class="" eil""><span>[[Pinky|Pinky]]</span></span>";Lead Ore;3–13;1/640;;1;1;1;1
120982;Pinky;10175;Pinky (bonus drop);-4;"<span class="" eil""><span>[[Pinky|Pinky]]</span></span>";Tungsten Ore;3–13;1/640;;1;1;1;1
120983;Pinky;10175;Pinky (bonus drop);-4;"<span class="" eil""><span>[[Pinky|Pinky]]</span></span>";Silver Ore;3–13;1/640;;1;1;1;1
120984;Pinky;10175;Pinky (bonus drop);-4;"<span class="" eil""><span>[[Pinky|Pinky]]</span></span>";Gold Ore;3–13;1/640;;1;1;1;1
120985;Pinky;10175;Pinky (bonus drop);-4;"<span class="" eil""><span>[[Pinky|Pinky]]</span></span>";Platinum Ore;3–13;1/640;;1;1;1;1
120986;Pinky;10175;Pinky (bonus drop);-4;"<span class="" eil""><span>[[Pinky|Pinky]]</span></span>";Copper Coin;50–99;1/240;;1;1;1;1
120987;Pinky;10175;Pinky (bonus drop);-4;"<span class="" eil""><span>[[Pinky|Pinky]]</span></span>";Silver Coin;20–99;1/240;;1;1;1;1
120988;Pinky;10175;Pinky (bonus drop);-4;"<span class="" eil""><span>[[Pinky|Pinky]]</span></span>";Gold Coin;1–2;1/240;;1;1;1;1
121251;Giant Shelly;15819;Giant Shelly;496, 497;"<span class="" eil""><span>[[Giant Shelly|Giant Shelly]]</span></span>";Potato Chips;1;1.33%;;1;1;1;1
121252;Giant Shelly;15819;Giant Shelly;496, 497;"<span class="" eil""><span>[[Giant Shelly|Giant Shelly]]</span></span>";Depth Meter;1;1.25%;;1;1;1;1
121253;Giant Shelly;15819;Giant Shelly;496, 497;"<span class="" eil""><span>[[Giant Shelly|Giant Shelly]]</span></span>";Compass;1;1.23%;;1;1;1;1
121254;Giant Shelly;15819;Giant Shelly;496, 497;"<span class="" eil""><span>[[Giant Shelly|Giant Shelly]]</span></span>";Rally;1;6.5%;;1;1;1;1
121302;Antlion;15189;Antlion;69;"<span class="" eil""><span>[[Antlion|Antlion]]</span></span>";Banana Split;1;2%;;1;1;1;1
121303;Antlion;15189;Antlion;69;"<span class="" eil""><span>[[Antlion|Antlion]]</span></span>";Antlion Mandible;1–2;33.3%;;1;1;1;1
121541;Mummies;9257;Dark Mummy;79;"<span class="" eil""><span>[[Mummies|Dark Mummy]]</span></span>";Mummy Mask;1;1.33%;;1;1;1;1
121542;Mummies;9257;Dark Mummy;79;"<span class="" eil""><span>[[Mummies|Dark Mummy]]</span></span>";Mummy Shirt;1;1.33%;;1;1;1;1
121543;Mummies;9257;Dark Mummy;79;"<span class="" eil""><span>[[Mummies|Dark Mummy]]</span></span>";Mummy Pants;1;1.33%;;1;1;1;1
121544;Mummies;9257;Dark Mummy;79;"<span class="" eil""><span>[[Mummies|Dark Mummy]]</span></span>";Dark Shard;1;10%;;1;1;1;1
121545;Mummies;9257;Dark Mummy;79;"<span class="" eil""><span>[[Mummies|Dark Mummy]]</span></span>";Blindfold;1;"<span class=""mode-content""><span class=""m-normal m-journey"">1%</span><span class=""m-expert-master"">[[Expert Mode|<abbr class=""mode-exclusive expert"" title=""Expert Mode "">1.99%</abbr>]]</span></span>";;1;1;1;1
121546;Mummies;9257;Dark Mummy;79;"<span class="" eil""><span>[[Mummies|Dark Mummy]]</span></span>";Megaphone;1;"<span class=""mode-content""><span class=""m-normal m-journey"">1%</span><span class=""m-expert-master"">[[Expert Mode|<abbr class=""mode-exclusive expert"" title=""Expert Mode "">1.99%</abbr>]]</span></span>";;1;1;1;1
121547;Mummies;9257;Mummy;78;"<span class="" eil""><span>[[Mummies|Mummy]]</span></span>";Mummy Mask;1;1.33%;;1;1;1;1
121548;Mummies;9257;Mummy;78;"<span class="" eil""><span>[[Mummies|Mummy]]</span></span>";Mummy Shirt;1;1.33%;;1;1;1;1
121549;Mummies;9257;Mummy;78;"<span class="" eil""><span>[[Mummies|Mummy]]</span></span>";Mummy Pants;1;1.33%;;1;1;1;1
121550;Mummies;9257;Mummy;78;"<span class="" eil""><span>[[Mummies|Mummy]]</span></span>";Fast Clock;1;"<span class=""mode-content""><span class=""m-normal m-journey"">1%</span><span class=""m-expert-master"">[[Expert Mode|<abbr class=""mode-exclusive expert"" title=""Expert Mode "">1.99%</abbr>]]</span></span>";;1;1;1;1
121551;Mummies;9257;Blood Mummy;630;"<span class="" eil""><span>[[Mummies|Blood Mummy]]</span></span>";Mummy Mask;1;1.33%;;1;1;1;1
121552;Mummies;9257;Blood Mummy;630;"<span class="" eil""><span>[[Mummies|Blood Mummy]]</span></span>";Mummy Shirt;1;1.33%;;1;1;1;1
121553;Mummies;9257;Blood Mummy;630;"<span class="" eil""><span>[[Mummies|Blood Mummy]]</span></span>";Mummy Pants;1;1.33%;;1;1;1;1
121554;Mummies;9257;Blood Mummy;630;"<span class="" eil""><span>[[Mummies|Blood Mummy]]</span></span>";Dark Shard;1;10%;;1;1;1;1
121555;Mummies;9257;Blood Mummy;630;"<span class="" eil""><span>[[Mummies|Blood Mummy]]</span></span>";Blindfold;1;"<span class=""mode-content""><span class=""m-normal m-journey"">1%</span><span class=""m-expert-master"">[[Expert Mode|<abbr class=""mode-exclusive expert"" title=""Expert Mode "">1.99%</abbr>]]</span></span>";;1;1;1;1
121556;Mummies;9257;Blood Mummy;630;"<span class="" eil""><span>[[Mummies|Blood Mummy]]</span></span>";Megaphone;1;"<span class=""mode-content""><span class=""m-normal m-journey"">1%</span><span class=""m-expert-master"">[[Expert Mode|<abbr class=""mode-exclusive expert"" title=""Expert Mode "">1.99%</abbr>]]</span></span>";;1;1;1;1
121557;Mummies;9257;Light Mummy;80;"<span class="" eil""><span>[[Mummies|Light Mummy]]</span></span>";Mummy Mask;1;1.33%;;1;1;1;1
121558;Mummies;9257;Light Mummy;80;"<span class="" eil""><span>[[Mummies|Light Mummy]]</span></span>";Mummy Shirt;1;1.33%;;1;1;1;1
121559;Mummies;9257;Light Mummy;80;"<span class="" eil""><span>[[Mummies|Light Mummy]]</span></span>";Mummy Pants;1;1.33%;;1;1;1;1
121560;Mummies;9257;Light Mummy;80;"<span class="" eil""><span>[[Mummies|Light Mummy]]</span></span>";Light Shard;1;10%;;1;1;1;1
121561;Mummies;9257;Light Mummy;80;"<span class="" eil""><span>[[Mummies|Light Mummy]]</span></span>";Trifold Map;1;"<span class=""mode-content""><span class=""m-normal m-journey"">1%</span><span class=""m-expert-master"">[[Expert Mode|<abbr class=""mode-exclusive expert"" title=""Expert Mode "">1.99%</abbr>]]</span></span>";;1;1;1;1
121624;Ice Tortoise;9381;Ice Tortoise;154;"<span class="" eil""><span>[[Ice Tortoise|Ice Tortoise]]</span></span>";Milkshake;1;1.33%;;1;1;1;1
121625;Ice Tortoise;9381;Ice Tortoise;154;"<span class="" eil""><span>[[Ice Tortoise|Ice Tortoise]]</span></span>";Ice Sickle;1;1%;;1;1;1;1
121626;Ice Tortoise;9381;Ice Tortoise;154;"<span class="" eil""><span>[[Ice Tortoise|Ice Tortoise]]</span></span>";Frozen Turtle Shell;1;2%;;1;1;1;1
121694;Red Slime;5128;Red Slime;-8;"<span class="" eil""><span>[[Red Slime|Red Slime]]</span></span>";Gel;;100%;"<span class=""i"">[[File:Gel (Red Slime).png|link=Gel|Gel]]<span><span>[[Gel]]</span></span></span> (2–5)";1;1;1;1
121695;Red Slime;5128;Red Slime;-8;"<span class="" eil""><span>[[Red Slime|Red Slime]]</span></span>";Slime Staff;1;"<span class=""mode-content""><span class=""m-normal m-journey"">0.01%</span><span class=""m-expert-master"">[[Expert Mode|<abbr class=""mode-exclusive expert"" title=""Expert Mode "">0.014%</abbr>]]</span></span>";;1;1;1;1
121696;Red Slime;5128;Red Slime (bonus drop);-8;"<span class="" eil""><span>[[Red Slime|Red Slime]]</span></span>";Swiftness Potion;1;1/560;;1;1;1;1
121697;Red Slime;5128;Red Slime (bonus drop);-8;"<span class="" eil""><span>[[Red Slime|Red Slime]]</span></span>";Ironskin Potion;1;1/560;;1;1;1;1
121698;Red Slime;5128;Red Slime (bonus drop);-8;"<span class="" eil""><span>[[Red Slime|Red Slime]]</span></span>";Spelunker Potion;1;1/560;;1;1;1;1
121699;Red Slime;5128;Red Slime (bonus drop);-8;"<span class="" eil""><span>[[Red Slime|Red Slime]]</span></span>";Mining Potion;1;1/560;;1;1;1;1
121700;Red Slime;5128;Red Slime (bonus drop);-8;"<span class="" eil""><span>[[Red Slime|Red Slime]]</span></span>";Recall Potion;1;3/1120;;1;1;1;1
121701;Red Slime;5128;Red Slime (bonus drop);-8;"<span class="" eil""><span>[[Red Slime|Red Slime]]</span></span>";Wormhole Potion;1;3/1120;;1;1;1;1
121702;Red Slime;5128;Red Slime (bonus drop);-8;"<span class="" eil""><span>[[Red Slime|Red Slime]]</span></span>";Torch;5–10;1/320;;1;1;1;1
121703;Red Slime;5128;Red Slime (bonus drop);-8;"<span class="" eil""><span>[[Red Slime|Red Slime]]</span></span>";Bomb;2–6;1/320;;1;1;1;1
121704;Red Slime;5128;Red Slime (bonus drop);-8;"<span class="" eil""><span>[[Red Slime|Red Slime]]</span></span>";Rope;20–45;1/320;;1;1;1;1
121705;Red Slime;5128;Red Slime (bonus drop);-8;"<span class="" eil""><span>[[Red Slime|Red Slime]]</span></span>";Heart;1;1/320;;1;1;1;1
121706;Red Slime;5128;Red Slime (bonus drop);-8;"<span class="" eil""><span>[[Red Slime|Red Slime]]</span></span>";Copper Ore;3–13;1/640;;1;1;1;1
121707;Red Slime;5128;Red Slime (bonus drop);-8;"<span class="" eil""><span>[[Red Slime|Red Slime]]</span></span>";Tin Ore;3–13;1/640;;1;1;1;1
121708;Red Slime;5128;Red Slime (bonus drop);-8;"<span class="" eil""><span>[[Red Slime|Red Slime]]</span></span>";Iron Ore;3–13;1/640;;1;1;1;1
121709;Red Slime;5128;Red Slime (bonus drop);-8;"<span class="" eil""><span>[[Red Slime|Red Slime]]</span></span>";Lead Ore;3–13;1/640;;1;1;1;1
121710;Red Slime;5128;Red Slime (bonus drop);-8;"<span class="" eil""><span>[[Red Slime|Red Slime]]</span></span>";Tungsten Ore;3–13;1/640;;1;1;1;1
121711;Red Slime;5128;Red Slime (bonus drop);-8;"<span class="" eil""><span>[[Red Slime|Red Slime]]</span></span>";Silver Ore;3–13;1/640;;1;1;1;1
121712;Red Slime;5128;Red Slime (bonus drop);-8;"<span class="" eil""><span>[[Red Slime|Red Slime]]</span></span>";Gold Ore;3–13;1/640;;1;1;1;1
121713;Red Slime;5128;Red Slime (bonus drop);-8;"<span class="" eil""><span>[[Red Slime|Red Slime]]</span></span>";Platinum Ore;3–13;1/640;;1;1;1;1
121714;Red Slime;5128;Red Slime (bonus drop);-8;"<span class="" eil""><span>[[Red Slime|Red Slime]]</span></span>";Copper Coin;50–99;1/240;;1;1;1;1
121715;Red Slime;5128;Red Slime (bonus drop);-8;"<span class="" eil""><span>[[Red Slime|Red Slime]]</span></span>";Silver Coin;20–99;1/240;;1;1;1;1
121716;Red Slime;5128;Red Slime (bonus drop);-8;"<span class="" eil""><span>[[Red Slime|Red Slime]]</span></span>";Gold Coin;1–2;1/240;;1;1;1;1
121728;Sand Slime;12771;Sand Slime;537;"<span class="" eil""><span>[[Sand Slime|Sand Slime]]</span></span>";Gel;2–3;100%;;1;1;1;1
121729;Sand Slime;12771;Sand Slime;537;"<span class="" eil""><span>[[Sand Slime|Sand Slime]]</span></span>";Slime Staff;1;"<span class=""mode-content""><span class=""m-normal m-journey"">0.013%</span><span class=""m-expert-master"">[[Expert Mode|<abbr class=""mode-exclusive expert"" title=""Expert Mode "">0.018%</abbr>]]</span></span>";;1;1;1;1
121731;Dye Trader;10488;Dye Trader;207;"<span class="" eil""><span>[[Dye Trader|Dye Trader]]</span></span>";Exotic Scimitar;;12.5%;"<span class=""i"">[[File:Exotic Scimitar.png|link=Exotic Scimitar|Exotic Scimitar]]<span><span>[[Exotic Scimitar]]</span></span></span>";1;1;1;1
121734;Painter;10186;Painter;227;"<span class="" eil""><span>[[Painter|Painter]]</span></span>";Paintball Gun;1;10%;;1;1;1;1
121735;Painter;10186;Painter;227;"<span class="" eil""><span>[[Painter|Painter]]</span></span>";Jim's Cap;;100%;"<span class=""i -w"">[[File:Jim's Cap.png|link=Jim's Cap|Jim's Cap]]<span><span>[[Jim's Cap]]</span><span class=""note"">(Only if name is Jim)</span></span></span>";1;1;1;1
121741;Tax Collector;5038;Tax Collector;441;"<span class="" eil""><span>[[Tax Collector|Tax Collector]]</span></span>";Classy Cane;;12.5%;"<span class=""i"">[[File:Classy Cane.png|link=Classy Cane|Classy Cane]]<span><span>[[Classy Cane]]</span></span></span>";1;1;1;1
121745;Creature from the Deep;5056;Creature from the Deep;461;"<span class="" eil""><span>[[Creature from the Deep|Creature from the Deep]]</span></span>";Neptune's Shell;1;"<span class=""mode-content""><span class=""m-normal m-journey"">2%</span><span class=""m-expert-master"">[[Expert Mode|<abbr class=""mode-exclusive expert"" title=""Expert Mode "">3.96%</abbr>]]</span></span>";;1;1;1;1
121746;Zombie Merman;7788;Zombie Merman;586;"<span class="" eil""><span>[[Zombie Merman|Zombie Merman]]</span></span>";Chum Bucket;4–6;50%;;1;1;1;1
121747;Zombie Merman;7788;Zombie Merman;586;"<span class="" eil""><span>[[Zombie Merman|Zombie Merman]]</span></span>";Vampire Frog Staff;1;12.5%;;1;1;1;1
121748;Zombie Merman;7788;Zombie Merman;586;"<span class="" eil""><span>[[Zombie Merman|Zombie Merman]]</span></span>";Chum Caster;1;12.5%;;1;1;1;1
121749;Zombie Merman;7788;Zombie Merman;586;"<span class="" eil""><span>[[Zombie Merman|Zombie Merman]]</span></span>";Blood Rain Bow;1;12.5%;;1;1;1;1
121750;Zombie Merman;7788;Zombie Merman;586;"<span class="" eil""><span>[[Zombie Merman|Zombie Merman]]</span></span>";Money Trough;1;6.67%;;1;1;1;1
121751;Zombie Merman;7788;Zombie Merman;586;"<span class="" eil""><span>[[Zombie Merman|Zombie Merman]]</span></span>";Bloody Tear;1;4%;;1;1;1;1
121842;Nymph;15179;Nymph;196;"<span class="" eil""><span>[[Nymph|Nymph]]</span></span>";Metal Detector;1;"<span class=""mode-content""><span class=""m-normal m-journey"">50%</span><span class=""m-expert-master"">[[Expert Mode|<abbr class=""mode-exclusive expert"" title=""Expert Mode "">100%</abbr>]]</span></span>";;1;1;1;1
121843;Nymph;15179;Lost Girl;195;"<span class="" eil""><span>[[Nymph|Lost Girl]]</span></span>";Metal Detector;1;"<span class=""mode-content""><span class=""m-normal m-journey"">50%</span><span class=""m-expert-master"">[[Expert Mode|<abbr class=""mode-exclusive expert"" title=""Expert Mode "">100%</abbr>]]</span></span>";;1;1;1;1
121844;The Possessed;10194;The Possessed;469;"<span class="" eil""><span>[[The Possessed|The Possessed]]</span></span>";Steak;1;1%;;1;1;1;1
121845;The Possessed;10194;The Possessed;469;"<span class="" eil""><span>[[The Possessed|The Possessed]]</span></span>";This Is Getting Out Of Hand;1;1.67%;;1;1;1;1
121868;Splinterling;7406;Splinterling;326;"<span class="" eil""><span>[[Splinterling|Splinterling]]</span></span>";Spooky Wood;"<span class=""mode-content""><span class=""m-normal m-journey"">1–3 <span class=""eico s i1 i2 i4"" title=""Desktop, Console and Mobile versions""><b></b><i></i><span>(Desktop, Console and Mobile versions)</span></span> / 1–4 <span class=""eico s i3 i5"" title=""Old-gen console and 3DS versions""><b></b><i></i><span>(Old-gen console and 3DS versions)</span></span></span><span class=""m-expert"">[[Expert Mode|<abbr class=""mode-exclusive expert"" title=""Expert Mode "">1–4</abbr>]]</span><span class=""m-master"">[[Master Mode|<abbr class=""mode-exclusive master"" title=""Master Mode "">2–4</abbr>]]</span></span>";100%;;1;1;1;1
121869;Splinterling;7406;Splinterling;326;"<span class="" eil""><span>[[Splinterling|Splinterling]]</span></span>";Heart;1;16.67%;;1;1;1;1
121944;The Groom;12903;The Groom;53;"<span class="" eil""><span>[[The Groom|The Groom]]</span></span>";Top Hat;1;100%;;1;1;1;1
121945;The Groom;12903;The Groom;53;"<span class="" eil""><span>[[The Groom|The Groom]]</span></span>";Bloody Tear;1;20%;;1;1;1;1
121946;The Groom;12903;The Groom;53;"<span class="" eil""><span>[[The Groom|The Groom]]</span></span>";Brain;1;75%;;1;1;0;0
122020;Reaper;14135;Reaper;253;"<span class="" eil""><span>[[Reaper|Reaper]]</span></span>";Requiem;1;1.67%;;1;1;1;1
122021;Reaper;14135;Reaper;253;"<span class="" eil""><span>[[Reaper|Reaper]]</span></span>";Death Sickle;1;"<span class=""mode-content""><span class=""m-normal m-journey"">2.5% <span class=""eico s i1 i2 i4"" title=""Desktop, Console and Mobile versions""><b></b><i></i><span>(Desktop, Console and Mobile versions)</span></span><br/>0.4% <span class=""eico s i3 i5"" title=""Old-gen console and 3DS versions""><b></b><i></i><span>(Old-gen console and 3DS versions)</span></span></span><span class=""m-expert-master"">[[Expert Mode|<abbr class=""mode-exclusive expert"" title=""Expert Mode "">4.94%</abbr>]]</span></span>";;1;1;1;1
122129;Goblin Thief;5450;Goblin Thief;27;"<span class="" eil""><span>[[Goblin Thief|Goblin Thief]]</span></span>";Harpoon;1;0.5%;;1;1;1;1
122130;Goblin Thief;5450;Goblin Thief;27;"<span class="" eil""><span>[[Goblin Thief|Goblin Thief]]</span></span>";Spiky Ball;1–5;49.75%;;1;1;1;1
122478;Dark Mage;14326;Dark Mage;564;"<span class="" eil""><span>[[Dark Mage|Dark Mage]]</span></span><div class=""note-text small"">(T1)</div>";Squire's Shield;1;"<span class=""mode-content""><span class=""m-normal m-journey"">25%</span><span class=""m-expert-master"">[[Expert Mode|<abbr class=""mode-exclusive expert"" title=""Expert Mode "">50%</abbr>]]</span></span>";;1;1;1;1
122479;Dark Mage;14326;Dark Mage;564;"<span class="" eil""><span>[[Dark Mage|Dark Mage]]</span></span><div class=""note-text small"">(T1)</div>";Apprentice's Scarf;1;"<span class=""mode-content""><span class=""m-normal m-journey"">25%</span><span class=""m-expert-master"">[[Expert Mode|<abbr class=""mode-exclusive expert"" title=""Expert Mode "">50%</abbr>]]</span></span>";;1;1;1;1
122480;Dark Mage;14326;Dark Mage;564;"<span class="" eil""><span>[[Dark Mage|Dark Mage]]</span></span><div class=""note-text small"">(T1)</div>";War Table;1;"<span class=""mode-content""><span class=""m-normal m-journey"">50%</span><span class=""m-expert-master"">[[Expert Mode|<abbr class=""mode-exclusive expert"" title=""Expert Mode "">100%</abbr>]]</span></span>";;1;1;1;1
122481;Dark Mage;14326;Dark Mage;564;"<span class="" eil""><span>[[Dark Mage|Dark Mage]]</span></span><div class=""note-text small"">(T1)</div>";War Table Banner;4;"<span class=""mode-content""><span class=""m-normal m-journey"">50%</span><span class=""m-expert-master"">[[Expert Mode|<abbr class=""mode-exclusive expert"" title=""Expert Mode "">100%</abbr>]]</span></span>";;1;1;1;1
122482;Dark Mage;14326;Dark Mage;564;"<span class="" eil""><span>[[Dark Mage|Dark Mage]]</span></span><div class=""note-text small"">(T1)</div>";Dragon Egg;1;"<span class=""mode-content""><span class=""m-normal m-journey"">16.67%</span><span class=""m-expert-master"">[[Expert Mode|<abbr class=""mode-exclusive expert"" title=""Expert Mode "">25%</abbr>]]</span></span>";;1;1;1;1
122483;Dark Mage;14326;Dark Mage;564;"<span class="" eil""><span>[[Dark Mage|Dark Mage]]</span></span><div class=""note-text small"">(T1)</div>";Gato Egg;1;"<span class=""mode-content""><span class=""m-normal m-journey"">16.67%</span><span class=""m-expert-master"">[[Expert Mode|<abbr class=""mode-exclusive expert"" title=""Expert Mode "">25%</abbr>]]</span></span>";;1;1;1;1
122484;Dark Mage;14326;Dark Mage;564;"<span class="" eil""><span>[[Dark Mage|Dark Mage]]</span></span><div class=""note-text small"">(T1)</div>";Dark Mage Mask;1;14.29%;;1;1;1;1
122485;Dark Mage;14326;Dark Mage;564;"<span class="" eil""><span>[[Dark Mage|Dark Mage]]</span></span><div class=""note-text small"">(T1)</div>";Dark Mage Trophy;1;10%;;1;1;1;1
122486;Dark Mage;14326;Dark Mage;564;"<span class="" eil""><span>[[Dark Mage|Dark Mage]]</span></span><div class=""note-text small"">(T1)</div>";Dark Mage's Tome;1;"[[Master Mode|<abbr class=""mode-exclusive master"" title=""Master Mode "">25%</abbr>]]";;1;0;0;1
122487;Dark Mage;14326;Dark Mage;565;"<span class="" eil""><span>[[Dark Mage|Dark Mage]]</span></span><div class=""note-text small"">(T3)</div>";Squire's Shield;1;"<span class=""mode-content""><span class=""m-normal m-journey"">25%</span><span class=""m-expert-master"">[[Expert Mode|<abbr class=""mode-exclusive expert"" title=""Expert Mode "">50%</abbr>]]</span></span>";;1;1;1;1
122488;Dark Mage;14326;Dark Mage;565;"<span class="" eil""><span>[[Dark Mage|Dark Mage]]</span></span><div class=""note-text small"">(T3)</div>";Apprentice's Scarf;1;"<span class=""mode-content""><span class=""m-normal m-journey"">25%</span><span class=""m-expert-master"">[[Expert Mode|<abbr class=""mode-exclusive expert"" title=""Expert Mode "">50%</abbr>]]</span></span>";;1;1;1;1
122489;Dark Mage;14326;Dark Mage;565;"<span class="" eil""><span>[[Dark Mage|Dark Mage]]</span></span><div class=""note-text small"">(T3)</div>";War Table;1;"<span class=""mode-content""><span class=""m-normal m-journey"">12.5%</span><span class=""m-expert-master"">[[Expert Mode|<abbr class=""mode-exclusive expert"" title=""Expert Mode "">25%</abbr>]]</span></span>";;1;1;1;1
122490;Dark Mage;14326;Dark Mage;565;"<span class="" eil""><span>[[Dark Mage|Dark Mage]]</span></span><div class=""note-text small"">(T3)</div>";War Table Banner;4;"<span class=""mode-content""><span class=""m-normal m-journey"">12.5%</span><span class=""m-expert-master"">[[Expert Mode|<abbr class=""mode-exclusive expert"" title=""Expert Mode "">25%</abbr>]]</span></span>";;1;1;1;1
122491;Dark Mage;14326;Dark Mage;565;"<span class="" eil""><span>[[Dark Mage|Dark Mage]]</span></span><div class=""note-text small"">(T3)</div>";Dragon Egg;1;8.33%;;1;1;1;1
122492;Dark Mage;14326;Dark Mage;565;"<span class="" eil""><span>[[Dark Mage|Dark Mage]]</span></span><div class=""note-text small"">(T3)</div>";Gato Egg;1;8.33%;;1;1;1;1
122493;Dark Mage;14326;Dark Mage;565;"<span class="" eil""><span>[[Dark Mage|Dark Mage]]</span></span><div class=""note-text small"">(T3)</div>";Dark Mage Mask;1;7.14%;;1;1;1;1
122494;Dark Mage;14326;Dark Mage;565;"<span class="" eil""><span>[[Dark Mage|Dark Mage]]</span></span><div class=""note-text small"">(T3)</div>";Dark Mage Trophy;1;10%;;1;1;1;1
122495;Dark Mage;14326;Dark Mage;565;"<span class="" eil""><span>[[Dark Mage|Dark Mage]]</span></span><div class=""note-text small"">(T3)</div>";Dark Mage's Tome;1;"[[Master Mode|<abbr class=""mode-exclusive master"" title=""Master Mode "">25%</abbr>]]";;1;0;0;1
122496;Dark Mage;14326;Dark Mage;565;"<span class="" eil""><span>[[Dark Mage|Dark Mage]]</span></span><div class=""note-text small"">(T3)</div>";Dark Mage Relic;1;"[[Master Mode|<abbr class=""mode-exclusive master"" title=""Master Mode "">100%</abbr>]]";;1;0;0;1
122497;Ogre;5275;Ogre;576;"<span class="" eil""><span>[[Ogre|Ogre]]</span></span><div class=""note-text small"">(T2)</div>";Huntress's Buckler;1;"<span class=""mode-content""><span class=""m-normal m-journey"">16.66%</span><span class=""m-expert-master"">[[Expert Mode|<abbr class=""mode-exclusive expert"" title=""Expert Mode "">25%</abbr>]]</span></span>";;1;1;1;1
122498;Ogre;5275;Ogre;576;"<span class="" eil""><span>[[Ogre|Ogre]]</span></span><div class=""note-text small"">(T2)</div>";Monk's Belt;1;"<span class=""mode-content""><span class=""m-normal m-journey"">16.66%</span><span class=""m-expert-master"">[[Expert Mode|<abbr class=""mode-exclusive expert"" title=""Expert Mode "">25%</abbr>]]</span></span>";;1;1;1;1
122499;Ogre;5275;Ogre;576;"<span class="" eil""><span>[[Ogre|Ogre]]</span></span><div class=""note-text small"">(T2)</div>";Tome of Infinite Wisdom;1;"<span class=""mode-content""><span class=""m-normal m-journey"">10%</span><span class=""m-expert-master"">[[Expert Mode|<abbr class=""mode-exclusive expert"" title=""Expert Mode "">20%</abbr>]]</span></span>";;1;1;1;1
122500;Ogre;5275;Ogre;576;"<span class="" eil""><span>[[Ogre|Ogre]]</span></span><div class=""note-text small"">(T2)</div>";Phantom Phoenix;1;"<span class=""mode-content""><span class=""m-normal m-journey"">10%</span><span class=""m-expert-master"">[[Expert Mode|<abbr class=""mode-exclusive expert"" title=""Expert Mode "">20%</abbr>]]</span></span>";;1;1;1;1
122501;Ogre;5275;Ogre;576;"<span class="" eil""><span>[[Ogre|Ogre]]</span></span><div class=""note-text small"">(T2)</div>";Brand of the Inferno;1;"<span class=""mode-content""><span class=""m-normal m-journey"">10%</span><span class=""m-expert-master"">[[Expert Mode|<abbr class=""mode-exclusive expert"" title=""Expert Mode "">20%</abbr>]]</span></span>";;1;1;1;1
122502;Ogre;5275;Ogre;576;"<span class="" eil""><span>[[Ogre|Ogre]]</span></span><div class=""note-text small"">(T2)</div>";Sleepy Octopod;1;"<span class=""mode-content""><span class=""m-normal m-journey"">10%</span><span class=""m-expert-master"">[[Expert Mode|<abbr class=""mode-exclusive expert"" title=""Expert Mode "">20%</abbr>]]</span></span>";;1;1;1;1
122503;Ogre;5275;Ogre;576;"<span class="" eil""><span>[[Ogre|Ogre]]</span></span><div class=""note-text small"">(T2)</div>";Ghastly Glaive;1;"<span class=""mode-content""><span class=""m-normal m-journey"">10%</span><span class=""m-expert-master"">[[Expert Mode|<abbr class=""mode-exclusive expert"" title=""Expert Mode "">20%</abbr>]]</span></span>";;1;1;1;1
122504;Ogre;5275;Ogre;576;"<span class="" eil""><span>[[Ogre|Ogre]]</span></span><div class=""note-text small"">(T2)</div>";War Table;1;"<span class=""mode-content""><span class=""m-normal m-journey"">25%</span><span class=""m-expert-master"">[[Expert Mode|<abbr class=""mode-exclusive expert"" title=""Expert Mode "">50%</abbr>]]</span></span>";;1;1;1;1
122505;Ogre;5275;Ogre;576;"<span class="" eil""><span>[[Ogre|Ogre]]</span></span><div class=""note-text small"">(T2)</div>";War Table Banner;4;"<span class=""mode-content""><span class=""m-normal m-journey"">25%</span><span class=""m-expert-master"">[[Expert Mode|<abbr class=""mode-exclusive expert"" title=""Expert Mode "">50%</abbr>]]</span></span>";;1;1;1;1
122506;Ogre;5275;Ogre;576;"<span class="" eil""><span>[[Ogre|Ogre]]</span></span><div class=""note-text small"">(T2)</div>";Creeper Egg;1;"<span class=""mode-content""><span class=""m-normal m-journey"">20%</span><span class=""m-expert-master"">[[Expert Mode|<abbr class=""mode-exclusive expert"" title=""Expert Mode "">25%</abbr>]]</span></span>";;1;1;1;1
122507;Ogre;5275;Ogre;576;"<span class="" eil""><span>[[Ogre|Ogre]]</span></span><div class=""note-text small"">(T2)</div>";Ogre Mask;1;"<span class=""chance"" data-sort-value=""14.29"">14.29%</span>";;1;1;1;1
122508;Ogre;5275;Ogre;576;"<span class="" eil""><span>[[Ogre|Ogre]]</span></span><div class=""note-text small"">(T2)</div>";Ogre Trophy;1;10%;;1;1;1;1
122509;Ogre;5275;Ogre;577;"<span class="" eil""><span>[[Ogre|Ogre]]</span></span><div class=""note-text small"">(T3)</div>";Huntress's Buckler;1;"<span class=""chance"" data-sort-value=""8.33"">8.33%</span>";;1;1;1;1
122510;Ogre;5275;Ogre;577;"<span class="" eil""><span>[[Ogre|Ogre]]</span></span><div class=""note-text small"">(T3)</div>";Monk's Belt;1;"<span class=""chance"" data-sort-value=""8.33"">8.33%</span>";;1;1;1;1
122511;Ogre;5275;Ogre;577;"<span class="" eil""><span>[[Ogre|Ogre]]</span></span><div class=""note-text small"">(T3)</div>";Tome of Infinite Wisdom;1;5%;;1;1;1;1
122512;Ogre;5275;Ogre;577;"<span class="" eil""><span>[[Ogre|Ogre]]</span></span><div class=""note-text small"">(T3)</div>";Phantom Phoenix;1;5%;;1;1;1;1
122513;Ogre;5275;Ogre;577;"<span class="" eil""><span>[[Ogre|Ogre]]</span></span><div class=""note-text small"">(T3)</div>";Brand of the Inferno;1;5%;;1;1;1;1
122514;Ogre;5275;Ogre;577;"<span class="" eil""><span>[[Ogre|Ogre]]</span></span><div class=""note-text small"">(T3)</div>";Sleepy Octopod;1;5%;;1;1;1;1
122515;Ogre;5275;Ogre;577;"<span class="" eil""><span>[[Ogre|Ogre]]</span></span><div class=""note-text small"">(T3)</div>";Ghastly Glaive;1;5%;;1;1;1;1
122516;Ogre;5275;Ogre;577;"<span class="" eil""><span>[[Ogre|Ogre]]</span></span><div class=""note-text small"">(T3)</div>";War Table;1;"<span class=""mode-content""><span class=""m-normal m-journey""><span class=""chance"" data-sort-value=""12.5"">12.5%</span></span><span class=""m-expert-master"">[[Expert Mode|<abbr class=""mode-exclusive expert"" title=""Expert Mode ""><span class=""chance"" data-sort-value=""25"">25%</span></abbr>]]</span></span>";;1;1;1;1
122517;Ogre;5275;Ogre;577;"<span class="" eil""><span>[[Ogre|Ogre]]</span></span><div class=""note-text small"">(T3)</div>";War Table Banner;4;"<span class=""mode-content""><span class=""m-normal m-journey""><span class=""chance"" data-sort-value=""12.5"">12.5%</span></span><span class=""m-expert-master"">[[Expert Mode|<abbr class=""mode-exclusive expert"" title=""Expert Mode ""><span class=""chance"" data-sort-value=""25"">25%</span></abbr>]]</span></span>";;1;1;1;1
122518;Ogre;5275;Ogre;577;"<span class="" eil""><span>[[Ogre|Ogre]]</span></span><div class=""note-text small"">(T3)</div>";Creeper Egg;1;10%;;1;1;1;1
122519;Ogre;5275;Ogre;577;"<span class="" eil""><span>[[Ogre|Ogre]]</span></span><div class=""note-text small"">(T3)</div>";Ogre Mask;1;"<span class=""chance"" data-sort-value=""7.14"">7.14%</span>";;1;1;1;1
122520;Ogre;5275;Ogre;577;"<span class="" eil""><span>[[Ogre|Ogre]]</span></span><div class=""note-text small"">(T3)</div>";Ogre Trophy;1;10%;;1;1;1;1
122521;Ogre;5275;Ogre;577;"<span class="" eil""><span>[[Ogre|Ogre]]</span></span><div class=""note-text small"">(T3)</div>";Ogre's Club;1;"[[Master Mode|<abbr class=""mode-exclusive master"" title=""Master Mode "">25%</abbr>]]";;1;0;0;1
122522;Ogre;5275;Ogre;577;"<span class="" eil""><span>[[Ogre|Ogre]]</span></span><div class=""note-text small"">(T3)</div>";Ogre Relic;1;"[[Master Mode|<abbr class=""mode-exclusive master"" title=""Master Mode "">100%</abbr>]]";;1;0;0;1
122523;Blood Eel;10461;Blood Eel;621;"<span class="" eil""><span>[[Blood Eel|Blood Eel]]</span></span>";Chum Bucket;7–10;50%;;1;1;1;1
122524;Blood Eel;10461;Blood Eel;621;"<span class="" eil""><span>[[Blood Eel|Blood Eel]]</span></span>";Drippler Crippler;1;12.5%;;1;1;1;1
122525;Blood Eel;10461;Blood Eel;621;"<span class="" eil""><span>[[Blood Eel|Blood Eel]]</span></span>";Haemorrhaxe;1;12.5%;;1;1;1;1
122526;Blood Eel;10461;Blood Eel;621;"<span class="" eil""><span>[[Blood Eel|Blood Eel]]</span></span>";Bloody Tear;1;4%;;1;1;1;1
122532;Giant Worm;6461;Giant Worm;10;"<span class="" eil""><span>[[Giant Worm|Giant Worm]]</span></span>";Whoopie Cushion;1;"<span class=""mode-content""><span class=""m-normal m-journey"">2% <span class=""eico s i1 i2 i4"" title=""Desktop, Console and Mobile versions""><b></b><i></i><span>(Desktop, Console and Mobile versions)</span></span><br/>1% <span class=""eico s i3 i5"" title=""Old-gen console and 3DS versions""><b></b><i></i><span>(Old-gen console and 3DS versions)</span></span></span><span class=""m-expert-master"">[[Expert Mode|<abbr class=""mode-exclusive expert"" title=""Expert Mode "">3.96%</abbr>]]</span></span>";;1;1;1;1
122533;Giant Worm;6461;Giant Worm;10;"<span class="" eil""><span>[[Giant Worm|Giant Worm]]</span></span>";Suspicious Looking Apple;1;20%;;1;1;0;0
122534;Digger;6637;Digger;95;"<span class="" eil""><span>[[Digger|Digger]]</span></span>";Whoopie Cushion;1;"<span class=""mode-content""><span class=""m-normal m-journey"">2% <span class=""eico s i1 i2 i4"" title=""Desktop, Console and Mobile versions""><b></b><i></i><span>(Desktop, Console and Mobile versions)</span></span><br/>1% <span class=""eico s i3 i5"" title=""Old-gen console and 3DS versions""><b></b><i></i><span>(Old-gen console and 3DS versions)</span></span></span><span class=""m-expert-master"">[[Expert Mode|<abbr class=""mode-exclusive expert"" title=""Expert Mode "">3.96%</abbr>]]</span></span>";;1;1;1;1
122535;Digger;6637;Digger;95;"<span class="" eil""><span>[[Digger|Digger]]</span></span>";Suspicious Looking Apple;1;40%;;1;1;0;0
122602;Dreadnautilus;14460;Dreadnautilus;618;"<span class="" eil""><span>[[Dreadnautilus|Dreadnautilus]]</span></span>";Chum Bucket;7–10;50%;;1;1;1;1
122603;Dreadnautilus;14460;Dreadnautilus;618;"<span class="" eil""><span>[[Dreadnautilus|Dreadnautilus]]</span></span>";Sanguine Staff;1;"<span class=""mode-content""><span class=""m-normal m-journey"">50%</span><span class=""m-expert-master"">[[Expert Mode|<abbr class=""mode-exclusive expert"" title=""Expert Mode "">100%</abbr>]]</span></span>";;1;1;1;1
122604;Dreadnautilus;14460;Dreadnautilus;618;"<span class="" eil""><span>[[Dreadnautilus|Dreadnautilus]]</span></span>";Blood Moon Monolith;1;10%;;1;1;1;1
122605;Dreadnautilus;14460;Dreadnautilus;618;"<span class="" eil""><span>[[Dreadnautilus|Dreadnautilus]]</span></span>";Bloody Tear;1;"<span class=""mode-content""><span class=""m-normal m-journey"">50%</span><span class=""m-expert-master"">[[Expert Mode|<abbr class=""mode-exclusive expert"" title=""Expert Mode "">100%</abbr>]]</span></span>";;1;1;1;1
122868;Leech;9975;Leech;117;"<span class="" eil""><span>[[Leech|Leech]]</span></span>";Heart;1;"<span class=""mode-content""><span class=""m-normal m-journey"">100%</span><span class=""m-expert-master"">[[Expert Mode|<abbr class=""mode-exclusive expert"" title=""Expert Mode "">20%</abbr>]]</span></span>";;1;1;1;1
122869;Heavenly Slime;6469;Heavenly Slime;660;"<span class="" eil""><span>[[Heavenly Slime|Heavenly Slime]]</span></span>";Gel;1–2;100%;;1;1;1;1
122870;Heavenly Slime;6469;Heavenly Slime;660;"<span class="" eil""><span>[[Heavenly Slime|Heavenly Slime]]</span></span>";Slime Staff;1;"<span class=""mode-content""><span class=""m-normal m-journey"">0.01%</span><span class=""m-expert-master"">[[Expert Mode|<abbr class=""mode-exclusive expert"" title=""Expert Mode "">0.014%</abbr>]]</span></span>";;1;1;1;1
122871;Crystal Slime;5842;Crystal Slime;658;"<span class="" eil""><span>[[Crystal Slime|Crystal Slime]]</span></span>";Gel;1–2;100%;;1;1;1;1
122872;Crystal Slime;5842;Crystal Slime;658;"<span class="" eil""><span>[[Crystal Slime|Crystal Slime]]</span></span>";Slime Staff;1;"<span class=""mode-content""><span class=""m-normal m-journey"">0.01%</span><span class=""m-expert-master"">[[Expert Mode|<abbr class=""mode-exclusive expert"" title=""Expert Mode "">0.014%</abbr>]]</span></span>";;1;1;1;1
122873;Creeper;10964;Creeper;267;"<span class="" eil""><span>[[Creeper|Creeper]]</span></span>";Tissue Sample;"<span class=""mode-content""><span class=""m-normal m-journey"">2–5</span><span class=""m-expert"">[[Expert Mode|<abbr class=""mode-exclusive expert"" title=""Expert Mode "">1–3</abbr>]]</span><span class=""m-master"">[[Master Mode|<abbr class=""mode-exclusive master"" title=""Master Mode "">1–2</abbr>]]</span></span>";"<span class=""mode-content""><span class=""m-normal m-journey"">66.67%</span><span class=""m-expert"">66.67%</span><span class=""m-master"">[[Master Mode|<abbr class=""mode-exclusive master"" title=""Master Mode "">50%</abbr>]]</span></span>";;1;1;1;1
122874;Creeper;10964;Creeper;267;"<span class="" eil""><span>[[Creeper|Creeper]]</span></span>";Crimtane Ore;"<span class=""mode-content""><span class=""m-normal m-journey"">5–12</span><span class=""m-expert"">[[Expert Mode|<abbr class=""mode-exclusive expert"" title=""Expert Mode "">5–7</abbr>]]</span><span class=""m-master"">[[Master Mode|<abbr class=""mode-exclusive master"" title=""Master Mode "">2–4</abbr>]]</span></span>";66.67%;;1;1;1;1
122875;Creeper;10964;Creeper;267;"<span class="" eil""><span>[[Creeper|Creeper]]</span></span>";Heart;1;50%;;1;1;1;1
122876;Bouncy Slime;11130;Bouncy Slime;659;"<span class="" eil""><span>[[Bouncy Slime|Bouncy Slime]]</span></span>";Gel;1–2;100%;;1;1;1;1
122877;Bouncy Slime;11130;Bouncy Slime;659;"<span class="" eil""><span>[[Bouncy Slime|Bouncy Slime]]</span></span>";Slime Staff;1;"<span class=""mode-content""><span class=""m-normal m-journey"">0.01%</span><span class=""m-expert-master"">[[Expert Mode|<abbr class=""mode-exclusive expert"" title=""Expert Mode "">0.014%</abbr>]]</span></span>";;1;1;1;1
122891;Rainbow Slime;5998;Rainbow Slime;244;"<span class="" eil""><span>[[Rainbow Slime|Rainbow Slime]]</span></span>";Gel;1–20;100%;;1;1;1;1
122892;Rainbow Slime;5998;Rainbow Slime;244;"<span class="" eil""><span>[[Rainbow Slime|Rainbow Slime]]</span></span>";Rainbow Brick;30–60;100%;;1;1;1;1
122944;Blood Feeder;9843;Blood Feeder;241;"<span class="" eil""><span>[[Blood Feeder|Blood Feeder]]</span></span>";Monster Meat;1;0.07%;;1;1;1;1
122946;Face Monster;11656;Face Monster;181;"<span class="" eil""><span>[[Face Monster|Face Monster]]</span></span>";Vertebra;1;33.33%;;1;1;1;1
122947;Face Monster;11656;Face Monster;181;"<span class="" eil""><span>[[Face Monster|Face Monster]]</span></span>";Tentacle Spike;1;0.19%;;1;1;1;1
122948;Face Monster;11656;Face Monster;181;"<span class="" eil""><span>[[Face Monster|Face Monster]]</span></span>";Monster Meat;1;0.07%;;1;1;1;1
122949;Blood Crawler;8034;Blood Crawler;239 (ground), 240 (on wall);"<span class="" eil""><span>[[Blood Crawler|Blood Crawler]]</span></span>";Vertebra;1;33.33%;;1;1;1;1
122950;Blood Crawler;8034;Blood Crawler;239 (ground), 240 (on wall);"<span class="" eil""><span>[[Blood Crawler|Blood Crawler]]</span></span>";Tentacle Spike;1;0.19%;;1;1;1;1
122951;Blood Crawler;8034;Blood Crawler;239 (ground), 240 (on wall);"<span class="" eil""><span>[[Blood Crawler|Blood Crawler]]</span></span>";Monster Meat;1;0.07%;;1;1;1;1
122956;Eater of Souls;8735;Eater of Souls;6;"<span class="" eil""><span>[[Eater of Souls|Eater of Souls]]</span></span>";Burger;1;1%;;1;1;1;1
122957;Eater of Souls;8735;Eater of Souls;6;"<span class="" eil""><span>[[Eater of Souls|Eater of Souls]]</span></span>";Ancient Shadow Helmet;1;0.19%;;1;1;1;1
122958;Eater of Souls;8735;Eater of Souls;6;"<span class="" eil""><span>[[Eater of Souls|Eater of Souls]]</span></span>";Ancient Shadow Scalemail;1;0.19%;;1;1;1;1
122959;Eater of Souls;8735;Eater of Souls;6;"<span class="" eil""><span>[[Eater of Souls|Eater of Souls]]</span></span>";Ancient Shadow Greaves;1;0.19%;;1;1;1;1
122960;Eater of Souls;8735;Eater of Souls;6;"<span class="" eil""><span>[[Eater of Souls|Eater of Souls]]</span></span>";Rotten Chunk;1;33.33%;;1;1;1;1
122961;Eater of Souls;8735;Eater of Souls;6;"<span class="" eil""><span>[[Eater of Souls|Eater of Souls]]</span></span>";Tentacle Spike;1;0.19%;;1;1;1;1
122962;Eater of Souls;8735;Eater of Souls;6;"<span class="" eil""><span>[[Eater of Souls|Eater of Souls]]</span></span>";Monster Meat;1;0.07%;;1;1;1;1
123039;Crimson Heart;15668;Crimson Heart;;"<span class="" eil""><span>[[Crimson Heart|Crimson Heart]]</span></span>";The Undertaker;;"100% <span class=""note-text "">(on first destruction)</span><br/>20% <span class=""note-text "">(all other destructions)</span>";"<span class=""i"">[[File:The Undertaker.png|link=The Undertaker|The Undertaker]]<span><span>[[The Undertaker]]</span></span></span>
: + <span class=""i"">[[File:Musket Ball.png|link=Musket Ball|Musket Ball]]<span><span>[[Musket Ball]]</span></span></span> (100)";1;1;1;1
123040;Crimson Heart;15668;Crimson Heart;;"<span class="" eil""><span>[[Crimson Heart|Crimson Heart]]</span></span>";Musket Ball;;"100% <span class=""note-text "">(on first destruction)</span><br/>20% <span class=""note-text "">(all other destructions)</span>";"<span class=""i"">[[File:The Undertaker.png|link=The Undertaker|The Undertaker]]<span><span>[[The Undertaker]]</span></span></span>
: + <span class=""i"">[[File:Musket Ball.png|link=Musket Ball|Musket Ball]]<span><span>[[Musket Ball]]</span></span></span> (100)";1;1;1;1
123041;Crimson Heart;15668;Crimson Heart;;"<span class="" eil""><span>[[Crimson Heart|Crimson Heart]]</span></span>";Crimson Heart (item);1;20%;;1;1;1;1
123042;Crimson Heart;15668;Crimson Heart;;"<span class="" eil""><span>[[Crimson Heart|Crimson Heart]]</span></span>";Panic Necklace;1;20%;;1;1;1;1
123043;Crimson Heart;15668;Crimson Heart;;"<span class="" eil""><span>[[Crimson Heart|Crimson Heart]]</span></span>";Crimson Rod;1;20%;;1;1;1;1
123044;Crimson Heart;15668;Crimson Heart;;"<span class="" eil""><span>[[Crimson Heart|Crimson Heart]]</span></span>";The Rotted Fork;1;20%;;1;1;1;1
123078;Shadow Orb;15399;Shadow Orb;;"<span class="" eil""><span>[[Shadow Orb|Shadow Orb]]</span></span>";Musket;;"100% <span class=""note-text "">(on first destruction)</span><br/>20% <span class=""note-text "">(all other destructions)</span>";"<span class=""i"">[[File:Musket.png|link=Musket|Musket]]<span><span>[[Musket]]</span></span></span>
: + <span class=""i"">[[File:Musket Ball.png|link=Musket Ball|Musket Ball]]<span><span>[[Musket Ball]]</span></span></span> (100)";1;1;1;1
123080;Shadow Orb;15399;Shadow Orb;;"<span class="" eil""><span>[[Shadow Orb|Shadow Orb]]</span></span>";Musket Ball;;"100% <span class=""note-text "">(on first destruction)</span><br/>20% <span class=""note-text "">(all other destructions)</span>";"<span class=""i"">[[File:Musket.png|link=Musket|Musket]]<span><span>[[Musket]]</span></span></span>
: + <span class=""i"">[[File:Musket Ball.png|link=Musket Ball|Musket Ball]]<span><span>[[Musket Ball]]</span></span></span> (100)";1;1;1;1
123082;Shadow Orb;15399;Shadow Orb;;"<span class="" eil""><span>[[Shadow Orb|Shadow Orb]]</span></span>";Shadow Orb (item);1;20%;;1;1;1;1
123084;Shadow Orb;15399;Shadow Orb;;"<span class="" eil""><span>[[Shadow Orb|Shadow Orb]]</span></span>";Vilethorn;1;20%;;1;1;1;1
123087;Shadow Orb;15399;Shadow Orb;;"<span class="" eil""><span>[[Shadow Orb|Shadow Orb]]</span></span>";Ball O' Hurt;1;20%;;1;1;1;1
123090;Shadow Orb;15399;Shadow Orb;;"<span class="" eil""><span>[[Shadow Orb|Shadow Orb]]</span></span>";Band of Starpower;1;20%;;1;1;1;1
123140;Probe;4998;Probe;139;"<span class="" eil""><span>[[Probe|Probe]]</span></span>";Heart;1;"50% <span class=""eico s i1 i2 i3 i4"" title=""Desktop, Console, Old-gen console and Mobile versions""><b></b><i></i><span>(Desktop, Console, Old-gen console and Mobile versions)</span></span><br/>100% <span class=""eico s i5"" title=""3DS version""><b></b><i></i><span>(3DS version)</span></span>";;1;1;1;1
123751;Moss Hornet;14624;Moss Hornet;176;"<span class="" eil""><span>[[Moss Hornet|Moss Hornet]]</span></span>";Stinger;1;"16.67% <span class=""eico s i1 i2 i4"" title=""Desktop, Console and Mobile versions""><b></b><i></i><span>(Desktop, Console and Mobile versions)</span></span>";;1;1;1;1
123752;Moss Hornet;14624;Moss Hornet;176;"<span class="" eil""><span>[[Moss Hornet|Moss Hornet]]</span></span>";Tattered Bee Wing;;"<span class=""eico s i1 i2 i4"" title=""Desktop, Console and Mobile versions""><b></b><i></i><span>(Desktop, Console and Mobile versions)</span></span> 1% / <span class=""eico s i3 i5"" title=""Old-gen console and 3DS versions""><b></b><i></i><span>(Old-gen console and 3DS versions)</span></span> 0.67%";"<span class=""i"">[[File:Tattered Bee Wing.png|link=Tattered Bee Wing|Tattered Bee Wing]]<span><span>[[Tattered Bee Wing]]</span></span></span><div class=""note-text "">(<span class=""eico s i1 i2 i4"" title=""Desktop, Console and Mobile versions""><b></b><i></i><span>(Desktop, Console and Mobile versions)</span></span> Only after one mechanical boss has been defeated<br/><span class=""eico s i3 i5"" title=""Old-gen console and 3DS versions""><b></b><i></i><span>(Old-gen console and 3DS versions)</span></span> At any time)</div>";1;1;1;1
123753;Moss Hornet;14624;Moss Hornet;176;"<span class="" eil""><span>[[Moss Hornet|Moss Hornet]]</span></span>";Bezoar;1;"<span class=""mode-content""><span class=""m-normal m-journey"">1%</span><span class=""m-expert-master"">[[Expert Mode|<abbr class=""mode-exclusive expert"" title=""Expert Mode "">1.99%</abbr>]]</span></span>";;1;1;1;1
123780;Eyezor;4440;Eyezor;251;"<span class="" eil""><span>[[Eyezor|Eyezor]]</span></span>";Eye Spring;1;"<span class=""mode-content""><span class=""m-normal m-journey"">6.67%</span><span class=""m-expert-master"">[[Expert Mode|<abbr class=""mode-exclusive expert"" title=""Expert Mode "">10%</abbr>]]</span></span>";;1;1;1;1
123781;Eyezor;4440;Eyezor;251;"<span class="" eil""><span>[[Eyezor|Eyezor]]</span></span>";Eyezorhead;1;6.67%;;1;1;1;1
123782;Eyezor;4440;Eyezor;251;"<span class="" eil""><span>[[Eyezor|Eyezor]]</span></span>";Ocular Resonance;1;6.67%;;1;1;1;1
123811;Hemogoblin Shark;5606;Hemogoblin Shark;620;"<span class="" eil""><span>[[Hemogoblin Shark|Hemogoblin Shark]]</span></span>";Chum Bucket;7–10;50%;;1;1;1;1
123812;Hemogoblin Shark;5606;Hemogoblin Shark;620;"<span class="" eil""><span>[[Hemogoblin Shark|Hemogoblin Shark]]</span></span>";Blood Thorn;1;12.5%;;1;1;1;1
123813;Hemogoblin Shark;5606;Hemogoblin Shark;620;"<span class="" eil""><span>[[Hemogoblin Shark|Hemogoblin Shark]]</span></span>";Haemorrhaxe;1;12.5%;;1;1;1;1
123814;Hemogoblin Shark;5606;Hemogoblin Shark;620;"<span class="" eil""><span>[[Hemogoblin Shark|Hemogoblin Shark]]</span></span>";Bloody Tear;1;4%;;1;1;1;1
123842;Pirate Captain;11209;Pirate Captain;216;"<span class="" eil""><span>[[Pirate Captain|Pirate Captain]]</span></span>";Coin Gun;1;0.1%;;1;1;1;1
123843;Pirate Captain;11209;Pirate Captain;216;"<span class="" eil""><span>[[Pirate Captain|Pirate Captain]]</span></span>";Barrel Launcher;1;2%;;1;1;1;1
123844;Pirate Captain;11209;Pirate Captain;216;"<span class="" eil""><span>[[Pirate Captain|Pirate Captain]]</span></span>";Lucky Coin;1;0.2%;;1;1;1;1
123845;Pirate Captain;11209;Pirate Captain;216;"<span class="" eil""><span>[[Pirate Captain|Pirate Captain]]</span></span>";Discount Card;1;0.4%;;1;1;1;1
123846;Pirate Captain;11209;Pirate Captain;216;"<span class="" eil""><span>[[Pirate Captain|Pirate Captain]]</span></span>";Pirate Staff;1;0.4%;;1;1;1;1
123847;Pirate Captain;11209;Pirate Captain;216;"<span class="" eil""><span>[[Pirate Captain|Pirate Captain]]</span></span>";Gold Ring;1;0.8%;;1;1;1;1
123848;Pirate Captain;11209;Pirate Captain;216;"<span class="" eil""><span>[[Pirate Captain|Pirate Captain]]</span></span>";Cutlass;1;2%;;1;1;1;1
123849;Zombie;10379;Zombie;3;"<span class="" eil""><span>[[Zombie|Zombie]]</span></span>";Shackle;1;2%;;1;1;1;1
123850;Zombie;10379;Zombie;3;"<span class="" eil""><span>[[Zombie|Zombie]]</span></span>";Zombie Arm;1;0.4%;;1;1;1;1
123851;Zombie;10379;Zombie;3;"<span class="" eil""><span>[[Zombie|Zombie]]</span></span>";Spiffo Plush;1;0.07%;;1;1;1;1
123852;Zombie;10379;Zombie;186;"<span class="" eil""><span>[[Zombie|Zombie]]</span></span><div class=""note-text "">(Pincushion Zombie)</div>";Wooden Arrow;1–9;100%;;1;1;1;1
123853;Zombie;10379;Zombie;-30;"<span class="" eil""><span>[[Zombie|Zombie]]</span></span><div class=""note-text "">(Small Pincushion Zombie)</div>";Wooden Arrow;1–9;100%;;1;1;1;1
123854;Zombie;10379;Zombie;-31;"<span class="" eil""><span>[[Zombie|Zombie]]</span></span><div class=""note-text "">(Big Pincushion Zombie)</div>";Wooden Arrow;1–9;100%;;1;1;1;1
123855;Zombie;10379;Zombie;432;"<span class="" eil""><span>[[Zombie|Zombie]]</span></span><div class=""note-text "">(Armed Pincushion Zombie)</div>";Wooden Arrow;1–9;100%;;1;0;1;1
123856;Zombie;10379;Zombie;187;"<span class="" eil""><span>[[Zombie|Zombie]]</span></span><div class=""note-text "">(Slimed Zombie)</div>";Slime Staff;1;"<span class=""mode-content""><span class=""m-normal m-journey"">0.01%</span><span class=""m-expert-master"">[[Expert Mode|<abbr class=""mode-exclusive expert"" title=""Expert Mode "">0.014%</abbr>]]</span></span>";;1;1;1;1
123857;Zombie;10379;Zombie;187;"<span class="" eil""><span>[[Zombie|Zombie]]</span></span><div class=""note-text "">(Slimed Zombie)</div>";Gel;1–2;100%;;1;1;1;1
123858;Zombie;10379;Zombie;-32;"<span class="" eil""><span>[[Zombie|Zombie]]</span></span><div class=""note-text "">(Small Slimed Zombie)</div>";Slime Staff;1;"<span class=""mode-content""><span class=""m-normal m-journey"">0.01%</span><span class=""m-expert-master"">[[Expert Mode|<abbr class=""mode-exclusive expert"" title=""Expert Mode "">0.014%</abbr>]]</span></span>";;1;1;1;1
123859;Zombie;10379;Zombie;-32;"<span class="" eil""><span>[[Zombie|Zombie]]</span></span><div class=""note-text "">(Small Slimed Zombie)</div>";Gel;1–2;100%;;1;1;1;1
123860;Zombie;10379;Zombie;-33;"<span class="" eil""><span>[[Zombie|Zombie]]</span></span><div class=""note-text "">(Big Slimed Zombie)</div>";Slime Staff;1;"<span class=""mode-content""><span class=""m-normal m-journey"">0.01%</span><span class=""m-expert-master"">[[Expert Mode|<abbr class=""mode-exclusive expert"" title=""Expert Mode "">0.014%</abbr>]]</span></span>";;1;1;1;1
123861;Zombie;10379;Zombie;-33;"<span class="" eil""><span>[[Zombie|Zombie]]</span></span><div class=""note-text "">(Big Slimed Zombie)</div>";Gel;1–2;100%;;1;1;1;1
123862;Zombie;10379;Zombie;433;"<span class="" eil""><span>[[Zombie|Zombie]]</span></span><div class=""note-text "">(Armed Slimed Zombie)</div>";Slime Staff;1;"[[Expert Mode|<abbr class=""mode-exclusive expert"" title=""Expert Mode "">0.014%</abbr>]]";;1;0;1;1
123863;Zombie;10379;Zombie;433;"<span class="" eil""><span>[[Zombie|Zombie]]</span></span><div class=""note-text "">(Armed Slimed Zombie)</div>";Gel;1–2;100%;;1;0;1;1
123864;Zombie;10379;Zombie;590;"<span class="" eil""><span>[[Zombie|Zombie]]</span></span><div class=""note-text "">(Torch Zombie)</div>";Torch;5–20;100%;;1;1;1;1
123865;Zombie;10379;Zombie;591;"<span class="" eil""><span>[[Zombie|Zombie]]</span></span><div class=""note-text "">(Armed Torch Zombie)</div>";Torch;5–20;100%;;1;0;1;1
123890;Meteor Head;7924;Meteor Head;23;"<span class="" eil""><span>[[Meteor Head|Meteor Head]]</span></span>";Meteorite;1;2%;;1;1;1;1
123891;Meteor Head;7924;Meteor Head;23;"<span class="" eil""><span>[[Meteor Head|Meteor Head]]</span></span>";The Sea of Silence;1;1%;;1;1;1;1
123892;Dungeon Spirit;12009;Dungeon Spirit;288;"<span class="" eil""><span>[[Dungeon Spirit|Dungeon Spirit]]</span></span>";Ectoplasm;1–2;100%;;1;1;1;1
124174;Lamia;6791;Lamia;529;"<span class="" eil""><span>[[Lamia|Lamia]]</span></span><div class=""note-text "">(Dark Lamia)</div>";Moon Mask;1;4%;;1;1;1;1
124175;Lamia;6791;Lamia;529;"<span class="" eil""><span>[[Lamia|Lamia]]</span></span><div class=""note-text "">(Dark Lamia)</div>";Lamia Mask;1;0.83%;;1;1;1;1
124176;Lamia;6791;Lamia;529;"<span class="" eil""><span>[[Lamia|Lamia]]</span></span><div class=""note-text "">(Dark Lamia)</div>";Lamia Wraps;1;0.83%;;1;1;1;1
124177;Lamia;6791;Lamia;529;"<span class="" eil""><span>[[Lamia|Lamia]]</span></span><div class=""note-text "">(Dark Lamia)</div>";Lamia Tail;1;0.83%;;1;1;1;1
124178;Lamia;6791;Lamia;529;"<span class="" eil""><span>[[Lamia|Lamia]]</span></span><div class=""note-text "">(Dark Lamia)</div>";Snake Band;1;2.5%;;1;1;1;1
124179;Lamia;6791;Lamia;529;"<span class="" eil""><span>[[Lamia|Lamia]]</span></span><div class=""note-text "">(Dark Lamia)</div>";Eater Of Life;1;"<span class=""mode-content""><span class=""m-normal m-journey"">0.5%</span><span class=""m-expert-master"">[[Expert Mode|<abbr class=""mode-exclusive expert"" title=""Expert Mode "">0.67%</abbr>]]</span></span>";;1;1;1;1
124180;Lamia;6791;Lamia;528;"<span class="" eil""><span>[[Lamia|Lamia]]</span></span><div class=""note-text "">(Light Lamia)</div>";Sun Mask;1;4%;;1;1;1;1
124181;Lamia;6791;Lamia;528;"<span class="" eil""><span>[[Lamia|Lamia]]</span></span><div class=""note-text "">(Light Lamia)</div>";Lamia Mask;1;0.83%;;1;1;1;1
124182;Lamia;6791;Lamia;528;"<span class="" eil""><span>[[Lamia|Lamia]]</span></span><div class=""note-text "">(Light Lamia)</div>";Lamia Wraps;1;0.83%;;1;1;1;1
124183;Lamia;6791;Lamia;528;"<span class="" eil""><span>[[Lamia|Lamia]]</span></span><div class=""note-text "">(Light Lamia)</div>";Lamia Tail;1;0.83%;;1;1;1;1
124184;Lamia;6791;Lamia;528;"<span class="" eil""><span>[[Lamia|Lamia]]</span></span><div class=""note-text "">(Light Lamia)</div>";Snake Band;1;2.5%;;1;1;1;1
124910;Crimera;13037;Crimera;173;"<span class="" eil""><span>[[Crimera|Crimera]]</span></span>";Burger;1;1%;;1;1;1;1
124911;Crimera;13037;Crimera;173;"<span class="" eil""><span>[[Crimera|Crimera]]</span></span>";Vertebra;1;33.33%;;1;1;1;1
124912;Crimera;13037;Crimera;173;"<span class="" eil""><span>[[Crimera|Crimera]]</span></span>";Tentacle Spike;1;0.19%;;1;1;1;1
124913;Crimera;13037;Crimera;173;"<span class="" eil""><span>[[Crimera|Crimera]]</span></span>";Monster Meat;1;0.07%;;1;1;1;1
125178;Santa-NK1;15047;Santa-NK1;346;"<span class="" eil""><span>[[Santa-NK1|Santa-NK1]]</span></span>";Elf Melter;1;"<span class=""mode-content""><span class=""m-normal m-journey"">6.25–16.67%</span><span class=""m-expert-master"">[[Expert Mode|<abbr class=""mode-exclusive expert"" title=""Expert Mode "">12.5–50%</abbr>]]</span></span>";;1;1;1;1
125179;Santa-NK1;15047;Santa-NK1;346;"<span class="" eil""><span>[[Santa-NK1|Santa-NK1]]</span></span>";Chain Gun;1;"<span class=""mode-content""><span class=""m-normal m-journey"">6.25–16.67%</span><span class=""m-expert-master"">[[Expert Mode|<abbr class=""mode-exclusive expert"" title=""Expert Mode "">12.5–50%</abbr>]]</span></span>";;1;1;1;1
125180;Santa-NK1;15047;Santa-NK1;346;"<span class="" eil""><span>[[Santa-NK1|Santa-NK1]]</span></span>";Santa-NK1 Trophy;;"<span class=""mode-content""><span class=""m-normal m-journey"">5–16.67%</span><span class=""m-expert-master"">[[Expert Mode|<abbr class=""mode-exclusive expert"" title=""Expert Mode "">27.27–60%</abbr>]]</span></span>";"<span class=""i -w"">[[File:Santa-NK1 Trophy.png|link=Santa-NK1 Trophy|Santa-NK1 Trophy]]<span><span>[[Santa-NK1 Trophy]]</span><span class=""note"">(During wave 15 and up)</span></span></span>";1;1;1;1
125181;Santa-NK1;15047;Santa-NK1;346;"<span class="" eil""><span>[[Santa-NK1|Santa-NK1]]</span></span>";Toy Tank;1;"[[Master Mode|<abbr class=""mode-exclusive master"" title=""Master Mode "">6.25–25%</abbr>]]";;1;0;0;1
125182;Santa-NK1;15047;Santa-NK1;346;"<span class="" eil""><span>[[Santa-NK1|Santa-NK1]]</span></span>";Santa-NK1 Relic;1;"[[Master Mode|<abbr class=""mode-exclusive master"" title=""Master Mode "">25–100%</abbr>]]";;1;0;0;1
125184;Black Recluse;9588;Black Recluse;163 (ground), 238 (on wall);"<span class="" eil""><span>[[Black Recluse|Black Recluse]]</span></span>";Fried Egg;1;3.33%;;1;1;1;1
125185;Black Recluse;9588;Black Recluse;163 (ground), 238 (on wall);"<span class="" eil""><span>[[Black Recluse|Black Recluse]]</span></span>";Poison Staff;1;2.5%;;1;1;1;1
125186;Black Recluse;9588;Black Recluse;163 (ground), 238 (on wall);"<span class="" eil""><span>[[Black Recluse|Black Recluse]]</span></span>";Spider Fang;1–3;"<span class=""mode-content""><span class=""m-normal m-journey"">50%</span><span class=""m-expert-master"">[[Expert Mode|<abbr class=""mode-exclusive expert"" title=""Expert Mode "">90%</abbr>]]</span></span>";;1;1;1;1
125187;Snow Balla;13656;Snow Balla;145;"<span class="" eil""><span>[[Snow Balla|Snow Balla]]</span></span>";Snow Block;5–10;100%;;1;1;1;1
125188;Snowman Gangsta;14919;Snowman Gangsta;143;"<span class="" eil""><span>[[Snowman Gangsta|Snowman Gangsta]]</span></span>";Snow Block;5–10;100%;;1;1;1;1
125199;Medusa;13709;Medusa;480;"<span class="" eil""><span>[[Medusa|Medusa]]</span></span>";Pizza;1;2%;;1;1;1;1
125200;Medusa;13709;Medusa;480;"<span class="" eil""><span>[[Medusa|Medusa]]</span></span>";Medusa Head;1;4%;;1;1;1;1
125201;Medusa;13709;Medusa;480;"<span class="" eil""><span>[[Medusa|Medusa]]</span></span>";Pocket Mirror;1;"<span class=""mode-content""><span class=""m-normal m-journey"">2.5%</span><span class=""m-expert-master"">[[Expert Mode|<abbr class=""mode-exclusive expert"" title=""Expert Mode "">5%</abbr>]]</span></span>";;1;1;1;1
125430;Frozen Crate;7136;Frozen Crate;;"<span class="" eil""><span>[[Frozen Crate|Frozen Crate]]</span></span>";Ice Boomerang;1;14.29%;;0;1;1;1
125431;Frozen Crate;7136;Frozen Crate;;"<span class="" eil""><span>[[Frozen Crate|Frozen Crate]]</span></span>";Ice Blade;1;14.29%;;0;1;1;1
125432;Frozen Crate;7136;Frozen Crate;;"<span class="" eil""><span>[[Frozen Crate|Frozen Crate]]</span></span>";Ice Skates;1;14.29%;;0;1;1;1
125433;Frozen Crate;7136;Frozen Crate;;"<span class="" eil""><span>[[Frozen Crate|Frozen Crate]]</span></span>";Snowball Cannon;1;14.29%;;0;1;1;1
125434;Frozen Crate;7136;Frozen Crate;;"<span class="" eil""><span>[[Frozen Crate|Frozen Crate]]</span></span>";Blizzard in a Bottle;1;14.29%;;0;1;1;1
125435;Frozen Crate;7136;Frozen Crate;;"<span class="" eil""><span>[[Frozen Crate|Frozen Crate]]</span></span>";Flurry Boots;1;14.29%;;0;1;1;1
125436;Frozen Crate;7136;Frozen Crate;;"<span class="" eil""><span>[[Frozen Crate|Frozen Crate]]</span></span>";Glacier Fang;1;14.29%;;0;1;1;1
125437;Frozen Crate;7136;Frozen Crate;;"<span class="" eil""><span>[[Frozen Crate|Frozen Crate]]</span></span>";Gold Coin;5–12;"<span class=""chance"" data-sort-value=""25"">1/4 (25%)</span>";;0;1;1;1
125438;Frozen Crate;7136;Frozen Crate;;"<span class="" eil""><span>[[Frozen Crate|Frozen Crate]]</span></span>";Copper Ore;20–35;"<span class=""chance"" data-sort-value=""1.79"">1/56 (1.79%)</span>";;0;1;1;1
125439;Frozen Crate;7136;Frozen Crate;;"<span class="" eil""><span>[[Frozen Crate|Frozen Crate]]</span></span>";Tin Ore;20–35;"<span class=""chance"" data-sort-value=""1.79"">1/56 (1.79%)</span>";;0;1;1;1
125440;Frozen Crate;7136;Frozen Crate;;"<span class="" eil""><span>[[Frozen Crate|Frozen Crate]]</span></span>";Iron Ore;20–35;"<span class=""chance"" data-sort-value=""1.79"">1/56 (1.79%)</span>";;0;1;1;1
125441;Frozen Crate;7136;Frozen Crate;;"<span class="" eil""><span>[[Frozen Crate|Frozen Crate]]</span></span>";Lead Ore;20–35;"<span class=""chance"" data-sort-value=""1.79"">1/56 (1.79%)</span>";;0;1;1;1
125442;Frozen Crate;7136;Frozen Crate;;"<span class="" eil""><span>[[Frozen Crate|Frozen Crate]]</span></span>";Silver Ore;20–35;"<span class=""chance"" data-sort-value=""1.79"">1/56 (1.79%)</span>";;0;1;1;1
125443;Frozen Crate;7136;Frozen Crate;;"<span class="" eil""><span>[[Frozen Crate|Frozen Crate]]</span></span>";Tungsten Ore;20–35;"<span class=""chance"" data-sort-value=""1.79"">1/56 (1.79%)</span>";;0;1;1;1
125444;Frozen Crate;7136;Frozen Crate;;"<span class="" eil""><span>[[Frozen Crate|Frozen Crate]]</span></span>";Gold Ore;20–35;"<span class=""chance"" data-sort-value=""1.79"">1/56 (1.79%)</span>";;0;1;1;1
125445;Frozen Crate;7136;Frozen Crate;;"<span class="" eil""><span>[[Frozen Crate|Frozen Crate]]</span></span>";Platinum Ore;20–35;"<span class=""chance"" data-sort-value=""1.79"">1/56 (1.79%)</span>";;0;1;1;1
125446;Frozen Crate;7136;Frozen Crate;;"<span class="" eil""><span>[[Frozen Crate|Frozen Crate]]</span></span>";Iron Bar;6–16;"<span class=""chance"" data-sort-value=""4.17"">1/24 (4.17%)</span>";;0;1;1;1
125447;Frozen Crate;7136;Frozen Crate;;"<span class="" eil""><span>[[Frozen Crate|Frozen Crate]]</span></span>";Silver Bar;6–16;"<span class=""chance"" data-sort-value=""4.17"">1/24 (4.17%)</span>";;0;1;1;1
125448;Frozen Crate;7136;Frozen Crate;;"<span class="" eil""><span>[[Frozen Crate|Frozen Crate]]</span></span>";Gold Bar;6–16;"<span class=""chance"" data-sort-value=""4.17"">1/24 (4.17%)</span>";;0;1;1;1
125449;Frozen Crate;7136;Frozen Crate;;"<span class="" eil""><span>[[Frozen Crate|Frozen Crate]]</span></span>";Lead Bar;6–16;"<span class=""chance"" data-sort-value=""4.17"">1/24 (4.17%)</span>";;0;1;1;1
125450;Frozen Crate;7136;Frozen Crate;;"<span class="" eil""><span>[[Frozen Crate|Frozen Crate]]</span></span>";Tungsten Bar;6–16;"<span class=""chance"" data-sort-value=""4.17"">1/24 (4.17%)</span>";;0;1;1;1
125451;Frozen Crate;7136;Frozen Crate;;"<span class="" eil""><span>[[Frozen Crate|Frozen Crate]]</span></span>";Platinum Bar;6–16;"<span class=""chance"" data-sort-value=""4.17"">1/24 (4.17%)</span>";;0;1;1;1
125452;Frozen Crate;7136;Frozen Crate;;"<span class="" eil""><span>[[Frozen Crate|Frozen Crate]]</span></span>";Obsidian Skin Potion;2–4;"<span class=""chance"" data-sort-value=""4.17"">1/24 (4.17%)</span>";;0;1;1;1
125453;Frozen Crate;7136;Frozen Crate;;"<span class="" eil""><span>[[Frozen Crate|Frozen Crate]]</span></span>";Spelunker Potion;2–4;"<span class=""chance"" data-sort-value=""4.17"">1/24 (4.17%)</span>";;0;1;1;1
125454;Frozen Crate;7136;Frozen Crate;;"<span class="" eil""><span>[[Frozen Crate|Frozen Crate]]</span></span>";Hunter Potion;2–4;"<span class=""chance"" data-sort-value=""4.17"">1/24 (4.17%)</span>";;0;1;1;1
125455;Frozen Crate;7136;Frozen Crate;;"<span class="" eil""><span>[[Frozen Crate|Frozen Crate]]</span></span>";Gravitation Potion;2–4;"<span class=""chance"" data-sort-value=""4.17"">1/24 (4.17%)</span>";;0;1;1;1
125456;Frozen Crate;7136;Frozen Crate;;"<span class="" eil""><span>[[Frozen Crate|Frozen Crate]]</span></span>";Mining Potion;2–4;"<span class=""chance"" data-sort-value=""4.17"">1/24 (4.17%)</span>";;0;1;1;1
125457;Frozen Crate;7136;Frozen Crate;;"<span class="" eil""><span>[[Frozen Crate|Frozen Crate]]</span></span>";Heartreach Potion;2–4;"<span class=""chance"" data-sort-value=""4.17"">1/24 (4.17%)</span>";;0;1;1;1
125458;Frozen Crate;7136;Frozen Crate;;"<span class="" eil""><span>[[Frozen Crate|Frozen Crate]]</span></span>";Healing Potion;5–17;"<span class=""chance"" data-sort-value=""25"">1/4 (25%)</span>";;0;1;1;1
125459;Frozen Crate;7136;Frozen Crate;;"<span class="" eil""><span>[[Frozen Crate|Frozen Crate]]</span></span>";Mana Potion;5–17;"<span class=""chance"" data-sort-value=""25"">1/4 (25%)</span>";;0;1;1;1
125460;Frozen Crate;7136;Frozen Crate;;"<span class="" eil""><span>[[Frozen Crate|Frozen Crate]]</span></span>";Journeyman Bait;2–6;"<span class=""chance"" data-sort-value=""25"">1/4 (25%)</span>";;0;1;1;1
125461;Frozen Crate;7136;Frozen Crate;;"<span class="" eil""><span>[[Frozen Crate|Frozen Crate]]</span></span>";Master Bait;2–6;"<span class=""chance"" data-sort-value=""25"">1/4 (25%)</span>";;0;1;1;1
125462;Frozen Crate;7136;Frozen Crate;;"<span class="" eil""><span>[[Frozen Crate|Frozen Crate]]</span></span>";Fish (item);1;"<span class=""chance"" data-sort-value=""5"">1/20 (5%)</span>";;0;1;1;1
125463;Boreal Crate;13957;Boreal Crate;;"<span class="" eil""><span>[[Boreal Crate|Boreal Crate]]</span></span>";Ice Boomerang;1;14.29%;;0;1;1;1
125464;Boreal Crate;13957;Boreal Crate;;"<span class="" eil""><span>[[Boreal Crate|Boreal Crate]]</span></span>";Ice Blade;1;14.29%;;0;1;1;1
125465;Boreal Crate;13957;Boreal Crate;;"<span class="" eil""><span>[[Boreal Crate|Boreal Crate]]</span></span>";Ice Skates;1;14.29%;;0;1;1;1
125466;Boreal Crate;13957;Boreal Crate;;"<span class="" eil""><span>[[Boreal Crate|Boreal Crate]]</span></span>";Snowball Cannon;1;14.29%;;0;1;1;1
125467;Boreal Crate;13957;Boreal Crate;;"<span class="" eil""><span>[[Boreal Crate|Boreal Crate]]</span></span>";Blizzard in a Bottle;1;14.29%;;0;1;1;1
125468;Boreal Crate;13957;Boreal Crate;;"<span class="" eil""><span>[[Boreal Crate|Boreal Crate]]</span></span>";Flurry Boots;1;14.29%;;0;1;1;1
125469;Boreal Crate;13957;Boreal Crate;;"<span class="" eil""><span>[[Boreal Crate|Boreal Crate]]</span></span>";Glacier Fang;1;14.29%;;0;1;1;1
125470;Boreal Crate;13957;Boreal Crate;;"<span class="" eil""><span>[[Boreal Crate|Boreal Crate]]</span></span>";Gold Coin;5–12;"<span class=""chance"" data-sort-value=""25"">1/4 (25%)</span>";;0;1;1;1
125471;Boreal Crate;13957;Boreal Crate;;"<span class="" eil""><span>[[Boreal Crate|Boreal Crate]]</span></span>";Copper Ore;20–35;"<span class=""chance"" data-sort-value=""0.89"">1/112 (0.89%)</span>";;0;1;1;1
125472;Boreal Crate;13957;Boreal Crate;;"<span class="" eil""><span>[[Boreal Crate|Boreal Crate]]</span></span>";Tin Ore;20–35;"<span class=""chance"" data-sort-value=""0.89"">1/112 (0.89%)</span>";;0;1;1;1
125473;Boreal Crate;13957;Boreal Crate;;"<span class="" eil""><span>[[Boreal Crate|Boreal Crate]]</span></span>";Iron Ore;20–35;"<span class=""chance"" data-sort-value=""0.89"">1/112 (0.89%)</span>";;0;1;1;1
125474;Boreal Crate;13957;Boreal Crate;;"<span class="" eil""><span>[[Boreal Crate|Boreal Crate]]</span></span>";Lead Ore;20–35;"<span class=""chance"" data-sort-value=""0.89"">1/112 (0.89%)</span>";;0;1;1;1
125475;Boreal Crate;13957;Boreal Crate;;"<span class="" eil""><span>[[Boreal Crate|Boreal Crate]]</span></span>";Silver Ore;20–35;"<span class=""chance"" data-sort-value=""0.89"">1/112 (0.89%)</span>";;0;1;1;1
125476;Boreal Crate;13957;Boreal Crate;;"<span class="" eil""><span>[[Boreal Crate|Boreal Crate]]</span></span>";Tungsten Ore;20–35;"<span class=""chance"" data-sort-value=""0.89"">1/112 (0.89%)</span>";;0;1;1;1
125477;Boreal Crate;13957;Boreal Crate;;"<span class="" eil""><span>[[Boreal Crate|Boreal Crate]]</span></span>";Gold Ore;20–35;"<span class=""chance"" data-sort-value=""0.89"">1/112 (0.89%)</span>";;0;1;1;1
125478;Boreal Crate;13957;Boreal Crate;;"<span class="" eil""><span>[[Boreal Crate|Boreal Crate]]</span></span>";Platinum Ore;20–35;"<span class=""chance"" data-sort-value=""0.89"">1/112 (0.89%)</span>";;0;1;1;1
125479;Boreal Crate;13957;Boreal Crate;;"<span class="" eil""><span>[[Boreal Crate|Boreal Crate]]</span></span>";Cobalt Ore;20–35;"<span class=""chance"" data-sort-value=""1.19"">1/84 (1.19%)</span>";;0;1;1;1
125480;Boreal Crate;13957;Boreal Crate;;"<span class="" eil""><span>[[Boreal Crate|Boreal Crate]]</span></span>";Palladium Ore;20–35;"<span class=""chance"" data-sort-value=""1.19"">1/84 (1.19%)</span>";;0;1;1;1
125481;Boreal Crate;13957;Boreal Crate;;"<span class="" eil""><span>[[Boreal Crate|Boreal Crate]]</span></span>";Mythril Ore;20–35;"<span class=""chance"" data-sort-value=""1.19"">1/84 (1.19%)</span>";;0;1;1;1
125482;Boreal Crate;13957;Boreal Crate;;"<span class="" eil""><span>[[Boreal Crate|Boreal Crate]]</span></span>";Orichalcum Ore;20–35;"<span class=""chance"" data-sort-value=""1.19"">1/84 (1.19%)</span>";;0;1;1;1
125483;Boreal Crate;13957;Boreal Crate;;"<span class="" eil""><span>[[Boreal Crate|Boreal Crate]]</span></span>";Adamantite Ore;20–35;"<span class=""chance"" data-sort-value=""1.19"">1/84 (1.19%)</span>";;0;1;1;1
125484;Boreal Crate;13957;Boreal Crate;;"<span class="" eil""><span>[[Boreal Crate|Boreal Crate]]</span></span>";Titanium Ore;20–35;"<span class=""chance"" data-sort-value=""1.19"">1/84 (1.19%)</span>";;0;1;1;1
125485;Boreal Crate;13957;Boreal Crate;;"<span class="" eil""><span>[[Boreal Crate|Boreal Crate]]</span></span>";Iron Bar;6–16;"<span class=""chance"" data-sort-value=""1.39"">1/72 (1.39%)</span>";;0;1;1;1
125486;Boreal Crate;13957;Boreal Crate;;"<span class="" eil""><span>[[Boreal Crate|Boreal Crate]]</span></span>";Silver Bar;6–16;"<span class=""chance"" data-sort-value=""1.39"">1/72 (1.39%)</span>";;0;1;1;1
125487;Boreal Crate;13957;Boreal Crate;;"<span class="" eil""><span>[[Boreal Crate|Boreal Crate]]</span></span>";Gold Bar;6–16;"<span class=""chance"" data-sort-value=""1.39"">1/72 (1.39%)</span>";;0;1;1;1
125488;Boreal Crate;13957;Boreal Crate;;"<span class="" eil""><span>[[Boreal Crate|Boreal Crate]]</span></span>";Lead Bar;6–16;"<span class=""chance"" data-sort-value=""1.39"">1/72 (1.39%)</span>";;0;1;1;1
125489;Boreal Crate;13957;Boreal Crate;;"<span class="" eil""><span>[[Boreal Crate|Boreal Crate]]</span></span>";Tungsten Bar;6–16;"<span class=""chance"" data-sort-value=""1.39"">1/72 (1.39%)</span>";;0;1;1;1
125490;Boreal Crate;13957;Boreal Crate;;"<span class="" eil""><span>[[Boreal Crate|Boreal Crate]]</span></span>";Platinum Bar;6–16;"<span class=""chance"" data-sort-value=""1.39"">1/72 (1.39%)</span>";;0;1;1;1
125491;Boreal Crate;13957;Boreal Crate;;"<span class="" eil""><span>[[Boreal Crate|Boreal Crate]]</span></span>";Cobalt Bar;5–16;"<span class=""chance"" data-sort-value=""2.78"">1/36 (2.78%)</span>";;0;1;1;1
125492;Boreal Crate;13957;Boreal Crate;;"<span class="" eil""><span>[[Boreal Crate|Boreal Crate]]</span></span>";Mythril Bar;5–16;"<span class=""chance"" data-sort-value=""2.78"">1/36 (2.78%)</span>";;0;1;1;1
125493;Boreal Crate;13957;Boreal Crate;;"<span class="" eil""><span>[[Boreal Crate|Boreal Crate]]</span></span>";Adamantite Bar;5–16;"<span class=""chance"" data-sort-value=""2.78"">1/36 (2.78%)</span>";;0;1;1;1
125494;Boreal Crate;13957;Boreal Crate;;"<span class="" eil""><span>[[Boreal Crate|Boreal Crate]]</span></span>";Palladium Bar;5–16;"<span class=""chance"" data-sort-value=""2.78"">1/36 (2.78%)</span>";;0;1;1;1
125495;Boreal Crate;13957;Boreal Crate;;"<span class="" eil""><span>[[Boreal Crate|Boreal Crate]]</span></span>";Orichalcum Bar;5–16;"<span class=""chance"" data-sort-value=""2.78"">1/36 (2.78%)</span>";;0;1;1;1
125496;Boreal Crate;13957;Boreal Crate;;"<span class="" eil""><span>[[Boreal Crate|Boreal Crate]]</span></span>";Titanium Bar;5–16;"<span class=""chance"" data-sort-value=""2.78"">1/36 (2.78%)</span>";;0;1;1;1
125497;Boreal Crate;13957;Boreal Crate;;"<span class="" eil""><span>[[Boreal Crate|Boreal Crate]]</span></span>";Obsidian Skin Potion;2–4;"<span class=""chance"" data-sort-value=""4.17"">1/24 (4.17%)</span>";;0;1;1;1
125498;Boreal Crate;13957;Boreal Crate;;"<span class="" eil""><span>[[Boreal Crate|Boreal Crate]]</span></span>";Spelunker Potion;2–4;"<span class=""chance"" data-sort-value=""4.17"">1/24 (4.17%)</span>";;0;1;1;1
125499;Boreal Crate;13957;Boreal Crate;;"<span class="" eil""><span>[[Boreal Crate|Boreal Crate]]</span></span>";Hunter Potion;2–4;"<span class=""chance"" data-sort-value=""4.17"">1/24 (4.17%)</span>";;0;1;1;1
125500;Boreal Crate;13957;Boreal Crate;;"<span class="" eil""><span>[[Boreal Crate|Boreal Crate]]</span></span>";Gravitation Potion;2–4;"<span class=""chance"" data-sort-value=""4.17"">1/24 (4.17%)</span>";;0;1;1;1
125501;Boreal Crate;13957;Boreal Crate;;"<span class="" eil""><span>[[Boreal Crate|Boreal Crate]]</span></span>";Mining Potion;2–4;"<span class=""chance"" data-sort-value=""4.17"">1/24 (4.17%)</span>";;0;1;1;1
125502;Boreal Crate;13957;Boreal Crate;;"<span class="" eil""><span>[[Boreal Crate|Boreal Crate]]</span></span>";Heartreach Potion;2–4;"<span class=""chance"" data-sort-value=""4.17"">1/24 (4.17%)</span>";;0;1;1;1
125503;Boreal Crate;13957;Boreal Crate;;"<span class="" eil""><span>[[Boreal Crate|Boreal Crate]]</span></span>";Healing Potion;5–17;"<span class=""chance"" data-sort-value=""25"">1/4 (25%)</span>";;0;1;1;1
125504;Boreal Crate;13957;Boreal Crate;;"<span class="" eil""><span>[[Boreal Crate|Boreal Crate]]</span></span>";Mana Potion;5–17;"<span class=""chance"" data-sort-value=""25"">1/4 (25%)</span>";;0;1;1;1
125505;Boreal Crate;13957;Boreal Crate;;"<span class="" eil""><span>[[Boreal Crate|Boreal Crate]]</span></span>";Journeyman Bait;2–6;"<span class=""chance"" data-sort-value=""25"">1/4 (25%)</span>";;0;1;1;1
125506;Boreal Crate;13957;Boreal Crate;;"<span class="" eil""><span>[[Boreal Crate|Boreal Crate]]</span></span>";Master Bait;2–6;"<span class=""chance"" data-sort-value=""25"">1/4 (25%)</span>";;0;1;1;1
125507;Boreal Crate;13957;Boreal Crate;;"<span class="" eil""><span>[[Boreal Crate|Boreal Crate]]</span></span>";Fish (item);1;"<span class=""chance"" data-sort-value=""5"">1/20 (5%)</span>";;0;1;1;1
125660;Biome Chests;13313;Jungle Chest;;"<span class="" eil""><span>[[Jungle Chest|Jungle Chest]]</span></span>";Piranha Gun;1;100%;;0;1;1;1
125661;Biome Chests;13313;Jungle Chest;;"<span class="" eil""><span>[[Jungle Chest|Jungle Chest]]</span></span>";Remnants of Devotion;1;"<span class=""chance"" data-sort-value=""50"">1/2 (50%)</span>";;0;1;1;1
125662;Biome Chests;13313;Jungle Chest;;"<span class="" eil""><span>[[Jungle Chest|Jungle Chest]]</span></span>";Rainbow Gun;1;"<span class=""chance""><span class=""chance"">100%</span> <div class=""note-text "">(In [[Rainbow Road]] worlds)</div></span>";;0;1;1;1
125663;Biome Chests;13313;Corruption Chest;;"<span class="" eil""><span>[[Corruption Chest|Corruption Chest]]</span></span>";Scourge of the Corruptor;1;100%;;0;1;1;1
125664;Biome Chests;13313;Corruption Chest;;"<span class="" eil""><span>[[Corruption Chest|Corruption Chest]]</span></span>";Remnants of Devotion;1;"<span class=""chance"" data-sort-value=""50"">1/2 (50%)</span>";;0;1;1;1
125665;Biome Chests;13313;Corruption Chest;;"<span class="" eil""><span>[[Corruption Chest|Corruption Chest]]</span></span>";Rainbow Gun;1;"<span class=""chance""><span class=""chance"">100%</span> <div class=""note-text "">(In [[Rainbow Road]] worlds)</div></span>";;0;1;1;1
125666;Biome Chests;13313;Crimson Chest;;"<span class="" eil""><span>[[Crimson Chest|Crimson Chest]]</span></span>";Vampire Knives;1;100%;;0;1;1;1
125667;Biome Chests;13313;Crimson Chest;;"<span class="" eil""><span>[[Crimson Chest|Crimson Chest]]</span></span>";Remnants of Devotion;1;"<span class=""chance"" data-sort-value=""50"">1/2 (50%)</span>";;0;1;1;1
125668;Biome Chests;13313;Crimson Chest;;"<span class="" eil""><span>[[Crimson Chest|Crimson Chest]]</span></span>";Rainbow Gun;1;"<span class=""chance""><span class=""chance"">100%</span> <div class=""note-text "">(In [[Rainbow Road]] worlds)</div></span>";;0;1;1;1
125669;Biome Chests;13313;Hallowed Chest;;"<span class="" eil""><span>[[Hallowed Chest|Hallowed Chest]]</span></span>";Rainbow Gun;1;100%;;0;1;1;1
125670;Biome Chests;13313;Hallowed Chest;;"<span class="" eil""><span>[[Hallowed Chest|Hallowed Chest]]</span></span>";Remnants of Devotion;1;"<span class=""chance"" data-sort-value=""50"">1/2 (50%)</span>";;0;1;1;1
125671;Biome Chests;13313;Ice Chest;;"<span class="" eil""><span>[[Ice Chest|Ice Chest]]</span></span>";Staff of the Frost Hydra;1;100%;;0;1;1;1
125672;Biome Chests;13313;Ice Chest;;"<span class="" eil""><span>[[Ice Chest|Ice Chest]]</span></span>";Remnants of Devotion;1;"<span class=""chance"" data-sort-value=""50"">1/2 (50%)</span>";;0;1;1;1
125673;Biome Chests;13313;Ice Chest;;"<span class="" eil""><span>[[Ice Chest|Ice Chest]]</span></span>";Rainbow Gun;1;"<span class=""chance""><span class=""chance"">100%</span> <div class=""note-text "">(In [[Rainbow Road]] worlds)</div></span>";;0;1;1;1
125674;Biome Chests;13313;Desert Chest;;"<span class="" eil""><span>[[Desert Chest|Desert Chest]]</span></span>";Desert Tiger Staff;1;100%;;0;1;1;1
125675;Biome Chests;13313;Desert Chest;;"<span class="" eil""><span>[[Desert Chest|Desert Chest]]</span></span>";Remnants of Devotion;1;"<span class=""chance"" data-sort-value=""50"">1/2 (50%)</span>";;0;1;1;1
125676;Biome Chests;13313;Desert Chest;;"<span class="" eil""><span>[[Desert Chest|Desert Chest]]</span></span>";Rainbow Gun;1;"<span class=""chance""><span class=""chance"">100%</span> <div class=""note-text "">(In [[Rainbow Road]] worlds)</div></span>";;0;1;1;1
125958;Headless Horseman;9272;Headless Horseman;315;"<span class="" eil""><span>[[Headless Horseman|Headless Horseman]]</span></span>";Heart;1;100%;;1;1;1;1
125959;Headless Horseman;9272;Headless Horseman;315;"<span class="" eil""><span>[[Headless Horseman|Headless Horseman]]</span></span>";Jack 'O Lantern Mask;1;"<span class=""mode-content""><span class=""m-normal m-journey"">0.71%–5%</span><span class=""m-expert-master"">[[Expert Mode|<abbr class=""mode-exclusive expert"" title=""Expert Mode "">1.25%–5%</abbr>]]</span></span>";;1;1;1;1
125990;Diabolist;10731;Diabolist;285;"<span class="" eil""><span>[[Diabolist|Diabolist]]</span></span>";Inferno Fork;1;"<span class=""mode-content""><span class=""m-normal m-journey"">5%</span><span class=""m-expert-master"">[[Expert Mode|<abbr class=""mode-exclusive expert"" title=""Expert Mode "">9.75%</abbr>]]</span></span>";;1;1;1;1
126225;Clown;8817;Clown;109;"<span class="" eil""><span>[[Clown|Clown]]</span></span>";KO Cannon;;20%;"<span class=""i"">[[File:KO Cannon.png|link=KO Cannon|KO Cannon]]<span><span>[[KO Cannon]]</span></span></span> <div class=""note-text "">(In regular worlds)</div>";1;1;1;1
126226;Clown;8817;Clown;109;"<span class="" eil""><span>[[Clown|Clown]]</span></span>";Chain Knife;;20%;"<span class=""i"">[[File:Chain Knife.png|link=Chain Knife|Chain Knife]]<span><span>[[Chain Knife]]</span></span></span> <div class=""note-text "">(In [[Remix]] worlds)</div>";1;1;1;1
126227;Clown;8817;Clown;109;"<span class="" eil""><span>[[Clown|Clown]]</span></span>";Bananarang;1;10%;;1;1;1;1
126228;Clown;8817;Clown;109;"<span class="" eil""><span>[[Clown|Clown]]</span></span>";Bloody Tear;1;10%;;1;1;1;1
126229;Clown;8817;Clown;109;"<span class="" eil""><span>[[Clown|Clown]]</span></span>";Trifold Map;1;"<span class=""mode-content""><span class=""m-normal m-journey"">1%</span><span class=""m-expert-master"">[[Expert Mode|<abbr class=""mode-exclusive expert"" title=""Expert Mode "">1.99%</abbr>]]</span></span>";;1;1;1;1
126344;Red Devil;7630;Red Devil;156;"<span class="" eil""><span>[[Red Devil|Red Devil]]</span></span>";Hotdog;1;3.33%;;1;1;1;1
126345;Red Devil;7630;Red Devil;156;"<span class="" eil""><span>[[Red Devil|Red Devil]]</span></span>";Unholy Trident;;3.33%;"<span class=""i"">[[File:Unholy Trident.png|link=Unholy Trident|Unholy Trident]]<span><span>[[Unholy Trident]]</span></span></span> <div class=""note-text "">(In regular worlds)</div>";1;1;1;1
126346;Red Devil;7630;Red Devil;156;"<span class="" eil""><span>[[Red Devil|Red Devil]]</span></span>";Flower of Fire;;3.33%;"<span class=""i"">[[File:Flower of Fire.png|link=Flower of Fire|Flower of Fire]]<span><span>[[Flower of Fire]]</span></span></span> <div class=""note-text "">(In [[Remix]] worlds)</div>";1;1;1;1
126347;Red Devil;7630;Red Devil;156;"<span class="" eil""><span>[[Red Devil|Red Devil]]</span></span>";Fire Feather;1;"<span class=""eico s i1 i2 i4"" title=""Desktop, Console and Mobile versions""><b></b><i></i><span>(Desktop, Console and Mobile versions)</span></span> 2% / <span class=""eico s i3 i5"" title=""Old-gen console and 3DS versions""><b></b><i></i><span>(Old-gen console and 3DS versions)</span></span> 1.33%";;1;1;1;1
126434;Hornet;12012;Hornet;42;"<span class="" eil""><span>[[Hornet|Hornet]]</span></span>";Ancient Cobalt Helmet;1;0.33%;;1;1;1;1
126435;Hornet;12012;Hornet;42;"<span class="" eil""><span>[[Hornet|Hornet]]</span></span>";Ancient Cobalt Breastplate;1;0.33%;;1;1;1;1
126436;Hornet;12012;Hornet;42;"<span class="" eil""><span>[[Hornet|Hornet]]</span></span>";Ancient Cobalt Leggings;1;0.33%;;1;1;1;1
126437;Hornet;12012;Hornet;42;"<span class="" eil""><span>[[Hornet|Hornet]]</span></span>";Stinger;1;"<span class=""mode-content""><span class=""m-normal m-journey"">66%</span><span class=""m-expert-master"">[[Expert Mode|<abbr class=""mode-exclusive expert"" title=""Expert Mode "">100%</abbr>]]</span></span>";;1;1;1;1
126438;Hornet;12012;Hornet;42;"<span class="" eil""><span>[[Hornet|Hornet]]</span></span>";Bezoar;1;"<span class=""mode-content""><span class=""m-normal m-journey"">1%</span><span class=""m-expert-master"">[[Expert Mode|<abbr class=""mode-exclusive expert"" title=""Expert Mode "">1.99%</abbr>]]</span></span>";;1;1;1;1
126464;Librarian Skeleton;71104;Librarian Skeleton;693;"<span class="" eil""><span>[[Librarian Skeleton|Librarian Skeleton]]</span></span>";Ancient Necro Helmet;1;0.22%;;1;1;1;1
126465;Librarian Skeleton;71104;Librarian Skeleton;693;"<span class="" eil""><span>[[Librarian Skeleton|Librarian Skeleton]]</span></span>";Clothier Voodoo Doll;1;0.33%;;1;1;1;1
126466;Librarian Skeleton;71104;Librarian Skeleton;693;"<span class="" eil""><span>[[Librarian Skeleton|Librarian Skeleton]]</span></span>";Bone Wand;1;0.4%;;1;1;1;1
126467;Librarian Skeleton;71104;Librarian Skeleton;693;"<span class="" eil""><span>[[Librarian Skeleton|Librarian Skeleton]]</span></span>";Tally Counter;1;1%;;1;1;1;1
126468;Librarian Skeleton;71104;Librarian Skeleton;693;"<span class="" eil""><span>[[Librarian Skeleton|Librarian Skeleton]]</span></span>";Golden Key;1;1.52%;;1;1;1;1
126469;Librarian Skeleton;71104;Librarian Skeleton;693;"<span class="" eil""><span>[[Librarian Skeleton|Librarian Skeleton]]</span></span>";Bone;"<span class=""mode-content""><span class=""m-normal m-journey"">1–3</span><span class=""m-expert-master"">[[Expert Mode|<abbr class=""mode-exclusive expert"" title=""Expert Mode "">2–6</abbr>]]</span></span>";"<span class=""mode-content""><span class=""m-normal m-journey"">97.09%</span><span class=""m-expert-master"">[[Expert Mode|<abbr class=""mode-exclusive expert"" title=""Expert Mode "">100%</abbr>]]</span></span>";;1;1;1;1
126474;Slimeling;7060;Slimeling;-1;"<span class="" eil""><span>[[Slimeling|Slimeling]]</span></span>";Meat Grinder;1;"0.5% <span class=""eico s i1 i2 i4"" title=""Desktop, Console and Mobile versions""><b></b><i></i><span>(Desktop, Console and Mobile versions)</span></span>";;1;1;1;1
126475;Slimeling;7060;Slimeling;-1;"<span class="" eil""><span>[[Slimeling|Slimeling]]</span></span>";Gel;2–4;100%;;1;1;1;1
126476;Slimeling;7060;Slimeling;-1;"<span class="" eil""><span>[[Slimeling|Slimeling]]</span></span>";Slime Staff;1;"<span class=""mode-content""><span class=""m-normal m-journey"">0.01%</span><span class=""m-expert-master"">[[Expert Mode|<abbr class=""mode-exclusive expert"" title=""Expert Mode "">0.014%</abbr>]]</span></span>";;1;1;1;1
126477;Slimeling;7060;Slimeling;-1;"<span class="" eil""><span>[[Slimeling|Slimeling]]</span></span>";Blindfold;1;"<span class=""mode-content""><span class=""m-normal m-journey"">1%</span><span class=""m-expert-master"">[[Expert Mode|<abbr class=""mode-exclusive expert"" title=""Expert Mode "">1.99%</abbr>]]</span></span>";;1;1;1;1
126478;Dead Man's Chest;10700;Dead Man's Chest;;"<span class="" eil""><span>[[Dead Man's Chest|Dead Man's Chest]]</span></span>";Dead Man's Sweater;1;"<span class=""chance"" data-sort-value=""33.33"">1/3 (33.33%)</span>";;0;1;1;1
126532;Can Of Worms;10841;Can Of Worms;;"<span class="" eil""><span>[[Can Of Worms|Can Of Worms]]</span></span>";Worm;5–8;100%;;0;1;1;1
126533;Can Of Worms;10841;Can Of Worms;;"<span class="" eil""><span>[[Can Of Worms|Can Of Worms]]</span></span>";Enchanted Nightcrawler;1–2;"<span class=""chance"" data-sort-value=""30"">3/10 (30%)</span>";;0;1;1;1
126534;Can Of Worms;10841;Can Of Worms;;"<span class="" eil""><span>[[Can Of Worms|Can Of Worms]]</span></span>";Gold Worm;1;"<span class=""chance"" data-sort-value=""5"">1/20 (5%)</span>";;0;1;1;1
126535;Obsidian Lock Box;4439;Obsidian Lock Box;;"<span class="" eil""><span>[[Obsidian Lock Box|Obsidian Lock Box]]</span></span>";Dark Lance;1;"<span class=""chance"" data-sort-value=""20"">1/5 (20%)</span>";;0;1;1;1
126536;Obsidian Lock Box;4439;Obsidian Lock Box;;"<span class="" eil""><span>[[Obsidian Lock Box|Obsidian Lock Box]]</span></span>";Sunfury;1;"<span class=""chance"" data-sort-value=""20"">1/5 (20%)</span>";;0;1;1;1
126537;Obsidian Lock Box;4439;Obsidian Lock Box;;"<span class="" eil""><span>[[Obsidian Lock Box|Obsidian Lock Box]]</span></span>";Flower of Fire;1;"<span class=""chance""><span class=""chance"" data-sort-value=""20"">1/5 (20%)</span> <div class=""note-text "">(In regular worlds)</div></span>";;0;1;1;1
126538;Obsidian Lock Box;4439;Obsidian Lock Box;;"<span class="" eil""><span>[[Obsidian Lock Box|Obsidian Lock Box]]</span></span>";Unholy Trident;1;"<span class=""chance""><span class=""chance"" data-sort-value=""20"">1/5 (20%)</span> <div class=""note-text "">(In [[Remix]] worlds)</div></span>";;0;1;1;1
126539;Obsidian Lock Box;4439;Obsidian Lock Box;;"<span class="" eil""><span>[[Obsidian Lock Box|Obsidian Lock Box]]</span></span>";Flamelash;1;"<span class=""chance"" data-sort-value=""20"">1/5 (20%)</span>";;0;1;1;1
126540;Obsidian Lock Box;4439;Obsidian Lock Box;;"<span class="" eil""><span>[[Obsidian Lock Box|Obsidian Lock Box]]</span></span>";Hellwing Bow;1;"<span class=""chance"" data-sort-value=""20"">1/5 (20%)</span>";;0;1;1;1
126541;Obsidian Lock Box;4439;Obsidian Lock Box;;"<span class="" eil""><span>[[Obsidian Lock Box|Obsidian Lock Box]]</span></span>";Treasure Magnet;1;"<span class=""chance"" data-sort-value=""20"">1/5 (20%)</span>";;0;1;1;1
126730;Slimer;15296;Slimer;-2;"<span class="" eil""><span>[[Slimer|Slimer]]</span></span><div class=""note-text small"">(Without Wings)</div>";Meat Grinder;1;"0.5% <span class=""eico s i1 i2 i4"" title=""Desktop, Console and Mobile versions""><b></b><i></i><span>(Desktop, Console and Mobile versions)</span></span>";;1;1;1;1
126731;Slimer;15296;Slimer;-2;"<span class="" eil""><span>[[Slimer|Slimer]]</span></span><div class=""note-text small"">(Without Wings)</div>";Gel;2–4;100%;;1;1;1;1
126732;Slimer;15296;Slimer;-2;"<span class="" eil""><span>[[Slimer|Slimer]]</span></span><div class=""note-text small"">(Without Wings)</div>";Monster Meat;1;0.07%;;1;1;1;1
126733;Slimer;15296;Slimer;-2;"<span class="" eil""><span>[[Slimer|Slimer]]</span></span><div class=""note-text small"">(Without Wings)</div>";Blindfold;1;"<span class=""mode-content""><span class=""m-normal m-journey"">1%</span><span class=""m-expert-master"">[[Expert Mode|<abbr class=""mode-exclusive expert"" title=""Expert Mode "">1.99%</abbr>]]</span></span>";;1;1;1;1
126746;Moss Zombie;71133;Moss Zombie;691;"<span class="" eil""><span>[[Moss Zombie|Moss Zombie]]</span></span>";Green Moss;1;10%;;1;1;1;1
126747;Moss Zombie;71133;Moss Zombie;691;"<span class="" eil""><span>[[Moss Zombie|Moss Zombie]]</span></span>";Brown Moss;1;10%;;1;1;1;1
126748;Moss Zombie;71133;Moss Zombie;691;"<span class="" eil""><span>[[Moss Zombie|Moss Zombie]]</span></span>";Red Moss;1;10%;;1;1;1;1
126749;Moss Zombie;71133;Moss Zombie;691;"<span class="" eil""><span>[[Moss Zombie|Moss Zombie]]</span></span>";Blue Moss;1;10%;;1;1;1;1
126750;Moss Zombie;71133;Moss Zombie;691;"<span class="" eil""><span>[[Moss Zombie|Moss Zombie]]</span></span>";Purple Moss;1;10%;;1;1;1;1
126751;Moss Zombie;71133;Moss Zombie;691;"<span class="" eil""><span>[[Moss Zombie|Moss Zombie]]</span></span>";Lava Moss;1;10%;;1;1;1;1
126752;Moss Zombie;71133;Moss Zombie;691;"<span class="" eil""><span>[[Moss Zombie|Moss Zombie]]</span></span>";Krypton Moss;1;10%;;1;1;1;1
126753;Moss Zombie;71133;Moss Zombie;691;"<span class="" eil""><span>[[Moss Zombie|Moss Zombie]]</span></span>";Xenon Moss;1;10%;;1;1;1;1
126754;Moss Zombie;71133;Moss Zombie;691;"<span class="" eil""><span>[[Moss Zombie|Moss Zombie]]</span></span>";Argon Moss;1;10%;;1;1;1;1
126755;Moss Zombie;71133;Moss Zombie;691;"<span class="" eil""><span>[[Moss Zombie|Moss Zombie]]</span></span>";Neon Moss;1;10%;;1;1;1;1
126756;Rock Golem;15768;Rock Golem;631;"<span class="" eil""><span>[[Rock Golem|Rock Golem]]</span></span>";Stone Block;10–20;100%;;1;1;1;1
126757;Rock Golem;15768;Rock Golem;631;"<span class="" eil""><span>[[Rock Golem|Rock Golem]]</span></span>";Rock Golem Head;1;33.33%;;1;1;1;1
126758;Tim;4682;Tim;45;"<span class="" eil""><span>[[Tim|Tim]]</span></span>";Wizard Hat;1;100%;;1;1;1;1
126897;Pearlwood Crate;6316;Pearlwood Crate;;"<span class="" eil""><span>[[Pearlwood Crate|Pearlwood Crate]]</span></span>";Anchor;1;3.78%;;0;1;1;1
126898;Pearlwood Crate;6316;Pearlwood Crate;;"<span class="" eil""><span>[[Pearlwood Crate|Pearlwood Crate]]</span></span>";Sailfish Boots;1;"<span class=""chance"" data-sort-value=""2.49"">199/8000 (2.49%)</span>";;0;1;1;1
126899;Pearlwood Crate;6316;Pearlwood Crate;;"<span class="" eil""><span>[[Pearlwood Crate|Pearlwood Crate]]</span></span>";Tsunami in a Bottle;1;2.24%;;0;1;1;1
126900;Pearlwood Crate;6316;Pearlwood Crate;;"<span class="" eil""><span>[[Pearlwood Crate|Pearlwood Crate]]</span></span>";Enchanted Sundial;1;"<span class=""chance"" data-sort-value=""0.5"">1/200 (0.5%)</span>";;0;1;1;1
126901;Pearlwood Crate;6316;Pearlwood Crate;;"<span class="" eil""><span>[[Pearlwood Crate|Pearlwood Crate]]</span></span>";Aglet;1;"<span class=""chance"" data-sort-value=""0.83"">1/120 (0.83%)</span>";;0;1;1;1
126902;Pearlwood Crate;6316;Pearlwood Crate;;"<span class="" eil""><span>[[Pearlwood Crate|Pearlwood Crate]]</span></span>";Step Stool;1;"<span class=""chance"" data-sort-value=""0.83"">1/120 (0.83%)</span>";;0;1;1;1
126903;Pearlwood Crate;6316;Pearlwood Crate;;"<span class="" eil""><span>[[Pearlwood Crate|Pearlwood Crate]]</span></span>";Climbing Claws;1;"<span class=""chance"" data-sort-value=""0.83"">1/120 (0.83%)</span>";;0;1;1;1
126904;Pearlwood Crate;6316;Pearlwood Crate;;"<span class="" eil""><span>[[Pearlwood Crate|Pearlwood Crate]]</span></span>";Guide to Plant Fiber Cordage;1;"<span class=""chance"" data-sort-value=""0.83"">1/120 (0.83%)</span>";;0;1;1;1
126905;Pearlwood Crate;6316;Pearlwood Crate;;"<span class="" eil""><span>[[Pearlwood Crate|Pearlwood Crate]]</span></span>";Radar;1;"<span class=""chance"" data-sort-value=""0.83"">1/120 (0.83%)</span>";;0;1;1;1
126906;Pearlwood Crate;6316;Pearlwood Crate;;"<span class="" eil""><span>[[Pearlwood Crate|Pearlwood Crate]]</span></span>";Poison Barb;1;"<span class=""chance"" data-sort-value=""0.83"">1/120 (0.83%)</span>";;0;1;1;1
126907;Pearlwood Crate;6316;Pearlwood Crate;;"<span class="" eil""><span>[[Pearlwood Crate|Pearlwood Crate]]</span></span>";Silver Coin;20–90;"<span class=""chance"" data-sort-value=""9.52"">2/21 (9.52%)</span>";;0;1;1;1
126908;Pearlwood Crate;6316;Pearlwood Crate;;"<span class="" eil""><span>[[Pearlwood Crate|Pearlwood Crate]]</span></span>";Gold Coin;1–5;"<span class=""chance"" data-sort-value=""4.76"">1/21 (4.76%)</span>";;0;1;1;1
126909;Pearlwood Crate;6316;Pearlwood Crate;;"<span class="" eil""><span>[[Pearlwood Crate|Pearlwood Crate]]</span></span>";Copper Ore;4–15;"<span class=""chance"" data-sort-value=""1.79"">1/56 (1.79%)</span>";;0;1;1;1
126910;Pearlwood Crate;6316;Pearlwood Crate;;"<span class="" eil""><span>[[Pearlwood Crate|Pearlwood Crate]]</span></span>";Tin Ore;4–15;"<span class=""chance"" data-sort-value=""1.79"">1/56 (1.79%)</span>";;0;1;1;1
126911;Pearlwood Crate;6316;Pearlwood Crate;;"<span class="" eil""><span>[[Pearlwood Crate|Pearlwood Crate]]</span></span>";Iron Ore;4–15;"<span class=""chance"" data-sort-value=""1.79"">1/56 (1.79%)</span>";;0;1;1;1
126912;Pearlwood Crate;6316;Pearlwood Crate;;"<span class="" eil""><span>[[Pearlwood Crate|Pearlwood Crate]]</span></span>";Lead Ore;4–15;"<span class=""chance"" data-sort-value=""1.79"">1/56 (1.79%)</span>";;0;1;1;1
126913;Pearlwood Crate;6316;Pearlwood Crate;;"<span class="" eil""><span>[[Pearlwood Crate|Pearlwood Crate]]</span></span>";Cobalt Ore;4–15;"<span class=""chance"" data-sort-value=""3.57"">1/28 (3.57%)</span>";;0;1;1;1
126914;Pearlwood Crate;6316;Pearlwood Crate;;"<span class="" eil""><span>[[Pearlwood Crate|Pearlwood Crate]]</span></span>";Palladium Ore;4–15;"<span class=""chance"" data-sort-value=""3.57"">1/28 (3.57%)</span>";;0;1;1;1
126915;Pearlwood Crate;6316;Pearlwood Crate;;"<span class="" eil""><span>[[Pearlwood Crate|Pearlwood Crate]]</span></span>";Copper Bar;2–5;"<span class=""chance"" data-sort-value=""1.34"">3/224 (1.34%)</span>";;0;1;1;1
126916;Pearlwood Crate;6316;Pearlwood Crate;;"<span class="" eil""><span>[[Pearlwood Crate|Pearlwood Crate]]</span></span>";Tin Bar;2–5;"<span class=""chance"" data-sort-value=""1.34"">3/224 (1.34%)</span>";;0;1;1;1
126917;Pearlwood Crate;6316;Pearlwood Crate;;"<span class="" eil""><span>[[Pearlwood Crate|Pearlwood Crate]]</span></span>";Iron Bar;2–5;"<span class=""chance"" data-sort-value=""1.34"">3/224 (1.34%)</span>";;0;1;1;1
126918;Pearlwood Crate;6316;Pearlwood Crate;;"<span class="" eil""><span>[[Pearlwood Crate|Pearlwood Crate]]</span></span>";Lead Bar;2–5;"<span class=""chance"" data-sort-value=""1.34"">3/224 (1.34%)</span>";;0;1;1;1
126919;Pearlwood Crate;6316;Pearlwood Crate;;"<span class="" eil""><span>[[Pearlwood Crate|Pearlwood Crate]]</span></span>";Cobalt Bar;2–3;"<span class=""chance"" data-sort-value=""2.68"">3/112 (2.68%)</span>";;0;1;1;1
126920;Pearlwood Crate;6316;Pearlwood Crate;;"<span class="" eil""><span>[[Pearlwood Crate|Pearlwood Crate]]</span></span>";Palladium Bar;2–3;"<span class=""chance"" data-sort-value=""2.68"">3/112 (2.68%)</span>";;0;1;1;1
126921;Pearlwood Crate;6316;Pearlwood Crate;;"<span class="" eil""><span>[[Pearlwood Crate|Pearlwood Crate]]</span></span>";Obsidian Skin Potion;1–3;"<span class=""chance"" data-sort-value=""1.43"">1/70 (1.43%)</span>";;0;1;1;1
126922;Pearlwood Crate;6316;Pearlwood Crate;;"<span class="" eil""><span>[[Pearlwood Crate|Pearlwood Crate]]</span></span>";Swiftness Potion;1–3;"<span class=""chance"" data-sort-value=""1.43"">1/70 (1.43%)</span>";;0;1;1;1
126923;Pearlwood Crate;6316;Pearlwood Crate;;"<span class="" eil""><span>[[Pearlwood Crate|Pearlwood Crate]]</span></span>";Ironskin Potion;1–3;"<span class=""chance"" data-sort-value=""1.43"">1/70 (1.43%)</span>";;0;1;1;1
126924;Pearlwood Crate;6316;Pearlwood Crate;;"<span class="" eil""><span>[[Pearlwood Crate|Pearlwood Crate]]</span></span>";Night Owl Potion;1–3;"<span class=""chance"" data-sort-value=""1.43"">1/70 (1.43%)</span>";;0;1;1;1
126925;Pearlwood Crate;6316;Pearlwood Crate;;"<span class="" eil""><span>[[Pearlwood Crate|Pearlwood Crate]]</span></span>";Shine Potion;1–3;"<span class=""chance"" data-sort-value=""1.43"">1/70 (1.43%)</span>";;0;1;1;1
126926;Pearlwood Crate;6316;Pearlwood Crate;;"<span class="" eil""><span>[[Pearlwood Crate|Pearlwood Crate]]</span></span>";Hunter Potion;1–3;"<span class=""chance"" data-sort-value=""1.43"">1/70 (1.43%)</span>";;0;1;1;1
126927;Pearlwood Crate;6316;Pearlwood Crate;;"<span class="" eil""><span>[[Pearlwood Crate|Pearlwood Crate]]</span></span>";Gills Potion;1–3;"<span class=""chance"" data-sort-value=""1.43"">1/70 (1.43%)</span>";;0;1;1;1
126928;Pearlwood Crate;6316;Pearlwood Crate;;"<span class="" eil""><span>[[Pearlwood Crate|Pearlwood Crate]]</span></span>";Mining Potion;1–3;"<span class=""chance"" data-sort-value=""1.43"">1/70 (1.43%)</span>";;0;1;1;1
126929;Pearlwood Crate;6316;Pearlwood Crate;;"<span class="" eil""><span>[[Pearlwood Crate|Pearlwood Crate]]</span></span>";Heartreach Potion;1–3;"<span class=""chance"" data-sort-value=""1.43"">1/70 (1.43%)</span>";;0;1;1;1
126930;Pearlwood Crate;6316;Pearlwood Crate;;"<span class="" eil""><span>[[Pearlwood Crate|Pearlwood Crate]]</span></span>";Dangersense Potion;1–3;"<span class=""chance"" data-sort-value=""1.43"">1/70 (1.43%)</span>";;0;1;1;1
126931;Pearlwood Crate;6316;Pearlwood Crate;;"<span class="" eil""><span>[[Pearlwood Crate|Pearlwood Crate]]</span></span>";Lesser Healing Potion;5–15;"<span class=""chance"" data-sort-value=""16.67"">1/6 (16.67%)</span>";;0;1;1;1
126932;Pearlwood Crate;6316;Pearlwood Crate;;"<span class="" eil""><span>[[Pearlwood Crate|Pearlwood Crate]]</span></span>";Lesser Mana Potion;5–15;"<span class=""chance"" data-sort-value=""16.67"">1/6 (16.67%)</span>";;0;1;1;1
126933;Pearlwood Crate;6316;Pearlwood Crate;;"<span class="" eil""><span>[[Pearlwood Crate|Pearlwood Crate]]</span></span>";Apprentice Bait;1–4;"<span class=""chance"" data-sort-value=""22.22"">2/9 (22.22%)</span>";;0;1;1;1
126934;Pearlwood Crate;6316;Pearlwood Crate;;"<span class="" eil""><span>[[Pearlwood Crate|Pearlwood Crate]]</span></span>";Journeyman Bait;1–4;"<span class=""chance"" data-sort-value=""11.11"">1/9 (11.11%)</span>";;0;1;1;1
127114;Dungeon Guardian;6306;Dungeon Guardian;68;"<span class="" eil""><span>[[Dungeon Guardian|Dungeon Guardian]]</span></span>";Bone Key;1;100%;;1;1;1;1
127115;Salamander;8964;Salamander;498–506;"<span class="" eil""><span>[[Salamander|Salamander]]</span></span>";Potato Chips;1;1.33%;;1;1;1;1
127116;Salamander;8964;Salamander;498–506;"<span class="" eil""><span>[[Salamander|Salamander]]</span></span>";Depth Meter;1;1.25%;;1;1;1;1
127117;Salamander;8964;Salamander;498–506;"<span class="" eil""><span>[[Salamander|Salamander]]</span></span>";Compass;1;1.23%;;1;1;1;1
127118;Salamander;8964;Salamander;498–506;"<span class="" eil""><span>[[Salamander|Salamander]]</span></span>";Rally;1;6.5%;;1;1;1;1
127274;Steampunker;4154;Steampunker;178;"<span class="" eil""><span>[[Steampunker|Steampunker]]</span></span>";Ivy;;100%;"<span class=""i -w"">[[File:Ivy.png|link=Ivy|Ivy]]<span><span>[[Ivy]]</span><span class=""note"">(Only if name is Whitney)</span></span></span>";1;1;1;1
127389;Skeleton;6813;Skeleton;21;"<span class="" eil""><span>[[Skeleton|Skeleton]]</span></span>";Carton of Milk;1;0.67%;;1;1;1;1
127390;Skeleton;6813;Skeleton;21;"<span class="" eil""><span>[[Skeleton|Skeleton]]</span></span>";Ancient Iron Helmet;1;1%;;1;1;1;1
127391;Skeleton;6813;Skeleton;21;"<span class="" eil""><span>[[Skeleton|Skeleton]]</span></span>";Ancient Gold Helmet;1;0.5%;;1;1;1;1
127392;Skeleton;6813;Skeleton;21;"<span class="" eil""><span>[[Skeleton|Skeleton]]</span></span>";Bone Sword;1;0.5%;;1;1;1;1
127393;Skeleton;6813;Skeleton;21;"<span class="" eil""><span>[[Skeleton|Skeleton]]</span></span>";Skull;1;0.2%;;1;1;1;1
127394;Skeleton;6813;Skeleton;21;"<span class="" eil""><span>[[Skeleton|Skeleton]]</span></span>";Hook;1;4%;;1;1;1;1
127395;Toxic Sludge;11947;Toxic Sludge;141;"<span class="" eil""><span>[[Toxic Sludge|Toxic Sludge]]</span></span>";Gel;1–2;100%;;1;1;1;1
127396;Toxic Sludge;11947;Toxic Sludge;141;"<span class="" eil""><span>[[Toxic Sludge|Toxic Sludge]]</span></span>";Slime Staff;1;"<span class=""mode-content""><span class=""m-normal m-journey"">0.01%</span><span class=""m-expert-master"">[[Expert Mode|<abbr class=""mode-exclusive expert"" title=""Expert Mode "">0.014%</abbr>]]</span></span>";;1;1;1;1
127397;Toxic Sludge;11947;Toxic Sludge;141;"<span class="" eil""><span>[[Toxic Sludge|Toxic Sludge]]</span></span>";Bezoar;1;"<span class=""mode-content""><span class=""m-normal m-journey"">1%</span><span class=""m-expert-master"">[[Expert Mode|<abbr class=""mode-exclusive expert"" title=""Expert Mode "">1.99%</abbr>]]</span></span>";;1;1;1;1
127398;Desert Spirit;4898;Desert Spirit;533;"<span class="" eil""><span>[[Desert Spirit|Desert Spirit]]</span></span>";Desert Spirit Lamp;1;2.5%;;1;1;1;1
127399;Desert Spirit;4898;Desert Spirit;533;"<span class="" eil""><span>[[Desert Spirit|Desert Spirit]]</span></span>";Djinn's Curse;1;3.25%;;1;1;1;1
127400;Desert Spirit;4898;Desert Spirit;533;"<span class="" eil""><span>[[Desert Spirit|Desert Spirit]]</span></span>";Eater Of Life;1;"<span class=""mode-content""><span class=""m-normal m-journey"">0.5%</span><span class=""m-expert-master"">[[Expert Mode|<abbr class=""mode-exclusive expert"" title=""Expert Mode "">0.67%</abbr>]]</span></span>";;1;1;1;1
127401;Trees/Shaking;13514;Shaking Forest tree;;"<span class="" eil""><span>[[Forest tree|Forest tree]]</span></span><span style=""display:none"">_</span>";Living Wood Wand;1;0.3333%;;0;1;1;1
127402;Trees/Shaking;13514;Shaking Forest tree;;"<span class="" eil""><span>[[Forest tree|Forest tree]]</span></span><span style=""display:none"">_</span>";Leaf Wand;1;0.3322%;;0;1;1;1
127403;Trees/Shaking;13514;Shaking Mahogany tree;;"<span class="" eil""><span>[[Mahogany tree|Mahogany tree]]</span></span><span style=""display:none"">_</span>";Living Mahogany Wand;1;0.5%;;0;1;1;1
127404;Trees/Shaking;13514;Shaking Mahogany tree;;"<span class="" eil""><span>[[Mahogany tree|Mahogany tree]]</span></span><span style=""display:none"">_</span>";Rich Mahogany Leaf Wand;1;0.4975%;;0;1;1;1
127405;Trees/Shaking;13514;Shaking Forest tree;;"<span class="" eil""><span>[[Forest tree|Forest tree]]</span></span><span style=""display:none"">_</span>";Faecorn;1;0.0993%;;0;1;1;1
127406;Trees/Shaking;13514;Shaking Forest tree;;"<span class="" eil""><span>[[Forest tree|Forest tree]]</span></span><span style=""display:none"">_</span>";Eucalyptus Sap;1;0.0992%;;0;1;1;1
127407;Trees/Shaking;13514;Shaking Forest tree;;"<span class="" eil""><span>[[Forest tree|Forest tree]]</span></span><span style=""display:none"">_</span>";Acorn Slingshot;1;0.9914%;;0;1;1;1
127408;Trees/Shaking;13514;Shaking Boreal tree;;"<span class="" eil""><span>[[Boreal tree|Boreal tree]]</span></span><span style=""display:none"">_</span>";Acorn Slingshot;1;1%;;0;1;1;1
127409;Trees/Shaking;13514;Shaking Pearlwood tree;;"<span class="" eil""><span>[[Pearlwood tree|Pearlwood tree]]</span></span><span style=""display:none"">_</span>";Acorn Slingshot;1;1%;;0;1;1;1
127410;Trees/Shaking;13514;Shaking Ash tree;;"<span class="" eil""><span>[[Ash tree|Ash tree]]</span><span class=""eico s i1 i2 i4"" title=""Desktop, Console and Mobile versions""><b></b><i></i><span>(Desktop, Console and Mobile versions)</span></span></span><span style=""display:none"">_</span>";Acorn Slingshot;1;1%;;0;1;1;1
127411;Trees/Shaking;13514;Shaking Forest tree;;"<span class="" eil""><span>[[Forest tree|Forest tree]]</span></span><span style=""display:none"">_</span>";Acorn;1–2;14.0206%;;0;1;1;1
127412;Trees/Shaking;13514;Shaking Boreal tree;;"<span class="" eil""><span>[[Boreal tree|Boreal tree]]</span></span><span style=""display:none"">_</span>";Acorn;1–2;14.1429%;;0;1;1;1
127413;Trees/Shaking;13514;Shaking Pearlwood tree;;"<span class="" eil""><span>[[Pearlwood tree|Pearlwood tree]]</span></span><span style=""display:none"">_</span>";Acorn;1–2;14.1429%;;0;1;1;1
127414;Trees/Shaking;13514;Shaking Ash tree;;"<span class="" eil""><span>[[Ash tree|Ash tree]]</span><span class=""eico s i1 i2 i4"" title=""Desktop, Console and Mobile versions""><b></b><i></i><span>(Desktop, Console and Mobile versions)</span></span></span><span style=""display:none"">_</span>";Acorn;1–2;14.1429%;;0;1;1;1
127415;Trees/Shaking;13514;Shaking Giant Glowing Mushroom;;"<span class="" eil""><span>[[Giant Glowing Mushroom|Giant Glowing Mushroom]]</span></span><span style=""display:none"">_</span>";Mushroom Grass Seeds;1;12.5%;;0;1;1;1
127416;Trees/Shaking;13514;Shaking Forest tree;;"<span class="" eil""><span>[[Forest tree|Forest tree]]</span></span><span style=""display:none"">halloween</span>";Rotten Egg;1–2;"2.4035%<br/><span class=""note-text "">(<span class="" eil""><span>[[Halloween|Halloween]]</span></span>)</span>";;0;1;1;1
127417;Trees/Shaking;13514;Shaking Boreal tree;;"<span class="" eil""><span>[[Boreal tree|Boreal tree]]</span></span><span style=""display:none"">halloween</span>";Rotten Egg;1–2;"2.4245%<br/><span class=""note-text "">(<span class="" eil""><span>[[Halloween|Halloween]]</span></span>)</span>";;0;1;1;1
127418;Trees/Shaking;13514;Shaking Mahogany tree;;"<span class="" eil""><span>[[Mahogany tree|Mahogany tree]]</span></span><span style=""display:none"">halloween</span>";Rotten Egg;1–2;"2.8286%<br/><span class=""note-text "">(<span class="" eil""><span>[[Halloween|Halloween]]</span></span>)</span>";;0;1;1;1
127419;Trees/Shaking;13514;Shaking Ebonwood tree;;"<span class="" eil""><span>[[Ebonwood tree|Ebonwood tree]]</span></span><span style=""display:none"">halloween</span>";Rotten Egg;1–2;"2.8571%<br/><span class=""note-text "">(<span class="" eil""><span>[[Halloween|Halloween]]</span></span>)</span>";;0;1;1;1
127420;Trees/Shaking;13514;Shaking Shadewood tree;;"<span class="" eil""><span>[[Shadewood tree|Shadewood tree]]</span></span><span style=""display:none"">halloween</span>";Rotten Egg;1–2;"2.8571%<br/><span class=""note-text "">(<span class="" eil""><span>[[Halloween|Halloween]]</span></span>)</span>";;0;1;1;1
127421;Trees/Shaking;13514;Shaking Pearlwood tree;;"<span class="" eil""><span>[[Pearlwood tree|Pearlwood tree]]</span></span><span style=""display:none"">halloween</span>";Rotten Egg;1–2;"2.4245%<br/><span class=""note-text "">(<span class="" eil""><span>[[Halloween|Halloween]]</span></span>)</span>";;0;1;1;1
127422;Trees/Shaking;13514;Shaking Palm tree;;"<span class="" eil""><span>[[Palm tree|Palm tree]]</span><span class=""eico s i1 i2 i3 i4"" title=""Desktop, Console, Old-gen console and Mobile versions""><b></b><i></i><span>(Desktop, Console, Old-gen console and Mobile versions)</span></span></span><span style=""display:none"">halloween</span>";Rotten Egg;1–2;"2.8571%<br/><span class=""note-text "">(<span class="" eil""><span>[[Halloween|Halloween]]</span></span>)</span>";;0;1;1;1
127423;Trees/Shaking;13514;Shaking Ebonwood Palm tree;;"<span class="" eil""><span>[[Ebonwood Palm tree|Ebonwood Palm tree]]</span></span><span style=""display:none"">halloween</span>";Rotten Egg;1–2;"2.8571%<br/><span class=""note-text "">(<span class="" eil""><span>[[Halloween|Halloween]]</span></span>)</span>";;0;1;1;1
127424;Trees/Shaking;13514;Shaking Shadewood Palm tree;;"<span class="" eil""><span>[[Shadewood Palm tree|Shadewood Palm tree]]</span></span><span style=""display:none"">halloween</span>";Rotten Egg;1–2;"2.8571%<br/><span class=""note-text "">(<span class="" eil""><span>[[Halloween|Halloween]]</span></span>)</span>";;0;1;1;1
127425;Trees/Shaking;13514;Shaking Pearlwood Palm tree;;"<span class="" eil""><span>[[Pearlwood Palm tree|Pearlwood Palm tree]]</span></span><span style=""display:none"">halloween</span>";Rotten Egg;1–2;"2.8571%<br/><span class=""note-text "">(<span class="" eil""><span>[[Halloween|Halloween]]</span></span>)</span>";;0;1;1;1
127426;Trees/Shaking;13514;Shaking Ash tree;;"<span class="" eil""><span>[[Ash tree|Ash tree]]</span><span class=""eico s i1 i2 i4"" title=""Desktop, Console and Mobile versions""><b></b><i></i><span>(Desktop, Console and Mobile versions)</span></span></span><span style=""display:none"">halloween</span>";Rotten Egg;1–2;"2.4245%<br/><span class=""note-text "">(<span class="" eil""><span>[[Halloween|Halloween]]</span></span>)</span>";;0;1;1;1
127427;Trees/Shaking;13514;Shaking Giant Glowing Mushroom;;"<span class="" eil""><span>[[Giant Glowing Mushroom|Giant Glowing Mushroom]]</span></span><span style=""display:none"">halloween</span>";Rotten Egg;1–2;"2.5%<br/><span class=""note-text "">(<span class="" eil""><span>[[Halloween|Halloween]]</span></span>)</span>";;0;1;1;1
127428;Trees/Shaking;13514;Shaking Forest tree;;"<span class="" eil""><span>[[Forest tree|Forest tree]]</span></span><span style=""display:none"">day</span>";Apple;1;"1.0609%<br/><span class=""note-text "">(<span class="" eil""><span>[[Day|Day]]</span></span>)</span>";;0;1;1;1
127429;Trees/Shaking;13514;Shaking Forest tree;;"<span class="" eil""><span>[[Forest tree|Forest tree]]</span></span><span style=""display:none"">day</span>";Peach;1;"1.0609%<br/><span class=""note-text "">(<span class="" eil""><span>[[Day|Day]]</span></span>)</span>";;0;1;1;1
127430;Trees/Shaking;13514;Shaking Forest tree;;"<span class="" eil""><span>[[Forest tree|Forest tree]]</span></span><span style=""display:none"">day</span>";Apricot;1;"1.0609%<br/><span class=""note-text "">(<span class="" eil""><span>[[Day|Day]]</span></span>)</span>";;0;1;1;1
127431;Trees/Shaking;13514;Shaking Forest tree;;"<span class="" eil""><span>[[Forest tree|Forest tree]]</span></span><span style=""display:none"">day</span>";Grapefruit;1;"1.0609%<br/><span class=""note-text "">(<span class="" eil""><span>[[Day|Day]]</span></span>)</span>";;0;1;1;1
127432;Trees/Shaking;13514;Shaking Forest tree;;"<span class="" eil""><span>[[Forest tree|Forest tree]]</span></span><span style=""display:none"">day</span>";Lemon;1;"1.0609%<br/><span class=""note-text "">(<span class="" eil""><span>[[Day|Day]]</span></span>)</span>";;0;1;1;1
127433;Trees/Shaking;13514;Shaking Forest tree;;"<span class="" eil""><span>[[Forest tree|Forest tree]]</span></span><span style=""display:none"">night</span>";Apple;1;"1.0944%<br/><span class=""note-text "">(<span class="" eil""><span>[[Night|Night]]</span></span>)</span>";;0;1;1;1
127434;Trees/Shaking;13514;Shaking Forest tree;;"<span class="" eil""><span>[[Forest tree|Forest tree]]</span></span><span style=""display:none"">night</span>";Peach;1;"1.0944%<br/><span class=""note-text "">(<span class="" eil""><span>[[Night|Night]]</span></span>)</span>";;0;1;1;1
127435;Trees/Shaking;13514;Shaking Forest tree;;"<span class="" eil""><span>[[Forest tree|Forest tree]]</span></span><span style=""display:none"">night</span>";Apricot;1;"1.0944%<br/><span class=""note-text "">(<span class="" eil""><span>[[Night|Night]]</span></span>)</span>";;0;1;1;1
127436;Trees/Shaking;13514;Shaking Forest tree;;"<span class="" eil""><span>[[Forest tree|Forest tree]]</span></span><span style=""display:none"">night</span>";Grapefruit;1;"1.0944%<br/><span class=""note-text "">(<span class="" eil""><span>[[Night|Night]]</span></span>)</span>";;0;1;1;1
127437;Trees/Shaking;13514;Shaking Forest tree;;"<span class="" eil""><span>[[Forest tree|Forest tree]]</span></span><span style=""display:none"">night</span>";Lemon;1;"1.0944%<br/><span class=""note-text "">(<span class="" eil""><span>[[Night|Night]]</span></span>)</span>";;0;1;1;1
127438;Trees/Shaking;13514;Shaking Forest tree;;"<span class="" eil""><span>[[Forest tree|Forest tree]]</span></span><span style=""display:none"">halloween</span>";Apple;1;"1.0577%<br/><span class=""note-text "">(<span class="" eil""><span>[[Halloween|Halloween]]</span></span>)</span>";;0;1;1;1
127439;Trees/Shaking;13514;Shaking Forest tree;;"<span class="" eil""><span>[[Forest tree|Forest tree]]</span></span><span style=""display:none"">halloween</span>";Peach;1;"1.0577%<br/><span class=""note-text "">(<span class="" eil""><span>[[Halloween|Halloween]]</span></span>)</span>";;0;1;1;1
127440;Trees/Shaking;13514;Shaking Forest tree;;"<span class="" eil""><span>[[Forest tree|Forest tree]]</span></span><span style=""display:none"">halloween</span>";Apricot;1;"1.0577%<br/><span class=""note-text "">(<span class="" eil""><span>[[Halloween|Halloween]]</span></span>)</span>";;0;1;1;1
127441;Trees/Shaking;13514;Shaking Forest tree;;"<span class="" eil""><span>[[Forest tree|Forest tree]]</span></span><span style=""display:none"">halloween</span>";Grapefruit;1;"1.0577%<br/><span class=""note-text "">(<span class="" eil""><span>[[Halloween|Halloween]]</span></span>)</span>";;0;1;1;1
127442;Trees/Shaking;13514;Shaking Forest tree;;"<span class="" eil""><span>[[Forest tree|Forest tree]]</span></span><span style=""display:none"">halloween</span>";Lemon;1;"1.0577%<br/><span class=""note-text "">(<span class="" eil""><span>[[Halloween|Halloween]]</span></span>)</span>";;0;1;1;1
127443;Trees/Shaking;13514;Shaking Boreal tree;;"<span class="" eil""><span>[[Boreal tree|Boreal tree]]</span></span><span style=""display:none"">_</span>";Plum;1;3.079%;;0;1;1;1
127444;Trees/Shaking;13514;Shaking Boreal tree;;"<span class="" eil""><span>[[Boreal tree|Boreal tree]]</span></span><span style=""display:none"">_</span>";Cherry;1;3.079%;;0;1;1;1
127445;Trees/Shaking;13514;Shaking Boreal tree;;"<span class="" eil""><span>[[Boreal tree|Boreal tree]]</span></span><span style=""display:none"">halloween</span>";Plum;1;"2.991%<br/><span class=""note-text "">(<span class="" eil""><span>[[Halloween|Halloween]]</span></span>)</span>";;0;1;1;1
127446;Trees/Shaking;13514;Shaking Boreal tree;;"<span class="" eil""><span>[[Boreal tree|Boreal tree]]</span></span><span style=""display:none"">halloween</span>";Cherry;1;"2.991%<br/><span class=""note-text "">(<span class="" eil""><span>[[Halloween|Halloween]]</span></span>)</span>";;0;1;1;1
127447;Trees/Shaking;13514;Shaking Mahogany tree;;"<span class="" eil""><span>[[Mahogany tree|Mahogany tree]]</span></span><span style=""display:none"">day</span>";Mango;1;"3.3466%<br/><span class=""note-text "">(<span class="" eil""><span>[[Day|Day]]</span></span>)</span>";;0;1;1;1
127448;Trees/Shaking;13514;Shaking Mahogany tree;;"<span class="" eil""><span>[[Mahogany tree|Mahogany tree]]</span></span><span style=""display:none"">day</span>";Pineapple;1;"3.3466%<br/><span class=""note-text "">(<span class="" eil""><span>[[Day|Day]]</span></span>)</span>";;0;1;1;1
127449;Trees/Shaking;13514;Shaking Mahogany tree;;"<span class="" eil""><span>[[Mahogany tree|Mahogany tree]]</span></span><span style=""display:none"">night</span>";Mango;1;"3.3011%<br/><span class=""note-text "">(<span class="" eil""><span>[[Night|Night]]</span></span>)</span>";;0;1;1;1
127450;Trees/Shaking;13514;Shaking Mahogany tree;;"<span class="" eil""><span>[[Mahogany tree|Mahogany tree]]</span></span><span style=""display:none"">night</span>";Pineapple;1;"3.3011%<br/><span class=""note-text "">(<span class="" eil""><span>[[Night|Night]]</span></span>)</span>";;0;1;1;1
127451;Trees/Shaking;13514;Shaking Mahogany tree;;"<span class="" eil""><span>[[Mahogany tree|Mahogany tree]]</span></span><span style=""display:none"">halloween</span>";Mango;1;"3.3173%<br/><span class=""note-text "">(<span class="" eil""><span>[[Halloween|Halloween]]</span></span>)</span>";;0;1;1;1
127452;Trees/Shaking;13514;Shaking Mahogany tree;;"<span class="" eil""><span>[[Mahogany tree|Mahogany tree]]</span></span><span style=""display:none"">halloween</span>";Pineapple;1;"3.3173%<br/><span class=""note-text "">(<span class="" eil""><span>[[Halloween|Halloween]]</span></span>)</span>";;0;1;1;1
127453;Trees/Shaking;13514;Shaking Palm tree;;"<span class="" eil""><span>[[Palm tree|Palm tree]]</span><span class=""eico s i1 i2 i3 i4"" title=""Desktop, Console, Old-gen console and Mobile versions""><b></b><i></i><span>(Desktop, Console, Old-gen console and Mobile versions)</span></span></span><span style=""display:none"">notoasis</span>";Coconut;1;"3.447%<br/><span class=""note-text "">(<span class="" eil""><span>[[Ocean|Ocean]]</span></span>)</span>";;0;1;1;1
127454;Trees/Shaking;13514;Shaking Palm tree;;"<span class="" eil""><span>[[Palm tree|Palm tree]]</span><span class=""eico s i1 i2 i3 i4"" title=""Desktop, Console, Old-gen console and Mobile versions""><b></b><i></i><span>(Desktop, Console, Old-gen console and Mobile versions)</span></span></span><span style=""display:none"">notoasis</span>";Banana;1;"3.447%<br/><span class=""note-text "">(<span class="" eil""><span>[[Ocean|Ocean]]</span></span>)</span>";;0;1;1;1
127455;Trees/Shaking;13514;Shaking Ebonwood Palm tree;;"<span class="" eil""><span>[[Ebonwood Palm tree|Ebonwood Palm tree]]</span></span><span style=""display:none"">notoasis</span>";Coconut;1;"3.3321%<br/><span class=""note-text "">(<span class="" eil""><span>[[Ocean|Ocean]]</span></span>)</span>";;0;1;1;1
127456;Trees/Shaking;13514;Shaking Ebonwood Palm tree;;"<span class="" eil""><span>[[Ebonwood Palm tree|Ebonwood Palm tree]]</span></span><span style=""display:none"">notoasis</span>";Banana;1;"3.3321%<br/><span class=""note-text "">(<span class="" eil""><span>[[Ocean|Ocean]]</span></span>)</span>";;0;1;1;1
127457;Trees/Shaking;13514;Shaking Shadewood Palm tree;;"<span class="" eil""><span>[[Shadewood Palm tree|Shadewood Palm tree]]</span></span><span style=""display:none"">notoasis</span>";Coconut;1;"3.3321%<br/><span class=""note-text "">(<span class="" eil""><span>[[Ocean|Ocean]]</span></span>)</span>";;0;1;1;1
127458;Trees/Shaking;13514;Shaking Shadewood Palm tree;;"<span class="" eil""><span>[[Shadewood Palm tree|Shadewood Palm tree]]</span></span><span style=""display:none"">notoasis</span>";Banana;1;"3.3321%<br/><span class=""note-text "">(<span class="" eil""><span>[[Ocean|Ocean]]</span></span>)</span>";;0;1;1;1
127459;Trees/Shaking;13514;Shaking Pearlwood Palm tree;;"<span class="" eil""><span>[[Pearlwood Palm tree|Pearlwood Palm tree]]</span></span><span style=""display:none"">notoasis</span>";Coconut;1;"3.447%<br/><span class=""note-text "">(<span class="" eil""><span>[[Ocean|Ocean]]</span></span>)</span>";;0;1;1;1
127460;Trees/Shaking;13514;Shaking Pearlwood Palm tree;;"<span class="" eil""><span>[[Pearlwood Palm tree|Pearlwood Palm tree]]</span></span><span style=""display:none"">notoasis</span>";Banana;1;"3.447%<br/><span class=""note-text "">(<span class="" eil""><span>[[Ocean|Ocean]]</span></span>)</span>";;0;1;1;1
127461;Trees/Shaking;13514;Shaking Ebonwood tree;;"<span class="" eil""><span>[[Ebonwood tree|Ebonwood tree]]</span></span><span style=""display:none"">_</span>";Elderberry;1;3.5075%;;0;1;1;1
127462;Trees/Shaking;13514;Shaking Ebonwood tree;;"<span class="" eil""><span>[[Ebonwood tree|Ebonwood tree]]</span></span><span style=""display:none"">_</span>";Blackcurrant;1;3.5075%;;0;1;1;1
127463;Trees/Shaking;13514;Shaking Ebonwood tree;;"<span class="" eil""><span>[[Ebonwood tree|Ebonwood tree]]</span></span><span style=""display:none"">halloween</span>";Elderberry;1;"3.4073%<br/><span class=""note-text "">(<span class="" eil""><span>[[Halloween|Halloween]]</span></span>)</span>";;0;1;1;1
127464;Trees/Shaking;13514;Shaking Ebonwood tree;;"<span class="" eil""><span>[[Ebonwood tree|Ebonwood tree]]</span></span><span style=""display:none"">halloween</span>";Blackcurrant;1;"3.4073%<br/><span class=""note-text "">(<span class="" eil""><span>[[Halloween|Halloween]]</span></span>)</span>";;0;1;1;1
127465;Trees/Shaking;13514;Shaking Ebonwood Palm tree;;"<span class="" eil""><span>[[Ebonwood Palm tree|Ebonwood Palm tree]]</span></span><span style=""display:none"">_</span>";Elderberry;1;3.5075%;;0;1;1;1
127466;Trees/Shaking;13514;Shaking Ebonwood Palm tree;;"<span class="" eil""><span>[[Ebonwood Palm tree|Ebonwood Palm tree]]</span></span><span style=""display:none"">_</span>";Blackcurrant;1;3.5075%;;0;1;1;1
127467;Trees/Shaking;13514;Shaking Ebonwood Palm tree;;"<span class="" eil""><span>[[Ebonwood Palm tree|Ebonwood Palm tree]]</span></span><span style=""display:none"">halloween</span>";Elderberry;1;"3.4073%<br/><span class=""note-text "">(<span class="" eil""><span>[[Halloween|Halloween]]</span></span>)</span>";;0;1;1;1
127468;Trees/Shaking;13514;Shaking Ebonwood Palm tree;;"<span class="" eil""><span>[[Ebonwood Palm tree|Ebonwood Palm tree]]</span></span><span style=""display:none"">halloween</span>";Blackcurrant;1;"3.4073%<br/><span class=""note-text "">(<span class="" eil""><span>[[Halloween|Halloween]]</span></span>)</span>";;0;1;1;1
127469;Trees/Shaking;13514;Shaking Ebonwood Palm tree;;"<span class="" eil""><span>[[Ebonwood Palm tree|Ebonwood Palm tree]]</span></span><span style=""display:none"">notoasis</span>";Elderberry;1;"3.0545%<br/><span class=""note-text "">(<span class="" eil""><span>[[Ocean|Ocean]]</span></span>)</span>";;0;1;1;1
127470;Trees/Shaking;13514;Shaking Ebonwood Palm tree;;"<span class="" eil""><span>[[Ebonwood Palm tree|Ebonwood Palm tree]]</span></span><span style=""display:none"">notoasis</span>";Blackcurrant;1;"3.0545%<br/><span class=""note-text "">(<span class="" eil""><span>[[Ocean|Ocean]]</span></span>)</span>";;0;1;1;1
127471;Trees/Shaking;13514;Shaking Pearlwood tree;;"<span class="" eil""><span>[[Pearlwood tree|Pearlwood tree]]</span></span><span style=""display:none"">day</span>";Dragon Fruit;1;"2.6755%<br/><span class=""note-text "">(<span class="" eil""><span>[[Day|Day]]</span></span>)</span>";;0;1;1;1
127472;Trees/Shaking;13514;Shaking Pearlwood tree;;"<span class="" eil""><span>[[Pearlwood tree|Pearlwood tree]]</span></span><span style=""display:none"">day</span>";Star Fruit;1;"2.6755%<br/><span class=""note-text "">(<span class="" eil""><span>[[Day|Day]]</span></span>)</span>";;0;1;1;1
127473;Trees/Shaking;13514;Shaking Pearlwood tree;;"<span class="" eil""><span>[[Pearlwood tree|Pearlwood tree]]</span></span><span style=""display:none"">night</span>";Dragon Fruit;1;"2.7599%<br/><span class=""note-text "">(<span class="" eil""><span>[[Night|Night]]</span></span>)</span>";;0;1;1;1
127474;Trees/Shaking;13514;Shaking Pearlwood tree;;"<span class="" eil""><span>[[Pearlwood tree|Pearlwood tree]]</span></span><span style=""display:none"">night</span>";Star Fruit;1;"2.7599%<br/><span class=""note-text "">(<span class="" eil""><span>[[Night|Night]]</span></span>)</span>";;0;1;1;1
127475;Trees/Shaking;13514;Shaking Pearlwood tree;;"<span class="" eil""><span>[[Pearlwood tree|Pearlwood tree]]</span></span><span style=""display:none"">halloween</span>";Dragon Fruit;1;"2.7358%<br/><span class=""note-text "">(<span class="" eil""><span>[[Halloween|Halloween]]</span></span>)</span>";;0;1;1;1
127476;Trees/Shaking;13514;Shaking Pearlwood tree;;"<span class="" eil""><span>[[Pearlwood tree|Pearlwood tree]]</span></span><span style=""display:none"">halloween</span>";Star Fruit;1;"2.7358%<br/><span class=""note-text "">(<span class="" eil""><span>[[Halloween|Halloween]]</span></span>)</span>";;0;1;1;1
127477;Trees/Shaking;13514;Shaking Pearlwood Palm tree;;"<span class="" eil""><span>[[Pearlwood Palm tree|Pearlwood Palm tree]]</span></span><span style=""display:none"">_</span>";Dragon Fruit;1;3.6285%;;0;1;1;1
127478;Trees/Shaking;13514;Shaking Pearlwood Palm tree;;"<span class="" eil""><span>[[Pearlwood Palm tree|Pearlwood Palm tree]]</span></span><span style=""display:none"">_</span>";Star Fruit;1;3.6285%;;0;1;1;1
127479;Trees/Shaking;13514;Shaking Pearlwood Palm tree;;"<span class="" eil""><span>[[Pearlwood Palm tree|Pearlwood Palm tree]]</span></span><span style=""display:none"">halloween</span>";Dragon Fruit;1;"3.5248%<br/><span class=""note-text "">(<span class="" eil""><span>[[Halloween|Halloween]]</span></span>)</span>";;0;1;1;1
127480;Trees/Shaking;13514;Shaking Pearlwood Palm tree;;"<span class="" eil""><span>[[Pearlwood Palm tree|Pearlwood Palm tree]]</span></span><span style=""display:none"">halloween</span>";Star Fruit;1;"3.5248%<br/><span class=""note-text "">(<span class="" eil""><span>[[Halloween|Halloween]]</span></span>)</span>";;0;1;1;1
127481;Trees/Shaking;13514;Shaking Pearlwood Palm tree;;"<span class="" eil""><span>[[Pearlwood Palm tree|Pearlwood Palm tree]]</span></span><span style=""display:none"">notoasis</span>";Dragon Fruit;1;"3.1598%<br/><span class=""note-text "">(<span class="" eil""><span>[[Ocean|Ocean]]</span></span>)</span>";;0;1;1;1
127482;Trees/Shaking;13514;Shaking Pearlwood Palm tree;;"<span class="" eil""><span>[[Pearlwood Palm tree|Pearlwood Palm tree]]</span></span><span style=""display:none"">notoasis</span>";Star Fruit;1;"3.1598%<br/><span class=""note-text "">(<span class="" eil""><span>[[Ocean|Ocean]]</span></span>)</span>";;0;1;1;1
127483;Trees/Shaking;13514;Shaking Shadewood tree;;"<span class="" eil""><span>[[Shadewood tree|Shadewood tree]]</span></span><span style=""display:none"">_</span>";Blood Orange;1;3.5075%;;0;1;1;1
127484;Trees/Shaking;13514;Shaking Shadewood tree;;"<span class="" eil""><span>[[Shadewood tree|Shadewood tree]]</span></span><span style=""display:none"">_</span>";Rambutan;1;3.5075%;;0;1;1;1
127485;Trees/Shaking;13514;Shaking Shadewood tree;;"<span class="" eil""><span>[[Shadewood tree|Shadewood tree]]</span></span><span style=""display:none"">halloween</span>";Blood Orange;1;"3.4073%<br/><span class=""note-text "">(<span class="" eil""><span>[[Halloween|Halloween]]</span></span>)</span>";;0;1;1;1
127486;Trees/Shaking;13514;Shaking Shadewood tree;;"<span class="" eil""><span>[[Shadewood tree|Shadewood tree]]</span></span><span style=""display:none"">halloween</span>";Rambutan;1;"3.4073%<br/><span class=""note-text "">(<span class="" eil""><span>[[Halloween|Halloween]]</span></span>)</span>";;0;1;1;1
127487;Trees/Shaking;13514;Shaking Shadewood Palm tree;;"<span class="" eil""><span>[[Shadewood Palm tree|Shadewood Palm tree]]</span></span><span style=""display:none"">_</span>";Blood Orange;1;3.5075%;;0;1;1;1
127488;Trees/Shaking;13514;Shaking Shadewood Palm tree;;"<span class="" eil""><span>[[Shadewood Palm tree|Shadewood Palm tree]]</span></span><span style=""display:none"">_</span>";Rambutan;1;3.5075%;;0;1;1;1
127489;Trees/Shaking;13514;Shaking Shadewood Palm tree;;"<span class="" eil""><span>[[Shadewood Palm tree|Shadewood Palm tree]]</span></span><span style=""display:none"">halloween</span>";Blood Orange;1;"3.4073%<br/><span class=""note-text "">(<span class="" eil""><span>[[Halloween|Halloween]]</span></span>)</span>";;0;1;1;1
127490;Trees/Shaking;13514;Shaking Shadewood Palm tree;;"<span class="" eil""><span>[[Shadewood Palm tree|Shadewood Palm tree]]</span></span><span style=""display:none"">halloween</span>";Rambutan;1;"3.4073%<br/><span class=""note-text "">(<span class="" eil""><span>[[Halloween|Halloween]]</span></span>)</span>";;0;1;1;1
127491;Trees/Shaking;13514;Shaking Shadewood Palm tree;;"<span class="" eil""><span>[[Shadewood Palm tree|Shadewood Palm tree]]</span></span><span style=""display:none"">notoasis</span>";Blood Orange;1;"3.0545%<br/><span class=""note-text "">(<span class="" eil""><span>[[Ocean|Ocean]]</span></span>)</span>";;0;1;1;1
127492;Trees/Shaking;13514;Shaking Shadewood Palm tree;;"<span class="" eil""><span>[[Shadewood Palm tree|Shadewood Palm tree]]</span></span><span style=""display:none"">notoasis</span>";Rambutan;1;"3.0545%<br/><span class=""note-text "">(<span class="" eil""><span>[[Ocean|Ocean]]</span></span>)</span>";;0;1;1;1
127493;Trees/Shaking;13514;Shaking Ash tree;;"<span class="" eil""><span>[[Ash tree|Ash tree]]</span><span class=""eico s i1 i2 i4"" title=""Desktop, Console and Mobile versions""><b></b><i></i><span>(Desktop, Console and Mobile versions)</span></span></span><span style=""display:none"">_</span>";Spicy Pepper;1;3.079%;;0;1;1;1
127494;Trees/Shaking;13514;Shaking Ash tree;;"<span class="" eil""><span>[[Ash tree|Ash tree]]</span><span class=""eico s i1 i2 i4"" title=""Desktop, Console and Mobile versions""><b></b><i></i><span>(Desktop, Console and Mobile versions)</span></span></span><span style=""display:none"">_</span>";Pomegranate;1;3.079%;;0;1;1;1
127495;Trees/Shaking;13514;Shaking Ash tree;;"<span class="" eil""><span>[[Ash tree|Ash tree]]</span><span class=""eico s i1 i2 i4"" title=""Desktop, Console and Mobile versions""><b></b><i></i><span>(Desktop, Console and Mobile versions)</span></span></span><span style=""display:none"">halloween</span>";Spicy Pepper;1;"2.991%<br/><span class=""note-text "">(<span class="" eil""><span>[[Halloween|Halloween]]</span></span>)</span>";;0;1;1;1
127496;Trees/Shaking;13514;Shaking Ash tree;;"<span class="" eil""><span>[[Ash tree|Ash tree]]</span><span class=""eico s i1 i2 i4"" title=""Desktop, Console and Mobile versions""><b></b><i></i><span>(Desktop, Console and Mobile versions)</span></span></span><span style=""display:none"">halloween</span>";Pomegranate;1;"2.991%<br/><span class=""note-text "">(<span class="" eil""><span>[[Halloween|Halloween]]</span></span>)</span>";;0;1;1;1
127497;Trees/Shaking;13514;Shaking Ash tree;;"<span class="" eil""><span>[[Ash tree|Ash tree]]</span><span class=""eico s i1 i2 i4"" title=""Desktop, Console and Mobile versions""><b></b><i></i><span>(Desktop, Console and Mobile versions)</span></span></span><span style=""display:none"">underworld</span>";Spicy Pepper;1;"2.9251%<br/><span class=""note-text "">(<span class="" eil""><span>[[Underworld|Underworld]]</span></span>)</span>";;0;1;1;1
127498;Trees/Shaking;13514;Shaking Ash tree;;"<span class="" eil""><span>[[Ash tree|Ash tree]]</span><span class=""eico s i1 i2 i4"" title=""Desktop, Console and Mobile versions""><b></b><i></i><span>(Desktop, Console and Mobile versions)</span></span></span><span style=""display:none"">underworld</span>";Pomegranate;1;"2.9251%<br/><span class=""note-text "">(<span class="" eil""><span>[[Underworld|Underworld]]</span></span>)</span>";;0;1;1;1
127499;Present;4394;Present;;"<span class="" eil""><span>[[Present|Present]]</span></span>";Snow Globe;1;6.67%;;0;1;1;1
127500;Present;4394;Present;;"<span class="" eil""><span>[[Present|Present]]</span></span>";Coal;1;"<span class=""chance"">3.33%<br/>3.11% <span class=""note-text "">(Hardmode)</span></span>";;0;1;1;1
127501;Present;4394;Present;;"<span class="" eil""><span>[[Present|Present]]</span></span>";Dog Whistle;1;"<span class=""chance"">0.24%<br/>0.23% <span class=""note-text "">(Hardmode)</span></span>";;0;1;1;1
127502;Present;4394;Present;;"<span class="" eil""><span>[[Present|Present]]</span></span>";Red Ryder;1;"<span class=""chance"">0.64%<br/>0.6% <span class=""note-text "">(Hardmode)</span></span>";;0;1;1;1
127503;Present;4394;Present;;"<span class="" eil""><span>[[Present|Present]]</span></span>";Musket Ball;30–60;"<span class=""chance"">0.64%<br/>0.6% <span class=""note-text "">(Hardmode)</span></span>";;0;1;1;1
127504;Present;4394;Present;;"<span class="" eil""><span>[[Present|Present]]</span></span>";Candy Cane Sword;1;"<span class=""chance"">0.64%<br/>0.6% <span class=""note-text "">(Hardmode)</span></span>";;0;1;1;1
127505;Present;4394;Present;;"<span class="" eil""><span>[[Present|Present]]</span></span>";Candy Cane Pickaxe;1;"<span class=""chance"">0.63%<br/>0.59% <span class=""note-text "">(Hardmode)</span></span>";;0;1;1;1
127506;Present;4394;Present;;"<span class="" eil""><span>[[Present|Present]]</span></span>";Candy Cane Hook;1;"<span class=""chance"">0.63%<br/>0.59% <span class=""note-text "">(Hardmode)</span></span>";;0;1;1;1
127507;Present;4394;Present;;"<span class="" eil""><span>[[Present|Present]]</span></span>";Fruitcake Chakram;1;"<span class=""chance"">0.63%<br/>0.58% <span class=""note-text "">(Hardmode)</span></span>";;0;1;1;1
127508;Present;4394;Present;;"<span class="" eil""><span>[[Present|Present]]</span></span>";Hand Warmer;1;"<span class=""chance"">0.62%<br/>0.58% <span class=""note-text "">(Hardmode)</span></span>";;0;1;1;1
127509;Present;4394;Present;;"<span class="" eil""><span>[[Present|Present]]</span></span>";Toolbox;1;"<span class=""chance"">0.31%<br/>0.29% <span class=""note-text "">(Hardmode)</span></span>";;0;1;1;1
127510;Present;4394;Present;;"<span class="" eil""><span>[[Present|Present]]</span></span>";Reindeer Antlers;1;"<span class=""chance"">2.31%<br/>2.15% <span class=""note-text "">(Hardmode)</span></span>";;0;1;1;1
127511;Present;4394;Present;;"<span class="" eil""><span>[[Present|Present]]</span></span>";Holly;1;"<span class=""chance"">9%<br/>8.4% <span class=""note-text "">(Hardmode)</span></span>";;0;1;1;1
127512;Present;4394;Present;;"<span class="" eil""><span>[[Present|Present]]</span></span>";Mrs. Claus set;1;"<span class=""chance"">1.08%<br/>1.01% <span class=""note-text "">(Hardmode)</span></span>";;0;1;1;1
127513;Present;4394;Present;;"<span class="" eil""><span>[[Present|Present]]</span></span>";Parka set;1;"<span class=""chance"">1.08%<br/>1.01% <span class=""note-text "">(Hardmode)</span></span>";;0;1;1;1
127514;Present;4394;Present;;"<span class="" eil""><span>[[Present|Present]]</span></span>";Tree set;1;"<span class=""chance"">1.08%<br/>1.01% <span class=""note-text "">(Hardmode)</span></span>";;0;1;1;1
127515;Present;4394;Present;;"<span class="" eil""><span>[[Present|Present]]</span></span>";Snow Hat;1;"<span class=""chance"">1.08%<br/>1.01% <span class=""note-text "">(Hardmode)</span></span>";;0;1;1;1
127516;Present;4394;Present;;"<span class="" eil""><span>[[Present|Present]]</span></span>";Ugly Sweater;1;"<span class=""chance"">1.08%<br/>1.01% <span class=""note-text "">(Hardmode)</span></span>";;0;1;1;1
127517;Present;4394;Present;;"<span class="" eil""><span>[[Present|Present]]</span></span>";Christmas Pudding;1;"<span class=""chance"">3.6%<br/>3.36% <span class=""note-text "">(Hardmode)</span></span>";;0;1;1;1
127518;Present;4394;Present;;"<span class="" eil""><span>[[Present|Present]]</span></span>";Sugar Cookie;1;"<span class=""chance"">3.6%<br/>3.36% <span class=""note-text "">(Hardmode)</span></span>";;0;1;1;1
127519;Present;4394;Present;;"<span class="" eil""><span>[[Present|Present]]</span></span>";Gingerbread Cookie;1;"<span class=""chance"">3.6%<br/>3.36% <span class=""note-text "">(Hardmode)</span></span>";;0;1;1;1
127520;Present;4394;Present;;"<span class="" eil""><span>[[Present|Present]]</span></span>";Eggnog;1–3;"<span class=""chance"">8.1%<br/>7.56% <span class=""note-text "">(Hardmode)</span></span>";;0;1;1;1
127521;Present;4394;Present;;"<span class="" eil""><span>[[Present|Present]]</span></span>";Star Anise;20–40;"<span class=""chance"">6.3%<br/>5.88% <span class=""note-text "">(Hardmode)</span></span>";;0;1;1;1
127522;Present;4394;Present;;"<span class="" eil""><span>[[Present|Present]]</span></span>";Pine Tree Block;20–49;"<span class=""chance"">16.8%<br/>15.68% <span class=""note-text "">(Hardmode)</span></span>";;0;1;1;1
127523;Present;4394;Present;;"<span class="" eil""><span>[[Present|Present]]</span></span>";Candy Cane Block;20–49;"<span class=""chance"">16.8%<br/>15.68% <span class=""note-text "">(Hardmode)</span></span>";;0;1;1;1
127524;Present;4394;Present;;"<span class="" eil""><span>[[Present|Present]]</span></span>";Green Candy Cane Block;20–49;"<span class=""chance"">16.8%<br/>15.68% <span class=""note-text "">(Hardmode)</span></span>";;0;1;1;1
127556;Pixie;6876;Pixie;75;"<span class="" eil""><span>[[Pixie|Pixie]]</span></span>";Pixie Dust;1–3;100%;;1;1;1;1
127557;Pixie;6876;Pixie;75;"<span class="" eil""><span>[[Pixie|Pixie]]</span></span>";Fast Clock;1;"<span class=""mode-content""><span class=""m-normal m-journey"">1%</span><span class=""m-expert-master"">[[Expert Mode|<abbr class=""mode-exclusive expert"" title=""Expert Mode "">1.99%</abbr>]]</span></span>";;1;1;1;1
127558;Pixie;6876;Pixie;75;"<span class="" eil""><span>[[Pixie|Pixie]]</span></span>";Megaphone;1;"<span class=""mode-content""><span class=""m-normal m-journey"">1%</span><span class=""m-expert-master"">[[Expert Mode|<abbr class=""mode-exclusive expert"" title=""Expert Mode "">1.99%</abbr>]]</span></span>";;1;1;1;1
127559;Pixie;6876;Pixie;75;"<span class="" eil""><span>[[Pixie|Pixie]]</span></span>";Enchanted Pixie Dust;;0.5%;"<span class=""i"">[[File:Enchanted Pixie Dust.png|link=Enchanted Pixie Dust|Enchanted Pixie Dust]]<span><span>[[Enchanted Pixie Dust]]</span><span class=""eico s i1 i2 i4"" title=""Desktop, Console and Mobile versions""><b></b><i></i><span>(Desktop, Console and Mobile versions)</span></span></span></span><div class=""note-text "">(Only after one mechanical boss has been defeated)</div>";1;1;1;1
127782;Huge Dragon Egg;70501;Huge Dragon Egg;;"<span class="" eil""><span>[[Huge Dragon Egg|Huge Dragon Egg]]</span></span>";Chillet;1;"<span class=""chance"" data-sort-value=""50"">1/2 (50%)</span>";;0;1;1;1
127783;Huge Dragon Egg;70501;Huge Dragon Egg;;"<span class="" eil""><span>[[Huge Dragon Egg|Huge Dragon Egg]]</span></span>";Chillet Ignis;1;"<span class=""chance"" data-sort-value=""50"">1/2 (50%)</span>";;0;1;1;1
127784;Devourer;4236;Devourer;7;"<span class="" eil""><span>[[Devourer|Devourer]]</span></span>";Rotten Chunk;1–2;33.33%;;1;1;1;1
127785;Devourer;4236;Devourer;7;"<span class="" eil""><span>[[Devourer|Devourer]]</span></span>";Worm Tooth;3–8;100%;;1;1;1;1
127786;Devourer;4236;Devourer;7;"<span class="" eil""><span>[[Devourer|Devourer]]</span></span>";Tentacle Spike;1;0.19%;;1;1;1;1
127787;Devourer;4236;Devourer;7;"<span class="" eil""><span>[[Devourer|Devourer]]</span></span>";Monster Meat;1;0.07%;;1;1;1;1
127788;Devourer;4236;Devourer;7;"<span class="" eil""><span>[[Devourer|Devourer]]</span></span>";Suspicious Looking Apple;1;10–30%;;1;1;0;0
127789;Geode;10894;Geode;;"<span class="" eil""><span>[[Geode|Geode]]</span></span>";Amethyst;3–6;"<span class=""chance"" data-sort-value=""28.57"">2/7 (28.57%)</span>";;0;1;1;1
127790;Geode;10894;Geode;;"<span class="" eil""><span>[[Geode|Geode]]</span></span>";Diamond;3–6;"<span class=""chance"" data-sort-value=""28.57"">2/7 (28.57%)</span>";;0;1;1;1
127791;Geode;10894;Geode;;"<span class="" eil""><span>[[Geode|Geode]]</span></span>";Topaz;3–6;"<span class=""chance"" data-sort-value=""28.57"">2/7 (28.57%)</span>";;0;1;1;1
127792;Geode;10894;Geode;;"<span class="" eil""><span>[[Geode|Geode]]</span></span>";Ruby;3–6;"<span class=""chance"" data-sort-value=""28.57"">2/7 (28.57%)</span>";;0;1;1;1
127793;Geode;10894;Geode;;"<span class="" eil""><span>[[Geode|Geode]]</span></span>";Emerald;3–6;"<span class=""chance"" data-sort-value=""28.57"">2/7 (28.57%)</span>";;0;1;1;1
127794;Geode;10894;Geode;;"<span class="" eil""><span>[[Geode|Geode]]</span></span>";Sapphire;3–6;"<span class=""chance"" data-sort-value=""28.57"">2/7 (28.57%)</span>";;0;1;1;1
127795;Geode;10894;Geode;;"<span class="" eil""><span>[[Geode|Geode]]</span></span>";Amber;3–6;"<span class=""chance"" data-sort-value=""28.57"">2/7 (28.57%)</span>";;0;1;1;1
127827;Tavernkeep;11392;Tavernkeep;550;"<span class="" eil""><span>[[Tavernkeep|Tavernkeep]]</span></span>";Ale Tosser;1;12.5%;;1;1;1;1
127828;Sand Elemental;8822;Sand Elemental;541;"<span class="" eil""><span>[[Sand Elemental|Sand Elemental]]</span></span>";Forbidden Fragment;1;100%;;1;1;1;1
127856;Goblin Warlock;4209;Goblin Warlock;471;"<span class="" eil""><span>[[Goblin Warlock|Goblin Warlock]]</span></span>";Shadowflame Bow;1;"<span class=""mode-content""><span class=""m-normal m-journey"">16.7%</span><span class=""m-expert-master"">[[Expert Mode|<abbr class=""mode-exclusive expert"" title=""Expert Mode "">33.3%</abbr>]]</span></span>";;1;1;1;1
127857;Goblin Warlock;4209;Goblin Warlock;471;"<span class="" eil""><span>[[Goblin Warlock|Goblin Warlock]]</span></span>";Shadowflame Hex Doll;1;"<span class=""mode-content""><span class=""m-normal m-journey"">16.7%</span><span class=""m-expert-master"">[[Expert Mode|<abbr class=""mode-exclusive expert"" title=""Expert Mode "">33.3%</abbr>]]</span></span>";;1;1;1;1
127858;Goblin Warlock;4209;Goblin Warlock;471;"<span class="" eil""><span>[[Goblin Warlock|Goblin Warlock]]</span></span>";Shadowflame Knife;1;"<span class=""mode-content""><span class=""m-normal m-journey"">16.7%</span><span class=""m-expert-master"">[[Expert Mode|<abbr class=""mode-exclusive expert"" title=""Expert Mode "">33.3%</abbr>]]</span></span>";;1;1;1;1
127964;Martian Saucer;12375;Martian Saucer;392;"<span class="" eil""><span>[[Martian Saucer|Martian Saucer]]</span></span>";Xenopopper;1;16.66%;;1;1;1;1
127965;Martian Saucer;12375;Martian Saucer;392;"<span class="" eil""><span>[[Martian Saucer|Martian Saucer]]</span></span>";Xeno Staff;1;16.66%;;1;1;1;1
127966;Martian Saucer;12375;Martian Saucer;392;"<span class="" eil""><span>[[Martian Saucer|Martian Saucer]]</span></span>";Laser Machinegun;1;16.66%;;1;1;1;1
127967;Martian Saucer;12375;Martian Saucer;392;"<span class="" eil""><span>[[Martian Saucer|Martian Saucer]]</span></span>";Electrosphere Launcher;1;16.66%;;1;1;1;1
127968;Martian Saucer;12375;Martian Saucer;392;"<span class="" eil""><span>[[Martian Saucer|Martian Saucer]]</span></span>";Influx Waver;1;16.66%;;1;1;1;1
127969;Martian Saucer;12375;Martian Saucer;392;"<span class="" eil""><span>[[Martian Saucer|Martian Saucer]]</span></span>";Cosmic Car Key;1;16.66%;;1;1;1;1
127970;Martian Saucer;12375;Martian Saucer;392;"<span class="" eil""><span>[[Martian Saucer|Martian Saucer]]</span></span>";Greater Healing Potion;5–15;100%;;1;1;1;1
127971;Martian Saucer;12375;Martian Saucer;392;"<span class="" eil""><span>[[Martian Saucer|Martian Saucer]]</span></span>";Martian Saucer Trophy;1;10%;;1;1;1;1
127972;Martian Saucer;12375;Martian Saucer;392;"<span class="" eil""><span>[[Martian Saucer|Martian Saucer]]</span></span>";Arc Surge;1;2%;;1;1;1;1
127973;Martian Saucer;12375;Martian Saucer;392;"<span class="" eil""><span>[[Martian Saucer|Martian Saucer]]</span></span>";Martian Saucer Relic;1;"[[Master Mode|<abbr class=""mode-exclusive master"" title=""Master Mode "">100%</abbr>]]";;1;0;0;1
127974;Martian Saucer;12375;Martian Saucer;392;"<span class="" eil""><span>[[Martian Saucer|Martian Saucer]]</span></span>";Cosmic Skateboard;1;"[[Master Mode|<abbr class=""mode-exclusive master"" title=""Master Mode "">25%</abbr>]]";;1;0;0;1
127975;Golden Lock Box;6887;Golden Lock Box;;"<span class="" eil""><span>[[Golden Lock Box|Golden Lock Box]]</span></span>";Valor;1;"<span class=""chance"" data-sort-value=""14.29"">1/7 (14.29%)</span>";;0;1;1;1
127976;Golden Lock Box;6887;Golden Lock Box;;"<span class="" eil""><span>[[Golden Lock Box|Golden Lock Box]]</span></span>";Muramasa;1;"<span class=""chance"" data-sort-value=""14.29"">1/7 (14.29%)</span>";;0;1;1;1
127977;Golden Lock Box;6887;Golden Lock Box;;"<span class="" eil""><span>[[Golden Lock Box|Golden Lock Box]]</span></span>";Cobalt Shield;1;"<span class=""chance"" data-sort-value=""14.29"">1/7 (14.29%)</span>";;0;1;1;1
127978;Golden Lock Box;6887;Golden Lock Box;;"<span class="" eil""><span>[[Golden Lock Box|Golden Lock Box]]</span></span>";Aqua Scepter;1;"<span class=""chance"" data-sort-value=""14.29"">1/7 (14.29%)</span>";;0;1;1;1
127979;Golden Lock Box;6887;Golden Lock Box;;"<span class="" eil""><span>[[Golden Lock Box|Golden Lock Box]]</span></span>";Blue Moon;1;"<span class=""chance"" data-sort-value=""14.29"">1/7 (14.29%)</span>";;0;1;1;1
127980;Golden Lock Box;6887;Golden Lock Box;;"<span class="" eil""><span>[[Golden Lock Box|Golden Lock Box]]</span></span>";Magic Missile;1;"<span class=""chance"" data-sort-value=""14.29"">1/7 (14.29%)</span>";;0;1;1;1
127981;Golden Lock Box;6887;Golden Lock Box;;"<span class="" eil""><span>[[Golden Lock Box|Golden Lock Box]]</span></span>";Handgun;1;"<span class=""chance"" data-sort-value=""14.29"">1/7 (14.29%)</span>";;0;1;1;1
127982;Golden Lock Box;6887;Golden Lock Box;;"<span class="" eil""><span>[[Golden Lock Box|Golden Lock Box]]</span></span>";Shadow Key;1;"<span class=""chance"" data-sort-value=""33.33"">1/3 (33.33%)</span>";;0;1;1;1
127983;Golden Lock Box;6887;Golden Lock Box;;"<span class="" eil""><span>[[Golden Lock Box|Golden Lock Box]]</span></span>";Ram Rune;1;"<span class=""chance"" data-sort-value=""12.5"">1/8 (12.5%)</span>";;0;1;1;1
127984;Golden Lock Box;6887;Golden Lock Box;;"<span class="" eil""><span>[[Golden Lock Box|Golden Lock Box]]</span></span>";Silver Bracer;1;"<span class=""chance"" data-sort-value=""25"">1/4 (25%)</span>";;0;1;1;1
127985;Golden Lock Box;6887;Golden Lock Box;;"<span class="" eil""><span>[[Golden Lock Box|Golden Lock Box]]</span></span>";Moon Lord Torso;1;"<span class=""chance"" data-sort-value=""20"">1/5 (20%)</span>";;0;1;1;1
128235;Gold Chest;8957;Gold Chest;;"<span class="" eil""><span>[[Gold Chest|Gold Chest]]</span></span>";Band of Regeneration;1;"<span class=""chance""><span class=""chance"" data-sort-value=""16.67"">1/6 (16.67%)</span> <span class=""note-text "">(Underground)</span><br/>
<span class=""chance"" data-sort-value=""13.33"">2/15 (13.33%)</span> <span class=""note-text "">(Cavern)</span><br/>
<span class=""chance"" data-sort-value=""12.67"">19/150 (12.67%)</span> <span class=""note-text "">(""lava layer"")</span></span>";;0;1;1;1
128236;Gold Chest;8957;Gold Chest;;"<span class="" eil""><span>[[Gold Chest|Gold Chest]]</span></span>";Magic Mirror;1;"<span class=""chance""><span class=""chance"" data-sort-value=""16.67"">1/6 (16.67%)</span> <span class=""note-text "">(Underground)</span><br/>
<span class=""chance"" data-sort-value=""13.33"">2/15 (13.33%)</span> <span class=""note-text "">(Cavern)</span><br/>
<span class=""chance"" data-sort-value=""12.67"">19/150 (12.67%)</span> <span class=""note-text "">(""lava layer"")</span></span>";;0;1;1;1
128237;Gold Chest;8957;Gold Chest;;"<span class="" eil""><span>[[Gold Chest|Gold Chest]]</span></span>";Cloud in a Bottle;1;"<span class=""chance""><span class=""chance"" data-sort-value=""16.67"">1/6 (16.67%)</span> <span class=""note-text "">(Underground)</span><br/>
<span class=""chance"" data-sort-value=""13.33"">2/15 (13.33%)</span> <span class=""note-text "">(Cavern)</span><br/>
<span class=""chance"" data-sort-value=""12.67"">19/150 (12.67%)</span> <span class=""note-text "">(""lava layer"")</span></span>";;0;1;1;1
128238;Gold Chest;8957;Gold Chest;;"<span class="" eil""><span>[[Gold Chest|Gold Chest]]</span></span>";Hermes Boots;1;"<span class=""chance""><span class=""chance"" data-sort-value=""16.67"">1/6 (16.67%)</span> <span class=""note-text "">(Underground)</span><br/>
<span class=""chance"" data-sort-value=""13.33"">2/15 (13.33%)</span> <span class=""note-text "">(Cavern)</span><br/>
<span class=""chance"" data-sort-value=""12.67"">19/150 (12.67%)</span> <span class=""note-text "">(""lava layer"")</span></span>";;0;1;1;1
128239;Gold Chest;8957;Gold Chest;;"<span class="" eil""><span>[[Gold Chest|Gold Chest]]</span></span>";Mace;1;"<span class=""chance""><span class=""chance"" data-sort-value=""16.67"">1/6 (16.67%)</span> <span class=""note-text "">(Underground)</span><br/>
<span class=""chance"" data-sort-value=""13.33"">2/15 (13.33%)</span> <span class=""note-text "">(Cavern)</span><br/>
<span class=""chance"" data-sort-value=""12.67"">19/150 (12.67%)</span> <span class=""note-text "">(""lava layer"")</span></span>";;0;1;1;1
128240;Gold Chest;8957;Gold Chest;;"<span class="" eil""><span>[[Gold Chest|Gold Chest]]</span></span>";Shoe Spikes;1;"<span class=""chance""><span class=""chance"" data-sort-value=""16.67"">1/6 (16.67%)</span> <span class=""note-text "">(Underground)</span><br/>
<span class=""chance"" data-sort-value=""13.33"">2/15 (13.33%)</span> <span class=""note-text "">(Cavern)</span><br/>
<span class=""chance"" data-sort-value=""12.67"">19/150 (12.67%)</span> <span class=""note-text "">(""lava layer"")</span></span>";;0;1;1;1
128241;Gold Chest;8957;Gold Chest;;"<span class="" eil""><span>[[Gold Chest|Gold Chest]]</span></span>";Extractinator;1;"<span class=""chance""><span class=""chance"" data-sort-value=""5"">1/20 (5%)</span> <span class=""note-text "">(Underground)</span><br/>
<span class=""chance"" data-sort-value=""6.67"">1/15 (6.67%)</span> <span class=""note-text "">(Cavern)</span><br/>
<span class=""chance"" data-sort-value=""6.33"">19/300 (6.33%)</span> <span class=""note-text "">(""lava layer"")</span></span>";;0;1;1;1
128242;Gold Chest;8957;Gold Chest;;"<span class="" eil""><span>[[Gold Chest|Gold Chest]]</span></span>";Flare Gun;1;"<span class=""chance""><span class=""chance"" data-sort-value=""4.75"">19/400 (4.75%)</span> <span class=""note-text "">(Underground)</span><br/>
<span class=""chance"" data-sort-value=""13.33"">2/15 (13.33%)</span> <span class=""note-text "">(Cavern)</span><br/>
<span class=""chance"" data-sort-value=""12.67"">19/150 (12.67%)</span> <span class=""note-text "">(""lava layer"")</span></span>";;0;1;1;1
128243;Gold Chest;8957;Gold Chest;;"<span class="" eil""><span>[[Gold Chest|Gold Chest]]</span></span>";Flare;1;"<span class=""chance""><span class=""chance"" data-sort-value=""4.75"">19/400 (4.75%)</span> <span class=""note-text "">(Underground)</span><br/>
<span class=""chance"" data-sort-value=""13.33"">2/15 (13.33%)</span> <span class=""note-text "">(Cavern)</span><br/>
<span class=""chance"" data-sort-value=""12.67"">19/150 (12.67%)</span> <span class=""note-text "">(""lava layer"")</span></span>";;0;1;1;1
128244;Gold Chest;8957;Gold Chest;;"<span class="" eil""><span>[[Gold Chest|Gold Chest]]</span></span>";Bomb;10–19;"<span class=""chance""><span class=""chance"" data-sort-value=""33.33"">1/3 (33.33%)</span> <span class=""note-text "">(Underground)</span></span>";;0;1;1;1
128245;Gold Chest;8957;Gold Chest;;"<span class="" eil""><span>[[Gold Chest|Gold Chest]]</span></span>";Angel Statue;1;"<span class=""chance""><span class=""chance"" data-sort-value=""20"">1/5 (20%)</span> <span class=""note-text "">(Underground)</span></span>";;0;1;1;1
128246;Gold Chest;8957;Gold Chest;;"<span class="" eil""><span>[[Gold Chest|Gold Chest]]</span></span>";Rope;50–100;"<span class=""chance""><span class=""chance"" data-sort-value=""33.33"">1/3 (33.33%)</span> <span class=""note-text "">(Underground)</span></span>";;0;1;1;1
128247;Gold Chest;8957;Gold Chest;;"<span class="" eil""><span>[[Gold Chest|Gold Chest]]</span></span>";Iron Bar;5–14;"<span class=""chance""><span class=""chance"" data-sort-value=""25"">1/4 (25%)</span> <span class=""note-text "">(Underground)</span></span>";;0;1;1;1
128248;Gold Chest;8957;Gold Chest;;"<span class="" eil""><span>[[Gold Chest|Gold Chest]]</span></span>";Lead Bar;5–14;"<span class=""chance""><span class=""chance"" data-sort-value=""25"">1/4 (25%)</span> <span class=""note-text "">(Underground)</span></span>";;0;1;1;1
128249;Gold Chest;8957;Gold Chest;;"<span class="" eil""><span>[[Gold Chest|Gold Chest]]</span></span>";Silver Bar;"5–14 <span class=""note-text "">(Underground)</span><br/>
3–10 <span class=""note-text "">(Cavern)</span>";"<span class=""chance""><span class=""chance"" data-sort-value=""25"">1/4 (25%)</span></span>";;0;1;1;1
128250;Gold Chest;8957;Gold Chest;;"<span class="" eil""><span>[[Gold Chest|Gold Chest]]</span></span>";Tungsten Bar;"5–14 <span class=""note-text "">(Underground)</span><br/>
3–10 <span class=""note-text "">(Cavern)</span>";"<span class=""chance""><span class=""chance"" data-sort-value=""25"">1/4 (25%)</span></span>";;0;1;1;1
128251;Gold Chest;8957;Gold Chest;;"<span class="" eil""><span>[[Gold Chest|Gold Chest]]</span></span>";Wooden Arrow;25–49;"<span class=""chance""><span class=""chance"" data-sort-value=""25"">1/4 (25%)</span> <span class=""note-text "">(Underground)</span></span>";;0;1;1;1
128252;Gold Chest;8957;Gold Chest;;"<span class="" eil""><span>[[Gold Chest|Gold Chest]]</span></span>";Shuriken;25–49;"<span class=""chance""><span class=""chance"" data-sort-value=""25"">1/4 (25%)</span> <span class=""note-text "">(Underground)</span></span>";;0;1;1;1
128253;Gold Chest;8957;Gold Chest;;"<span class="" eil""><span>[[Gold Chest|Gold Chest]]</span></span>";Lesser Healing Potion;3–5;"<span class=""chance""><span class=""chance"" data-sort-value=""50"">1/2 (50%)</span> <span class=""note-text "">(Underground)</span></span>";;0;1;1;1
128254;Gold Chest;8957;Gold Chest;;"<span class="" eil""><span>[[Gold Chest|Gold Chest]]</span></span>";Regeneration Potion;1–2;"<span class=""chance""><span class=""chance"" data-sort-value=""9.52"">2/21 (9.52%)</span> <span class=""note-text "">(Underground)</span></span>";;0;1;1;1
128255;Gold Chest;8957;Gold Chest;;"<span class="" eil""><span>[[Gold Chest|Gold Chest]]</span></span>";Shine Potion;1–2;"<span class=""chance""><span class=""chance"" data-sort-value=""9.52"">2/21 (9.52%)</span> <span class=""note-text "">(Underground)</span></span>";;0;1;1;1
128256;Gold Chest;8957;Gold Chest;;"<span class="" eil""><span>[[Gold Chest|Gold Chest]]</span></span>";Night Owl Potion;1–2;"<span class=""chance""><span class=""chance"" data-sort-value=""9.52"">2/21 (9.52%)</span> <span class=""note-text "">(Underground)</span><br/>
<span class=""chance"" data-sort-value=""11.11"">1/9 (11.11%)</span> <span class=""note-text "">(Cavern)</span></span>";;0;1;1;1
128257;Gold Chest;8957;Gold Chest;;"<span class="" eil""><span>[[Gold Chest|Gold Chest]]</span></span>";Swiftness Potion;1–2;"<span class=""chance""><span class=""chance"" data-sort-value=""9.52"">2/21 (9.52%)</span> <span class=""note-text "">(Underground)</span></span>";;0;1;1;1
128258;Gold Chest;8957;Gold Chest;;"<span class="" eil""><span>[[Gold Chest|Gold Chest]]</span></span>";Archery Potion;1–2;"<span class=""chance""><span class=""chance"" data-sort-value=""9.52"">2/21 (9.52%)</span> <span class=""note-text "">(Underground)</span><br/>
<span class=""chance"" data-sort-value=""11.11"">1/9 (11.11%)</span> <span class=""note-text "">(Cavern)</span></span>";;0;1;1;1
128259;Gold Chest;8957;Gold Chest;;"<span class="" eil""><span>[[Gold Chest|Gold Chest]]</span></span>";Gills Potion;1–2;"<span class=""chance""><span class=""chance"" data-sort-value=""9.52"">2/21 (9.52%)</span> <span class=""note-text "">(Underground)</span></span>";;0;1;1;1
128260;Gold Chest;8957;Gold Chest;;"<span class="" eil""><span>[[Gold Chest|Gold Chest]]</span></span>";Hunter Potion;1–2;"<span class=""chance""><span class=""chance"" data-sort-value=""9.52"">2/21 (9.52%)</span> <span class=""note-text "">(Underground)</span><br/>
<span class=""chance"" data-sort-value=""5.56"">1/18 (5.56%)</span> <span class=""note-text "">(Cavern)</span></span>";;0;1;1;1
128261;Gold Chest;8957;Gold Chest;;"<span class="" eil""><span>[[Gold Chest|Gold Chest]]</span></span>";Mining Potion;1–2;"<span class=""chance""><span class=""chance"" data-sort-value=""9.52"">2/21 (9.52%)</span> <span class=""note-text "">(Underground)</span></span>";;0;1;1;1
128262;Gold Chest;8957;Gold Chest;;"<span class="" eil""><span>[[Gold Chest|Gold Chest]]</span></span>";Dangersense Potion;1–2;"<span class=""chance""><span class=""chance"" data-sort-value=""9.52"">2/21 (9.52%)</span> <span class=""note-text "">(Underground)</span><br/>
<span class=""chance"" data-sort-value=""5.56"">1/18 (5.56%)</span> <span class=""note-text "">(Cavern)</span></span>";;0;1;1;1
128263;Gold Chest;8957;Gold Chest;;"<span class="" eil""><span>[[Gold Chest|Gold Chest]]</span></span>";Recall Potion;2–4;"<span class=""chance""><span class=""chance"" data-sort-value=""66.67"">2/3 (66.67%)</span> <span class=""note-text "">(Underground)</span><br/>
<span class=""chance"" data-sort-value=""50"">1/2 (50%)</span> <span class=""note-text "">(Cavern)</span></span>";;0;1;1;1
128264;Gold Chest;8957;Gold Chest;;"<span class="" eil""><span>[[Gold Chest|Gold Chest]]</span></span>";Torch;10–20;"<span class=""chance""><span class=""chance"" data-sort-value=""50"">1/2 (50%)</span> <span class=""note-text "">(Underground)</span></span>";;0;1;1;1
128265;Gold Chest;8957;Gold Chest;;"<span class="" eil""><span>[[Gold Chest|Gold Chest]]</span></span>";Torch;15–29;"<span class=""chance""><span class=""chance"" data-sort-value=""25"">1/4 (25%)</span> <span class=""note-text "">(Cavern)</span></span>";;0;1;1;1
128266;Gold Chest;8957;Gold Chest;;"<span class="" eil""><span>[[Gold Chest|Gold Chest]]</span></span>";Silver Coin;50–89;"<span class=""chance""><span class=""chance"" data-sort-value=""50"">1/2 (50%)</span> <span class=""note-text "">(Underground)</span></span>";;0;1;1;1
128267;Gold Chest;8957;Gold Chest;;"<span class="" eil""><span>[[Gold Chest|Gold Chest]]</span></span>";Lava Charm;1;"<span class=""chance""><span class=""chance"" data-sort-value=""5"">1/20 (5%)</span> <span class=""note-text "">(""lava layer"")</span></span>";;0;1;1;1
128268;Gold Chest;8957;Gold Chest;;"<span class="" eil""><span>[[Gold Chest|Gold Chest]]</span></span>";Suspicious Looking Eye;1;"<span class=""chance""><span class=""chance"" data-sort-value=""20"">1/5 (20%)</span> <span class=""note-text "">(Cavern)</span></span>";;0;1;1;1
128269;Gold Chest;8957;Gold Chest;;"<span class="" eil""><span>[[Gold Chest|Gold Chest]]</span></span>";Dynamite;1;"<span class=""chance""><span class=""chance"" data-sort-value=""33.33"">1/3 (33.33%)</span> <span class=""note-text "">(Cavern)</span></span>";;0;1;1;1
128270;Gold Chest;8957;Gold Chest;;"<span class="" eil""><span>[[Gold Chest|Gold Chest]]</span></span>";Jester's Arrow;25–50;"<span class=""chance""><span class=""chance"" data-sort-value=""25"">1/4 (25%)</span> <span class=""note-text "">(Cavern)</span></span>";;0;1;1;1
128271;Gold Chest;8957;Gold Chest;;"<span class="" eil""><span>[[Gold Chest|Gold Chest]]</span></span>";Gold Bar;3–10;"<span class=""chance""><span class=""chance"" data-sort-value=""25"">1/4 (25%)</span> <span class=""note-text "">(Cavern)</span></span>";;0;1;1;1
128272;Gold Chest;8957;Gold Chest;;"<span class="" eil""><span>[[Gold Chest|Gold Chest]]</span></span>";Platinum Bar;3–10;"<span class=""chance""><span class=""chance"" data-sort-value=""25"">1/4 (25%)</span> <span class=""note-text "">(Cavern)</span></span>";;0;1;1;1
128273;Gold Chest;8957;Gold Chest;;"<span class="" eil""><span>[[Gold Chest|Gold Chest]]</span></span>";Meteorite Bar;15-29;"<span class=""chance""><span class=""chance"" data-sort-value=""25"">1/4 (25%)</span> <span class=""note-text "">(within bottom 250 tiles of world)</span></span>";;0;1;1;1
128274;Gold Chest;8957;Gold Chest;;"<span class="" eil""><span>[[Gold Chest|Gold Chest]]</span></span>";Flaming Arrow;25–50;"<span class=""chance""><span class=""chance"" data-sort-value=""25"">1/4 (25%)</span> <span class=""note-text "">(Cavern)</span></span>";;0;1;1;1
128275;Gold Chest;8957;Gold Chest;;"<span class="" eil""><span>[[Gold Chest|Gold Chest]]</span></span>";Throwing Knife;25–50;"<span class=""chance""><span class=""chance"" data-sort-value=""25"">1/4 (25%)</span> <span class=""note-text "">(Cavern)</span></span>";;0;1;1;1
128276;Gold Chest;8957;Gold Chest;;"<span class="" eil""><span>[[Gold Chest|Gold Chest]]</span></span>";Healing Potion;3–5;"<span class=""chance""><span class=""chance"" data-sort-value=""50"">1/2 (50%)</span> <span class=""note-text "">(Cavern)</span></span>";;0;1;1;1
128277;Gold Chest;8957;Gold Chest;;"<span class="" eil""><span>[[Gold Chest|Gold Chest]]</span></span>";Spelunker Potion;1–2;"<span class=""chance""><span class=""chance"" data-sort-value=""11.11"">1/9 (11.11%)</span> <span class=""note-text "">(Cavern)</span></span>";;0;1;1;1
128278;Gold Chest;8957;Gold Chest;;"<span class="" eil""><span>[[Gold Chest|Gold Chest]]</span></span>";Featherfall Potion;1–2;"<span class=""chance""><span class=""chance"" data-sort-value=""11.11"">1/9 (11.11%)</span> <span class=""note-text "">(Cavern)</span></span>";;0;1;1;1
128279;Gold Chest;8957;Gold Chest;;"<span class="" eil""><span>[[Gold Chest|Gold Chest]]</span></span>";Water Walking Potion;1–2;"<span class=""chance""><span class=""chance"" data-sort-value=""11.11"">1/9 (11.11%)</span> <span class=""note-text "">(Cavern)</span></span>";;0;1;1;1
128280;Gold Chest;8957;Gold Chest;;"<span class="" eil""><span>[[Gold Chest|Gold Chest]]</span></span>";Gravitation Potion;1–2;"<span class=""chance""><span class=""chance"" data-sort-value=""11.11"">1/9 (11.11%)</span> <span class=""note-text "">(Cavern)</span></span>";;0;1;1;1
128281;Gold Chest;8957;Gold Chest;;"<span class="" eil""><span>[[Gold Chest|Gold Chest]]</span></span>";Thorns Potion;1–2;"<span class=""chance""><span class=""chance"" data-sort-value=""5.56"">1/18 (5.56%)</span> <span class=""note-text "">(Cavern)</span></span>";;0;1;1;1
128282;Gold Chest;8957;Gold Chest;;"<span class="" eil""><span>[[Gold Chest|Gold Chest]]</span></span>";Invisibility Potion;1–2;"<span class=""chance""><span class=""chance"" data-sort-value=""5.56"">1/18 (5.56%)</span> <span class=""note-text "">(Cavern)</span></span>";;0;1;1;1
128283;Gold Chest;8957;Gold Chest;;"<span class="" eil""><span>[[Gold Chest|Gold Chest]]</span></span>";Teleportation Potion;1–2;"<span class=""chance""><span class=""chance"" data-sort-value=""5.56"">1/18 (5.56%)</span> <span class=""note-text "">(Cavern)</span></span>";;0;1;1;1
128284;Gold Chest;8957;Gold Chest;;"<span class="" eil""><span>[[Gold Chest|Gold Chest]]</span></span>";Titan Potion;1–2;"<span class=""chance""><span class=""chance"" data-sort-value=""5.56"">1/18 (5.56%)</span> <span class=""note-text "">(Cavern)</span></span>";;0;1;1;1
128285;Gold Chest;8957;Gold Chest;;"<span class="" eil""><span>[[Gold Chest|Gold Chest]]</span></span>";Glowstick;15–29;"<span class=""chance""><span class=""chance"" data-sort-value=""25"">1/4 (25%)</span> <span class=""note-text "">(Cavern)</span></span>";;0;1;1;1
128286;Gold Chest;8957;Gold Chest;;"<span class="" eil""><span>[[Gold Chest|Gold Chest]]</span></span>";Rainbow Glowstick;15–29;"<span class=""chance""><span class=""chance"" data-sort-value=""25"">1/4 (25%)</span> <span class=""note-text "">(Cavern, in [[Celebration Mk 10]] or [[Rainbow road]] worlds)</span></span>";;0;1;1;1
128287;Gold Chest;8957;Gold Chest;;"<span class="" eil""><span>[[Gold Chest|Gold Chest]]</span></span>";Gold Coin;1–2;"<span class=""chance""><span class=""chance"" data-sort-value=""50"">1/2 (50%)</span> <span class=""note-text "">(Cavern)</span></span>";;0;1;1;1
128288;Gold Chest;8957;Gold Chest;;"<span class="" eil""><span>[[Gold Chest|Gold Chest]]</span></span>";Balloony Beads;1;"<span class=""chance"" data-sort-value=""0.6"">1/168 (0.6%)</span>";;0;1;1;1
128289;Gold Chest;8957;Gold Chest;;"<span class="" eil""><span>[[Gold Chest|Gold Chest]]</span></span>";Cat Chime;1;"<span class=""chance"" data-sort-value=""0.6"">1/168 (0.6%)</span>";;0;1;1;1
128290;Gold Chest;8957;Gold Chest;;"<span class="" eil""><span>[[Gold Chest|Gold Chest]]</span></span>";Chicken Charm;1;"<span class=""chance"" data-sort-value=""0.6"">1/168 (0.6%)</span>";;0;1;1;1
128291;Gold Chest;8957;Gold Chest;;"<span class="" eil""><span>[[Gold Chest|Gold Chest]]</span></span>";Cow Bell;1;"<span class=""chance"" data-sort-value=""0.6"">1/168 (0.6%)</span>";;0;1;1;1
128292;Gold Chest;8957;Gold Chest;;"<span class="" eil""><span>[[Gold Chest|Gold Chest]]</span></span>";Crow's Beak;1;"<span class=""chance"" data-sort-value=""0.6"">1/168 (0.6%)</span>";;0;1;1;1
128293;Gold Chest;8957;Gold Chest;;"<span class="" eil""><span>[[Gold Chest|Gold Chest]]</span></span>";Dog Collar;1;"<span class=""chance"" data-sort-value=""0.6"">1/168 (0.6%)</span>";;0;1;1;1
128294;Gold Chest;8957;Gold Chest;;"<span class="" eil""><span>[[Gold Chest|Gold Chest]]</span></span>";Fairy Choker;1;"<span class=""chance"" data-sort-value=""0.6"">1/168 (0.6%)</span>";;0;1;1;1
128295;Gold Chest;8957;Gold Chest;;"<span class="" eil""><span>[[Gold Chest|Gold Chest]]</span></span>";Froggy Neckband;1;"<span class=""chance"" data-sort-value=""0.6"">1/168 (0.6%)</span>";;0;1;1;1
128296;Gold Chest;8957;Gold Chest;;"<span class="" eil""><span>[[Gold Chest|Gold Chest]]</span></span>";Goat's Tuft;1;"<span class=""chance"" data-sort-value=""0.6"">1/168 (0.6%)</span>";;0;1;1;1
128297;Gold Chest;8957;Gold Chest;;"<span class="" eil""><span>[[Gold Chest|Gold Chest]]</span></span>";Grim Old Barb;1;"<span class=""chance"" data-sort-value=""0.6"">1/168 (0.6%)</span>";;0;1;1;1
128298;Gold Chest;8957;Gold Chest;;"<span class="" eil""><span>[[Gold Chest|Gold Chest]]</span></span>";Mean Goblin's Spikes;1;"<span class=""chance"" data-sort-value=""0.6"">1/168 (0.6%)</span>";;0;1;1;1
128299;Gold Chest;8957;Gold Chest;;"<span class="" eil""><span>[[Gold Chest|Gold Chest]]</span></span>";Old Companion Locket;1;"<span class=""chance"" data-sort-value=""0.6"">1/168 (0.6%)</span>";;0;1;1;1
128300;Gold Chest;8957;Gold Chest;;"<span class="" eil""><span>[[Gold Chest|Gold Chest]]</span></span>";Turkey Wattle Necklace;1;"<span class=""chance"" data-sort-value=""0.6"">1/168 (0.6%)</span>";;0;1;1;1
128301;Gold Chest;8957;Gold Chest;;"<span class="" eil""><span>[[Gold Chest|Gold Chest]]</span></span>";Vampire Pendant;1;"<span class=""chance"" data-sort-value=""0.6"">1/168 (0.6%)</span>";;0;1;1;1
128302;Gold Chest;8957;Gold Chest (Dungeon);;"<span class="" eil""><span>[[Gold Chest (Dungeon)|Gold Chest (Dungeon)]]</span></span>";Muramasa;1;"<span class=""chance"" data-sort-value=""14.29"">1/7 (14.29%)</span>";;0;1;1;1
128303;Gold Chest;8957;Gold Chest (Dungeon);;"<span class="" eil""><span>[[Gold Chest (Dungeon)|Gold Chest (Dungeon)]]</span></span>";Cobalt Shield;1;"<span class=""chance"" data-sort-value=""14.29"">1/7 (14.29%)</span>";;0;1;1;1
128304;Gold Chest;8957;Gold Chest (Dungeon);;"<span class="" eil""><span>[[Gold Chest (Dungeon)|Gold Chest (Dungeon)]]</span></span>";Aqua Scepter;1;"<span class=""chance"" data-sort-value=""14.29"">1/7 (14.29%)</span>";;0;1;1;1
128305;Gold Chest;8957;Gold Chest (Dungeon);;"<span class="" eil""><span>[[Gold Chest (Dungeon)|Gold Chest (Dungeon)]]</span></span>";Blue Moon;1;"<span class=""chance"" data-sort-value=""14.29"">1/7 (14.29%)</span>";;0;1;1;1
128306;Gold Chest;8957;Gold Chest (Dungeon);;"<span class="" eil""><span>[[Gold Chest (Dungeon)|Gold Chest (Dungeon)]]</span></span>";Magic Missile;1;"<span class=""chance"" data-sort-value=""14.29"">1/7 (14.29%)</span>";;0;1;1;1
128307;Gold Chest;8957;Gold Chest (Dungeon);;"<span class="" eil""><span>[[Gold Chest (Dungeon)|Gold Chest (Dungeon)]]</span></span>";Valor;1;"<span class=""chance"" data-sort-value=""14.29"">1/7 (14.29%)</span>";;0;1;1;1
128308;Gold Chest;8957;Gold Chest (Dungeon);;"<span class="" eil""><span>[[Gold Chest (Dungeon)|Gold Chest (Dungeon)]]</span></span>";Handgun;1;"<span class=""chance"" data-sort-value=""14.29"">1/7 (14.29%)</span>";;0;1;1;1
128309;Gold Chest;8957;Gold Chest (Dungeon);;"<span class="" eil""><span>[[Gold Chest (Dungeon)|Gold Chest (Dungeon)]]</span></span>";Shadow Key;1;"<span class=""chance"" data-sort-value=""33.33"">1/3 (33.33%)</span>";;0;1;1;1
128310;Gold Chest;8957;Gold Chest (Dungeon);;"<span class="" eil""><span>[[Gold Chest (Dungeon)|Gold Chest (Dungeon)]]</span></span>";Ram Rune;1;"<span class=""chance"" data-sort-value=""12.5"">1/8 (12.5%)</span>";;0;1;1;1
128311;Gold Chest;8957;Gold Chest (Dungeon);;"<span class="" eil""><span>[[Gold Chest (Dungeon)|Gold Chest (Dungeon)]]</span></span>";Bone Welder;1;"<span class=""chance"" data-sort-value=""12.5"">1/8 (12.5%)</span>";;0;1;1;1
128312;Gold Chest;8957;Gold Chest (Dungeon);;"<span class="" eil""><span>[[Gold Chest (Dungeon)|Gold Chest (Dungeon)]]</span></span>";Silver Bracer;1;"<span class=""chance"" data-sort-value=""25"">1/4 (25%)</span>";;0;1;1;1
128313;Gold Chest;8957;Gold Chest (Dungeon);;"<span class="" eil""><span>[[Gold Chest (Dungeon)|Gold Chest (Dungeon)]]</span></span>";Moon Lord Torso;1;"<span class=""chance"" data-sort-value=""20"">1/5 (20%)</span>";;0;1;1;1
128314;Gold Chest;8957;Gold Chest (Pyramid);;"<span class="" eil""><span>[[Gold Chest (Pyramid)|Gold Chest (Pyramid)]]</span></span>";Pharaoh's Mask;1;"<span class=""chance"" data-sort-value=""11.11"">1/9 (11.11%)</span>";;0;1;1;1
128315;Gold Chest;8957;Gold Chest (Pyramid);;"<span class="" eil""><span>[[Gold Chest (Pyramid)|Gold Chest (Pyramid)]]</span></span>";Pharaoh's Robe;1;"<span class=""chance"" data-sort-value=""11.11"">1/9 (11.11%)</span>";;0;1;1;1
128316;Gold Chest;8957;Gold Chest (Pyramid);;"<span class="" eil""><span>[[Gold Chest (Pyramid)|Gold Chest (Pyramid)]]</span></span>";Flying Carpet;1;"<span class=""chance"" data-sort-value=""44.44"">4/9 (44.44%)</span>";;0;1;1;1
128317;Gold Chest;8957;Gold Chest (Pyramid);;"<span class="" eil""><span>[[Gold Chest (Pyramid)|Gold Chest (Pyramid)]]</span></span>";Sandstorm in a Bottle;1;"<span class=""chance"" data-sort-value=""44.44"">4/9 (44.44%)</span>";;0;1;1;1
128318;Goblin Archer;6030;Goblin Archer;111;"<span class="" eil""><span>[[Goblin Archer|Goblin Archer]]</span></span>";Harpoon;1;0.5%;;1;1;1;1
128319;Goblin Archer;6030;Goblin Archer;111;"<span class="" eil""><span>[[Goblin Archer|Goblin Archer]]</span></span>";Spiky Ball;1-5;49.75%;;1;1;1;1
128320;Mother Slime;6349;Mother Slime;16;"<span class="" eil""><span>[[Mother Slime|Mother Slime]]</span></span>";Gel;1–2;100%;;1;1;1;1
128321;Mother Slime;6349;Mother Slime;16;"<span class="" eil""><span>[[Mother Slime|Mother Slime]]</span></span>";Slime Staff;1;"<span class=""mode-content""><span class=""m-normal m-journey"">0.01%</span><span class=""m-expert-master"">[[Expert Mode|<abbr class=""mode-exclusive expert"" title=""Expert Mode "">0.014%</abbr>]]</span></span>";;1;1;1;1
128322;Mother Slime;6349;Mother Slime;16;"<span class="" eil""><span>[[Mother Slime|Mother Slime]]</span></span>";Compass;1;2%;;1;1;1;1
128326;Undead Viking;9761;Undead Viking;167;"<span class="" eil""><span>[[Undead Viking|Undead Viking]]</span></span>";Viking Helmet;1;2%;;1;1;1;1
128327;Undead Viking;9761;Undead Viking;167;"<span class="" eil""><span>[[Undead Viking|Undead Viking]]</span></span>";Compass;1;2%;;1;1;1;1
128328;Undead Viking;9761;Undead Viking;167;"<span class="" eil""><span>[[Undead Viking|Undead Viking]]</span></span>";Hook;1;4%;;1;1;1;1
128329;Armored Viking;10479;Armored Viking;197;"<span class="" eil""><span>[[Armored Viking|Armored Viking]]</span></span>";Ice Sickle;1;"<span class=""eico s i1 i2 i4"" title=""Desktop, Console and Mobile versions""><b></b><i></i><span>(Desktop, Console and Mobile versions)</span></span> 1% / <span class=""eico s i3 i5"" title=""Old-gen console and 3DS versions""><b></b><i></i><span>(Old-gen console and 3DS versions)</span></span> 0.56%";;1;1;1;1
128330;Armored Viking;10479;Armored Viking;197;"<span class="" eil""><span>[[Armored Viking|Armored Viking]]</span></span>";Compass;1;"2% <span class=""eico s i1 i2 i4"" title=""Desktop, Console and Mobile versions""><b></b><i></i><span>(Desktop, Console and Mobile versions)</span></span>";;1;1;1;1
128331;Spore Bat;10583;Spore Bat;634;"<span class="" eil""><span>[[Spore Bat|Spore Bat]]</span></span>";Shroomerang;1;2.5%;;1;1;1;1
128332;Spore Bat;10583;Spore Bat;634;"<span class="" eil""><span>[[Spore Bat|Spore Bat]]</span></span>";Depth Meter;1;1%;;1;1;1;1
128333;Spore Bat;10583;Spore Bat;634;"<span class="" eil""><span>[[Spore Bat|Spore Bat]]</span></span>";Bat Bat;1;0.33%;;1;1;1;1
128334;Ice Bat;10385;Ice Bat;150;"<span class="" eil""><span>[[Ice Bat|Ice Bat]]</span></span>";Ice Cream;1;0.67%;;1;1;1;1
128335;Ice Bat;10385;Ice Bat;150;"<span class="" eil""><span>[[Ice Bat|Ice Bat]]</span></span>";Depth Meter;1;1%;;1;1;1;1
128336;Ice Bat;10385;Ice Bat;150;"<span class="" eil""><span>[[Ice Bat|Ice Bat]]</span></span>";Bat Bat;1;0.33%;;1;1;1;1
128337;Giant Bat;7745;Giant Bat;93;"<span class="" eil""><span>[[Giant Bat|Giant Bat]]</span></span>";Depth Meter;1;1%;;1;1;1;1
128338;Giant Bat;7745;Giant Bat;93;"<span class="" eil""><span>[[Giant Bat|Giant Bat]]</span></span>";Bat Bat;1;0.33%;;1;1;1;1
128339;Giant Bat;7745;Giant Bat;93;"<span class="" eil""><span>[[Giant Bat|Giant Bat]]</span></span>";Trifold Map;1;"<span class=""mode-content""><span class=""m-normal m-journey"">1%</span><span class=""m-expert-master"">[[Expert Mode|<abbr class=""mode-exclusive expert"" title=""Expert Mode "">1.99%</abbr>]]</span></span>";;1;1;1;1
128340;Jungle Bat;5650;Jungle Bat;51;"<span class="" eil""><span>[[Jungle Bat|Jungle Bat]]</span></span>";Depth Meter;1;1%;;1;1;1;1
128341;Jungle Bat;5650;Jungle Bat;51;"<span class="" eil""><span>[[Jungle Bat|Jungle Bat]]</span></span>";Bat Bat;1;0.33%;;1;1;1;1
128342;Cave Bat;12688;Cave Bat;49;"<span class="" eil""><span>[[Cave Bat|Cave Bat]]</span></span>";Chain Knife;;0.4%;"<span class=""i"">[[File:Chain Knife.png|link=Chain Knife|Chain Knife]]<span><span>[[Chain Knife]]</span></span></span> <div class=""note-text "">(In regular worlds)</div>";1;1;1;1
128343;Cave Bat;12688;Cave Bat;49;"<span class="" eil""><span>[[Cave Bat|Cave Bat]]</span></span>";KO Cannon;;0.4%;"<span class=""i"">[[File:KO Cannon.png|link=KO Cannon|KO Cannon]]<span><span>[[KO Cannon]]</span></span></span> <div class=""note-text "">(In [[Remix]] worlds)</div>";1;1;1;1
128344;Cave Bat;12688;Cave Bat;49;"<span class="" eil""><span>[[Cave Bat|Cave Bat]]</span></span>";Depth Meter;1;1%;;1;1;1;1
128345;Cave Bat;12688;Cave Bat;49;"<span class="" eil""><span>[[Cave Bat|Cave Bat]]</span></span>";Bat Bat;1;0.33%;;1;1;1;1
128384;Spiked Slime;9398;Spiked Slime;535;"<span class="" eil""><span>[[Spiked Slime|Spiked Slime]]</span></span>";Gel;1–2;100%;;1;0;1;1
128385;Spiked Slime;9398;Spiked Slime;535;"<span class="" eil""><span>[[Spiked Slime|Spiked Slime]]</span></span>";Slime Staff;1;0.014%;;1;0;1;1
128479;Fire Imp;11929;Fire Imp;24;"<span class="" eil""><span>[[Fire Imp|Fire Imp]]</span></span>";Obsidian Rose;1;"<span class=""eico s i1 i2 i4"" title=""Desktop, Console and Mobile versions""><b></b><i></i><span>(Desktop, Console and Mobile versions)</span></span> 5% / <span class=""eico s i3 i5"" title=""Old-gen console and 3DS versions""><b></b><i></i><span>(Old-gen console and 3DS versions)</span></span> 2%";;1;1;1;1
128480;Fire Imp;11929;Fire Imp;24;"<span class="" eil""><span>[[Fire Imp|Fire Imp]]</span></span>";Plumber's Hat;1;0.4%;;1;1;1;1
128481;Fire Imp;11929;Fire Imp;24;"<span class="" eil""><span>[[Fire Imp|Fire Imp]]</span></span>";Shiren Hat;1;0.4%;;1;1;1;1
128508;Vampire;7327;Vampire;158;"<span class="" eil""><span>[[Vampire|Vampire]]</span></span><div class=""note-text "">(Vampire Bat)</div>";Broken Bat Wing;1;2.5%;;1;1;1;1
128509;Vampire;7327;Vampire;158;"<span class="" eil""><span>[[Vampire|Vampire]]</span></span><div class=""note-text "">(Vampire Bat)</div>";Amulet of the Night;1;2.5%;;1;1;1;1
128510;Vampire;7327;Vampire;158;"<span class="" eil""><span>[[Vampire|Vampire]]</span></span><div class=""note-text "">(Vampire Bat)</div>";Moon Stone;1;"<span class=""mode-content""><span class=""m-normal m-journey"">2.86%</span><span class=""m-expert-master"">[[Expert Mode|<abbr class=""mode-exclusive expert"" title=""Expert Mode "">5.63%</abbr>]]</span></span>";;1;1;1;1
128511;Vampire;7327;Vampire;159;"<span class="" eil""><span>[[Vampire|Vampire]]</span></span>";Broken Bat Wing;1;2.5%;;1;1;1;1
128512;Vampire;7327;Vampire;159;"<span class="" eil""><span>[[Vampire|Vampire]]</span></span>";Amulet of the Night;1;2.5%;;1;1;1;1
128513;Vampire;7327;Vampire;159;"<span class="" eil""><span>[[Vampire|Vampire]]</span></span>";Moon Stone;1;"<span class=""mode-content""><span class=""m-normal m-journey"">2.86%</span><span class=""m-expert-master"">[[Expert Mode|<abbr class=""mode-exclusive expert"" title=""Expert Mode "">5.63%</abbr>]]</span></span>";;1;1;1;1
128736;Voodoo Demon;11724;Voodoo Demon;66;"<span class="" eil""><span>[[Voodoo Demon|Voodoo Demon]]</span></span>";Guide Voodoo Doll;1;100%;;1;1;1;1
128737;Voodoo Demon;11724;Voodoo Demon;66;"<span class="" eil""><span>[[Voodoo Demon|Voodoo Demon]]</span></span>";Demon Scythe;1;2.86%;;1;1;1;1
128763;Wooden Crate;11785;Wooden Crate;;"<span class="" eil""><span>[[Wooden Crate|Wooden Crate]]</span></span>";Sailfish Boots;1;"<span class=""chance"" data-sort-value=""2.5"">1/40 (2.5%)</span>";;0;1;1;1
128764;Wooden Crate;11785;Wooden Crate;;"<span class="" eil""><span>[[Wooden Crate|Wooden Crate]]</span></span>";Tsunami in a Bottle;1;"<span class=""chance"" data-sort-value=""2.44"">39/1600 (2.44%)</span>";;0;1;1;1
128765;Wooden Crate;11785;Wooden Crate;;"<span class="" eil""><span>[[Wooden Crate|Wooden Crate]]</span></span>";Extractinator;1;1.86%;;0;1;1;1
128766;Wooden Crate;11785;Wooden Crate;;"<span class="" eil""><span>[[Wooden Crate|Wooden Crate]]</span></span>";Aglet;1;"<span class=""chance"" data-sort-value=""0.83"">1/120 (0.83%)</span>";;0;1;1;1
128767;Wooden Crate;11785;Wooden Crate;;"<span class="" eil""><span>[[Wooden Crate|Wooden Crate]]</span></span>";Step Stool;1;"<span class=""chance"" data-sort-value=""0.83"">1/120 (0.83%)</span>";;0;1;1;1
128768;Wooden Crate;11785;Wooden Crate;;"<span class="" eil""><span>[[Wooden Crate|Wooden Crate]]</span></span>";Climbing Claws;1;"<span class=""chance"" data-sort-value=""0.83"">1/120 (0.83%)</span>";;0;1;1;1
128769;Wooden Crate;11785;Wooden Crate;;"<span class="" eil""><span>[[Wooden Crate|Wooden Crate]]</span></span>";Guide to Plant Fiber Cordage;1;"<span class=""chance"" data-sort-value=""0.83"">1/120 (0.83%)</span>";;0;1;1;1
128770;Wooden Crate;11785;Wooden Crate;;"<span class="" eil""><span>[[Wooden Crate|Wooden Crate]]</span></span>";Radar;1;"<span class=""chance"" data-sort-value=""0.83"">1/120 (0.83%)</span>";;0;1;1;1
128771;Wooden Crate;11785;Wooden Crate;;"<span class="" eil""><span>[[Wooden Crate|Wooden Crate]]</span></span>";Poison Barb;1;"<span class=""chance"" data-sort-value=""0.83"">1/120 (0.83%)</span>";;0;1;1;1
128772;Wooden Crate;11785;Wooden Crate;;"<span class="" eil""><span>[[Wooden Crate|Wooden Crate]]</span></span>";Silver Coin;20–90;"<span class=""chance"" data-sort-value=""9.52"">2/21 (9.52%)</span>";;0;1;1;1
128773;Wooden Crate;11785;Wooden Crate;;"<span class="" eil""><span>[[Wooden Crate|Wooden Crate]]</span></span>";Gold Coin;1–5;"<span class=""chance"" data-sort-value=""4.76"">1/21 (4.76%)</span>";;0;1;1;1
128774;Wooden Crate;11785;Wooden Crate;;"<span class="" eil""><span>[[Wooden Crate|Wooden Crate]]</span></span>";Copper Ore;4–15;"<span class=""chance"" data-sort-value=""3.57"">1/28 (3.57%)</span>";;0;1;1;1
128775;Wooden Crate;11785;Wooden Crate;;"<span class="" eil""><span>[[Wooden Crate|Wooden Crate]]</span></span>";Tin Ore;4–15;"<span class=""chance"" data-sort-value=""3.57"">1/28 (3.57%)</span>";;0;1;1;1
128776;Wooden Crate;11785;Wooden Crate;;"<span class="" eil""><span>[[Wooden Crate|Wooden Crate]]</span></span>";Iron Ore;4–15;"<span class=""chance"" data-sort-value=""3.57"">1/28 (3.57%)</span>";;0;1;1;1
128777;Wooden Crate;11785;Wooden Crate;;"<span class="" eil""><span>[[Wooden Crate|Wooden Crate]]</span></span>";Lead Ore;4–15;"<span class=""chance"" data-sort-value=""3.57"">1/28 (3.57%)</span>";;0;1;1;1
128778;Wooden Crate;11785;Wooden Crate;;"<span class="" eil""><span>[[Wooden Crate|Wooden Crate]]</span></span>";Copper Bar;2–5;"<span class=""chance"" data-sort-value=""2.68"">3/112 (2.68%)</span>";;0;1;1;1
128779;Wooden Crate;11785;Wooden Crate;;"<span class="" eil""><span>[[Wooden Crate|Wooden Crate]]</span></span>";Tin Bar;2–5;"<span class=""chance"" data-sort-value=""2.68"">3/112 (2.68%)</span>";;0;1;1;1
128780;Wooden Crate;11785;Wooden Crate;;"<span class="" eil""><span>[[Wooden Crate|Wooden Crate]]</span></span>";Iron Bar;2–5;"<span class=""chance"" data-sort-value=""2.68"">3/112 (2.68%)</span>";;0;1;1;1
128781;Wooden Crate;11785;Wooden Crate;;"<span class="" eil""><span>[[Wooden Crate|Wooden Crate]]</span></span>";Lead Bar;2–5;"<span class=""chance"" data-sort-value=""2.68"">3/112 (2.68%)</span>";;0;1;1;1
128782;Wooden Crate;11785;Wooden Crate;;"<span class="" eil""><span>[[Wooden Crate|Wooden Crate]]</span></span>";Obsidian Skin Potion;1–3;"<span class=""chance"" data-sort-value=""1.43"">1/70 (1.43%)</span>";;0;1;1;1
128783;Wooden Crate;11785;Wooden Crate;;"<span class="" eil""><span>[[Wooden Crate|Wooden Crate]]</span></span>";Swiftness Potion;1–3;"<span class=""chance"" data-sort-value=""1.43"">1/70 (1.43%)</span>";;0;1;1;1
128784;Wooden Crate;11785;Wooden Crate;;"<span class="" eil""><span>[[Wooden Crate|Wooden Crate]]</span></span>";Ironskin Potion;1–3;"<span class=""chance"" data-sort-value=""1.43"">1/70 (1.43%)</span>";;0;1;1;1
128785;Wooden Crate;11785;Wooden Crate;;"<span class="" eil""><span>[[Wooden Crate|Wooden Crate]]</span></span>";Night Owl Potion;1–3;"<span class=""chance"" data-sort-value=""1.43"">1/70 (1.43%)</span>";;0;1;1;1
128786;Wooden Crate;11785;Wooden Crate;;"<span class="" eil""><span>[[Wooden Crate|Wooden Crate]]</span></span>";Shine Potion;1–3;"<span class=""chance"" data-sort-value=""1.43"">1/70 (1.43%)</span>";;0;1;1;1
128787;Wooden Crate;11785;Wooden Crate;;"<span class="" eil""><span>[[Wooden Crate|Wooden Crate]]</span></span>";Hunter Potion;1–3;"<span class=""chance"" data-sort-value=""1.43"">1/70 (1.43%)</span>";;0;1;1;1
128788;Wooden Crate;11785;Wooden Crate;;"<span class="" eil""><span>[[Wooden Crate|Wooden Crate]]</span></span>";Gills Potion;1–3;"<span class=""chance"" data-sort-value=""1.43"">1/70 (1.43%)</span>";;0;1;1;1
128789;Wooden Crate;11785;Wooden Crate;;"<span class="" eil""><span>[[Wooden Crate|Wooden Crate]]</span></span>";Mining Potion;1–3;"<span class=""chance"" data-sort-value=""1.43"">1/70 (1.43%)</span>";;0;1;1;1
128790;Wooden Crate;11785;Wooden Crate;;"<span class="" eil""><span>[[Wooden Crate|Wooden Crate]]</span></span>";Heartreach Potion;1–3;"<span class=""chance"" data-sort-value=""1.43"">1/70 (1.43%)</span>";;0;1;1;1
128791;Wooden Crate;11785;Wooden Crate;;"<span class="" eil""><span>[[Wooden Crate|Wooden Crate]]</span></span>";Dangersense Potion;1–3;"<span class=""chance"" data-sort-value=""1.43"">1/70 (1.43%)</span>";;0;1;1;1
128792;Wooden Crate;11785;Wooden Crate;;"<span class="" eil""><span>[[Wooden Crate|Wooden Crate]]</span></span>";Lesser Healing Potion;5–15;"<span class=""chance"" data-sort-value=""16.67"">1/6 (16.67%)</span>";;0;1;1;1
128793;Wooden Crate;11785;Wooden Crate;;"<span class="" eil""><span>[[Wooden Crate|Wooden Crate]]</span></span>";Lesser Mana Potion;5–15;"<span class=""chance"" data-sort-value=""16.67"">1/6 (16.67%)</span>";;0;1;1;1
128794;Wooden Crate;11785;Wooden Crate;;"<span class="" eil""><span>[[Wooden Crate|Wooden Crate]]</span></span>";Apprentice Bait;1–4;"<span class=""chance"" data-sort-value=""22.22"">2/9 (22.22%)</span>";;0;1;1;1
128795;Wooden Crate;11785;Wooden Crate;;"<span class="" eil""><span>[[Wooden Crate|Wooden Crate]]</span></span>";Journeyman Bait;1–4;"<span class=""chance"" data-sort-value=""11.11"">1/9 (11.11%)</span>";;0;1;1;1
128821;Deerclops;8619;Deerclops;668;"<span class="" eil""><span>[[Deerclops|Deerclops]]</span></span>";Eye Bone;1;33%;;1;1;0;0
128822;Deerclops;8619;Deerclops;668;"<span class="" eil""><span>[[Deerclops|Deerclops]]</span></span>";Eyebrella;1;33%;;1;1;0;0
128823;Deerclops;8619;Deerclops;668;"<span class="" eil""><span>[[Deerclops|Deerclops]]</span></span>";Radio Thing;1;33%;;1;1;0;0
128824;Deerclops;8619;Deerclops;668;"<span class="" eil""><span>[[Deerclops|Deerclops]]</span></span>";Dizzy's Rare Gecko Chester;1;7.14%;;1;1;0;0
128825;Deerclops;8619;Deerclops;668;"<span class="" eil""><span>[[Deerclops|Deerclops]]</span></span>";Pew-matic Horn;1;25%;;1;1;0;0
128826;Deerclops;8619;Deerclops;668;"<span class="" eil""><span>[[Deerclops|Deerclops]]</span></span>";Weather Pain;1;25%;;1;1;0;0
128827;Deerclops;8619;Deerclops;668;"<span class="" eil""><span>[[Deerclops|Deerclops]]</span></span>";Houndius Shootius;1;25%;;1;1;0;0
128828;Deerclops;8619;Deerclops;668;"<span class="" eil""><span>[[Deerclops|Deerclops]]</span></span>";Lucy the Axe;1;25%;;1;1;0;0
128829;Deerclops;8619;Deerclops;668;"<span class="" eil""><span>[[Deerclops|Deerclops]]</span></span>";Healing Potion;5–15;100%;;1;1;1;1
128830;Deerclops;8619;Deerclops;668;"<span class="" eil""><span>[[Deerclops|Deerclops]]</span></span>";Deerclops Mask;1;14.29%;;1;1;0;0
128831;Deerclops;8619;Deerclops;668;"<span class="" eil""><span>[[Deerclops|Deerclops]]</span></span>";Deerclops Trophy;1;10%;;1;1;1;1
128832;Deerclops;8619;Deerclops;668;"<span class="" eil""><span>[[Deerclops|Deerclops]]</span></span>";Treasure Bag (Deerclops);1;"[[Expert Mode|<abbr class=""mode-exclusive expert"" title=""Expert Mode "">100%</abbr>]]";;1;0;1;1
128833;Deerclops;8619;Treasure Bag (Deerclops);668;"<span class="" eil""><span>[[Treasure Bag (Deerclops)|Treasure Bag]]</span></span><br/><span class=""note-text "">(Deerclops)</span>";Bone Helm;1;100%;;0;0;1;1
128834;Deerclops;8619;Treasure Bag (Deerclops);668;"<span class="" eil""><span>[[Treasure Bag (Deerclops)|Treasure Bag]]</span></span><br/><span class=""note-text "">(Deerclops)</span>";Deerclops Mask;1;14.29%;;0;0;1;1
128835;Deerclops;8619;Treasure Bag (Deerclops);668;"<span class="" eil""><span>[[Treasure Bag (Deerclops)|Treasure Bag]]</span></span><br/><span class=""note-text "">(Deerclops)</span>";Eye Bone;1;33%;;0;0;1;1
128836;Deerclops;8619;Treasure Bag (Deerclops);668;"<span class="" eil""><span>[[Treasure Bag (Deerclops)|Treasure Bag]]</span></span><br/><span class=""note-text "">(Deerclops)</span>";Eyebrella;1;33%;;0;0;1;1
128837;Deerclops;8619;Treasure Bag (Deerclops);668;"<span class="" eil""><span>[[Treasure Bag (Deerclops)|Treasure Bag]]</span></span><br/><span class=""note-text "">(Deerclops)</span>";Radio Thing;1;33%;;0;0;1;1
128838;Deerclops;8619;Treasure Bag (Deerclops);668;"<span class="" eil""><span>[[Treasure Bag (Deerclops)|Treasure Bag]]</span></span><br/><span class=""note-text "">(Deerclops)</span>";Dizzy's Rare Gecko Chester;1;7.14%;;0;0;1;1
128839;Deerclops;8619;Treasure Bag (Deerclops);668;"<span class="" eil""><span>[[Treasure Bag (Deerclops)|Treasure Bag]]</span></span><br/><span class=""note-text "">(Deerclops)</span>";Pew-matic Horn;1;25%;;0;0;1;1
128840;Deerclops;8619;Treasure Bag (Deerclops);668;"<span class="" eil""><span>[[Treasure Bag (Deerclops)|Treasure Bag]]</span></span><br/><span class=""note-text "">(Deerclops)</span>";Weather Pain;1;25%;;0;0;1;1
128841;Deerclops;8619;Treasure Bag (Deerclops);668;"<span class="" eil""><span>[[Treasure Bag (Deerclops)|Treasure Bag]]</span></span><br/><span class=""note-text "">(Deerclops)</span>";Houndius Shootius;1;25%;;0;0;1;1
128842;Deerclops;8619;Treasure Bag (Deerclops);668;"<span class="" eil""><span>[[Treasure Bag (Deerclops)|Treasure Bag]]</span></span><br/><span class=""note-text "">(Deerclops)</span>";Lucy the Axe;1;25%;;0;0;1;1
128843;Deerclops;8619;Treasure Bag (Deerclops);668;"<span class="" eil""><span>[[Treasure Bag (Deerclops)|Treasure Bag]]</span></span><br/><span class=""note-text "">(Deerclops)</span>";Gold Coin;;100%;"[[Coins]] ([[NPC drops#Coin drops|<span class=""coin"" data-sort-value=""125000"" title=""12 Gold 50 Silver Coins""><span class=""gc"">12<span class=""t""> Gold </span></span><span class=""sc"">50<span class=""t""> Silver</span></span></span>]])";0;0;1;1
128844;Deerclops;8619;Deerclops;668;"<span class="" eil""><span>[[Deerclops|Deerclops]]</span></span>";Deerclops Eyeball;1;"[[Master Mode|<abbr class=""mode-exclusive master"" title=""Master Mode "">25%</abbr>]]";;1;0;0;1
128845;Deerclops;8619;Deerclops;668;"<span class="" eil""><span>[[Deerclops|Deerclops]]</span></span>";Deerclops Relic;1;"[[Master Mode|<abbr class=""mode-exclusive master"" title=""Master Mode "">100%</abbr>]]";;1;0;0;1
128872;Empress of Light;8892;Empress of Light;636;"<span class="" eil""><span>[[Empress of Light|Empress of Light]]</span></span>";Nightglow;1;25%;;1;1;0;0
128873;Empress of Light;8892;Empress of Light;636;"<span class="" eil""><span>[[Empress of Light|Empress of Light]]</span></span>";Starlight;1;25%;;1;1;0;0
128874;Empress of Light;8892;Empress of Light;636;"<span class="" eil""><span>[[Empress of Light|Empress of Light]]</span></span>";Kaleidoscope;1;25%;;1;1;0;0
128875;Empress of Light;8892;Empress of Light;636;"<span class="" eil""><span>[[Empress of Light|Empress of Light]]</span></span>";Eventide;1;25%;;1;1;0;0
128876;Empress of Light;8892;Empress of Light;636;"<span class="" eil""><span>[[Empress of Light|Empress of Light]]</span></span>";Empress Wings;1;6.67%;;1;1;0;0
128877;Empress of Light;8892;Empress of Light;636;"<span class="" eil""><span>[[Empress of Light|Empress of Light]]</span></span>";Prismatic Dye;3;25%;;1;1;0;0
128878;Empress of Light;8892;Empress of Light;636;"<span class="" eil""><span>[[Empress of Light|Empress of Light]]</span></span>";Stellar Tune;1;2%;;1;1;0;0
128879;Empress of Light;8892;Empress of Light;636;"<span class="" eil""><span>[[Empress of Light|Empress of Light]]</span></span>";Rainbow Cursor;1;5%;;1;1;0;0
128880;Empress of Light;8892;Empress of Light;636;"<span class="" eil""><span>[[Empress of Light|Empress of Light]]</span></span>";Terraprisma;;100%;"<span class=""i -w"">[[File:Terraprisma.png|link=Terraprisma|Terraprisma]]<span><span>[[Terraprisma]]</span><span class=""note2"">(if 100% of damage is dealt at daytime)</span></span></span>";1;1;1;1
128881;Empress of Light;8892;Empress of Light;636;"<span class="" eil""><span>[[Empress of Light|Empress of Light]]</span></span>";Greater Healing Potion;5–15;100%;;1;1;1;1
128882;Empress of Light;8892;Empress of Light;636;"<span class="" eil""><span>[[Empress of Light|Empress of Light]]</span></span>";Empress of Light Mask;1;14.29%;;1;1;0;0
128883;Empress of Light;8892;Empress of Light;636;"<span class="" eil""><span>[[Empress of Light|Empress of Light]]</span></span>";Empress of Light Trophy;1;10%;;1;1;1;1
128884;Empress of Light;8892;Empress of Light;636;"<span class="" eil""><span>[[Empress of Light|Empress of Light]]</span></span>";Treasure Bag (Empress of Light);1;"[[Expert Mode|<abbr class=""mode-exclusive expert"" title=""Expert Mode "">100%</abbr>]]";;1;0;1;1
128885;Empress of Light;8892;Treasure Bag (Empress of Light);636;"<span class="" eil""><span>[[Treasure Bag (Empress of Light)|Treasure Bag]]</span></span><br/><span class=""note-text "">(Empress of Light)</span>";Nightglow;1;25%;;0;0;1;1
128886;Empress of Light;8892;Treasure Bag (Empress of Light);636;"<span class="" eil""><span>[[Treasure Bag (Empress of Light)|Treasure Bag]]</span></span><br/><span class=""note-text "">(Empress of Light)</span>";Starlight;1;25%;;0;0;1;1
128887;Empress of Light;8892;Treasure Bag (Empress of Light);636;"<span class="" eil""><span>[[Treasure Bag (Empress of Light)|Treasure Bag]]</span></span><br/><span class=""note-text "">(Empress of Light)</span>";Kaleidoscope;1;25%;;0;0;1;1
128888;Empress of Light;8892;Treasure Bag (Empress of Light);636;"<span class="" eil""><span>[[Treasure Bag (Empress of Light)|Treasure Bag]]</span></span><br/><span class=""note-text "">(Empress of Light)</span>";Eventide;1;25%;;0;0;1;1
128889;Empress of Light;8892;Treasure Bag (Empress of Light);636;"<span class="" eil""><span>[[Treasure Bag (Empress of Light)|Treasure Bag]]</span></span><br/><span class=""note-text "">(Empress of Light)</span>";Soaring Insignia;1;100%;;0;0;1;1
128890;Empress of Light;8892;Treasure Bag (Empress of Light);636;"<span class="" eil""><span>[[Treasure Bag (Empress of Light)|Treasure Bag]]</span></span><br/><span class=""note-text "">(Empress of Light)</span>";Empress of Light Mask;1;14.29%;;0;0;1;1
128891;Empress of Light;8892;Treasure Bag (Empress of Light);636;"<span class="" eil""><span>[[Treasure Bag (Empress of Light)|Treasure Bag]]</span></span><br/><span class=""note-text "">(Empress of Light)</span>";Empress Wings;1;"[[Expert Mode|<abbr class=""mode-exclusive expert"" title=""Expert Mode "">10%</abbr>]]";;0;0;1;1
128892;Empress of Light;8892;Treasure Bag (Empress of Light);636;"<span class="" eil""><span>[[Treasure Bag (Empress of Light)|Treasure Bag]]</span></span><br/><span class=""note-text "">(Empress of Light)</span>";Stellar Tune;1;"[[Expert Mode|<abbr class=""mode-exclusive expert"" title=""Expert Mode "">5%</abbr>]]";;0;0;1;1
128893;Empress of Light;8892;Treasure Bag (Empress of Light);636;"<span class="" eil""><span>[[Treasure Bag (Empress of Light)|Treasure Bag]]</span></span><br/><span class=""note-text "">(Empress of Light)</span>";Rainbow Cursor;1;5%;;0;0;1;1
128894;Empress of Light;8892;Treasure Bag (Empress of Light);636;"<span class="" eil""><span>[[Treasure Bag (Empress of Light)|Treasure Bag]]</span></span><br/><span class=""note-text "">(Empress of Light)</span>";Prismatic Dye;3;25%;;0;0;1;1
128895;Empress of Light;8892;Treasure Bag (Empress of Light);636;"<span class="" eil""><span>[[Treasure Bag (Empress of Light)|Treasure Bag]]</span></span><br/><span class=""note-text "">(Empress of Light)</span>";Gold Coin;;100%;"[[Coins]] ([[NPC drops#Coin drops|<span class=""coin"" data-sort-value=""625000"" title=""62 Gold 50 Silver Coins""><span class=""gc"">62<span class=""t""> Gold </span></span><span class=""sc"">50<span class=""t""> Silver</span></span></span>]])";0;0;1;1
128896;Empress of Light;8892;Empress of Light;636;"<span class="" eil""><span>[[Empress of Light|Empress of Light]]</span></span>";Jewel of Light;1;"[[Master Mode|<abbr class=""mode-exclusive master"" title=""Master Mode "">25%</abbr>]]";;1;0;0;1
128897;Empress of Light;8892;Empress of Light;636;"<span class="" eil""><span>[[Empress of Light|Empress of Light]]</span></span>";Empress of Light Relic;1;"[[Master Mode|<abbr class=""mode-exclusive master"" title=""Master Mode "">100%</abbr>]]";;1;0;0;1
129040;Chests;6179;Chest;;"<span class="" eil""><span>[[Chest|Chest]]</span></span>";Spear;1;"<span class=""chance""><span class=""chance"" data-sort-value=""9.09"">1/11 (9.09%)</span></span>";;0;1;1;1
129041;Chests;6179;Chest;;"<span class="" eil""><span>[[Chest|Chest]]</span></span>";Blowpipe;1;"<span class=""chance""><span class=""chance"" data-sort-value=""9.09"">1/11 (9.09%)</span></span>";;0;1;1;1
129042;Chests;6179;Chest;;"<span class="" eil""><span>[[Chest|Chest]]</span></span>";Wooden Boomerang;1;"<span class=""chance""><span class=""chance"" data-sort-value=""9.09"">1/11 (9.09%)</span></span>";;0;1;1;1
129043;Chests;6179;Chest;;"<span class="" eil""><span>[[Chest|Chest]]</span></span>";Aglet;1;"<span class=""chance""><span class=""chance"" data-sort-value=""9.09"">1/11 (9.09%)</span></span>";;0;1;1;1
129044;Chests;6179;Chest;;"<span class="" eil""><span>[[Chest|Chest]]</span></span>";Climbing Claws;1;"<span class=""chance""><span class=""chance"" data-sort-value=""9.09"">1/11 (9.09%)</span></span>";;0;1;1;1
129045;Chests;6179;Chest;;"<span class="" eil""><span>[[Chest|Chest]]</span></span>";Umbrella;1;"<span class=""chance""><span class=""chance"" data-sort-value=""9.09"">1/11 (9.09%)</span></span>";;0;1;1;1
129046;Chests;6179;Chest;;"<span class="" eil""><span>[[Chest|Chest]]</span></span>";Guide to Plant Fiber Cordage;1;"<span class=""chance""><span class=""chance"" data-sort-value=""9.09"">1/11 (9.09%)</span></span>";;0;1;1;1
129047;Chests;6179;Chest;;"<span class="" eil""><span>[[Chest|Chest]]</span></span>";Wand of Sparking;1;"<span class=""chance""><span class=""chance"" data-sort-value=""9.09"">1/11 (9.09%)</span></span>";;0;1;1;1
129048;Chests;6179;Chest;;"<span class="" eil""><span>[[Chest|Chest]]</span></span>";Radar;1;"<span class=""chance""><span class=""chance"" data-sort-value=""9.09"">1/11 (9.09%)</span></span>";;0;1;1;1
129049;Chests;6179;Chest;;"<span class="" eil""><span>[[Chest|Chest]]</span></span>";Step Stool;1;"<span class=""chance""><span class=""chance"" data-sort-value=""9.09"">1/11 (9.09%)</span></span>";;0;1;1;1
129050;Chests;6179;Chest;;"<span class="" eil""><span>[[Chest|Chest]]</span></span>";Poison Barb;1;"<span class=""chance""><span class=""chance"" data-sort-value=""9.09"">1/11 (9.09%)</span></span>";;0;1;1;1
129051;Chests;6179;Chest;;"<span class="" eil""><span>[[Chest|Chest]]</span></span>";Glowstick;40–75;"<span class=""chance""><span class=""chance"" data-sort-value=""16.67"">1/6 (16.67%)</span></span>";;0;1;1;1
129052;Chests;6179;Chest;;"<span class="" eil""><span>[[Chest|Chest]]</span></span>";Rainbow Glowstick;40–75;"<span class=""chance""><span class=""chance"" data-sort-value=""16.67"">1/6 (16.67%)</span></span>";;0;1;1;1
129053;Chests;6179;Chest;;"<span class="" eil""><span>[[Chest|Chest]]</span></span>";Throwing Knife;150–300;"<span class=""chance""><span class=""chance"" data-sort-value=""16.67"">1/6 (16.67%)</span></span>";;0;1;1;1
129054;Chests;6179;Chest;;"<span class="" eil""><span>[[Chest|Chest]]</span></span>";Herb Bag;1–4;"<span class=""chance"" data-sort-value=""16.67"">1/6 (16.67%)</span>";;0;1;1;1
129055;Chests;6179;Chest;;"<span class="" eil""><span>[[Chest|Chest]]</span></span>";Can Of Worms;1–4;"<span class=""chance"" data-sort-value=""16.67"">1/6 (16.67%)</span>";;0;1;1;1
129056;Chests;6179;Chest;;"<span class="" eil""><span>[[Chest|Chest]]</span></span>";Grenade;3–5;"<span class=""chance"" data-sort-value=""33.33"">1/3 (33.33%)</span>";;0;1;1;1
129057;Chests;6179;Chest;;"<span class="" eil""><span>[[Chest|Chest]]</span></span>";Copper Bar;3–10;"<span class=""chance"" data-sort-value=""25"">1/4 (25%)</span>";;0;1;1;1
129058;Chests;6179;Chest;;"<span class="" eil""><span>[[Chest|Chest]]</span></span>";Tin Bar;3–10;"<span class=""chance"" data-sort-value=""25"">1/4 (25%)</span>";;0;1;1;1
129059;Chests;6179;Chest;;"<span class="" eil""><span>[[Chest|Chest]]</span></span>";Iron Bar;3–10;"<span class=""chance"" data-sort-value=""25"">1/4 (25%)</span>";;0;1;1;1
129060;Chests;6179;Chest;;"<span class="" eil""><span>[[Chest|Chest]]</span></span>";Lead Bar;3–10;"<span class=""chance"" data-sort-value=""25"">1/4 (25%)</span>";;0;1;1;1
129061;Chests;6179;Chest;;"<span class="" eil""><span>[[Chest|Chest]]</span></span>";Rope;50–100;"<span class=""chance"" data-sort-value=""50"">1/2 (50%)</span>";;0;1;1;1
129062;Chests;6179;Chest;;"<span class="" eil""><span>[[Chest|Chest]]</span></span>";Wooden Arrow;25–50;"<span class=""chance"" data-sort-value=""33.33"">1/3 (33.33%)</span>";;0;1;1;1
129063;Chests;6179;Chest;;"<span class="" eil""><span>[[Chest|Chest]]</span></span>";Shuriken;25–50;"<span class=""chance"" data-sort-value=""33.33"">1/3 (33.33%)</span>";;0;1;1;1
129064;Chests;6179;Chest;;"<span class="" eil""><span>[[Chest|Chest]]</span></span>";Lesser Healing Potion;3–5;"<span class=""chance"" data-sort-value=""50"">1/2 (50%)</span>";;0;1;1;1
129065;Chests;6179;Chest;;"<span class="" eil""><span>[[Chest|Chest]]</span></span>";Recall Potion;3–5;"<span class=""chance"" data-sort-value=""66.67"">2/3 (66.67%)</span>";;0;1;1;1
129066;Chests;6179;Chest;;"<span class="" eil""><span>[[Chest|Chest]]</span></span>";Ironskin Potion;1–2;"<span class=""chance"" data-sort-value=""11.11"">1/9 (11.11%)</span>";;0;1;1;1
129067;Chests;6179;Chest;;"<span class="" eil""><span>[[Chest|Chest]]</span></span>";Shine Potion;1–2;"<span class=""chance"" data-sort-value=""11.11"">1/9 (11.11%)</span>";;0;1;1;1
129068;Chests;6179;Chest;;"<span class="" eil""><span>[[Chest|Chest]]</span></span>";Night Owl Potion;1–2;"<span class=""chance"" data-sort-value=""11.11"">1/9 (11.11%)</span>";;0;1;1;1
129069;Chests;6179;Chest;;"<span class="" eil""><span>[[Chest|Chest]]</span></span>";Swiftness Potion;1–2;"<span class=""chance"" data-sort-value=""11.11"">1/9 (11.11%)</span>";;0;1;1;1
129070;Chests;6179;Chest;;"<span class="" eil""><span>[[Chest|Chest]]</span></span>";Mining Potion;1–2;"<span class=""chance"" data-sort-value=""11.11"">1/9 (11.11%)</span>";;0;1;1;1
129071;Chests;6179;Chest;;"<span class="" eil""><span>[[Chest|Chest]]</span></span>";Builder Potion;1–2;"<span class=""chance"" data-sort-value=""11.11"">1/9 (11.11%)</span>";;0;1;1;1
129072;Chests;6179;Chest;;"<span class="" eil""><span>[[Chest|Chest]]</span></span>";Torch;10–20;"<span class=""chance"" data-sort-value=""25"">1/4 (25%)</span>";;0;1;1;1
129073;Chests;6179;Chest;;"<span class="" eil""><span>[[Chest|Chest]]</span></span>";Bottle;10–20;"<span class=""chance"" data-sort-value=""25"">1/4 (25%)</span>";;0;1;1;1
129074;Chests;6179;Chest;;"<span class="" eil""><span>[[Chest|Chest]]</span></span>";Silver Coin;10–29;"<span class=""chance"" data-sort-value=""50"">1/2 (50%)</span>";;0;1;1;1
129075;Chests;6179;Chest;;"<span class="" eil""><span>[[Chest|Chest]]</span></span>";Wood;50–99;"<span class=""chance"" data-sort-value=""50"">1/2 (50%)</span>";;0;1;1;1
129076;Chests;6179;Chest;;"<span class="" eil""><span>[[Chest|Chest]]</span></span>";Balloony Beads;1;"<span class=""chance"" data-sort-value=""0.6"">1/168 (0.6%)</span>";;0;1;1;1
129077;Chests;6179;Chest;;"<span class="" eil""><span>[[Chest|Chest]]</span></span>";Cat Chime;1;"<span class=""chance"" data-sort-value=""0.6"">1/168 (0.6%)</span>";;0;1;1;1
129078;Chests;6179;Chest;;"<span class="" eil""><span>[[Chest|Chest]]</span></span>";Chicken Charm;1;"<span class=""chance"" data-sort-value=""0.6"">1/168 (0.6%)</span>";;0;1;1;1
129079;Chests;6179;Chest;;"<span class="" eil""><span>[[Chest|Chest]]</span></span>";Cow Bell;1;"<span class=""chance"" data-sort-value=""0.6"">1/168 (0.6%)</span>";;0;1;1;1
129080;Chests;6179;Chest;;"<span class="" eil""><span>[[Chest|Chest]]</span></span>";Crow's Beak;1;"<span class=""chance"" data-sort-value=""0.6"">1/168 (0.6%)</span>";;0;1;1;1
129081;Chests;6179;Chest;;"<span class="" eil""><span>[[Chest|Chest]]</span></span>";Dog Collar;1;"<span class=""chance"" data-sort-value=""0.6"">1/168 (0.6%)</span>";;0;1;1;1
129082;Chests;6179;Chest;;"<span class="" eil""><span>[[Chest|Chest]]</span></span>";Fairy Choker;1;"<span class=""chance"" data-sort-value=""0.6"">1/168 (0.6%)</span>";;0;1;1;1
129083;Chests;6179;Chest;;"<span class="" eil""><span>[[Chest|Chest]]</span></span>";Froggy Neckband;1;"<span class=""chance"" data-sort-value=""0.6"">1/168 (0.6%)</span>";;0;1;1;1
129084;Chests;6179;Chest;;"<span class="" eil""><span>[[Chest|Chest]]</span></span>";Goat's Tuft;1;"<span class=""chance"" data-sort-value=""0.6"">1/168 (0.6%)</span>";;0;1;1;1
129085;Chests;6179;Chest;;"<span class="" eil""><span>[[Chest|Chest]]</span></span>";Grim Old Barb;1;"<span class=""chance"" data-sort-value=""0.6"">1/168 (0.6%)</span>";;0;1;1;1
129086;Chests;6179;Chest;;"<span class="" eil""><span>[[Chest|Chest]]</span></span>";Mean Goblin's Spikes;1;"<span class=""chance"" data-sort-value=""0.6"">1/168 (0.6%)</span>";;0;1;1;1
129087;Chests;6179;Chest;;"<span class="" eil""><span>[[Chest|Chest]]</span></span>";Old Companion Locket;1;"<span class=""chance"" data-sort-value=""0.6"">1/168 (0.6%)</span>";;0;1;1;1
129088;Chests;6179;Chest;;"<span class="" eil""><span>[[Chest|Chest]]</span></span>";Turkey Wattle Necklace;1;"<span class=""chance"" data-sort-value=""0.6"">1/168 (0.6%)</span>";;0;1;1;1
129089;Chests;6179;Chest;;"<span class="" eil""><span>[[Chest|Chest]]</span></span>";Vampire Pendant;1;"<span class=""chance"" data-sort-value=""0.6"">1/168 (0.6%)</span>";;0;1;1;1
129111;Living Wood Chest;8398;Living Wood Chest;;"<span class="" eil""><span>[[Living Wood Chest|Living Wood Chest]]</span></span>";Living Wood Wand;1;"<span class=""chance"" data-sort-value=""66.67"">2/3 (66.67%)</span>";;0;1;1;1
129112;Living Wood Chest;8398;Living Wood Chest;;"<span class="" eil""><span>[[Living Wood Chest|Living Wood Chest]]</span></span>";Leaf Wand;1;"<span class=""chance"" data-sort-value=""66.67"">2/3 (66.67%)</span>";;0;1;1;1
129113;Living Wood Chest;8398;Living Wood Chest;;"<span class="" eil""><span>[[Living Wood Chest|Living Wood Chest]]</span></span>";Finch Staff;1;"<span class=""chance"" data-sort-value=""33.33"">1/3 (33.33%)</span>";;0;1;1;1
129114;Living Wood Chest;8398;Living Wood Chest;;"<span class="" eil""><span>[[Living Wood Chest|Living Wood Chest]]</span></span>";Sunflower Minecart;1;"<span class=""chance"" data-sort-value=""8.33"">1/12 (8.33%)</span>";;0;1;1;1
129115;Living Wood Chest;8398;Living Wood Chest;;"<span class="" eil""><span>[[Living Wood Chest|Living Wood Chest]]</span></span>";Ladybug Minecart;1;"<span class=""chance"" data-sort-value=""8.33"">1/12 (8.33%)</span>";;0;1;1;1
129116;Living Wood Chest;8398;Living Wood Chest;;"<span class="" eil""><span>[[Living Wood Chest|Living Wood Chest]]</span></span>";Acorn Slingshot;1;"<span class=""chance"" data-sort-value=""33.33"">1/3 (33.33%)</span>";;0;1;1;1
129117;Living Wood Chest;8398;Living Wood Chest;;"<span class="" eil""><span>[[Living Wood Chest|Living Wood Chest]]</span></span>";The Runic Pixie;1;"<span class=""chance"" data-sort-value=""66.67"">2/3 (66.67%)</span>";;0;1;1;1
129169;Ivy Chest;9060;Ivy Chest;;"<span class="" eil""><span>[[Ivy Chest|Ivy Chest]]</span></span>";Feral Claws;1;"<span class=""chance""><span class=""chance"" data-sort-value=""22.17"">22.17%</span></span>";;0;1;1;1
129170;Ivy Chest;9060;Ivy Chest;;"<span class="" eil""><span>[[Ivy Chest|Ivy Chest]]</span></span>";Anklet of the Wind;1;"<span class=""chance""><span class=""chance"" data-sort-value=""22.17"">22.17%</span></span>";;0;1;1;1
129171;Ivy Chest;9060;Ivy Chest;;"<span class="" eil""><span>[[Ivy Chest|Ivy Chest]]</span></span>";Staff of Regrowth;1;"<span class=""chance""><span class=""chance"" data-sort-value=""22.17"">22.17%</span></span>";;0;1;1;1
129172;Ivy Chest;9060;Ivy Chest;;"<span class="" eil""><span>[[Ivy Chest|Ivy Chest]]</span></span>";Boomstick;1;"<span class=""chance""><span class=""chance"" data-sort-value=""22.17"">22.17%</span></span>";;0;1;1;1
129173;Ivy Chest;9060;Ivy Chest;;"<span class="" eil""><span>[[Ivy Chest|Ivy Chest]]</span></span>";Flower Boots;1;"<span class=""chance""><span class=""chance"" data-sort-value=""4.67"">4.67%</span></span>";;0;1;1;1
129174;Ivy Chest;9060;Ivy Chest;;"<span class="" eil""><span>[[Ivy Chest|Ivy Chest]]</span></span>";Fiberglass Fishing Pole;1;"<span class=""chance""><span class=""chance"" data-sort-value=""6.67"">6.67%</span></span>";;0;1;1;1
129175;Ivy Chest;9060;Ivy Chest;;"<span class="" eil""><span>[[Ivy Chest|Ivy Chest]]</span></span>";Living Mahogany Wand;1;"<span class=""chance"" data-sort-value=""20"">1/5 (20%)</span>";;0;1;1;1
129176;Ivy Chest;9060;Ivy Chest;;"<span class="" eil""><span>[[Ivy Chest|Ivy Chest]]</span></span>";Rich Mahogany Leaf Wand;1;"<span class=""chance"" data-sort-value=""20"">1/5 (20%)</span>";;0;1;1;1
129177;Ivy Chest;9060;Ivy Chest;;"<span class="" eil""><span>[[Ivy Chest|Ivy Chest]]</span></span>";Bee Minecart;1;"<span class=""chance"" data-sort-value=""10"">1/10 (10%)</span>";;0;1;1;1
129178;Ivy Chest;9060;Ivy Chest;;"<span class="" eil""><span>[[Ivy Chest|Ivy Chest]]</span></span>";Honey Dispenser;1;"<span class=""chance"" data-sort-value=""25"">1/4 (25%)</span>";;0;1;1;1
129179;Ivy Chest;9060;Ivy Chest;;"<span class="" eil""><span>[[Ivy Chest|Ivy Chest]]</span></span>";Cursed Piper Flute;1;"<span class=""chance"" data-sort-value=""10"">1/10 (10%)</span>";;0;1;1;1
129180;Ivy Chest;9060;Ivy Chest;;"<span class="" eil""><span>[[Ivy Chest|Ivy Chest]]</span></span>";Seaweed;1;"<span class=""chance"" data-sort-value=""2"">1/50 (2%)</span>";;0;1;1;1
129321;Cursed Hammer;13706;Cursed Hammer;83;"<span class="" eil""><span>[[Cursed Hammer|Cursed Hammer]]</span></span>";Meat Grinder;1;0.5%;;1;1;1;1
129322;Cursed Hammer;13706;Cursed Hammer;83;"<span class="" eil""><span>[[Cursed Hammer|Cursed Hammer]]</span></span>";Nazar;1;"<span class=""mode-content""><span class=""m-normal m-journey"">1%</span><span class=""m-expert-master"">[[Expert Mode|<abbr class=""mode-exclusive expert"" title=""Expert Mode "">1.99%</abbr>]]</span></span>";;1;1;1;1
129323;Cursed Hammer;13706;Cursed Hammer;83;"<span class="" eil""><span>[[Cursed Hammer|Cursed Hammer]]</span></span>";Eater Of Life;1;"<span class=""mode-content""><span class=""m-normal m-journey"">0.5%</span><span class=""m-expert-master"">[[Expert Mode|<abbr class=""mode-exclusive expert"" title=""Expert Mode "">0.67%</abbr>]]</span></span>";;1;1;1;1
129324;Cursed Hammer;13706;Cursed Hammer;83;"<span class="" eil""><span>[[Cursed Hammer|Cursed Hammer]]</span></span>";Wicked Armlet;1;4%;;1;1;1;1
129325;Enchanted Sword (NPC);10689;Enchanted Sword;84;"<span class="" eil""><span>[[Enchanted Sword (NPC)|Enchanted Sword]]</span></span>";Nazar;1;"<span class=""mode-content""><span class=""m-normal m-journey"">1%</span><span class=""m-expert-master"">[[Expert Mode|<abbr class=""mode-exclusive expert"" title=""Expert Mode "">1.99%</abbr>]]</span></span>";;1;1;1;1
129326;Enchanted Sword (NPC);10689;Enchanted Sword;84;"<span class="" eil""><span>[[Enchanted Sword (NPC)|Enchanted Sword]]</span></span>";Crystallize;1;"<span class=""mode-content""><span class=""m-normal m-journey"">0.5%</span><span class=""m-expert-master"">[[Expert Mode|<abbr class=""mode-exclusive expert"" title=""Expert Mode "">0.67%</abbr>]]</span></span>";;1;1;1;1
129332;Harpy;8300;Harpy;48;"<span class="" eil""><span>[[Harpy|Harpy]]</span></span>";Chicken Nugget;1;2%;;1;1;1;1
129333;Harpy;8300;Harpy;48;"<span class="" eil""><span>[[Harpy|Harpy]]</span></span>";Feather;1;50%;;1;1;1;1
129334;Harpy;8300;Harpy;48;"<span class="" eil""><span>[[Harpy|Harpy]]</span></span>";Giant Harpy Feather;1;0.67%;;1;1;1;1
129335;Crimson Axe;6911;Crimson Axe;179;"<span class="" eil""><span>[[Crimson Axe|Crimson Axe]]</span></span>";Meat Grinder;1;0.5%;;1;1;1;1
129336;Crimson Axe;6911;Crimson Axe;179;"<span class="" eil""><span>[[Crimson Axe|Crimson Axe]]</span></span>";Nazar;1;"<span class=""mode-content""><span class=""m-normal m-journey"">1%</span><span class=""m-expert-master"">[[Expert Mode|<abbr class=""mode-exclusive expert"" title=""Expert Mode "">1.99%</abbr>]]</span></span>";;1;1;1;1
129337;Crimson Axe;6911;Crimson Axe;179;"<span class="" eil""><span>[[Crimson Axe|Crimson Axe]]</span></span>";Eater Of Life;1;"<span class=""mode-content""><span class=""m-normal m-journey"">0.5%</span><span class=""m-expert-master"">[[Expert Mode|<abbr class=""mode-exclusive expert"" title=""Expert Mode "">0.67%</abbr>]]</span></span>";;1;1;1;1
129338;Crimson Axe;6911;Crimson Axe;179;"<span class="" eil""><span>[[Crimson Axe|Crimson Axe]]</span></span>";Wicked Armlet;1;4%;;1;1;1;1
129339;Granite Golem;12259;Granite Golem;482;"<span class="" eil""><span>[[Granite Golem|Granite Golem]]</span></span>";Spaghetti;1;2%;;1;1;1;1
129340;Granite Golem;12259;Granite Golem;482;"<span class="" eil""><span>[[Granite Golem|Granite Golem]]</span></span>";Granite Block;5–10;100%;;1;1;1;1
129341;Granite Golem;12259;Granite Golem;482;"<span class="" eil""><span>[[Granite Golem|Granite Golem]]</span></span>";Snapping Stone;1;1.25%;;1;1;1;1
129342;Granite Golem;12259;Granite Golem;482;"<span class="" eil""><span>[[Granite Golem|Granite Golem]]</span></span>";Night Vision Helmet;1;3.3%;;1;1;1;1
129343;Granite Golem;12259;Granite Golem;482;"<span class="" eil""><span>[[Granite Golem|Granite Golem]]</span></span>";Geode;1;5%;;1;1;1;1
129344;Granite Elemental;11820;Granite Elemental;483;"<span class="" eil""><span>[[Granite Elemental|Granite Elemental]]</span></span>";Spaghetti;1;2%;;1;1;1;1
129345;Granite Elemental;11820;Granite Elemental;483;"<span class="" eil""><span>[[Granite Elemental|Granite Elemental]]</span></span>";Granite Block;5–10;100%;;1;1;1;1
129346;Granite Elemental;11820;Granite Elemental;483;"<span class="" eil""><span>[[Granite Elemental|Granite Elemental]]</span></span>";Snapping Stone;1;1.25%;;1;1;1;1
129347;Granite Elemental;11820;Granite Elemental;483;"<span class="" eil""><span>[[Granite Elemental|Granite Elemental]]</span></span>";Night Vision Helmet;1;3.3%;;1;1;1;1
129348;Granite Elemental;11820;Granite Elemental;483;"<span class="" eil""><span>[[Granite Elemental|Granite Elemental]]</span></span>";Geode;1;5%;;1;1;1;1
129496;Invisible plane;73413;Chest;;"<span class="" eil""><span>[[Chest|Chest]]</span></span>";Spectre Goggles;1;"<span class=""chance""><span class=""chance"">4%</span> <div class=""note-text "">(In [[invisible plane]] worlds)</div></span>";;0;1;1;1
129500;Crawdad;14836;Crawdad;494, 495;"<span class="" eil""><span>[[Crawdad|Crawdad]]</span></span>";Potato Chips;1;1.33%;;1;1;1;1
129501;Crawdad;14836;Crawdad;494, 495;"<span class="" eil""><span>[[Crawdad|Crawdad]]</span></span>";Depth Meter;1;1.25%;;1;1;1;1
129502;Crawdad;14836;Crawdad;494, 495;"<span class="" eil""><span>[[Crawdad|Crawdad]]</span></span>";Compass;1;1.23%;;1;1;1;1
129503;Crawdad;14836;Crawdad;494, 495;"<span class="" eil""><span>[[Crawdad|Crawdad]]</span></span>";Rally;1;6.5%;;1;1;1;1
129701;Statue (enemy);71139;Statue;690;"<span class="" eil""><span>[[Statue (enemy)|Statue]]</span></span>";Statue;;100%;"<span class=""i"">[[File:Angel Statue.png|link=Statues|Angel Statue]]<span><span>[[Statues]]</span></span></span>";1;1;1;1
129702;Winter is coming;71483;Chest;;"<span class="" eil""><span>[[Chest|Chest]]</span></span>";Present;1;"<span class=""chance"">???% <div class=""note-text "">(In [[winter is coming]] worlds)</div></span>";;0;1;1;1
129703;We don't even test for that;73422;Chest;;"<span class="" eil""><span>[[Chest|Chest]]</span></span>";Portal Gun;1;"<span class=""chance""><span class=""chance"">14.29%</span> <div class=""note-text "">(In [[we don't even test for that]] worlds)</div></span>";;0;1;1;1
129733;What a horrible night to have a curse;71495;Chest;;"<span class="" eil""><span>[[Chest|Chest]]</span></span>";Amulet of the Night;1;"<span class=""chance""><span class=""chance"" data-sort-value=""25"">1/4 (25%)</span> <div class=""note-text "">(In [[what a horrible night to have a curse]] worlds)</div></span>";;0;1;1;1
129734;What a horrible night to have a curse;71495;Chest;;"<span class="" eil""><span>[[Chest|Chest]]</span></span>";Vampire set;1;"<span class=""chance""><span class=""chance"" data-sort-value=""14.29"">1/7 (14.29%)</span> <div class=""note-text "">(In [[what a horrible night to have a curse]] worlds)</div></span>";;0;1;1;1
129735;What a horrible night to have a curse;71495;Chest;;"<span class="" eil""><span>[[Chest|Chest]]</span></span>";Ghost set;1;"<span class=""chance""><span class=""chance"" data-sort-value=""14.29"">1/7 (14.29%)</span> <div class=""note-text "">(In [[what a horrible night to have a curse]] worlds)</div></span>";;0;1;1;1
129736;What a horrible night to have a curse;71495;Chest;;"<span class="" eil""><span>[[Chest|Chest]]</span></span>";Bride of Frankenstein set;1;"<span class=""chance""><span class=""chance"" data-sort-value=""14.29"">1/7 (14.29%)</span> <div class=""note-text "">(In [[what a horrible night to have a curse]] worlds)</div></span>";;0;1;1;1
129737;What a horrible night to have a curse;71495;Chest;;"<span class="" eil""><span>[[Chest|Chest]]</span></span>";Reaper set;1;"<span class=""chance""><span class=""chance"" data-sort-value=""14.29"">1/7 (14.29%)</span> <div class=""note-text "">(In [[what a horrible night to have a curse]] worlds)</div></span>";;0;1;1;1
129738;What a horrible night to have a curse;71495;Chest;;"<span class="" eil""><span>[[Chest|Chest]]</span></span>";Jack 'O Lantern Mask;1;"<span class=""chance""><span class=""chance"" data-sort-value=""14.29"">1/7 (14.29%)</span> <div class=""note-text "">(In [[what a horrible night to have a curse]] worlds)</div></span>";;0;1;1;1
129739;What a horrible night to have a curse;71495;Chest;;"<span class="" eil""><span>[[Chest|Chest]]</span></span>";Butcher's set;1;"<span class=""chance""><span class=""chance"" data-sort-value=""14.29"">1/7 (14.29%)</span> <div class=""note-text "">(In [[what a horrible night to have a curse]] worlds)</div></span>";;0;1;1;1
129740;What a horrible night to have a curse;71495;Chest;;"<span class="" eil""><span>[[Chest|Chest]]</span></span>";Dr. Man Fly set;1;"<span class=""chance""><span class=""chance"" data-sort-value=""14.29"">1/7 (14.29%)</span> <div class=""note-text "">(In [[what a horrible night to have a curse]] worlds)</div></span>";;0;1;1;1
129741;What a horrible night to have a curse;71495;Chest;;"<span class="" eil""><span>[[Chest|Chest]]</span></span>";Gravedigger set;1;"<span class=""chance""><span class=""chance"" data-sort-value=""14.29"">1/7 (14.29%)</span> <div class=""note-text "">(In [[what a horrible night to have a curse]] worlds)</div></span>";;0;1;1;1
129742;What a horrible night to have a curse;71495;Gold Chest;;"<span class="" eil""><span>[[Gold Chest|Gold Chest]]</span></span>";Bat Hook;1;"<span class=""chance""><span class=""chance"" data-sort-value=""10"">1/10 (10%)</span> <div class=""note-text "">(In [[what a horrible night to have a curse]] worlds (underground / cavern))</div></span>";;0;1;1;1
129743;What a horrible night to have a curse;71495;Gold Chest;;"<span class="" eil""><span>[[Gold Chest|Gold Chest]]</span></span>";Moon Stone;1;"<span class=""chance""><span class=""chance"" data-sort-value=""10"">1/10 (10%)</span> <div class=""note-text "">(In [[what a horrible night to have a curse]] worlds (underground / cavern))</div></span>";;0;1;1;1
129824;Angler Fish;13064;Angler Fish;102;"<span class="" eil""><span>[[Angler Fish|Angler Fish]]</span></span>";Robot Hat;1;0.4%;;1;1;1;1
129825;Angler Fish;13064;Angler Fish;102;"<span class="" eil""><span>[[Angler Fish|Angler Fish]]</span></span>";Adhesive Bandage;1;"<span class=""mode-content""><span class=""m-normal m-journey"">1%</span><span class=""m-expert-master"">[[Expert Mode|<abbr class=""mode-exclusive expert"" title=""Expert Mode "">1.99%</abbr>]]</span></span>";;1;1;1;1
130111;Ocean Crate;15625;Ocean Crate;;"<span class="" eil""><span>[[Ocean Crate|Ocean Crate]]</span></span>";Breathing Reed;1;"<span class=""chance"" data-sort-value=""22.5"">9/40 (22.5%)</span>";;0;1;1;1
130112;Ocean Crate;15625;Ocean Crate;;"<span class="" eil""><span>[[Ocean Crate|Ocean Crate]]</span></span>";Inner Tube;1;"<span class=""chance"" data-sort-value=""22.5"">9/40 (22.5%)</span>";;0;1;1;1
130113;Ocean Crate;15625;Ocean Crate;;"<span class="" eil""><span>[[Ocean Crate|Ocean Crate]]</span></span>";Trident;1;"<span class=""chance"" data-sort-value=""22.5"">9/40 (22.5%)</span>";;0;1;1;1
130114;Ocean Crate;15625;Ocean Crate;;"<span class="" eil""><span>[[Ocean Crate|Ocean Crate]]</span></span>";Flipper;1;"<span class=""chance"" data-sort-value=""22.5"">9/40 (22.5%)</span>";;0;1;1;1
130115;Ocean Crate;15625;Ocean Crate;;"<span class="" eil""><span>[[Ocean Crate|Ocean Crate]]</span></span>";Water Walking Boots;1;"<span class=""chance"" data-sort-value=""10"">1/10 (10%)</span>";;0;1;1;1
130116;Ocean Crate;15625;Ocean Crate;;"<span class="" eil""><span>[[Ocean Crate|Ocean Crate]]</span></span>";Shark Bait;1;"<span class=""chance"" data-sort-value=""10"">1/10 (10%)</span>";;0;1;1;1
130117;Ocean Crate;15625;Ocean Crate;;"<span class="" eil""><span>[[Ocean Crate|Ocean Crate]]</span></span>";Sandcastle Bucket;1;"<span class=""chance"" data-sort-value=""10"">1/10 (10%)</span>";;0;1;1;1
130118;Ocean Crate;15625;Ocean Crate;;"<span class="" eil""><span>[[Ocean Crate|Ocean Crate]]</span></span>";Of Sea and Dreams;1;"<span class=""chance"" data-sort-value=""20"">1/5 (20%)</span>";;0;1;1;1
130119;Ocean Crate;15625;Ocean Crate;;"<span class="" eil""><span>[[Ocean Crate|Ocean Crate]]</span></span>";Shell Pile;20–50;"<span class=""chance"" data-sort-value=""33.33"">1/3 (33.33%)</span>";;0;1;1;1
130120;Ocean Crate;15625;Ocean Crate;;"<span class="" eil""><span>[[Ocean Crate|Ocean Crate]]</span></span>";Gold Coin;5–12;"<span class=""chance"" data-sort-value=""25"">1/4 (25%)</span>";;0;1;1;1
130121;Ocean Crate;15625;Ocean Crate;;"<span class="" eil""><span>[[Ocean Crate|Ocean Crate]]</span></span>";Copper Ore;20–35;"<span class=""chance"" data-sort-value=""1.79"">1/56 (1.79%)</span>";;0;1;1;1
130122;Ocean Crate;15625;Ocean Crate;;"<span class="" eil""><span>[[Ocean Crate|Ocean Crate]]</span></span>";Tin Ore;20–35;"<span class=""chance"" data-sort-value=""1.79"">1/56 (1.79%)</span>";;0;1;1;1
130123;Ocean Crate;15625;Ocean Crate;;"<span class="" eil""><span>[[Ocean Crate|Ocean Crate]]</span></span>";Iron Ore;20–35;"<span class=""chance"" data-sort-value=""1.79"">1/56 (1.79%)</span>";;0;1;1;1
130124;Ocean Crate;15625;Ocean Crate;;"<span class="" eil""><span>[[Ocean Crate|Ocean Crate]]</span></span>";Lead Ore;20–35;"<span class=""chance"" data-sort-value=""1.79"">1/56 (1.79%)</span>";;0;1;1;1
130125;Ocean Crate;15625;Ocean Crate;;"<span class="" eil""><span>[[Ocean Crate|Ocean Crate]]</span></span>";Silver Ore;20–35;"<span class=""chance"" data-sort-value=""1.79"">1/56 (1.79%)</span>";;0;1;1;1
130126;Ocean Crate;15625;Ocean Crate;;"<span class="" eil""><span>[[Ocean Crate|Ocean Crate]]</span></span>";Tungsten Ore;20–35;"<span class=""chance"" data-sort-value=""1.79"">1/56 (1.79%)</span>";;0;1;1;1
130127;Ocean Crate;15625;Ocean Crate;;"<span class="" eil""><span>[[Ocean Crate|Ocean Crate]]</span></span>";Gold Ore;20–35;"<span class=""chance"" data-sort-value=""1.79"">1/56 (1.79%)</span>";;0;1;1;1
130128;Ocean Crate;15625;Ocean Crate;;"<span class="" eil""><span>[[Ocean Crate|Ocean Crate]]</span></span>";Platinum Ore;20–35;"<span class=""chance"" data-sort-value=""1.79"">1/56 (1.79%)</span>";;0;1;1;1
130129;Ocean Crate;15625;Ocean Crate;;"<span class="" eil""><span>[[Ocean Crate|Ocean Crate]]</span></span>";Iron Bar;6–16;"<span class=""chance"" data-sort-value=""4.17"">1/24 (4.17%)</span>";;0;1;1;1
130130;Ocean Crate;15625;Ocean Crate;;"<span class="" eil""><span>[[Ocean Crate|Ocean Crate]]</span></span>";Silver Bar;6–16;"<span class=""chance"" data-sort-value=""4.17"">1/24 (4.17%)</span>";;0;1;1;1
130131;Ocean Crate;15625;Ocean Crate;;"<span class="" eil""><span>[[Ocean Crate|Ocean Crate]]</span></span>";Gold Bar;6–16;"<span class=""chance"" data-sort-value=""4.17"">1/24 (4.17%)</span>";;0;1;1;1
130132;Ocean Crate;15625;Ocean Crate;;"<span class="" eil""><span>[[Ocean Crate|Ocean Crate]]</span></span>";Lead Bar;6–16;"<span class=""chance"" data-sort-value=""4.17"">1/24 (4.17%)</span>";;0;1;1;1
130133;Ocean Crate;15625;Ocean Crate;;"<span class="" eil""><span>[[Ocean Crate|Ocean Crate]]</span></span>";Tungsten Bar;6–16;"<span class=""chance"" data-sort-value=""4.17"">1/24 (4.17%)</span>";;0;1;1;1
130134;Ocean Crate;15625;Ocean Crate;;"<span class="" eil""><span>[[Ocean Crate|Ocean Crate]]</span></span>";Platinum Bar;6–16;"<span class=""chance"" data-sort-value=""4.17"">1/24 (4.17%)</span>";;0;1;1;1
130135;Ocean Crate;15625;Ocean Crate;;"<span class="" eil""><span>[[Ocean Crate|Ocean Crate]]</span></span>";Obsidian Skin Potion;2–4;"<span class=""chance"" data-sort-value=""4.17"">1/24 (4.17%)</span>";;0;1;1;1
130136;Ocean Crate;15625;Ocean Crate;;"<span class="" eil""><span>[[Ocean Crate|Ocean Crate]]</span></span>";Spelunker Potion;2–4;"<span class=""chance"" data-sort-value=""4.17"">1/24 (4.17%)</span>";;0;1;1;1
130137;Ocean Crate;15625;Ocean Crate;;"<span class="" eil""><span>[[Ocean Crate|Ocean Crate]]</span></span>";Hunter Potion;2–4;"<span class=""chance"" data-sort-value=""4.17"">1/24 (4.17%)</span>";;0;1;1;1
130138;Ocean Crate;15625;Ocean Crate;;"<span class="" eil""><span>[[Ocean Crate|Ocean Crate]]</span></span>";Gravitation Potion;2–4;"<span class=""chance"" data-sort-value=""4.17"">1/24 (4.17%)</span>";;0;1;1;1
130139;Ocean Crate;15625;Ocean Crate;;"<span class="" eil""><span>[[Ocean Crate|Ocean Crate]]</span></span>";Mining Potion;2–4;"<span class=""chance"" data-sort-value=""4.17"">1/24 (4.17%)</span>";;0;1;1;1
130140;Ocean Crate;15625;Ocean Crate;;"<span class="" eil""><span>[[Ocean Crate|Ocean Crate]]</span></span>";Heartreach Potion;2–4;"<span class=""chance"" data-sort-value=""4.17"">1/24 (4.17%)</span>";;0;1;1;1
130141;Ocean Crate;15625;Ocean Crate;;"<span class="" eil""><span>[[Ocean Crate|Ocean Crate]]</span></span>";Healing Potion;5–17;"<span class=""chance"" data-sort-value=""25"">1/4 (25%)</span>";;0;1;1;1
130142;Ocean Crate;15625;Ocean Crate;;"<span class="" eil""><span>[[Ocean Crate|Ocean Crate]]</span></span>";Mana Potion;5–17;"<span class=""chance"" data-sort-value=""25"">1/4 (25%)</span>";;0;1;1;1
130143;Ocean Crate;15625;Ocean Crate;;"<span class="" eil""><span>[[Ocean Crate|Ocean Crate]]</span></span>";Journeyman Bait;2–6;"<span class=""chance"" data-sort-value=""25"">1/4 (25%)</span>";;0;1;1;1
130144;Ocean Crate;15625;Ocean Crate;;"<span class="" eil""><span>[[Ocean Crate|Ocean Crate]]</span></span>";Master Bait;2–6;"<span class=""chance"" data-sort-value=""25"">1/4 (25%)</span>";;0;1;1;1
131049;Shadow Chest;15601;Shadow Chest;;"<span class="" eil""><span>[[Shadow Chest|Shadow Chest]]</span></span>";Sunfury;1;"<span class=""chance"" data-sort-value=""20"">1/5 (20%)</span>";;0;1;1;1
131050;Shadow Chest;15601;Shadow Chest;;"<span class="" eil""><span>[[Shadow Chest|Shadow Chest]]</span></span>";Flower of Fire;1;"<span class=""chance""><span class=""chance"" data-sort-value=""20"">1/5 (20%)</span> <div class=""note-text "">(In regular worlds)</div></span>";;0;1;1;1
131051;Shadow Chest;15601;Shadow Chest;;"<span class="" eil""><span>[[Shadow Chest|Shadow Chest]]</span></span>";Unholy Trident;1;"<span class=""chance""><span class=""chance"" data-sort-value=""20"">1/5 (20%)</span> <div class=""note-text "">(In [[Remix]] worlds)</div></span>";;0;1;1;1
131052;Shadow Chest;15601;Shadow Chest;;"<span class="" eil""><span>[[Shadow Chest|Shadow Chest]]</span></span>";Flamelash;1;"<span class=""chance"" data-sort-value=""20"">1/5 (20%)</span>";;0;1;1;1
131053;Shadow Chest;15601;Shadow Chest;;"<span class="" eil""><span>[[Shadow Chest|Shadow Chest]]</span></span>";Dark Lance;1;"<span class=""chance"" data-sort-value=""20"">1/5 (20%)</span>";;0;1;1;1
131054;Shadow Chest;15601;Shadow Chest;;"<span class="" eil""><span>[[Shadow Chest|Shadow Chest]]</span></span>";Hellwing Bow;1;"<span class=""chance"" data-sort-value=""20"">1/5 (20%)</span>";;0;1;1;1
131055;Shadow Chest;15601;Shadow Chest;;"<span class="" eil""><span>[[Shadow Chest|Shadow Chest]]</span></span>";Demonic Hellcart;1;"<span class=""chance"" data-sort-value=""10"">1/10 (10%)</span>";;0;1;1;1
131056;Shadow Chest;15601;Shadow Chest;;"<span class="" eil""><span>[[Shadow Chest|Shadow Chest]]</span></span>";Ornate Shadow Key;1;"<span class=""chance"" data-sort-value=""10"">1/10 (10%)</span>";;0;1;1;1
131057;Shadow Chest;15601;Shadow Chest;;"<span class="" eil""><span>[[Shadow Chest|Shadow Chest]]</span></span>";Slice of Hell Cake;1;"<span class=""chance"" data-sort-value=""10"">1/10 (10%)</span>";;0;1;1;1
131058;Shadow Chest;15601;Shadow Chest;;"<span class="" eil""><span>[[Shadow Chest|Shadow Chest]]</span></span>";Treasure Magnet;1;"<span class=""chance"" data-sort-value=""20"">1/5 (20%)</span>";;0;1;1;1
131059;Shadow Chest;15601;Shadow Chest;;"<span class="" eil""><span>[[Shadow Chest|Shadow Chest]]</span></span>";Dynamite;1;"<span class=""chance"" data-sort-value=""33.33"">1/3 (33.33%)</span>";;0;1;1;1
131060;Shadow Chest;15601;Shadow Chest;;"<span class="" eil""><span>[[Shadow Chest|Shadow Chest]]</span></span>";Meteorite Bar;15–29;"<span class=""chance"" data-sort-value=""25"">1/4 (25%)</span>";;0;1;1;1
131061;Shadow Chest;15601;Shadow Chest;;"<span class="" eil""><span>[[Shadow Chest|Shadow Chest]]</span></span>";Gold Bar;15–29;"<span class=""chance"" data-sort-value=""25"">1/4 (25%)</span>";;0;1;1;1
131062;Shadow Chest;15601;Shadow Chest;;"<span class="" eil""><span>[[Shadow Chest|Shadow Chest]]</span></span>";Platinum Bar;15–29;"<span class=""chance"" data-sort-value=""25"">1/4 (25%)</span>";;0;1;1;1
131063;Shadow Chest;15601;Shadow Chest;;"<span class="" eil""><span>[[Shadow Chest|Shadow Chest]]</span></span>";Hellfire Arrow;50–74;"<span class=""chance"" data-sort-value=""25"">1/4 (25%)</span>";;0;1;1;1
131064;Shadow Chest;15601;Shadow Chest;;"<span class="" eil""><span>[[Shadow Chest|Shadow Chest]]</span></span>";Silver Bullet;50–74;"<span class=""chance"" data-sort-value=""25"">1/4 (25%)</span>";;0;1;1;1
131065;Shadow Chest;15601;Shadow Chest;;"<span class="" eil""><span>[[Shadow Chest|Shadow Chest]]</span></span>";Tungsten Bullet;50–74;"<span class=""chance"" data-sort-value=""25"">1/4 (25%)</span>";;0;1;1;1
131066;Shadow Chest;15601;Shadow Chest;;"<span class="" eil""><span>[[Shadow Chest|Shadow Chest]]</span></span>";Restoration Potion;15–20;"<span class=""chance"" data-sort-value=""50"">1/2 (50%)</span>";;0;1;1;1
131067;Shadow Chest;15601;Shadow Chest;;"<span class="" eil""><span>[[Shadow Chest|Shadow Chest]]</span></span>";Spelunker Potion;1–2;"<span class=""chance"" data-sort-value=""9.38"">3/32 (9.38%)</span>";;0;1;1;1
131068;Shadow Chest;15601;Shadow Chest;;"<span class="" eil""><span>[[Shadow Chest|Shadow Chest]]</span></span>";Featherfall Potion;1–2;"<span class=""chance"" data-sort-value=""9.38"">3/32 (9.38%)</span>";;0;1;1;1
131069;Shadow Chest;15601;Shadow Chest;;"<span class="" eil""><span>[[Shadow Chest|Shadow Chest]]</span></span>";Mana Regeneration Potion;1–2;"<span class=""chance"" data-sort-value=""9.38"">3/32 (9.38%)</span>";;0;1;1;1
131070;Shadow Chest;15601;Shadow Chest;;"<span class="" eil""><span>[[Shadow Chest|Shadow Chest]]</span></span>";Obsidian Skin Potion;1–2;"<span class=""chance"" data-sort-value=""9.38"">3/32 (9.38%)</span>";;0;1;1;1
131071;Shadow Chest;15601;Shadow Chest;;"<span class="" eil""><span>[[Shadow Chest|Shadow Chest]]</span></span>";Magic Power Potion;1–2;"<span class=""chance"" data-sort-value=""9.38"">3/32 (9.38%)</span>";;0;1;1;1
131072;Shadow Chest;15601;Shadow Chest;;"<span class="" eil""><span>[[Shadow Chest|Shadow Chest]]</span></span>";Invisibility Potion;1–2;"<span class=""chance"" data-sort-value=""9.38"">3/32 (9.38%)</span>";;0;1;1;1
131073;Shadow Chest;15601;Shadow Chest;;"<span class="" eil""><span>[[Shadow Chest|Shadow Chest]]</span></span>";Hunter Potion;1–2;"<span class=""chance"" data-sort-value=""9.38"">3/32 (9.38%)</span>";;0;1;1;1
131074;Shadow Chest;15601;Shadow Chest;;"<span class="" eil""><span>[[Shadow Chest|Shadow Chest]]</span></span>";Heartreach Potion;1–2;"<span class=""chance"" data-sort-value=""9.38"">3/32 (9.38%)</span>";;0;1;1;1
131075;Shadow Chest;15601;Shadow Chest;;"<span class="" eil""><span>[[Shadow Chest|Shadow Chest]]</span></span>";Gravitation Potion;1–2;"<span class=""chance"" data-sort-value=""8.33"">1/12 (8.33%)</span>";;0;1;1;1
131076;Shadow Chest;15601;Shadow Chest;;"<span class="" eil""><span>[[Shadow Chest|Shadow Chest]]</span></span>";Thorns Potion;1–2;"<span class=""chance"" data-sort-value=""8.33"">1/12 (8.33%)</span>";;0;1;1;1
131077;Shadow Chest;15601;Shadow Chest;;"<span class="" eil""><span>[[Shadow Chest|Shadow Chest]]</span></span>";Water Walking Potion;1–2;"<span class=""chance"" data-sort-value=""8.33"">1/12 (8.33%)</span>";;0;1;1;1
131078;Shadow Chest;15601;Shadow Chest;;"<span class="" eil""><span>[[Shadow Chest|Shadow Chest]]</span></span>";Obsidian Skin Potion;1–2;"<span class=""chance"" data-sort-value=""8.33"">1/12 (8.33%)</span>";;0;1;1;1
131079;Shadow Chest;15601;Shadow Chest;;"<span class="" eil""><span>[[Shadow Chest|Shadow Chest]]</span></span>";Battle Potion;1–2;"<span class=""chance"" data-sort-value=""8.33"">1/12 (8.33%)</span>";;0;1;1;1
131080;Shadow Chest;15601;Shadow Chest;;"<span class="" eil""><span>[[Shadow Chest|Shadow Chest]]</span></span>";Teleportation Potion;1–2;"<span class=""chance"" data-sort-value=""8.33"">1/12 (8.33%)</span>";;0;1;1;1
131081;Shadow Chest;15601;Shadow Chest;;"<span class="" eil""><span>[[Shadow Chest|Shadow Chest]]</span></span>";Inferno Potion;1–2;"<span class=""chance"" data-sort-value=""8.33"">1/12 (8.33%)</span>";;0;1;1;1
131082;Shadow Chest;15601;Shadow Chest;;"<span class="" eil""><span>[[Shadow Chest|Shadow Chest]]</span></span>";Lifeforce Potion;1–2;"<span class=""chance"" data-sort-value=""8.33"">1/12 (8.33%)</span>";;0;1;1;1
131083;Shadow Chest;15601;Shadow Chest;;"<span class="" eil""><span>[[Shadow Chest|Shadow Chest]]</span></span>";Recall Potion;1–2;"<span class=""chance"" data-sort-value=""16.67"">1/6 (16.67%)</span>";;0;1;1;1
131084;Shadow Chest;15601;Shadow Chest;;"<span class="" eil""><span>[[Shadow Chest|Shadow Chest]]</span></span>";Potion of Return;1–2;"<span class=""chance"" data-sort-value=""16.67"">1/6 (16.67%)</span>";;0;1;1;1
131085;Shadow Chest;15601;Shadow Chest;;"<span class="" eil""><span>[[Shadow Chest|Shadow Chest]]</span></span>";Torch;15–29;"<span class=""chance"" data-sort-value=""25"">1/4 (25%)</span>";;0;1;1;1
131086;Shadow Chest;15601;Shadow Chest;;"<span class="" eil""><span>[[Shadow Chest|Shadow Chest]]</span></span>";Glowstick;15–29;"<span class=""chance"" data-sort-value=""25"">1/4 (25%)</span>";;0;1;1;1
131087;Shadow Chest;15601;Shadow Chest;;"<span class="" eil""><span>[[Shadow Chest|Shadow Chest]]</span></span>";Gold Coin;2–4;"<span class=""chance"" data-sort-value=""50"">1/2 (50%)</span>";;0;1;1;1
131088;Shadow Chest;15601;Shadow Chest;;"<span class="" eil""><span>[[Shadow Chest|Shadow Chest]]</span></span>";Balloony Beads;1;"<span class=""chance"" data-sort-value=""0.6"">1/168 (0.6%)</span>";;0;1;1;1
131089;Shadow Chest;15601;Shadow Chest;;"<span class="" eil""><span>[[Shadow Chest|Shadow Chest]]</span></span>";Cat Chime;1;"<span class=""chance"" data-sort-value=""0.6"">1/168 (0.6%)</span>";;0;1;1;1
131090;Shadow Chest;15601;Shadow Chest;;"<span class="" eil""><span>[[Shadow Chest|Shadow Chest]]</span></span>";Chicken Charm;1;"<span class=""chance"" data-sort-value=""0.6"">1/168 (0.6%)</span>";;0;1;1;1
131091;Shadow Chest;15601;Shadow Chest;;"<span class="" eil""><span>[[Shadow Chest|Shadow Chest]]</span></span>";Cow Bell;1;"<span class=""chance"" data-sort-value=""0.6"">1/168 (0.6%)</span>";;0;1;1;1
131092;Shadow Chest;15601;Shadow Chest;;"<span class="" eil""><span>[[Shadow Chest|Shadow Chest]]</span></span>";Crow's Beak;1;"<span class=""chance"" data-sort-value=""0.6"">1/168 (0.6%)</span>";;0;1;1;1
131093;Shadow Chest;15601;Shadow Chest;;"<span class="" eil""><span>[[Shadow Chest|Shadow Chest]]</span></span>";Dog Collar;1;"<span class=""chance"" data-sort-value=""0.6"">1/168 (0.6%)</span>";;0;1;1;1
131094;Shadow Chest;15601;Shadow Chest;;"<span class="" eil""><span>[[Shadow Chest|Shadow Chest]]</span></span>";Fairy Choker;1;"<span class=""chance"" data-sort-value=""0.6"">1/168 (0.6%)</span>";;0;1;1;1
131095;Shadow Chest;15601;Shadow Chest;;"<span class="" eil""><span>[[Shadow Chest|Shadow Chest]]</span></span>";Froggy Neckband;1;"<span class=""chance"" data-sort-value=""0.6"">1/168 (0.6%)</span>";;0;1;1;1
131096;Shadow Chest;15601;Shadow Chest;;"<span class="" eil""><span>[[Shadow Chest|Shadow Chest]]</span></span>";Goat's Tuft;1;"<span class=""chance"" data-sort-value=""0.6"">1/168 (0.6%)</span>";;0;1;1;1
131097;Shadow Chest;15601;Shadow Chest;;"<span class="" eil""><span>[[Shadow Chest|Shadow Chest]]</span></span>";Grim Old Barb;1;"<span class=""chance"" data-sort-value=""0.6"">1/168 (0.6%)</span>";;0;1;1;1
131098;Shadow Chest;15601;Shadow Chest;;"<span class="" eil""><span>[[Shadow Chest|Shadow Chest]]</span></span>";Mean Goblin's Spikes;1;"<span class=""chance"" data-sort-value=""0.6"">1/168 (0.6%)</span>";;0;1;1;1
131099;Shadow Chest;15601;Shadow Chest;;"<span class="" eil""><span>[[Shadow Chest|Shadow Chest]]</span></span>";Old Companion Locket;1;"<span class=""chance"" data-sort-value=""0.6"">1/168 (0.6%)</span>";;0;1;1;1
131100;Shadow Chest;15601;Shadow Chest;;"<span class="" eil""><span>[[Shadow Chest|Shadow Chest]]</span></span>";Turkey Wattle Necklace;1;"<span class=""chance"" data-sort-value=""0.6"">1/168 (0.6%)</span>";;0;1;1;1
131101;Shadow Chest;15601;Shadow Chest;;"<span class="" eil""><span>[[Shadow Chest|Shadow Chest]]</span></span>";Vampire Pendant;1;"<span class=""chance"" data-sort-value=""0.6"">1/168 (0.6%)</span>";;0;1;1;1
131102;Corrupt Bunny;13462;Corrupt Bunny;47;"<span class="" eil""><span>[[Corrupt Bunny|Corrupt Bunny]]</span></span>";Bunny Hood;1;1.33%;;1;1;1;1
131103;Corrupt Bunny;13462;Corrupt Bunny;47;"<span class="" eil""><span>[[Corrupt Bunny|Corrupt Bunny]]</span></span>";Corrupt Bunny Kite;;4%;"<span class=""i -w"">[[File:Corrupt Bunny Kite.png|link=Corrupt Bunny Kite|Corrupt Bunny Kite]]<span><span>[[Corrupt Bunny Kite]]</span><span class=""eico s i1 i2 i4"" title=""Desktop, Console and Mobile versions""><b></b><i></i><span>(Desktop, Console and Mobile versions)</span></span><span class=""note"">(if [[Wind|wind speed]] ≥ 20 <abbr title=""miles per hour"" class=""nowrap"">mph</abbr>)</span></span></span>";1;1;1;1
131104;Corrupt Bunny;13462;Corrupt Bunny;47;"<span class="" eil""><span>[[Corrupt Bunny|Corrupt Bunny]]</span></span>";Suspicious Looking Egg;;100%;"<span class=""i -w"">[[File:Suspicious Looking Egg.png|link=Suspicious Looking Egg|Suspicious Looking Egg]]<span><span>[[Suspicious Looking Egg]]</span><span class=""eico s i5"" title=""3DS version""><b></b><i></i><span>(3DS version)</span></span><span class=""note"">(during [[Easter]])</span></span></span>";1;1;0;0
131105;Vicious Bunny;5271;Vicious Bunny;464;"<span class="" eil""><span>[[Vicious Bunny|Vicious Bunny]]</span></span>";Bunny Hood;1;1.33%;;1;1;1;1
131106;Vicious Bunny;5271;Vicious Bunny;464;"<span class="" eil""><span>[[Vicious Bunny|Vicious Bunny]]</span></span>";Vicious Bunny Kite;;4%;"<span class=""i -w"">[[File:Vicious Bunny Kite.png|link=Vicious Bunny Kite|Vicious Bunny Kite]]<span><span>[[Vicious Bunny Kite]]</span><span class=""note"">(if [[Wind|wind speed]] ≥ 20 <abbr title=""miles per hour"" class=""nowrap"">mph</abbr>)</span></span></span>";1;1;1;1
131112;Jellyfish;12391;Pink Jellyfish;64;"<span class="" eil""><span>[[Jellyfish|Pink Jellyfish]]</span></span>";Jellyfish Necklace;1;1%;;1;1;1;1
131113;Jellyfish;12391;Pink Jellyfish;64;"<span class="" eil""><span>[[Jellyfish|Pink Jellyfish]]</span></span>";Glowstick;1–4;100%;;1;1;1;1
131114;Jellyfish;12391;Blue Jellyfish;63;"<span class="" eil""><span>[[Jellyfish|Blue Jellyfish]]</span></span>";Jellyfish Necklace;1;1%;;1;1;1;1
131115;Jellyfish;12391;Blue Jellyfish;63;"<span class="" eil""><span>[[Jellyfish|Blue Jellyfish]]</span></span>";Glowstick;1–4;100%;;1;1;1;1
131116;Jellyfish;12391;Blood Jelly;242;"<span class="" eil""><span>[[Jellyfish|Blood Jelly]]</span></span>";Monster Meat;1;0.07%;;1;1;1;1
131117;Jellyfish;12391;Green Jellyfish;103;"<span class="" eil""><span>[[Jellyfish|Green Jellyfish]]</span></span>";Jellyfish Necklace;1;1%;;1;1;1;1
131118;Jellyfish;12391;Green Jellyfish;103;"<span class="" eil""><span>[[Jellyfish|Green Jellyfish]]</span></span>";Glowstick;1–4;100%;;1;1;1;1
131119;Jellyfish;12391;Green Jellyfish;103;"<span class="" eil""><span>[[Jellyfish|Green Jellyfish]]</span></span>";Megaphone;1;"<span class=""mode-content""><span class=""m-normal m-journey"">1%</span><span class=""m-expert-master"">[[Expert Mode|<span class=""mode-exclusive expert"" >1.99%</span>]]</span></span>";;1;1;1;1
131120;Shark;5626;Shark;65;"<span class="" eil""><span>[[Shark|Shark]]</span></span>";Shrimp Po' Boy;1;2%;;1;1;1;1
131121;Shark;5626;Shark;65;"<span class="" eil""><span>[[Shark|Shark]]</span></span>";Shark Kite;;4%;"<span class=""i -w"">[[File:Shark Kite.png|link=Shark Kite|Shark Kite]]<span><span>[[Shark Kite]]</span><span class=""note"">(if [[Wind|wind speed]] ≥ 20 <abbr title=""miles per hour"" class=""nowrap"">mph</abbr>)</span></span></span>";1;1;1;1
131122;Shark;5626;Shark;65;"<span class="" eil""><span>[[Shark|Shark]]</span></span>";Diving Helmet;1;5%;;1;1;1;1
131123;Shark;5626;Shark;65;"<span class="" eil""><span>[[Shark|Shark]]</span></span>";Shark Fin;1;95%;;1;1;1;1
131124;Bone Serpent;15653;Bone Serpent;39;"<span class="" eil""><span>[[Bone Serpent|Bone Serpent]]</span></span>";Hotdog;1;3.33%;;1;1;1;1
131125;Bone Serpent;15653;Bone Serpent;39;"<span class="" eil""><span>[[Bone Serpent|Bone Serpent]]</span></span>";Bone Serpent Kite;;6.67%;"<span class=""i -w"">[[File:Bone Serpent Kite.png|link=Bone Serpent Kite|Bone Serpent Kite]]<span><span>[[Bone Serpent Kite]]</span><span class=""eico s i1 i2 i4"" title=""Desktop, Console and Mobile versions""><b></b><i></i><span>(Desktop, Console and Mobile versions)</span></span><span class=""note"">(if [[Wind|wind speed]] ≥ 20 <abbr title=""miles per hour"" class=""nowrap"">mph</abbr>)</span></span></span>";1;1;1;1
131126;Wandering Eye;5378;Wandering Eye;133;"<span class="" eil""><span>[[Wandering Eye|Wandering Eye]]</span></span>";Black Lens;1;1%;;1;1;1;1
131127;Wandering Eye;5378;Wandering Eye;133;"<span class="" eil""><span>[[Wandering Eye|Wandering Eye]]</span></span>";Lens;1;33%;;1;1;1;1
131128;Unicorn;5214;Unicorn;86;"<span class="" eil""><span>[[Unicorn|Unicorn]]</span></span>";Blessed Apple;1;"<span class=""mode-content""><span class=""m-normal m-journey"">2.5%</span><span class=""m-expert-master"">[[Expert Mode|<span class=""mode-exclusive expert"" >3.33%</span>]]</span></span>";;1;1;1;1
131129;Unicorn;5214;Unicorn;86;"<span class="" eil""><span>[[Unicorn|Unicorn]]</span></span>";Unicorn Horn;1;100%;;1;1;1;1
131130;Unicorn;5214;Unicorn;86;"<span class="" eil""><span>[[Unicorn|Unicorn]]</span></span>";Unicorn on a Stick;1;1%;;1;1;1;1
131154;Pigron;14763;Pigron;"170 <span class=""note-text "">(Corrupt)</span>, 171 <span class=""note-text "">(Hallow)</span>, 180 <span class=""note-text "">(Crimson)</span>";"<span class="" eil""><span>[[Pigron|Pigron]]</span></span>";Bacon;1;6.67%;;1;1;1;1
131155;Pigron;14763;Pigron;"170 <span class=""note-text "">(Corrupt)</span>, 171 <span class=""note-text "">(Hallow)</span>, 180 <span class=""note-text "">(Crimson)</span>";"<span class="" eil""><span>[[Pigron|Pigron]]</span></span>";Pigron Minecart;1;1%;;1;1;1;1
131156;Pigron;14763;Pigron;"170 <span class=""note-text "">(Corrupt)</span>, 171 <span class=""note-text "">(Hallow)</span>, 180 <span class=""note-text "">(Crimson)</span>";"<span class="" eil""><span>[[Pigron|Pigron]]</span></span>";Pigron Kite;;4%;"<span class=""i -w"">[[File:Pigron Kite.png|link=Pigron Kite|Pigron Kite]]<span><span>[[Pigron Kite]]</span><span class=""eico s i1 i2 i4"" title=""Desktop, Console and Mobile versions""><b></b><i></i><span>(Desktop, Console and Mobile versions)</span></span><span class=""note"">(if [[Wind|wind speed]] ≥ 20 <abbr title=""miles per hour"" class=""nowrap"">mph</abbr>)</span></span></span>";1;1;1;1
131157;Pigron;14763;Pigron;"170 <span class=""note-text "">(Corrupt)</span>, 171 <span class=""note-text "">(Hallow)</span>, 180 <span class=""note-text "">(Crimson)</span>";"<span class="" eil""><span>[[Pigron|Pigron]]</span></span>";Ham Bat;1;4%;;1;1;1;1
131158;Pigron;14763;Pigron;"170 <span class=""note-text "">(Corrupt)</span>, 171 <span class=""note-text "">(Hallow)</span>, 180 <span class=""note-text "">(Crimson)</span>";"<span class="" eil""><span>[[Pigron|Pigron]]</span></span>";Eater Of Life;;"<span class=""mode-content""><span class=""m-normal m-journey"">0.5%</span><span class=""m-expert-master"">[[Expert Mode|<span class=""mode-exclusive expert"" >0.67%</span>]]</span></span>";"<span class=""i -w"">[[File:Eater Of Life.png|link=Eater Of Life|Eater Of Life]]<span><span>[[Eater Of Life]]</span><span class=""eico s i1 i2 i4"" title=""Desktop, Console and Mobile versions""><b></b><i></i><span>(Desktop, Console and Mobile versions)</span></span><span class=""note"">([[Corrupt]] and [[Crimson]] only)</span></span></span>";1;1;1;1
131159;Pigron;14763;Pigron;"170 <span class=""note-text "">(Corrupt)</span>, 171 <span class=""note-text "">(Hallow)</span>, 180 <span class=""note-text "">(Crimson)</span>";"<span class="" eil""><span>[[Pigron|Pigron]]</span></span>";Crystallize;;"<span class=""mode-content""><span class=""m-normal m-journey"">0.5%</span><span class=""m-expert-master"">[[Expert Mode|<span class=""mode-exclusive expert"" >0.67%</span>]]</span></span>";"<span class=""i -w"">[[File:Crystallize.png|link=Crystallize|Crystallize]]<span><span>[[Crystallize]]</span><span class=""eico s i1 i2 i4"" title=""Desktop, Console and Mobile versions""><b></b><i></i><span>(Desktop, Console and Mobile versions)</span></span><span class=""note"">([[Hallow]] only)</span></span></span>";1;1;1;1
131168;Sand Sharks;13516;Bone Biter;543;"<span class="" eil""><span>[[Sand Sharks|Bone Biter]]</span></span>";Nachos;1;3.33%;;1;1;1;1
131169;Sand Sharks;13516;Bone Biter;543;"<span class="" eil""><span>[[Sand Sharks|Bone Biter]]</span></span>";Shark Fin;;12.5%;"<span class=""i"">[[File:Shark Fin (Bone Biter).png|link=Shark Fin|Shark Fin (Bone Biter)]]<span><span>[[Shark Fin]]</span></span></span>";1;1;1;1
131170;Sand Sharks;13516;Bone Biter;543;"<span class="" eil""><span>[[Sand Sharks|Bone Biter]]</span></span>";Sand Shark Kite;;4%;"<span class=""i -w"">[[File:Sand Shark Kite.png|link=Sand Shark Kite|Sand Shark Kite]]<span><span>[[Sand Shark Kite]]</span><span class=""note"">(if [[Wind|wind speed]] ≥ 20 <abbr title=""miles per hour"" class=""nowrap"">mph</abbr>)</span></span></span>";1;1;1;1
131171;Sand Sharks;13516;Bone Biter;543;"<span class="" eil""><span>[[Sand Sharks|Bone Biter]]</span></span>";Dark Shard;1;4%;;1;1;1;1
131172;Sand Sharks;13516;Sand Shark;542;"<span class="" eil""><span>[[Sand Sharks|Sand Shark]]</span></span>";Nachos;1;3.33%;;1;1;1;1
131173;Sand Sharks;13516;Sand Shark;542;"<span class="" eil""><span>[[Sand Sharks|Sand Shark]]</span></span>";Shark Fin;;12.5%;"<span class=""i"">[[File:Shark Fin (Sand Shark).png|link=Shark Fin|Shark Fin (Sand Shark)]]<span><span>[[Shark Fin]]</span></span></span>";1;1;1;1
131174;Sand Sharks;13516;Sand Shark;542;"<span class="" eil""><span>[[Sand Sharks|Sand Shark]]</span></span>";Sand Shark Kite;;4%;"<span class=""i -w"">[[File:Sand Shark Kite.png|link=Sand Shark Kite|Sand Shark Kite]]<span><span>[[Sand Shark Kite]]</span><span class=""note"">(if [[Wind|wind speed]] ≥ 20 <abbr title=""miles per hour"" class=""nowrap"">mph</abbr>)</span></span></span>";1;1;1;1
131175;Sand Sharks;13516;Flesh Reaver;544;"<span class="" eil""><span>[[Sand Sharks|Flesh Reaver]]</span></span>";Nachos;1;3.33%;;1;1;1;1
131176;Sand Sharks;13516;Flesh Reaver;544;"<span class="" eil""><span>[[Sand Sharks|Flesh Reaver]]</span></span>";Shark Fin;;12.5%;"<span class=""i"">[[File:Shark Fin (Flesh Reaver).png|link=Shark Fin|Shark Fin (Flesh Reaver)]]<span><span>[[Shark Fin]]</span></span></span>";1;1;1;1
131177;Sand Sharks;13516;Flesh Reaver;544;"<span class="" eil""><span>[[Sand Sharks|Flesh Reaver]]</span></span>";Sand Shark Kite;;4%;"<span class=""i -w"">[[File:Sand Shark Kite.png|link=Sand Shark Kite|Sand Shark Kite]]<span><span>[[Sand Shark Kite]]</span><span class=""note"">(if [[Wind|wind speed]] ≥ 20 <abbr title=""miles per hour"" class=""nowrap"">mph</abbr>)</span></span></span>";1;1;1;1
131178;Sand Sharks;13516;Flesh Reaver;544;"<span class="" eil""><span>[[Sand Sharks|Flesh Reaver]]</span></span>";Dark Shard;1;4%;;1;1;1;1
131179;Sand Sharks;13516;Crystal Thresher;545;"<span class="" eil""><span>[[Sand Sharks|Crystal Thresher]]</span></span>";Nachos;1;3.33%;;1;1;1;1
131180;Sand Sharks;13516;Crystal Thresher;545;"<span class="" eil""><span>[[Sand Sharks|Crystal Thresher]]</span></span>";Shark Fin;;12.5%;"<span class=""i"">[[File:Shark Fin (Crystal Thresher).png|link=Shark Fin|Shark Fin (Crystal Thresher)]]<span><span>[[Shark Fin]]</span></span></span>";1;1;1;1
131181;Sand Sharks;13516;Crystal Thresher;545;"<span class="" eil""><span>[[Sand Sharks|Crystal Thresher]]</span></span>";Sand Shark Kite;;4%;"<span class=""i -w"">[[File:Sand Shark Kite.png|link=Sand Shark Kite|Sand Shark Kite]]<span><span>[[Sand Shark Kite]]</span><span class=""note"">(if [[Wind|wind speed]] ≥ 20 <abbr title=""miles per hour"" class=""nowrap"">mph</abbr>)</span></span></span>";1;1;1;1
131182;Sand Sharks;13516;Crystal Thresher;545;"<span class="" eil""><span>[[Sand Sharks|Crystal Thresher]]</span></span>";Light Shard;1;4%;;1;1;1;1
131184;World Feeder;13664;World Feeder;98;"<span class="" eil""><span>[[World Feeder|World Feeder]]</span></span>";Meat Grinder;1;"0.5% <span class=""eico s i1 i2 i4"" title=""Desktop, Console and Mobile versions""><b></b><i></i><span>(Desktop, Console and Mobile versions)</span></span>";;1;1;1;1
131185;World Feeder;13664;World Feeder;98;"<span class="" eil""><span>[[World Feeder|World Feeder]]</span></span>";Cursed Flame;2–5;100%;;1;1;1;1
131186;World Feeder;13664;World Feeder;98;"<span class="" eil""><span>[[World Feeder|World Feeder]]</span></span>";World Feeder Kite;;4%;"<span class=""i -w"">[[File:World Feeder Kite.png|link=World Feeder Kite|World Feeder Kite]]<span><span>[[World Feeder Kite]]</span><span class=""eico s i1 i2 i4"" title=""Desktop, Console and Mobile versions""><b></b><i></i><span>(Desktop, Console and Mobile versions)</span></span><span class=""note"">(if [[Wind|wind speed]] ≥ 20 <abbr title=""miles per hour"" class=""nowrap"">mph</abbr>)</span></span></span>";1;1;1;1
131187;World Feeder;13664;World Feeder;98;"<span class="" eil""><span>[[World Feeder|World Feeder]]</span></span>";Monster Meat;1;0.07%;;1;1;1;1
131188;World Feeder;13664;World Feeder;98;"<span class="" eil""><span>[[World Feeder|World Feeder]]</span></span>";Eater Of Life;1;"<span class=""mode-content""><span class=""m-normal m-journey"">0.5%</span><span class=""m-expert-master"">[[Expert Mode|<span class=""mode-exclusive expert"" >0.67%</span>]]</span></span>";;1;1;1;1
131189;World Feeder;13664;World Feeder;98;"<span class="" eil""><span>[[World Feeder|World Feeder]]</span></span>";Suspicious Looking Apple;1;45%;;1;1;0;0
131191;Princess;4777;Princess;663;"<span class="" eil""><span>[[Princess|Princess]]</span></span>";Resonance Scepter;1;12.5%;;1;1;1;1
131193;Stylist;10112;Stylist;353;"<span class="" eil""><span>[[Stylist|Stylist]]</span></span>";Stylish Scissors;1;12.5%;;1;1;1;1
131196;Wyvern;6927;Wyvern;87;"<span class="" eil""><span>[[Wyvern|Wyvern]]</span></span>";Wyvern Kite;;4%;"<span class=""i -w"">[[File:Wyvern Kite.png|link=Wyvern Kite|Wyvern Kite]]<span><span>[[Wyvern Kite]]</span><span class=""note"">(if [[Wind|wind speed]] ≥ 20 <abbr title=""miles per hour"" class=""nowrap"">mph</abbr>)</span></span></span>";1;1;1;1
131197;Wyvern;6927;Wyvern;87;"<span class="" eil""><span>[[Wyvern|Wyvern]]</span></span>";Soul of Flight;"<span class=""mode-content""><span class=""m-normal m-journey"">5–10</span><span class=""m-expert-master"">[[Expert Mode|<span class=""mode-exclusive expert"" >10–20</span>]]</span></span>";100%;;1;1;1;1
131202;Mechanic;12780;Mechanic;124;"<span class="" eil""><span>[[Mechanic|Mechanic]]</span></span>";Combat Wrench;1;12.5%;;1;1;1;1
131204;Clothier;12856;Clothier;54;"<span class="" eil""><span>[[Clothier|Clothier]]</span></span>";Red Hat;1;100%;;1;1;1;1
131205;Wraith;4829;Wraith;82;"<span class="" eil""><span>[[Wraith|Wraith]]</span></span>";Fast Clock;1;"<span class=""mode-content""><span class=""m-normal m-journey"">1%</span><span class=""m-expert-master"">[[Expert Mode|<span class=""mode-exclusive expert"" >1.99%</span>]]</span></span>";;1;1;1;1
131206;Lihzahrd;12356;Lihzahrd;198;"<span class="" eil""><span>[[Lihzahrd|Lihzahrd]]</span></span>";Lihzahrd Power Cell;1;2%;;1;1;1;1
131207;Lihzahrd;12356;Lihzahrd;198;"<span class="" eil""><span>[[Lihzahrd|Lihzahrd]]</span></span>";Lizard Egg;1;0.1%;;1;1;1;1
131208;Lihzahrd;12356;Lihzahrd;198;"<span class="" eil""><span>[[Lihzahrd|Lihzahrd]]</span></span>";Solar Tablet Fragment;1–2;14.29%;;1;1;1;1
131209;Flying Snake;12278;Flying Snake;226;"<span class="" eil""><span>[[Flying Snake|Flying Snake]]</span></span>";Lizard Egg;1;0.1%;;1;1;1;1
131210;Flying Snake;12278;Flying Snake;226;"<span class="" eil""><span>[[Flying Snake|Flying Snake]]</span></span>";Lihzahrd Power Cell;1;2%;;1;1;1;1
131211;Flying Snake;12278;Flying Snake;226;"<span class="" eil""><span>[[Flying Snake|Flying Snake]]</span></span>";Solar Tablet Fragment;1–2;14.29%;;1;1;1;1
131213;Traveling Merchant;4295;Traveling Merchant;368;"<span class="" eil""><span>[[Traveling Merchant|Traveling Merchant]]</span></span>";Peddler's Hat;1;100%;;1;1;1;1
131380;Demon Eye;4075;Demon Eye;2;"<span class="" eil""><span>[[Demon Eye|Demon Eye]]</span></span>";Black Lens;1;1%;;1;1;1;1
131381;Demon Eye;4075;Demon Eye;2;"<span class="" eil""><span>[[Demon Eye|Demon Eye]]</span></span>";Lens;1;33%;;1;1;1;1
131382;Slimes;9609;Slime;302;"<span class="" eil""><span>[[Slimes|Slime]]</span></span><div class=""note-text "">(Bunny Slime)</div>";Gel;1–2;100%;;1;1;1;1
131383;Slimes;9609;Slime;333;"<span class="" eil""><span>[[Slimes|Slime]]</span></span><div class=""note-text "">(White Present Slime)</div>";Gel;1–2;100%;;1;1;1;1
131384;Slimes;9609;Slime;333;"<span class="" eil""><span>[[Slimes|Slime]]</span></span><div class=""note-text "">(White Present Slime)</div>";Giant Bow;1;5%;;1;1;1;1
131385;Slimes;9609;Slime;334;"<span class="" eil""><span>[[Slimes|Slime]]</span></span><div class=""note-text "">(Yellow Present Slime)</div>";Gel;1–2;100%;;1;1;1;1
131386;Slimes;9609;Slime;334;"<span class="" eil""><span>[[Slimes|Slime]]</span></span><div class=""note-text "">(Yellow Present Slime)</div>";Giant Bow;1;5%;;1;1;1;1
131387;Slimes;9609;Slime;335;"<span class="" eil""><span>[[Slimes|Slime]]</span></span><div class=""note-text "">(Green Present Slime)</div>";Gel;1–2;100%;;1;1;1;1
131388;Slimes;9609;Slime;335;"<span class="" eil""><span>[[Slimes|Slime]]</span></span><div class=""note-text "">(Green Present Slime)</div>";Giant Bow;1;5%;;1;1;1;1
131389;Slimes;9609;Slime;336;"<span class="" eil""><span>[[Slimes|Slime]]</span></span><div class=""note-text "">(Red Present Slime)</div>";Gel;1–2;100%;;1;1;1;1
131390;Slimes;9609;Slime;336;"<span class="" eil""><span>[[Slimes|Slime]]</span></span><div class=""note-text "">(Red Present Slime)</div>";Giant Bow;1;5%;;1;1;1;1
131391;Slimes;9609;Dart Trap Slime;;"<span class="" eil""><span>[[Slimes|Dart Trap Slime]]</span></span>";Dart Trap;1;100%;;1;1;1;1
131392;Slimes;9609;Voice accessory Slime;;"<span class="" eil""><span>[[Slimes|Voice accessory Slime]]</span></span>";Voice accessories;1;100%;;1;1;1;1
131393;Slimes;9609;Dirt Slime;;"<span class="" eil""><span>[[Slimes|Dirt Slime]]</span></span>";Dirt Block;10–25;100%;;1;1;1;1
131394;Slimes;9609;Stone Slime;;"<span class="" eil""><span>[[Slimes|Stone Slime]]</span></span>";Stone Block;10–25;100%;;1;1;1;1
131395;Slimes;9609;Cloud Slime;;"<span class="" eil""><span>[[Slimes|Cloud Slime]]</span></span>";Cloud;10–25;100%;;1;1;1;1
131396;Slimes;9609;Web Slime;;"<span class="" eil""><span>[[Slimes|Web Slime]]</span></span>";Cobweb;10–25;100%;;1;1;1;1
131397;Slimes;9609;Wood Slime;;"<span class="" eil""><span>[[Slimes|Wood Slime]]</span></span>";Wood;10–25;100%;;1;1;1;1
131398;Slimes;9609;Granite Slime;;"<span class="" eil""><span>[[Slimes|Granite Slime]]</span></span>";Granite Block;10–25;100%;;1;1;1;1
131399;Slimes;9609;Marble Slime;;"<span class="" eil""><span>[[Slimes|Marble Slime]]</span></span>";Marble Block;10–25;100%;;1;1;1;1
131400;Slimes;9609;Spike Slime;;"<span class="" eil""><span>[[Slimes|Spike Slime]]</span></span>";Spike;2–5;100%;;1;1;1;1
131401;Slimes;9609;Torch Slime;;"<span class="" eil""><span>[[Slimes|Torch Slime]]</span></span>";Torch;5–10;100%;;1;1;1;1
131402;Slimes;9609;Poo Slime;;"<span class="" eil""><span>[[Slimes|Poo Slime]]</span></span>";Poo;10–25;100%;;1;1;1;1
131403;Slimes;9609;Hive Slime;;"<span class="" eil""><span>[[Slimes|Hive Slime]]</span></span>";Hive;2–5;100%;;1;1;1;1
131404;Slimes;9609;Honey Slime;;"<span class="" eil""><span>[[Slimes|Honey Slime]]</span></span>";Honey Block;2–5;100%;;1;1;1;1
131405;Slimes;9609;Herb Slime;;"<span class="" eil""><span>[[Slimes|Herb Slime]]</span></span>";Moonglow;2–5;100%;;1;1;1;1
131406;Slimes;9609;Balloon Slime;;"<span class="" eil""><span>[[Slimes|Balloon Slime]]</span></span>";Silly Balloons;2–5;100%;;1;1;1;1
131407;Slimes;9609;Confetti Slime;;"<span class="" eil""><span>[[Slimes|Confetti Slime]]</span></span>";Confetti;2–5;100%;;1;1;1;1
131408;Slimes;9609;Slush Slime;;"<span class="" eil""><span>[[Slimes|Slush Slime]]</span></span>";Slush Block;10–25;100%;;1;1;1;1
131409;Slimes;9609;Snow Slime;;"<span class="" eil""><span>[[Slimes|Snow Slime]]</span></span>";Snow Block;10–25;100%;;1;1;1;1
131410;Slimes;9609;Fossil Slime;;"<span class="" eil""><span>[[Slimes|Fossil Slime]]</span></span>";Desert Fossil;3–13;100%;;1;1;1;1
131411;Slimes;9609;Heart Slime;;"<span class="" eil""><span>[[Slimes|Heart Slime]]</span></span>";Life Crystal;1;100%;;1;1;1;1
131412;Slimes;9609;Hell Slime;;"<span class="" eil""><span>[[Slimes|Hell Slime]]</span></span>";Hellstone;3–13;100%;;1;1;1;1
131413;Slimes;9609;Conveyor Slime;;"<span class="" eil""><span>[[Slimes|Conveyor Slime]]</span></span>";Conveyor Belt (Clockwise);10–25;100%;;1;1;1;1
131414;Slimes;9609;Cobalt Slime;;"<span class="" eil""><span>[[Slimes|Cobalt Slime]]</span></span>";Cobalt Ore;3–13;100%;;1;1;1;1
131415;Slimes;9609;Palladium Slime;;"<span class="" eil""><span>[[Slimes|Palladium Slime]]</span></span>";Palladium Ore;3–13;100%;;1;1;1;1
131416;Slimes;9609;Mythril Slime;;"<span class="" eil""><span>[[Slimes|Mythril Slime]]</span></span>";Mythril Ore;3–13;100%;;1;1;1;1
131417;Slimes;9609;Orichalcum Slime;;"<span class="" eil""><span>[[Slimes|Orichalcum Slime]]</span></span>";Orichalcum Ore;3–13;100%;;1;1;1;1
131418;Slimes;9609;Adamantite Slime;;"<span class="" eil""><span>[[Slimes|Adamantite Slime]]</span></span>";Adamantite Ore;3–13;100%;;1;1;1;1
131419;Slimes;9609;Titanium Slime;;"<span class="" eil""><span>[[Slimes|Titanium Slime]]</span></span>";Titanium Ore;3–13;100%;;1;1;1;1
131544;Brain of Cthulhu;10805;Brain of Cthulhu;266;"<span class="" eil""><span>[[Brain of Cthulhu|Brain of Cthulhu]]</span></span>";Crimtane Ore;40–90;100%;;1;1;0;0
131545;Brain of Cthulhu;10805;Brain of Cthulhu;266;"<span class="" eil""><span>[[Brain of Cthulhu|Brain of Cthulhu]]</span></span>";Bone Rattle;1;5%;;1;1;0;0
131546;Brain of Cthulhu;10805;Brain of Cthulhu;266;"<span class="" eil""><span>[[Brain of Cthulhu|Brain of Cthulhu]]</span></span>";Lesser Healing Potion;5–15;100%;;1;1;1;1
131547;Brain of Cthulhu;10805;Brain of Cthulhu;266;"<span class="" eil""><span>[[Brain of Cthulhu|Brain of Cthulhu]]</span></span>";Brain of Cthulhu Mask;1;14.29%;;1;1;0;0
131548;Brain of Cthulhu;10805;Brain of Cthulhu;266;"<span class="" eil""><span>[[Brain of Cthulhu|Brain of Cthulhu]]</span></span>";Brain of Cthulhu Trophy;1;10%;;1;1;1;1
131549;Brain of Cthulhu;10805;Brain of Cthulhu;266;"<span class="" eil""><span>[[Brain of Cthulhu|Brain of Cthulhu]]</span></span>";Treasure Bag (Brain of Cthulhu);1;"[[Expert Mode|<span class=""mode-exclusive expert"" >100%</span>]]";;1;0;1;1
131550;Brain of Cthulhu;10805;Treasure Bag (Brain of Cthulhu);266;"<span class="" eil""><span>[[Treasure Bag (Brain of Cthulhu)|Treasure Bag]]</span></span><br/><span class=""note-text "">(Brain of Cthulhu)</span>";Brain of Confusion;1;100%;;0;0;1;1
131551;Brain of Cthulhu;10805;Treasure Bag (Brain of Cthulhu);266;"<span class="" eil""><span>[[Treasure Bag (Brain of Cthulhu)|Treasure Bag]]</span></span><br/><span class=""note-text "">(Brain of Cthulhu)</span>";Brain of Cthulhu Mask;1;14.29%;;0;0;1;1
131552;Brain of Cthulhu;10805;Treasure Bag (Brain of Cthulhu);266;"<span class="" eil""><span>[[Treasure Bag (Brain of Cthulhu)|Treasure Bag]]</span></span><br/><span class=""note-text "">(Brain of Cthulhu)</span>";Crimtane Ore;"<span class=""mode-content""><span class=""m-expert"">80–110</span><span class=""m-master"">[[Master Mode|<span class=""mode-exclusive master"" >110–135</span>]]</span></span>";100%;;0;0;1;1
131553;Brain of Cthulhu;10805;Treasure Bag (Brain of Cthulhu);266;"<span class="" eil""><span>[[Treasure Bag (Brain of Cthulhu)|Treasure Bag]]</span></span><br/><span class=""note-text "">(Brain of Cthulhu)</span>";Tissue Sample;"<span class=""mode-content""><span class=""m-expert"">20–40</span><span class=""m-master"">[[Master Mode|<span class=""mode-exclusive master"" >30–50</span>]]</span></span>";100%;;0;0;1;1
131554;Brain of Cthulhu;10805;Treasure Bag (Brain of Cthulhu);266;"<span class="" eil""><span>[[Treasure Bag (Brain of Cthulhu)|Treasure Bag]]</span></span><br/><span class=""note-text "">(Brain of Cthulhu)</span>";Bone Rattle;1;5%;;0;0;1;1
131555;Brain of Cthulhu;10805;Treasure Bag (Brain of Cthulhu);266;"<span class="" eil""><span>[[Treasure Bag (Brain of Cthulhu)|Treasure Bag]]</span></span><br/><span class=""note-text "">(Brain of Cthulhu)</span>";Gold Coin;;100%;"[[Coins]] ([[NPC drops#Coin drops|<span class=""coin"" data-sort-value=""125000"" title=""12 Gold 50 Silver Coins""><span class=""gc"">12<span class=""t""> Gold </span></span><span class=""sc"">50<span class=""t""> Silver</span></span></span>]])";0;0;1;1
131556;Brain of Cthulhu;10805;Brain of Cthulhu;266;"<span class="" eil""><span>[[Brain of Cthulhu|Brain of Cthulhu]]</span></span>";Brain in a Jar;1;"[[Master Mode|<span class=""mode-exclusive master"" >25%</span>]]";;1;0;0;1
131557;Brain of Cthulhu;10805;Brain of Cthulhu;266;"<span class="" eil""><span>[[Brain of Cthulhu|Brain of Cthulhu]]</span></span>";Brain of Cthulhu Relic;1;"[[Master Mode|<span class=""mode-exclusive master"" >100%</span>]]";;1;0;0;1
131642;Queen Slime;5589;Queen Slime;657;"<span class="" eil""><span>[[Queen Slime|Queen Slime]]</span></span>";Sparkle Slime Balloon;25–75;100%;;1;1;0;0
131643;Queen Slime;5589;Queen Slime;657;"<span class="" eil""><span>[[Queen Slime|Queen Slime]]</span></span>";Crystal Assassin Hood;1;33.33%;;1;1;0;0
131644;Queen Slime;5589;Queen Slime;657;"<span class="" eil""><span>[[Queen Slime|Queen Slime]]</span></span>";Crystal Assassin Shirt;1;33.33%;;1;1;0;0
131645;Queen Slime;5589;Queen Slime;657;"<span class="" eil""><span>[[Queen Slime|Queen Slime]]</span></span>";Crystal Assassin Pants;1;33.33%;;1;1;0;0
131646;Queen Slime;5589;Queen Slime;657;"<span class="" eil""><span>[[Queen Slime|Queen Slime]]</span></span>";Blade Staff;1;25%;;1;1;0;0
131647;Queen Slime;5589;Queen Slime;657;"<span class="" eil""><span>[[Queen Slime|Queen Slime]]</span></span>";Gelatinous Pillion;1;25%;;1;1;0;0
131648;Queen Slime;5589;Queen Slime;657;"<span class="" eil""><span>[[Queen Slime|Queen Slime]]</span></span>";Hook of Dissonance;1;33.33%;;1;1;0;0
131649;Queen Slime;5589;Queen Slime;657;"<span class="" eil""><span>[[Queen Slime|Queen Slime]]</span></span>";Greater Healing Potion;5–15;100%;;1;1;1;1
131650;Queen Slime;5589;Queen Slime;657;"<span class="" eil""><span>[[Queen Slime|Queen Slime]]</span></span>";Queen Slime Mask;1;14.29%;;1;1;0;0
131651;Queen Slime;5589;Queen Slime;657;"<span class="" eil""><span>[[Queen Slime|Queen Slime]]</span></span>";Queen Slime Trophy;1;10%;;1;1;1;1
131652;Queen Slime;5589;Queen Slime;657;"<span class="" eil""><span>[[Queen Slime|Queen Slime]]</span></span>";Treasure Bag (Queen Slime);1;"[[Expert Mode|<span class=""mode-exclusive expert"" >100%</span>]]";;1;0;1;1
131653;Queen Slime;5589;Treasure Bag (Queen Slime);657;"<span class="" eil""><span>[[Treasure Bag (Queen Slime)|Treasure Bag]]</span></span><br/><span class=""note-text "">(Queen Slime)</span>";Volatile Gelatin;1;100%;;0;0;1;1
131654;Queen Slime;5589;Treasure Bag (Queen Slime);657;"<span class="" eil""><span>[[Treasure Bag (Queen Slime)|Treasure Bag]]</span></span><br/><span class=""note-text "">(Queen Slime)</span>";Sparkle Slime Balloon;"[[Expert Mode|<span class=""mode-exclusive expert"" >25–74</span>]]";100%;;0;0;1;1
131655;Queen Slime;5589;Treasure Bag (Queen Slime);657;"<span class="" eil""><span>[[Treasure Bag (Queen Slime)|Treasure Bag]]</span></span><br/><span class=""note-text "">(Queen Slime)</span>";Queen Slime Mask;1;14.29%;;0;0;1;1
131656;Queen Slime;5589;Treasure Bag (Queen Slime);657;"<span class="" eil""><span>[[Treasure Bag (Queen Slime)|Treasure Bag]]</span></span><br/><span class=""note-text "">(Queen Slime)</span>";Gelatinous Pillion;1;"[[Expert Mode|<span class=""mode-exclusive expert"" >50%</span>]]";;0;0;1;1
131657;Queen Slime;5589;Treasure Bag (Queen Slime);657;"<span class="" eil""><span>[[Treasure Bag (Queen Slime)|Treasure Bag]]</span></span><br/><span class=""note-text "">(Queen Slime)</span>";Hook of Dissonance;1;"[[Expert Mode|<span class=""mode-exclusive expert"" >50%</span>]]";;0;0;1;1
131658;Queen Slime;5589;Treasure Bag (Queen Slime);657;"<span class="" eil""><span>[[Treasure Bag (Queen Slime)|Treasure Bag]]</span></span><br/><span class=""note-text "">(Queen Slime)</span>";Blade Staff;1;"[[Expert Mode|<span class=""mode-exclusive expert"" >33.33%</span>]]";;0;0;1;1
131659;Queen Slime;5589;Treasure Bag (Queen Slime);657;"<span class="" eil""><span>[[Treasure Bag (Queen Slime)|Treasure Bag]]</span></span><br/><span class=""note-text "">(Queen Slime)</span>";Crystal Assassin Hood;1;"[[Expert Mode|<span class=""mode-exclusive expert"" >67%</span>]]";;0;0;1;1
131660;Queen Slime;5589;Treasure Bag (Queen Slime);657;"<span class="" eil""><span>[[Treasure Bag (Queen Slime)|Treasure Bag]]</span></span><br/><span class=""note-text "">(Queen Slime)</span>";Crystal Assassin Shirt;1;"[[Expert Mode|<span class=""mode-exclusive expert"" >67%</span>]]";;0;0;1;1
131661;Queen Slime;5589;Treasure Bag (Queen Slime);657;"<span class="" eil""><span>[[Treasure Bag (Queen Slime)|Treasure Bag]]</span></span><br/><span class=""note-text "">(Queen Slime)</span>";Crystal Assassin Pants;1;"[[Expert Mode|<span class=""mode-exclusive expert"" >67%</span>]]";;0;0;1;1
131662;Queen Slime;5589;Treasure Bag (Queen Slime);657;"<span class="" eil""><span>[[Treasure Bag (Queen Slime)|Treasure Bag]]</span></span><br/><span class=""note-text "">(Queen Slime)</span>";Gold Coin;;100%;"[[Coins]] ([[NPC drops#Coin drops|<span class=""coin"" data-sort-value=""150000"" title=""15 Gold Coins""><span class=""gc"">15<span class=""t""> Gold</span></span></span>]])";0;0;1;1
131663;Queen Slime;5589;Queen Slime;657;"<span class="" eil""><span>[[Queen Slime|Queen Slime]]</span></span>";Regal Delicacy;1;"[[Master Mode|<span class=""mode-exclusive master"" >25%</span>]]";;1;0;0;1
131664;Queen Slime;5589;Queen Slime;657;"<span class="" eil""><span>[[Queen Slime|Queen Slime]]</span></span>";Queen Slime Relic;1;"[[Master Mode|<span class=""mode-exclusive master"" >100%</span>]]";;1;0;0;1
131789;Snow Flinx;10949;Snow Flinx;185;"<span class="" eil""><span>[[Snow Flinx|Snow Flinx]]</span></span>";Snowball Launcher;1;4%;;1;1;1;1
131790;Snow Flinx;10949;Snow Flinx;185;"<span class="" eil""><span>[[Snow Flinx|Snow Flinx]]</span></span>";Flinx Fur;"<span class=""mode-content""><span class=""m-normal m-journey"">1–2</span><span class=""m-expert-master"">[[Expert Mode|<span class=""mode-exclusive expert"" >1–3</span>]]</span></span>";100%;;1;1;1;1
131791;Snow Flinx;10949;Snow Flinx;185;"<span class="" eil""><span>[[Snow Flinx|Snow Flinx]]</span></span>";Compass;1;2%;;1;1;1;1
131792;Pigronata;14261;Pigronata;;"<span class="" eil""><span>[[Pigronata|Pigronata]]</span></span>";Party Bullet;30–90;"<span class=""chance"" data-sort-value=""11.11"">1/9 (11.11%)</span>";;0;1;1;1
131793;Pigronata;14261;Pigronata;;"<span class="" eil""><span>[[Pigronata|Pigronata]]</span></span>";Flask of Party;1;"<span class=""chance"" data-sort-value=""33.33"">1/3 (33.33%)</span>";;0;1;1;1
131794;Pigronata;14261;Pigronata;;"<span class="" eil""><span>[[Pigronata|Pigronata]]</span></span>";Silver Coin;10–200;"<span class=""chance"" data-sort-value=""77.78"">7/9 (77.78%)</span>";;0;1;1;1
131924;Skeletron;14487;Skeletron;35;"<span class="" eil""><span>[[Skeletron|Skeletron]]</span></span><div class=""note-text "">(Skeletron Head)</div>";Healing Potion;5–15;100%;;1;1;1;1
131925;Skeletron;14487;Skeletron;35;"<span class="" eil""><span>[[Skeletron|Skeletron]]</span></span><div class=""note-text "">(Skeletron Head)</div>";Skeletron Mask;1;14.29%;;1;1;0;0
131926;Skeletron;14487;Skeletron;35;"<span class="" eil""><span>[[Skeletron|Skeletron]]</span></span><div class=""note-text "">(Skeletron Head)</div>";Skeletron Hand;1;12.24%;;1;1;0;0
131927;Skeletron;14487;Skeletron;35;"<span class="" eil""><span>[[Skeletron|Skeletron]]</span></span><div class=""note-text "">(Skeletron Head)</div>";Book of Skulls;1;10.5%;;1;1;0;0
131928;Skeletron;14487;Skeletron;35;"<span class="" eil""><span>[[Skeletron|Skeletron]]</span></span><div class=""note-text "">(Skeletron Head)</div>";Skeletron Trophy;1;10%;;1;1;1;1
131929;Skeletron;14487;Skeletron;35;"<span class="" eil""><span>[[Skeletron|Skeletron]]</span></span><div class=""note-text "">(Skeletron Head)</div>";Chippy's Couch;1;14.29%;;1;1;1;1
131930;Skeletron;14487;Skeletron;35;"<span class="" eil""><span>[[Skeletron|Skeletron]]</span></span><div class=""note-text "">(Skeletron Head)</div>";Treasure Bag (Skeletron);1;"[[Expert Mode|<span class=""mode-exclusive expert"" >100%</span>]]";;1;0;1;1
131931;Skeletron;14487;Treasure Bag (Skeletron);35;"<span class="" eil""><span>[[Treasure Bag (Skeletron)|Treasure Bag]]</span></span><br/><span class=""note-text "">(Skeletron)</span>";Bone Glove;1;100%;;0;0;1;1
131932;Skeletron;14487;Treasure Bag (Skeletron);35;"<span class="" eil""><span>[[Treasure Bag (Skeletron)|Treasure Bag]]</span></span><br/><span class=""note-text "">(Skeletron)</span>";Skeletron Mask;1;33%;;0;0;1;1
131933;Skeletron;14487;Treasure Bag (Skeletron);35;"<span class="" eil""><span>[[Treasure Bag (Skeletron)|Treasure Bag]]</span></span><br/><span class=""note-text "">(Skeletron)</span>";Skeletron Hand;1;33%;;0;0;1;1
131934;Skeletron;14487;Treasure Bag (Skeletron);35;"<span class="" eil""><span>[[Treasure Bag (Skeletron)|Treasure Bag]]</span></span><br/><span class=""note-text "">(Skeletron)</span>";Book of Skulls;1;33%;;0;0;1;1
131935;Skeletron;14487;Treasure Bag (Skeletron);35;"<span class="" eil""><span>[[Treasure Bag (Skeletron)|Treasure Bag]]</span></span><br/><span class=""note-text "">(Skeletron)</span>";Gold Coin;;100%;"[[Coins]] ([[NPC drops#Coin drops|<span class=""coin"" data-sort-value=""125000"" title=""12 Gold 50 Silver Coins""><span class=""gc"">12<span class=""t""> Gold </span></span><span class=""sc"">50<span class=""t""> Silver</span></span></span>]])";0;0;1;1
131936;Skeletron;14487;Skeletron;35;"<span class="" eil""><span>[[Skeletron|Skeletron]]</span></span><div class=""note-text "">(Skeletron Head)</div>";Possessed Skull;1;"[[Master Mode|<span class=""mode-exclusive master"" >25%</span>]]";;1;0;0;1
131937;Skeletron;14487;Skeletron;35;"<span class="" eil""><span>[[Skeletron|Skeletron]]</span></span><div class=""note-text "">(Skeletron Head)</div>";Skeletron Relic;1;"[[Master Mode|<span class=""mode-exclusive master"" >100%</span>]]";;1;0;0;1
131938;Skeletron;14487;Skeletron;262;"<span class="" eil""><span>[[Skeletron|Skeletron]]</span></span><div class=""note-text "">(Skeletron Head)</div>";Hellforge;;100%;"<span class=""i -w"">[[File:Hellforge.png|link=Hellforge|Hellforge]]<span><span>[[Hellforge]]</span><span class=""note"">(when a Hellforge is<br/>not present; ''see [[Skeletron#Hellforge drop|conditions]]'')</span></span></span>";1;1;1;1
131939;Skeletron;14487;Skeletron;;"<span class="" eil""><span>[[Skeletron|Skeletron]]</span></span><div class=""note-text "">(Red Hat Skeletron)</div>";Chippy's Helmet;1;100%;;1;1;1;1
131940;Skeletron;14487;Skeletron;;"<span class="" eil""><span>[[Skeletron|Skeletron]]</span></span><div class=""note-text "">(Red Hat Skeletron)</div>";Chippy's Chestplate;1;100%;;1;1;1;1
131941;Skeletron;14487;Skeletron;;"<span class="" eil""><span>[[Skeletron|Skeletron]]</span></span><div class=""note-text "">(Red Hat Skeletron)</div>";Chippy's Greaves;1;100%;;1;1;1;1
131942;Skeletron;14487;Skeletron;;"<span class="" eil""><span>[[Skeletron|Skeletron]]</span></span><div class=""note-text "">(Red Hat Skeletron)</div>";Chippy's Headband;1;100%;;1;1;1;1
131943;Skeletron;14487;Skeletron;;"<span class="" eil""><span>[[Skeletron|Skeletron]]</span></span><div class=""note-text "">(Red Hat Skeletron)</div>";Chippy's Cloak (Inactive);1;100%;;1;1;1;1
131944;Lunatic Cultist;13811;Lunatic Cultist;439;"<span class="" eil""><span>[[Lunatic Cultist|Lunatic Cultist]]</span></span>";Ancient Manipulator;1;100%;;1;1;1;1
131945;Lunatic Cultist;13811;Lunatic Cultist;439;"<span class="" eil""><span>[[Lunatic Cultist|Lunatic Cultist]]</span></span>";Greater Healing Potion;5–15;100%;;1;1;1;1
131946;Lunatic Cultist;13811;Lunatic Cultist;439;"<span class="" eil""><span>[[Lunatic Cultist|Lunatic Cultist]]</span></span>";Lunatic Cultist Mask;1;14.29%;;1;1;1;1
131947;Lunatic Cultist;13811;Lunatic Cultist;439;"<span class="" eil""><span>[[Lunatic Cultist|Lunatic Cultist]]</span></span>";Lunatic Cultist Trophy;1;10%;;1;1;1;1
131948;Lunatic Cultist;13811;Lunatic Cultist;439;"<span class="" eil""><span>[[Lunatic Cultist|Lunatic Cultist]]</span></span>";Tablet Fragment;1;"[[Master Mode|<span class=""mode-exclusive master"" >25%</span>]]";;1;0;0;1
131949;Lunatic Cultist;13811;Lunatic Cultist;439;"<span class="" eil""><span>[[Lunatic Cultist|Lunatic Cultist]]</span></span>";Lunatic Cultist Relic;1;"[[Master Mode|<span class=""mode-exclusive master"" >100%</span>]]";;1;0;0;1
131985;Mechdusa;59384;Mechdusa;;"<span class="" eil""><span>[[Mechdusa|Mechdusa]]</span></span>";Waffle's Iron;1;100%;;1;1;1;1
132013;Moon Lord;7426;Moon Lord;;"<span class="" eil""><span>[[Moon Lord|Moon Lord]]</span></span>";Portal Gun;1;100%;;1;1;0;0
132014;Moon Lord;7426;Moon Lord;;"<span class="" eil""><span>[[Moon Lord|Moon Lord]]</span></span>";Luminite;70–90;100%;;1;1;0;0
132015;Moon Lord;7426;Moon Lord;;"<span class="" eil""><span>[[Moon Lord|Moon Lord]]</span></span>";Meowmere;1;20%;;1;1;0;0
132016;Moon Lord;7426;Moon Lord;;"<span class="" eil""><span>[[Moon Lord|Moon Lord]]</span></span>";Terrarian;1;20%;;1;1;0;0
132017;Moon Lord;7426;Moon Lord;;"<span class="" eil""><span>[[Moon Lord|Moon Lord]]</span></span>";Star Wrath;1;20%;;1;1;0;0
132018;Moon Lord;7426;Moon Lord;;"<span class="" eil""><span>[[Moon Lord|Moon Lord]]</span></span>";S.D.M.G.;1;20%;;1;1;0;0
132019;Moon Lord;7426;Moon Lord;;"<span class="" eil""><span>[[Moon Lord|Moon Lord]]</span></span>";Celebration Mk2;1;20%;;1;1;0;0
132020;Moon Lord;7426;Moon Lord;;"<span class="" eil""><span>[[Moon Lord|Moon Lord]]</span></span>";Last Prism;1;20%;;1;1;0;0
132021;Moon Lord;7426;Moon Lord;;"<span class="" eil""><span>[[Moon Lord|Moon Lord]]</span></span>";Lunar Flare;1;20%;;1;1;0;0
132022;Moon Lord;7426;Moon Lord;;"<span class="" eil""><span>[[Moon Lord|Moon Lord]]</span></span>";Rainbow Crystal Staff;1;20%;;1;1;0;0
132023;Moon Lord;7426;Moon Lord;;"<span class="" eil""><span>[[Moon Lord|Moon Lord]]</span></span>";Lunar Portal Staff;1;20%;;1;1;0;0
132024;Moon Lord;7426;Moon Lord;;"<span class="" eil""><span>[[Moon Lord|Moon Lord]]</span></span>";Possession;1;20%;;1;1;0;0
132025;Moon Lord;7426;Moon Lord;;"<span class="" eil""><span>[[Moon Lord|Moon Lord]]</span></span>";Meowmere Minecart;1;10%;;1;1;0;0
132026;Moon Lord;7426;Moon Lord;;"<span class="" eil""><span>[[Moon Lord|Moon Lord]]</span></span>";Super Healing Potion;5–15;100%;;1;1;1;1
132027;Moon Lord;7426;Moon Lord;;"<span class="" eil""><span>[[Moon Lord|Moon Lord]]</span></span>";Moon Lord Mask;1;14.29%;;1;1;0;0
132028;Moon Lord;7426;Moon Lord;;"<span class="" eil""><span>[[Moon Lord|Moon Lord]]</span></span>";Moon Lord Trophy;1;10%;;1;1;1;1
132029;Moon Lord;7426;Moon Lord;;"<span class="" eil""><span>[[Moon Lord|Moon Lord]]</span></span>";Treasure Bag (Moon Lord);1;"[[Expert Mode|<span class=""mode-exclusive expert"" >100%</span>]]";;1;0;1;1
132030;Moon Lord;7426;Treasure Bag (Moon Lord);;"<span class="" eil""><span>[[Treasure Bag (Moon Lord)|Treasure Bag]]</span></span><br/><span class=""note-text "">(Moon Lord)</span>";Gravity Globe;1;100%;;0;0;1;1
132031;Moon Lord;7426;Treasure Bag (Moon Lord);;"<span class="" eil""><span>[[Treasure Bag (Moon Lord)|Treasure Bag]]</span></span><br/><span class=""note-text "">(Moon Lord)</span>";Suspicious Looking Tentacle;1;100%;;0;0;1;1
132032;Moon Lord;7426;Treasure Bag (Moon Lord);;"<span class="" eil""><span>[[Treasure Bag (Moon Lord)|Treasure Bag]]</span></span><br/><span class=""note-text "">(Moon Lord)</span>";Celestial Starboard;1;100%;;0;0;1;1
132033;Moon Lord;7426;Treasure Bag (Moon Lord);;"<span class="" eil""><span>[[Treasure Bag (Moon Lord)|Treasure Bag]]</span></span><br/><span class=""note-text "">(Moon Lord)</span>";Moon Lord Mask;1;14.29%;;0;0;1;1
132034;Moon Lord;7426;Treasure Bag (Moon Lord);;"<span class="" eil""><span>[[Treasure Bag (Moon Lord)|Treasure Bag]]</span></span><br/><span class=""note-text "">(Moon Lord)</span>";Meowmere;1;20%;;0;0;1;1
132035;Moon Lord;7426;Treasure Bag (Moon Lord);;"<span class="" eil""><span>[[Treasure Bag (Moon Lord)|Treasure Bag]]</span></span><br/><span class=""note-text "">(Moon Lord)</span>";Terrarian;1;20%;;0;0;1;1
132036;Moon Lord;7426;Treasure Bag (Moon Lord);;"<span class="" eil""><span>[[Treasure Bag (Moon Lord)|Treasure Bag]]</span></span><br/><span class=""note-text "">(Moon Lord)</span>";Star Wrath;1;20%;;0;0;1;1
132037;Moon Lord;7426;Treasure Bag (Moon Lord);;"<span class="" eil""><span>[[Treasure Bag (Moon Lord)|Treasure Bag]]</span></span><br/><span class=""note-text "">(Moon Lord)</span>";S.D.M.G.;1;20%;;0;0;1;1
132038;Moon Lord;7426;Treasure Bag (Moon Lord);;"<span class="" eil""><span>[[Treasure Bag (Moon Lord)|Treasure Bag]]</span></span><br/><span class=""note-text "">(Moon Lord)</span>";Celebration Mk2;1;20%;;0;0;1;1
132039;Moon Lord;7426;Treasure Bag (Moon Lord);;"<span class="" eil""><span>[[Treasure Bag (Moon Lord)|Treasure Bag]]</span></span><br/><span class=""note-text "">(Moon Lord)</span>";Last Prism;1;20%;;0;0;1;1
132040;Moon Lord;7426;Treasure Bag (Moon Lord);;"<span class="" eil""><span>[[Treasure Bag (Moon Lord)|Treasure Bag]]</span></span><br/><span class=""note-text "">(Moon Lord)</span>";Lunar Flare;1;20%;;0;0;1;1
132041;Moon Lord;7426;Treasure Bag (Moon Lord);;"<span class="" eil""><span>[[Treasure Bag (Moon Lord)|Treasure Bag]]</span></span><br/><span class=""note-text "">(Moon Lord)</span>";Rainbow Crystal Staff;1;20%;;0;0;1;1
132042;Moon Lord;7426;Treasure Bag (Moon Lord);;"<span class="" eil""><span>[[Treasure Bag (Moon Lord)|Treasure Bag]]</span></span><br/><span class=""note-text "">(Moon Lord)</span>";Lunar Portal Staff;1;20%;;0;0;1;1
132043;Moon Lord;7426;Treasure Bag (Moon Lord);;"<span class="" eil""><span>[[Treasure Bag (Moon Lord)|Treasure Bag]]</span></span><br/><span class=""note-text "">(Moon Lord)</span>";Possession;1;20%;;0;0;1;1
132044;Moon Lord;7426;Treasure Bag (Moon Lord);;"<span class="" eil""><span>[[Treasure Bag (Moon Lord)|Treasure Bag]]</span></span><br/><span class=""note-text "">(Moon Lord)</span>";Portal Gun;;100%;"<span class=""i -w"">[[File:Portal Gun.png|link=Portal Gun|Portal Gun]]<span><span>[[Portal Gun]]</span><span class=""note"">(when no Portal Gun in inventory)</span></span></span>";0;0;1;1
132045;Moon Lord;7426;Treasure Bag (Moon Lord);;"<span class="" eil""><span>[[Treasure Bag (Moon Lord)|Treasure Bag]]</span></span><br/><span class=""note-text "">(Moon Lord)</span>";Luminite;90–110;100%;;0;0;1;1
132046;Moon Lord;7426;Treasure Bag (Moon Lord);;"<span class="" eil""><span>[[Treasure Bag (Moon Lord)|Treasure Bag]]</span></span><br/><span class=""note-text "">(Moon Lord)</span>";Meowmere Minecart;1;10%;;0;0;1;1
132047;Moon Lord;7426;Treasure Bag (Moon Lord);;"<span class="" eil""><span>[[Treasure Bag (Moon Lord)|Treasure Bag]]</span></span><br/><span class=""note-text "">(Moon Lord)</span>";Gold Coin;;100%;"[[Coins]] ([[NPC drops#Coin drops|<span class=""coin"" data-sort-value=""2500000"" title=""2 Platinum 50 Gold Coins""><span class=""pc"">2<span class=""t""> Platinum </span></span><span class=""gc"">50<span class=""t""> Gold</span></span></span>]])";0;0;1;1
132048;Moon Lord;7426;Moon Lord;;"<span class="" eil""><span>[[Moon Lord|Moon Lord]]</span></span>";Piece of Moon Squid;1;"[[Master Mode|<span class=""mode-exclusive master"" >25%</span>]]";;1;0;0;1
132049;Moon Lord;7426;Moon Lord;;"<span class="" eil""><span>[[Moon Lord|Moon Lord]]</span></span>";Moon Lord Relic;1;"[[Master Mode|<span class=""mode-exclusive master"" >100%</span>]]";;1;0;0;1
132050;Mimics;7960;Ice Mimic;629;"<span class="" eil""><span>[[Mimics|Ice Mimic]]</span></span>";Toy Sled;1;5%;;1;1;1;1
132051;Mimics;7960;Ice Mimic;629;"<span class="" eil""><span>[[Mimics|Ice Mimic]]</span></span>";Frostbrand;1;23.75%;;1;1;1;1
132052;Mimics;7960;Ice Mimic;629;"<span class="" eil""><span>[[Mimics|Ice Mimic]]</span></span>";Flower of Frost;1;23.75%;;1;1;1;1
132053;Mimics;7960;Ice Mimic;629;"<span class="" eil""><span>[[Mimics|Ice Mimic]]</span></span>";Heavy Sling;1;23.75%;;1;1;1;1
132054;Mimics;7960;Ice Mimic;629;"<span class="" eil""><span>[[Mimics|Ice Mimic]]</span></span>";Ice Bow;;23.75%;"<span class=""i"">[[File:Ice Bow.png|link=Ice Bow|Ice Bow]]<span><span>[[Ice Bow]]</span></span></span> <div class=""note-text "">(In regular worlds)</div>";1;1;1;1
132055;Mimics;7960;Ice Mimic;629;"<span class="" eil""><span>[[Mimics|Ice Mimic]]</span></span>";Snowball Cannon;;23.75%;"<span class=""i"">[[File:Snowball Cannon.png|link=Snowball Cannon|Snowball Cannon]]<span><span>[[Snowball Cannon]]</span></span></span> <div class=""note-text "">(In [[Remix]] worlds)</div>";1;1;1;1
132056;Mimics;7960;Mimic;85;"<span class="" eil""><span>[[Mimics|Mimic]]</span></span>";Dual Hook;1;16.67%;;1;1;1;1
132057;Mimics;7960;Mimic;85;"<span class="" eil""><span>[[Mimics|Mimic]]</span></span>";Magic Dagger;;16.67%;"<span class=""i"">[[File:Magic Dagger.png|link=Magic Dagger|Magic Dagger]]<span><span>[[Magic Dagger]]</span></span></span> <div class=""note-text "">(In regular worlds)</div>";1;1;1;1
132058;Mimics;7960;Mimic;85;"<span class="" eil""><span>[[Mimics|Mimic]]</span></span>";Wand of Sparking;;16.67%;"<span class=""i"">[[File:Wand of Sparking.png|link=Wand of Sparking|Wand of Sparking]]<span><span>[[Wand of Sparking]]</span></span></span> <div class=""note-text "">(In [[Remix]] worlds)</div>";1;1;1;1
132059;Mimics;7960;Mimic;85;"<span class="" eil""><span>[[Mimics|Mimic]]</span></span>";Philosopher's Stone;1;16.67%;;1;1;1;1
132060;Mimics;7960;Mimic;85;"<span class="" eil""><span>[[Mimics|Mimic]]</span></span>";Titan Glove;1;16.67%;;1;1;1;1
132061;Mimics;7960;Mimic;85;"<span class="" eil""><span>[[Mimics|Mimic]]</span></span>";Star Cloak;1;16.67%;;1;1;1;1
132062;Mimics;7960;Mimic;85;"<span class="" eil""><span>[[Mimics|Mimic]]</span></span>";Cross Necklace;1;16.67%;;1;1;1;1
132063;Mimics;7960;Ice Mimic;629;"<span class="" eil""><span>[[Mimics|Ice Mimic]]</span></span><div class=""note-text "">(Pre-Hardmode variant)</div>";Extractinator;1;5%;;1;1;1;1
132064;Mimics;7960;Ice Mimic;629;"<span class="" eil""><span>[[Mimics|Ice Mimic]]</span></span><div class=""note-text "">(Pre-Hardmode variant)</div>";Toy Sled;1;5%;;1;1;1;1
132065;Mimics;7960;Ice Mimic;629;"<span class="" eil""><span>[[Mimics|Ice Mimic]]</span></span><div class=""note-text "">(Pre-Hardmode variant)</div>";Ice Boomerang;1;11.88%;;1;1;1;1
132066;Mimics;7960;Ice Mimic;629;"<span class="" eil""><span>[[Mimics|Ice Mimic]]</span></span><div class=""note-text "">(Pre-Hardmode variant)</div>";Ice Blade;1;11.88%;;1;1;1;1
132067;Mimics;7960;Ice Mimic;629;"<span class="" eil""><span>[[Mimics|Ice Mimic]]</span></span><div class=""note-text "">(Pre-Hardmode variant)</div>";Ice Skates;1;11.88%;;1;1;1;1
132068;Mimics;7960;Ice Mimic;629;"<span class="" eil""><span>[[Mimics|Ice Mimic]]</span></span><div class=""note-text "">(Pre-Hardmode variant)</div>";Blizzard in a Bottle;1;11.88%;;1;1;1;1
132069;Mimics;7960;Ice Mimic;629;"<span class="" eil""><span>[[Mimics|Ice Mimic]]</span></span><div class=""note-text "">(Pre-Hardmode variant)</div>";Flurry Boots;1;11.88%;;1;1;1;1
132070;Mimics;7960;Ice Mimic;629;"<span class="" eil""><span>[[Mimics|Ice Mimic]]</span></span><div class=""note-text "">(Pre-Hardmode variant)</div>";Glacier Fang;1;11.88%;;1;1;1;1
132071;Mimics;7960;Ice Mimic;629;"<span class="" eil""><span>[[Mimics|Ice Mimic]]</span></span><div class=""note-text "">(Pre-Hardmode variant)</div>";Heavy Sling;1;11.88%;;1;1;1;1
132072;Mimics;7960;Ice Mimic;629;"<span class="" eil""><span>[[Mimics|Ice Mimic]]</span></span><div class=""note-text "">(Pre-Hardmode variant)</div>";Snowball Cannon;;11.88%;"<span class=""i"">[[File:Snowball Cannon.png|link=Snowball Cannon|Snowball Cannon]]<span><span>[[Snowball Cannon]]</span></span></span> <div class=""note-text "">(In regular worlds)</div>";1;1;1;1
132073;Mimics;7960;Ice Mimic;629;"<span class="" eil""><span>[[Mimics|Ice Mimic]]</span></span><div class=""note-text "">(Pre-Hardmode variant)</div>";Ice Bow;;11.88%;"<span class=""i"">[[File:Ice Bow.png|link=Ice Bow|Ice Bow]]<span><span>[[Ice Bow]]</span></span></span> <div class=""note-text "">(In [[Remix]] worlds)</div>";1;1;1;1
132074;Mimics;7960;Mimic;85;"<span class="" eil""><span>[[Mimics|Mimic]]</span></span><div class=""note-text "">(Pre-Hardmode variant)</div>";Flare Gun;1;5%;;1;1;1;1
132075;Mimics;7960;Mimic;85;"<span class="" eil""><span>[[Mimics|Mimic]]</span></span><div class=""note-text "">(Pre-Hardmode variant)</div>";Extractinator;1;5%;;1;1;1;1
132076;Mimics;7960;Mimic;85;"<span class="" eil""><span>[[Mimics|Mimic]]</span></span><div class=""note-text "">(Pre-Hardmode variant)</div>";Band of Regeneration;1;16.67%;;1;1;1;1
132077;Mimics;7960;Mimic;85;"<span class="" eil""><span>[[Mimics|Mimic]]</span></span><div class=""note-text "">(Pre-Hardmode variant)</div>";Magic Mirror;1;16.67%;;1;1;1;1
132078;Mimics;7960;Mimic;85;"<span class="" eil""><span>[[Mimics|Mimic]]</span></span><div class=""note-text "">(Pre-Hardmode variant)</div>";Cloud in a Bottle;1;16.67%;;1;1;1;1
132079;Mimics;7960;Mimic;85;"<span class="" eil""><span>[[Mimics|Mimic]]</span></span><div class=""note-text "">(Pre-Hardmode variant)</div>";Hermes Boots;1;16.67%;;1;1;1;1
132080;Mimics;7960;Mimic;85;"<span class="" eil""><span>[[Mimics|Mimic]]</span></span><div class=""note-text "">(Pre-Hardmode variant)</div>";Mace;1;16.67%;;1;1;1;1
132081;Mimics;7960;Mimic;85;"<span class="" eil""><span>[[Mimics|Mimic]]</span></span><div class=""note-text "">(Pre-Hardmode variant)</div>";Shoe Spikes;1;16.67%;;1;1;1;1
132082;Mimics;7960;Crimson Mimic;474;"<span class="" eil""><span>[[Mimics|Crimson Mimic]]</span></span>";Life Drain;1;20%;;1;1;1;1
132083;Mimics;7960;Crimson Mimic;474;"<span class="" eil""><span>[[Mimics|Crimson Mimic]]</span></span>";Dart Pistol;1;20%;;1;1;1;1
132084;Mimics;7960;Crimson Mimic;474;"<span class="" eil""><span>[[Mimics|Crimson Mimic]]</span></span>";Fetid Baghnakhs;1;20%;;1;1;1;1
132085;Mimics;7960;Crimson Mimic;474;"<span class="" eil""><span>[[Mimics|Crimson Mimic]]</span></span>";Flesh Knuckles;1;20%;;1;1;1;1
132086;Mimics;7960;Crimson Mimic;474;"<span class="" eil""><span>[[Mimics|Crimson Mimic]]</span></span>";Tendon Hook;1;20%;;1;1;1;1
132087;Mimics;7960;Crimson Mimic;474;"<span class="" eil""><span>[[Mimics|Crimson Mimic]]</span></span>";Eater Of Life;1;"<span class=""mode-content""><span class=""m-normal m-journey"">0.5%</span><span class=""m-expert-master"">[[Expert Mode|<span class=""mode-exclusive expert"" >0.67%</span>]]</span></span>";;1;1;1;1
132088;Mimics;7960;Crimson Mimic;474;"<span class="" eil""><span>[[Mimics|Crimson Mimic]]</span></span>";Greater Healing Potion;5–10;100%;;1;1;1;1
132089;Mimics;7960;Crimson Mimic;474;"<span class="" eil""><span>[[Mimics|Crimson Mimic]]</span></span>";Greater Mana Potion;5–15;100%;;1;1;1;1
132090;Mimics;7960;Corrupt Mimic;473;"<span class="" eil""><span>[[Mimics|Corrupt Mimic]]</span></span>";Clinger Staff;1;20%;;1;1;1;1
132091;Mimics;7960;Corrupt Mimic;473;"<span class="" eil""><span>[[Mimics|Corrupt Mimic]]</span></span>";Dart Rifle;1;20%;;1;1;1;1
132092;Mimics;7960;Corrupt Mimic;473;"<span class="" eil""><span>[[Mimics|Corrupt Mimic]]</span></span>";Chain Guillotines;1;20%;;1;1;1;1
132093;Mimics;7960;Corrupt Mimic;473;"<span class="" eil""><span>[[Mimics|Corrupt Mimic]]</span></span>";Putrid Scent;1;20%;;1;1;1;1
132094;Mimics;7960;Corrupt Mimic;473;"<span class="" eil""><span>[[Mimics|Corrupt Mimic]]</span></span>";Worm Hook;1;20%;;1;1;1;1
132095;Mimics;7960;Corrupt Mimic;473;"<span class="" eil""><span>[[Mimics|Corrupt Mimic]]</span></span>";Eater Of Life;1;"<span class=""mode-content""><span class=""m-normal m-journey"">0.5%</span><span class=""m-expert-master"">[[Expert Mode|<span class=""mode-exclusive expert"" >0.67%</span>]]</span></span>";;1;1;1;1
132096;Mimics;7960;Corrupt Mimic;473;"<span class="" eil""><span>[[Mimics|Corrupt Mimic]]</span></span>";Greater Healing Potion;5–10;100%;;1;1;1;1
132097;Mimics;7960;Corrupt Mimic;473;"<span class="" eil""><span>[[Mimics|Corrupt Mimic]]</span></span>";Greater Mana Potion;5–15;100%;;1;1;1;1
132098;Mimics;7960;Hallowed Mimic;475;"<span class="" eil""><span>[[Mimics|Hallowed Mimic]]</span></span>";Crystal Vile Shard;1;20%;;1;1;1;1
132099;Mimics;7960;Hallowed Mimic;475;"<span class="" eil""><span>[[Mimics|Hallowed Mimic]]</span></span>";Daedalus Stormbow;1;20%;;1;1;1;1
132100;Mimics;7960;Hallowed Mimic;475;"<span class="" eil""><span>[[Mimics|Hallowed Mimic]]</span></span>";Flying Knife;1;20%;;1;1;1;1
132101;Mimics;7960;Hallowed Mimic;475;"<span class="" eil""><span>[[Mimics|Hallowed Mimic]]</span></span>";Chaos Cylinder;1;20%;;1;1;1;1
132102;Mimics;7960;Hallowed Mimic;475;"<span class="" eil""><span>[[Mimics|Hallowed Mimic]]</span></span>";Illuminant Hook;1;20%;;1;1;1;1
132103;Mimics;7960;Hallowed Mimic;475;"<span class="" eil""><span>[[Mimics|Hallowed Mimic]]</span></span>";Crystallize;1;"<span class=""mode-content""><span class=""m-normal m-journey"">0.5%</span><span class=""m-expert-master"">[[Expert Mode|<span class=""mode-exclusive expert"" >0.67%</span>]]</span></span>";;1;1;1;1
132104;Mimics;7960;Hallowed Mimic;475;"<span class="" eil""><span>[[Mimics|Hallowed Mimic]]</span></span>";Greater Healing Potion;5–10;100%;;1;1;1;1
132105;Mimics;7960;Hallowed Mimic;475;"<span class="" eil""><span>[[Mimics|Hallowed Mimic]]</span></span>";Greater Mana Potion;5–15;100%;;1;1;1;1
132106;Mimics;7960;Jungle Mimic;476;"<span class="" eil""><span>[[Mimics|Jungle Mimic]]</span></span>";Angel Statue;1;33%;;1;1;1;1
132107;Mimics;7960;Jungle Mimic;476;"<span class="" eil""><span>[[Mimics|Jungle Mimic]]</span></span>";Fart in a Jar;1;33%;;1;1;1;1
132108;Mimics;7960;Jungle Mimic;476;"<span class="" eil""><span>[[Mimics|Jungle Mimic]]</span></span>";Stink Potion;5–10;33%;;1;1;1;1
132109;Mimics;7960;Jungle Mimic;476;"<span class="" eil""><span>[[Mimics|Jungle Mimic]]</span></span>";Coal;1;33%;;1;1;1;1
132110;Mimics;7960;Jungle Mimic;476;"<span class="" eil""><span>[[Mimics|Jungle Mimic]]</span></span>";Red Potion;3–5;33%;;1;1;1;1
132111;Mimics;7960;Jungle Mimic;476;"<span class="" eil""><span>[[Mimics|Jungle Mimic]]</span></span>";Golden Shower;1;33%;;1;1;1;1
132112;Mimics;7960;Jungle Mimic;476;"<span class="" eil""><span>[[Mimics|Jungle Mimic]]</span></span>";Master Bait;2–4;33%;;1;1;1;1
132113;Mimics;7960;Jungle Mimic;476;"<span class="" eil""><span>[[Mimics|Jungle Mimic]]</span></span>";Water Gun;1;33%;;1;1;1;1
132114;Mimics;7960;Jungle Mimic;476;"<span class="" eil""><span>[[Mimics|Jungle Mimic]]</span></span>";Poo;1;33%;;1;1;1;1
132115;Mimics;7960;Jungle Mimic;476;"<span class="" eil""><span>[[Mimics|Jungle Mimic]]</span></span>";Sparkle Slime Balloon;69;33%;;1;1;1;1
132149;Eater of Worlds;7361;Eater of Worlds;13;"<span class="" eil""><span>[[Eater of Worlds|Eater of Worlds]]</span></span>";Shadow Scale;0–134;100%;;1;1;0;0
132150;Eater of Worlds;7361;Eater of Worlds;13;"<span class="" eil""><span>[[Eater of Worlds|Eater of Worlds]]</span></span>";Demonite Ore;20–395;100%;;1;1;0;0
132151;Eater of Worlds;7361;Eater of Worlds;13;"<span class="" eil""><span>[[Eater of Worlds|Eater of Worlds]]</span></span>";Eater's Bone;1;5%;;1;1;0;0
132152;Eater of Worlds;7361;Eater of Worlds;13;"<span class="" eil""><span>[[Eater of Worlds|Eater of Worlds]]</span></span>";Lesser Healing Potion;5–15;100%;;1;1;1;1
132153;Eater of Worlds;7361;Eater of Worlds;13;"<span class="" eil""><span>[[Eater of Worlds|Eater of Worlds]]</span></span>";Eater of Worlds Mask;1;14.29%;;1;1;0;0
132154;Eater of Worlds;7361;Eater of Worlds;13;"<span class="" eil""><span>[[Eater of Worlds|Eater of Worlds]]</span></span>";Eater of Worlds Trophy;1;10%;;1;1;1;1
132155;Eater of Worlds;7361;Eater of Worlds;13;"<span class="" eil""><span>[[Eater of Worlds|Eater of Worlds]]</span></span>";Treasure Bag (Eater of Worlds);1;"[[Expert Mode|<span class=""mode-exclusive expert"" >100%</span>]]";;1;0;1;1
132156;Eater of Worlds;7361;Treasure Bag (Eater of Worlds);13;"<span class="" eil""><span>[[Treasure Bag (Eater of Worlds)|Treasure Bag]]</span></span><br/><span class=""note-text "">(Eater of Worlds)</span>";Worm Scarf;1;100%;;0;0;1;1
132157;Eater of Worlds;7361;Treasure Bag (Eater of Worlds);13;"<span class="" eil""><span>[[Treasure Bag (Eater of Worlds)|Treasure Bag]]</span></span><br/><span class=""note-text "">(Eater of Worlds)</span>";Eater of Worlds Mask;1;14.29%;;0;0;1;1
132158;Eater of Worlds;7361;Treasure Bag (Eater of Worlds);13;"<span class="" eil""><span>[[Treasure Bag (Eater of Worlds)|Treasure Bag]]</span></span><br/><span class=""note-text "">(Eater of Worlds)</span>";Demonite Ore;"<span class=""mode-content""><span class=""m-expert"">80–110</span><span class=""m-master"">[[Master Mode|<span class=""mode-exclusive master"" >110–135</span>]]</span></span>";100%;;0;0;1;1
132159;Eater of Worlds;7361;Treasure Bag (Eater of Worlds);13;"<span class="" eil""><span>[[Treasure Bag (Eater of Worlds)|Treasure Bag]]</span></span><br/><span class=""note-text "">(Eater of Worlds)</span>";Shadow Scale;"<span class=""mode-content""><span class=""m-expert"">20–40</span><span class=""m-master"">[[Master Mode|<span class=""mode-exclusive master"" >30–50</span>]]</span></span>";100%;;0;0;1;1
132160;Eater of Worlds;7361;Treasure Bag (Eater of Worlds);13;"<span class="" eil""><span>[[Treasure Bag (Eater of Worlds)|Treasure Bag]]</span></span><br/><span class=""note-text "">(Eater of Worlds)</span>";Eater's Bone;1;5%;;0;0;1;1
132161;Eater of Worlds;7361;Treasure Bag (Eater of Worlds);13;"<span class="" eil""><span>[[Treasure Bag (Eater of Worlds)|Treasure Bag]]</span></span><br/><span class=""note-text "">(Eater of Worlds)</span>";Gold Coin;;100%;"[[Coins]] ([[NPC drops#Coin drops|<span class=""coin"" data-sort-value=""2000"" title=""20 Silver Coins""><span class=""sc"">20<span class=""t""> Silver</span></span></span>]])";0;0;1;1
132162;Eater of Worlds;7361;Eater of Worlds;13;"<span class="" eil""><span>[[Eater of Worlds|Eater of Worlds]]</span></span>";Writhing Remains;1;"[[Master Mode|<span class=""mode-exclusive master"" >25%</span>]]";;1;0;0;1
132163;Eater of Worlds;7361;Eater of Worlds;13;"<span class="" eil""><span>[[Eater of Worlds|Eater of Worlds]]</span></span>";Eater of Worlds Relic;1;"[[Master Mode|<span class=""mode-exclusive master"" >100%</span>]]";;1;0;0;1
132164;Eater of Worlds;7361;Eater of Worlds;262;"<span class="" eil""><span>[[Eater of Worlds|Eater of Worlds]]</span></span>";Blue Brick;;33%;"<span class=""i -w"">[[File:Blue Brick.png|link=Blue Brick|Blue Brick]]<span><span>[[Blue Brick]]</span><span class=""note"">(when the Dungeon is<br/>not present; ''see [[Eater of Worlds#Dungeon Stuff drops|conditions]]'')</span></span></span> (500–600)";1;1;1;1
132165;Eater of Worlds;7361;Eater of Worlds;262;"<span class="" eil""><span>[[Eater of Worlds|Eater of Worlds]]</span></span>";Cursed Blue Tiled Wall;;;"<span class=""i -w"">[[File:Cursed Blue Tiled Wall.png|link=Cursed Blue Tiled Wall|Cursed Blue Tiled Wall]]<span><span>[[Cursed Blue Tiled Wall]]</span><span class=""note"">(when the Dungeon is<br/>not present; ''see [[Eater of Worlds#Dungeon Stuff drops|conditions]]'')</span></span></span> (400–500)";1;1;1;1
132166;Eater of Worlds;7361;Eater of Worlds;262;"<span class="" eil""><span>[[Eater of Worlds|Eater of Worlds]]</span></span>";Cursed Blue Slab Wall;;;"<span class=""i -w"">[[File:Cursed Blue Slab Wall.png|link=Cursed Blue Slab Wall|Cursed Blue Slab Wall]]<span><span>[[Cursed Blue Slab Wall]]</span><span class=""note"">(when the Dungeon is<br/>not present; ''see [[Eater of Worlds#Dungeon Stuff drops|conditions]]'')</span></span></span> (400–500)";1;1;1;1
132167;Eater of Worlds;7361;Eater of Worlds;262;"<span class="" eil""><span>[[Eater of Worlds|Eater of Worlds]]</span></span>";Cursed Blue Brick Wall;;;"<span class=""i -w"">[[File:Cursed Blue Brick Wall.png|link=Cursed Blue Brick Wall|Cursed Blue Brick Wall]]<span><span>[[Cursed Blue Brick Wall]]</span><span class=""note"">(when the Dungeon is<br/>not present; ''see [[Eater of Worlds#Dungeon Stuff drops|conditions]]'')</span></span></span> (400–500)";1;1;1;1
132168;Eater of Worlds;7361;Eater of Worlds;262;"<span class="" eil""><span>[[Eater of Worlds|Eater of Worlds]]</span></span>";Green Brick;;33%;"<span class=""i -w"">[[File:Green Brick.png|link=Green Brick|Green Brick]]<span><span>[[Green Brick]]</span><span class=""note"">(when the Dungeon is<br/>not present; ''see [[Eater of Worlds#Dungeon Stuff drops|conditions]]'')</span></span></span> (500–600)";1;1;1;1
132169;Eater of Worlds;7361;Eater of Worlds;262;"<span class="" eil""><span>[[Eater of Worlds|Eater of Worlds]]</span></span>";Cursed Green Tiled Wall;;;"<span class=""i -w"">[[File:Cursed Green Tiled Wall.png|link=Cursed Green Tiled Wall|Cursed Green Tiled Wall]]<span><span>[[Cursed Green Tiled Wall]]</span><span class=""note"">(when the Dungeon is<br/>not present; ''see [[Eater of Worlds#Dungeon Stuff drops|conditions]]'')</span></span></span> (400–500)";1;1;1;1
132170;Eater of Worlds;7361;Eater of Worlds;262;"<span class="" eil""><span>[[Eater of Worlds|Eater of Worlds]]</span></span>";Cursed Green Slab Wall;;;"<span class=""i -w"">[[File:Cursed Green Slab Wall.png|link=Cursed Green Slab Wall|Cursed Green Slab Wall]]<span><span>[[Cursed Green Slab Wall]]</span><span class=""note"">(when the Dungeon is<br/>not present; ''see [[Eater of Worlds#Dungeon Stuff drops|conditions]]'')</span></span></span> (400–500)";1;1;1;1
132171;Eater of Worlds;7361;Eater of Worlds;262;"<span class="" eil""><span>[[Eater of Worlds|Eater of Worlds]]</span></span>";Cursed Green Brick Wall;;;"<span class=""i -w"">[[File:Cursed Green Brick Wall.png|link=Cursed Green Brick Wall|Cursed Green Brick Wall]]<span><span>[[Cursed Green Brick Wall]]</span><span class=""note"">(when the Dungeon is<br/>not present; ''see [[Eater of Worlds#Dungeon Stuff drops|conditions]]'')</span></span></span> (400–500)";1;1;1;1
132172;Eater of Worlds;7361;Eater of Worlds;262;"<span class="" eil""><span>[[Eater of Worlds|Eater of Worlds]]</span></span>";Pink Brick;;33%;"<span class=""i -w"">[[File:Pink Brick.png|link=Pink Brick|Pink Brick]]<span><span>[[Pink Brick]]</span><span class=""note"">(when the Dungeon is<br/>not present; ''see [[Eater of Worlds#Dungeon Stuff drops|conditions]]'')</span></span></span> (500–600)";1;1;1;1
132173;Eater of Worlds;7361;Eater of Worlds;262;"<span class="" eil""><span>[[Eater of Worlds|Eater of Worlds]]</span></span>";Cursed Pink Tiled Wall;;;"<span class=""i -w"">[[File:Cursed Pink Tiled Wall.png|link=Cursed Pink Tiled Wall|Cursed Pink Tiled Wall]]<span><span>[[Cursed Pink Tiled Wall]]</span><span class=""note"">(when the Dungeon is<br/>not present; ''see [[Eater of Worlds#Dungeon Stuff drops|conditions]]'')</span></span></span> (400–500)";1;1;1;1
132174;Eater of Worlds;7361;Eater of Worlds;262;"<span class="" eil""><span>[[Eater of Worlds|Eater of Worlds]]</span></span>";Cursed Pink Slab Wall;;;"<span class=""i -w"">[[File:Cursed Pink Slab Wall.png|link=Cursed Pink Slab Wall|Cursed Pink Slab Wall]]<span><span>[[Cursed Pink Slab Wall]]</span><span class=""note"">(when the Dungeon is<br/>not present; ''see [[Eater of Worlds#Dungeon Stuff drops|conditions]]'')</span></span></span> (400–500)";1;1;1;1
132175;Eater of Worlds;7361;Eater of Worlds;262;"<span class="" eil""><span>[[Eater of Worlds|Eater of Worlds]]</span></span>";Cursed Pink Brick Wall;;;"<span class=""i -w"">[[File:Cursed Pink Brick Wall.png|link=Cursed Pink Brick Wall|Cursed Pink Brick Wall]]<span><span>[[Cursed Pink Brick Wall]]</span><span class=""note"">(when the Dungeon is<br/>not present; ''see [[Eater of Worlds#Dungeon Stuff drops|conditions]]'')</span></span></span> (400–500)";1;1;1;1
132176;Eater of Worlds;7361;Eater of Worlds;13;"<span class="" eil""><span>[[Eater of Worlds|Eater of Worlds]]</span></span><div class=""note-text "">(Eater of Worlds Head)</div>";Demonite Ore;"<span class=""mode-content""><span class=""m-normal m-journey"">2–5</span><span class=""m-expert"">[[Expert Mode|<span class=""mode-exclusive expert"" >1–3</span>]]</span><span class=""m-master"">[[Master Mode|<span class=""mode-exclusive master"" >1–2</span>]]</span></span>";"<span class=""mode-content""><span class=""m-normal m-journey"">50%</span><span class=""m-expert"">50%</span><span class=""m-master"">[[Master Mode|<span class=""mode-exclusive master"" >33.33%</span>]]</span></span>";;1;1;1;1
132177;Eater of Worlds;7361;Eater of Worlds;13;"<span class="" eil""><span>[[Eater of Worlds|Eater of Worlds]]</span></span><div class=""note-text "">(Eater of Worlds Head)</div>";Shadow Scale;1–2;"<span class=""mode-content""><span class=""m-normal m-journey"">50%</span><span class=""m-expert"">[[Expert Mode|<span class=""mode-exclusive expert"" >20%</span>]]</span><span class=""m-master"">[[Master Mode|<span class=""mode-exclusive master"" >10%</span>]]</span></span>";;1;1;1;1
132178;Eater of Worlds;7361;Eater of Worlds;14;"<span class="" eil""><span>[[Eater of Worlds|Eater of Worlds]]</span></span><div class=""note-text "">(Eater of Worlds Body)</div>";Demonite Ore;"<span class=""mode-content""><span class=""m-normal m-journey"">2–5</span><span class=""m-expert"">[[Expert Mode|<span class=""mode-exclusive expert"" >1–3</span>]]</span><span class=""m-master"">[[Master Mode|<span class=""mode-exclusive master"" >1–2</span>]]</span></span>";"<span class=""mode-content""><span class=""m-normal m-journey"">50%</span><span class=""m-expert"">50%</span><span class=""m-master"">[[Master Mode|<span class=""mode-exclusive master"" >33.33%</span>]]</span></span>";;1;1;1;1
132179;Eater of Worlds;7361;Eater of Worlds;14;"<span class="" eil""><span>[[Eater of Worlds|Eater of Worlds]]</span></span><div class=""note-text "">(Eater of Worlds Body)</div>";Shadow Scale;1–2;"<span class=""mode-content""><span class=""m-normal m-journey"">50%</span><span class=""m-expert"">[[Expert Mode|<span class=""mode-exclusive expert"" >20%</span>]]</span><span class=""m-master"">[[Master Mode|<span class=""mode-exclusive master"" >10%</span>]]</span></span>";;1;1;1;1
132180;Eater of Worlds;7361;Eater of Worlds;15;"<span class="" eil""><span>[[Eater of Worlds|Eater of Worlds]]</span></span><div class=""note-text "">(Eater of Worlds Tail)</div>";Demonite Ore;"<span class=""mode-content""><span class=""m-normal m-journey"">2–5</span><span class=""m-expert"">[[Expert Mode|<span class=""mode-exclusive expert"" >1–3</span>]]</span><span class=""m-master"">[[Master Mode|<span class=""mode-exclusive master"" >1–2</span>]]</span></span>";"<span class=""mode-content""><span class=""m-normal m-journey"">50%</span><span class=""m-expert"">50%</span><span class=""m-master"">[[Master Mode|<span class=""mode-exclusive master"" >33.33%</span>]]</span></span>";;1;1;1;1
132181;Eater of Worlds;7361;Eater of Worlds;15;"<span class="" eil""><span>[[Eater of Worlds|Eater of Worlds]]</span></span><div class=""note-text "">(Eater of Worlds Tail)</div>";Shadow Scale;1–2;"<span class=""mode-content""><span class=""m-normal m-journey"">50%</span><span class=""m-expert"">[[Expert Mode|<span class=""mode-exclusive expert"" >20%</span>]]</span><span class=""m-master"">[[Master Mode|<span class=""mode-exclusive master"" >10%</span>]]</span></span>";;1;1;1;1
132211;Angry Trapper;5019;Angry Trapper;175;"<span class="" eil""><span>[[Angry Trapper|Angry Trapper]]</span></span>";Coffee;1;3.33%;;1;1;1;1
132212;Angry Trapper;5019;Angry Trapper;175;"<span class="" eil""><span>[[Angry Trapper|Angry Trapper]]</span></span>";Uzi;1;1%;;1;1;1;1
132218;Man Eater;7190;Man Eater;43;"<span class="" eil""><span>[[Man Eater|Man Eater]]</span></span>";Coffee;1;3.33%;;1;1;1;1
132219;Man Eater;7190;Man Eater;43;"<span class="" eil""><span>[[Man Eater|Man Eater]]</span></span>";Ancient Cobalt Helmet;1;0.33%;;1;1;1;1
132220;Man Eater;7190;Man Eater;43;"<span class="" eil""><span>[[Man Eater|Man Eater]]</span></span>";Ancient Cobalt Breastplate;1;0.33%;;1;1;1;1
132221;Man Eater;7190;Man Eater;43;"<span class="" eil""><span>[[Man Eater|Man Eater]]</span></span>";Ancient Cobalt Leggings;1;0.33%;;1;1;1;1
132222;Man Eater;7190;Man Eater;43;"<span class="" eil""><span>[[Man Eater|Man Eater]]</span></span>";Vine;1;"<span class=""mode-content""><span class=""m-normal m-journey"">50%</span><span class=""m-expert-master"">[[Expert Mode|<span class=""mode-exclusive expert"" >100%</span>]]</span></span>";;1;1;1;1
132223;Clinger;13002;Clinger;101;"<span class="" eil""><span>[[Clinger|Clinger]]</span></span>";Meat Grinder;1;"0.5% <span class=""eico s i1 i2 i4"" title=""Desktop, Console and Mobile versions""><b></b><i></i><span>(Desktop, Console and Mobile versions)</span></span>";;1;1;1;1
132224;Clinger;13002;Clinger;101;"<span class="" eil""><span>[[Clinger|Clinger]]</span></span>";Cursed Flame;2–5;100%;;1;1;1;1
132225;Clinger;13002;Clinger;101;"<span class="" eil""><span>[[Clinger|Clinger]]</span></span>";Monster Meat;1;0.07%;;1;1;1;1
132226;Clinger;13002;Clinger;101;"<span class="" eil""><span>[[Clinger|Clinger]]</span></span>";Eater Of Life;1;"<span class=""mode-content""><span class=""m-normal m-journey"">0.5%</span><span class=""m-expert-master"">[[Expert Mode|<span class=""mode-exclusive expert"" >0.67%</span>]]</span></span>";;1;1;1;1
132306;Gastropod;9046;Gastropod;122;"<span class="" eil""><span>[[Gastropod|Gastropod]]</span></span>";Chocolate Chip Cookie;1;1.33%;;1;1;1;1
132307;Gastropod;9046;Gastropod;122;"<span class="" eil""><span>[[Gastropod|Gastropod]]</span></span>";Gel;5–10;100%;;1;1;1;1
132308;Goodie Bag;7344;Goodie Bag;;"<span class="" eil""><span>[[Goodie Bag|Goodie Bag]]</span></span>";Unlucky Yarn;1;"<span class=""chance"" data-sort-value=""0.67"">1/150 (0.67%)</span>";;0;1;1;1
132309;Goodie Bag;7344;Goodie Bag;;"<span class="" eil""><span>[[Goodie Bag|Goodie Bag]]</span></span>";Bat Hook;1;"<span class=""chance"" data-sort-value=""0.66"">149/22500 (0.66%)</span>";;0;1;1;1
132310;Goodie Bag;7344;Goodie Bag;;"<span class="" eil""><span>[[Goodie Bag|Goodie Bag]]</span></span>";Rotten Egg;10–40;24.67%;;0;1;1;1
132311;Goodie Bag;7344;Goodie Bag;;"<span class="" eil""><span>[[Goodie Bag|Goodie Bag]]</span></span>";Jacking Skeletron;1;1.48%;;0;1;1;1
132312;Goodie Bag;7344;Goodie Bag;;"<span class="" eil""><span>[[Goodie Bag|Goodie Bag]]</span></span>";Bitter Harvest;1;1.48%;;0;1;1;1
132313;Goodie Bag;7344;Goodie Bag;;"<span class="" eil""><span>[[Goodie Bag|Goodie Bag]]</span></span>";Blood Moon Countess;1;1.48%;;0;1;1;1
132314;Goodie Bag;7344;Goodie Bag;;"<span class="" eil""><span>[[Goodie Bag|Goodie Bag]]</span></span>";Hallow's Eve;1;1.48%;;0;1;1;1
132315;Goodie Bag;7344;Goodie Bag;;"<span class="" eil""><span>[[Goodie Bag|Goodie Bag]]</span></span>";Morbid Curiosity;1;1.48%;;0;1;1;1
132316;Goodie Bag;7344;Goodie Bag;;"<span class="" eil""><span>[[Goodie Bag|Goodie Bag]]</span></span>";Cat set;1;3.51%;;0;1;1;1
132317;Goodie Bag;7344;Goodie Bag;;"<span class="" eil""><span>[[Goodie Bag|Goodie Bag]]</span></span>";Creeper set;1;3.51%;;0;1;1;1
132318;Goodie Bag;7344;Goodie Bag;;"<span class="" eil""><span>[[Goodie Bag|Goodie Bag]]</span></span>";Ghost set;1;3.51%;;0;1;1;1
132319;Goodie Bag;7344;Goodie Bag;;"<span class="" eil""><span>[[Goodie Bag|Goodie Bag]]</span></span>";Leprechaun set;1;3.51%;;0;1;1;1
132320;Goodie Bag;7344;Goodie Bag;;"<span class="" eil""><span>[[Goodie Bag|Goodie Bag]]</span></span>";Pixie set;1;3.51%;;0;1;1;1
132321;Goodie Bag;7344;Goodie Bag;;"<span class="" eil""><span>[[Goodie Bag|Goodie Bag]]</span></span>";Princess set;1;3.51%;;0;1;1;1
132322;Goodie Bag;7344;Goodie Bag;;"<span class="" eil""><span>[[Goodie Bag|Goodie Bag]]</span></span>";Pumpkin set;1;3.51%;;0;1;1;1
132323;Goodie Bag;7344;Goodie Bag;;"<span class="" eil""><span>[[Goodie Bag|Goodie Bag]]</span></span>";Robot set;1;3.51%;;0;1;1;1
132324;Goodie Bag;7344;Goodie Bag;;"<span class="" eil""><span>[[Goodie Bag|Goodie Bag]]</span></span>";Unicorn set;1;3.51%;;0;1;1;1
132325;Goodie Bag;7344;Goodie Bag;;"<span class="" eil""><span>[[Goodie Bag|Goodie Bag]]</span></span>";Vampire set;1;3.51%;;0;1;1;1
132326;Goodie Bag;7344;Goodie Bag;;"<span class="" eil""><span>[[Goodie Bag|Goodie Bag]]</span></span>";Witch set;1;3.51%;;0;1;1;1
132327;Goodie Bag;7344;Goodie Bag;;"<span class="" eil""><span>[[Goodie Bag|Goodie Bag]]</span></span>";Bride of Frankenstein set;1;3.51%;;0;1;1;1
132328;Goodie Bag;7344;Goodie Bag;;"<span class="" eil""><span>[[Goodie Bag|Goodie Bag]]</span></span>";Karate Tortoise set;1;3.51%;;0;1;1;1
132329;Goodie Bag;7344;Goodie Bag;;"<span class="" eil""><span>[[Goodie Bag|Goodie Bag]]</span></span>";Reaper set;1;3.51%;;0;1;1;1
132330;Goodie Bag;7344;Goodie Bag;;"<span class="" eil""><span>[[Goodie Bag|Goodie Bag]]</span></span>";Fox set;1;3.51%;;0;1;1;1
132331;Goodie Bag;7344;Goodie Bag;;"<span class="" eil""><span>[[Goodie Bag|Goodie Bag]]</span></span>";Cat Ears;1;3.51%;;0;1;1;1
132332;Goodie Bag;7344;Goodie Bag;;"<span class="" eil""><span>[[Goodie Bag|Goodie Bag]]</span></span>";Space Creature set;1;3.51%;;0;1;1;1
132333;Goodie Bag;7344;Goodie Bag;;"<span class="" eil""><span>[[Goodie Bag|Goodie Bag]]</span></span>";Wolf set;1;3.51%;;0;1;1;1
132334;Goodie Bag;7344;Goodie Bag;;"<span class="" eil""><span>[[Goodie Bag|Goodie Bag]]</span></span>";Treasure Hunter set;1;3.51%;;0;1;1;1
132339;Celestial Pillars;14548;Solar Pillar;517;"<span class="" eil""><span>[[Celestial Pillars|Solar Pillar]]</span></span>";Solar Fragment;"<span class=""mode-content""><span class=""m-normal m-journey"">12–60</span><span class=""m-expert-master"">[[Expert Mode|<span class=""mode-exclusive expert"" >24–100</span>]]</span></span>";100%;;1;1;1;1
132340;Celestial Pillars;14548;Vortex Pillar;422;"<span class="" eil""><span>[[Celestial Pillars|Vortex Pillar]]</span></span>";Vortex Fragment;"<span class=""mode-content""><span class=""m-normal m-journey"">12–60</span><span class=""m-expert-master"">[[Expert Mode|<span class=""mode-exclusive expert"" >24–100</span>]]</span></span>";100%;;1;1;1;1
132341;Celestial Pillars;14548;Nebula Pillar;507;"<span class="" eil""><span>[[Celestial Pillars|Nebula Pillar]]</span></span>";Nebula Fragment;"<span class=""mode-content""><span class=""m-normal m-journey"">12–60</span><span class=""m-expert-master"">[[Expert Mode|<span class=""mode-exclusive expert"" >24–100</span>]]</span></span>";100%;;1;1;1;1
132342;Celestial Pillars;14548;Stardust Pillar;493;"<span class="" eil""><span>[[Celestial Pillars|Stardust Pillar]]</span></span>";Stardust Fragment;"<span class=""mode-content""><span class=""m-normal m-journey"">12–60</span><span class=""m-expert-master"">[[Expert Mode|<span class=""mode-exclusive expert"" >24–100</span>]]</span></span>";100%;;1;1;1;1
132343;Chaos Elemental;4764;Chaos Elemental;120;"<span class="" eil""><span>[[Chaos Elemental|Chaos Elemental]]</span></span>";Apple Pie;1;0.67%;;1;1;1;1
132344;Chaos Elemental;4764;Chaos Elemental;120;"<span class="" eil""><span>[[Chaos Elemental|Chaos Elemental]]</span></span>";Rod of Discord;1;"<span class=""mode-content""><span class=""m-normal m-journey"">0.2%</span><span class=""m-expert-master"">[[Expert Mode|<span class=""mode-exclusive expert"" >0.25%</span>]]</span></span>";;1;1;1;1
132345;Chaos Elemental;4764;Chaos Elemental;120;"<span class="" eil""><span>[[Chaos Elemental|Chaos Elemental]]</span></span>";Crystallize;1;"<span class=""mode-content""><span class=""m-normal m-journey"">0.5%</span><span class=""m-expert-master"">[[Expert Mode|<span class=""mode-exclusive expert"" >0.67%</span>]]</span></span>";;1;1;1;1
132348;Nailhead;4489;Nailhead;463;"<span class="" eil""><span>[[Nailhead|Nailhead]]</span></span>";Nail Gun;;"<span class=""mode-content""><span class=""m-normal m-journey"">4%</span><span class=""m-expert-master"">[[Expert Mode|<span class=""mode-exclusive expert"" >7.84%</span>]]</span></span>";"<span class=""i"">[[File:Nail Gun.png|link=Nail Gun|Nail Gun]]<span><span>[[Nail Gun]]</span></span></span>
: + <span class=""i"">[[File:Nail.png|link=Nail|Nail]]<span><span>[[Nail]]</span></span></span> (100–200)";1;1;1;1
132349;Nailhead;4489;Nailhead;463;"<span class="" eil""><span>[[Nailhead|Nailhead]]</span></span>";Nail;;"<span class=""mode-content""><span class=""m-normal m-journey"">4%</span><span class=""m-expert-master"">[[Expert Mode|<span class=""mode-exclusive expert"" >7.84%</span>]]</span></span>";"<span class=""i"">[[File:Nail Gun.png|link=Nail Gun|Nail Gun]]<span><span>[[Nail Gun]]</span></span></span>
: + <span class=""i"">[[File:Nail.png|link=Nail|Nail]]<span><span>[[Nail]]</span></span></span> (100–200)";1;1;1;1
132350;Frozen Chest;10363;Frozen Chest;;"<span class="" eil""><span>[[Frozen Chest|Frozen Chest]]</span></span>";Deer Thing;1;"<span class=""chance""><span class=""chance"" data-sort-value=""20"">1/5 (20%)</span> <span class=""note-text "">(Cavern)</span></span>";;0;1;1;1
132351;Frozen Chest;10363;Frozen Chest;;"<span class="" eil""><span>[[Frozen Chest|Frozen Chest]]</span></span>";Ice Torch;10–20;"<span class=""chance""><span class=""chance"" data-sort-value=""50"">1/2 (50%)</span> <span class=""note-text "">(Underground)</span></span>";;0;1;1;1
132352;Frozen Chest;10363;Frozen Chest;;"<span class="" eil""><span>[[Frozen Chest|Frozen Chest]]</span></span>";Ice Torch;15–29;"<span class=""chance""><span class=""chance"" data-sort-value=""25"">1/4 (25%)</span> <span class=""note-text "">(Cavern)</span></span>";;0;1;1;1
132353;Frozen Chest;10363;Frozen Chest;;"<span class="" eil""><span>[[Frozen Chest|Frozen Chest]]</span></span>";Ice Boomerang;1;"<span class=""chance""><span class=""chance"" data-sort-value=""13.57"">13.57%</span></span>";;0;1;1;1
132354;Frozen Chest;10363;Frozen Chest;;"<span class="" eil""><span>[[Frozen Chest|Frozen Chest]]</span></span>";Ice Blade;1;"<span class=""chance""><span class=""chance"" data-sort-value=""13.57"">13.57%</span></span>";;0;1;1;1
132355;Frozen Chest;10363;Frozen Chest;;"<span class="" eil""><span>[[Frozen Chest|Frozen Chest]]</span></span>";Ice Skates;1;"<span class=""chance""><span class=""chance"" data-sort-value=""13.57"">13.57%</span></span>";;0;1;1;1
132356;Frozen Chest;10363;Frozen Chest;;"<span class="" eil""><span>[[Frozen Chest|Frozen Chest]]</span></span>";Snowball Cannon;1;"<span class=""chance""><span class=""chance"" data-sort-value=""13.57"">13.57%</span></span>";;0;1;1;1
132357;Frozen Chest;10363;Frozen Chest;;"<span class="" eil""><span>[[Frozen Chest|Frozen Chest]]</span></span>";Glacier Fang;1;"<span class=""chance""><span class=""chance"" data-sort-value=""13.57"">13.57%</span></span>";;0;1;1;1
132358;Frozen Chest;10363;Frozen Chest;;"<span class="" eil""><span>[[Frozen Chest|Frozen Chest]]</span></span>";Blizzard in a Bottle;1;"<span class=""chance""><span class=""chance"" data-sort-value=""13.57"">13.57%</span></span>";;0;1;1;1
132359;Frozen Chest;10363;Frozen Chest;;"<span class="" eil""><span>[[Frozen Chest|Frozen Chest]]</span></span>";Flurry Boots;1;"<span class=""chance""><span class=""chance"" data-sort-value=""13.57"">13.57%</span></span>";;0;1;1;1
132360;Frozen Chest;10363;Frozen Chest;;"<span class="" eil""><span>[[Frozen Chest|Frozen Chest]]</span></span>";Extractinator;1;"<span class=""chance""><span class=""chance"" data-sort-value=""5"">5%</span></span>";;0;1;1;1
132361;Frozen Chest;10363;Frozen Chest;;"<span class="" eil""><span>[[Frozen Chest|Frozen Chest]]</span></span>";Ice Machine;1;"<span class=""chance"" data-sort-value=""14.29"">1/7 (14.29%)</span>";;0;1;1;1
132362;Frozen Chest;10363;Frozen Chest;;"<span class="" eil""><span>[[Frozen Chest|Frozen Chest]]</span></span>";Ice Mirror;1;"<span class=""chance"" data-sort-value=""20"">1/5 (20%)</span>";;0;1;1;1
132363;Frozen Chest;10363;Frozen Chest;;"<span class="" eil""><span>[[Frozen Chest|Frozen Chest]]</span></span>";Fish (item);1;"<span class=""chance"" data-sort-value=""2"">1/50 (2%)</span>";;0;1;1;1
132464;King Slime;12967;King Slime;50;"<span class="" eil""><span>[[King Slime|King Slime]]</span></span>";Solidifier;1;100%;;1;1;0;0
132465;King Slime;12967;King Slime;50;"<span class="" eil""><span>[[King Slime|King Slime]]</span></span>";Slimy Saddle;1;25%;;1;1;0;0
132466;King Slime;12967;King Slime;50;"<span class="" eil""><span>[[King Slime|King Slime]]</span></span>";Ninja Hood;1;33.33%;;1;1;0;0
132467;King Slime;12967;King Slime;50;"<span class="" eil""><span>[[King Slime|King Slime]]</span></span>";Ninja Shirt;1;33.33%;;1;1;0;0
132468;King Slime;12967;King Slime;50;"<span class="" eil""><span>[[King Slime|King Slime]]</span></span>";Ninja Pants;1;33.33%;;1;1;0;0
132469;King Slime;12967;King Slime;50;"<span class="" eil""><span>[[King Slime|King Slime]]</span></span>";Slime Hook;1;33.33%;;1;1;0;0
132470;King Slime;12967;King Slime;50;"<span class="" eil""><span>[[King Slime|King Slime]]</span></span>";Slime Gun;1;66.67%;;1;1;0;0
132471;King Slime;12967;King Slime;50;"<span class="" eil""><span>[[King Slime|King Slime]]</span></span>";Lesser Healing Potion;5–15;100%;;1;1;1;1
132472;King Slime;12967;King Slime;50;"<span class="" eil""><span>[[King Slime|King Slime]]</span></span>";King Slime Mask;1;14.29%;;1;1;0;0
132473;King Slime;12967;King Slime;50;"<span class="" eil""><span>[[King Slime|King Slime]]</span></span>";King Slime Trophy;1;10%;;1;1;1;1
132474;King Slime;12967;King Slime;50;"<span class="" eil""><span>[[King Slime|King Slime]]</span></span>";Slime Staff;1;3.33%;;1;1;0;0
132475;King Slime;12967;King Slime;50;"<span class="" eil""><span>[[King Slime|King Slime]]</span></span>";Treasure Bag (King Slime);1;"[[Expert Mode|<span class=""mode-exclusive expert"" >100%</span>]]";;1;0;1;1
132476;King Slime;12967;Treasure Bag (King Slime);50;"<span class="" eil""><span>[[Treasure Bag (King Slime)|Treasure Bag]]</span></span><br/><span class=""note-text "">(King Slime)</span>";Royal Gel;1;100%;;0;0;1;1
132477;King Slime;12967;Treasure Bag (King Slime);50;"<span class="" eil""><span>[[Treasure Bag (King Slime)|Treasure Bag]]</span></span><br/><span class=""note-text "">(King Slime)</span>";King Slime Mask;1;14.29%;;0;0;1;1
132478;King Slime;12967;Treasure Bag (King Slime);50;"<span class="" eil""><span>[[Treasure Bag (King Slime)|Treasure Bag]]</span></span><br/><span class=""note-text "">(King Slime)</span>";Slimy Saddle;1;"[[Expert Mode|<span class=""mode-exclusive expert"" >50%</span>]]";;0;0;1;1
132479;King Slime;12967;Treasure Bag (King Slime);50;"<span class="" eil""><span>[[Treasure Bag (King Slime)|Treasure Bag]]</span></span><br/><span class=""note-text "">(King Slime)</span>";Ninja Hood;1;67%;;0;0;1;1
132480;King Slime;12967;Treasure Bag (King Slime);50;"<span class="" eil""><span>[[Treasure Bag (King Slime)|Treasure Bag]]</span></span><br/><span class=""note-text "">(King Slime)</span>";Ninja Shirt;1;67%;;0;0;1;1
132481;King Slime;12967;Treasure Bag (King Slime);50;"<span class="" eil""><span>[[Treasure Bag (King Slime)|Treasure Bag]]</span></span><br/><span class=""note-text "">(King Slime)</span>";Ninja Pants;1;67%;;0;0;1;1
132482;King Slime;12967;Treasure Bag (King Slime);50;"<span class="" eil""><span>[[Treasure Bag (King Slime)|Treasure Bag]]</span></span><br/><span class=""note-text "">(King Slime)</span>";Slime Gun;1;"[[Expert Mode|<span class=""mode-exclusive expert"" >50%</span>]]";;0;0;1;1
132483;King Slime;12967;Treasure Bag (King Slime);50;"<span class="" eil""><span>[[Treasure Bag (King Slime)|Treasure Bag]]</span></span><br/><span class=""note-text "">(King Slime)</span>";Slime Hook;1;"[[Expert Mode|<span class=""mode-exclusive expert"" >50%</span>]]";;0;0;1;1
132484;King Slime;12967;Treasure Bag (King Slime);50;"<span class="" eil""><span>[[Treasure Bag (King Slime)|Treasure Bag]]</span></span><br/><span class=""note-text "">(King Slime)</span>";Solidifier;1;100%;;0;0;1;1
132485;King Slime;12967;Treasure Bag (King Slime);50;"<span class="" eil""><span>[[Treasure Bag (King Slime)|Treasure Bag]]</span></span><br/><span class=""note-text "">(King Slime)</span>";Slime Staff;1;3.33%;;0;0;1;1
132486;King Slime;12967;Treasure Bag (King Slime);50;"<span class="" eil""><span>[[Treasure Bag (King Slime)|Treasure Bag]]</span></span><br/><span class=""note-text "">(King Slime)</span>";Gold Coin;;100%;"[[Coins]] ([[NPC drops#Coin drops|<span class=""coin"" data-sort-value=""25000"" title=""2 Gold 50 Silver Coins""><span class=""gc"">2<span class=""t""> Gold </span></span><span class=""sc"">50<span class=""t""> Silver</span></span></span>]])";0;0;1;1
132487;King Slime;12967;King Slime;50;"<span class="" eil""><span>[[King Slime|King Slime]]</span></span>";Royal Delight;1;"[[Master Mode|<span class=""mode-exclusive master"" >25%</span>]]";;1;0;0;1
132488;King Slime;12967;King Slime;50;"<span class="" eil""><span>[[King Slime|King Slime]]</span></span>";King Slime Relic;1;"[[Master Mode|<span class=""mode-exclusive master"" >100%</span>]]";;1;0;0;1
132489;Eye of Cthulhu;13236;Eye of Cthulhu;4;"<span class="" eil""><span>[[Eye of Cthulhu|Eye of Cthulhu]]</span></span>";Badger's Hat;;100%;"<span class=""i -w"">[[File:Badger's Hat.png|link=Badger's Hat|Badger's Hat]]<span><span>[[Badger's Hat]]</span><span class=""note"">(when defeated on the same day<br/>as the [[Wall of Flesh]]) [[Category:Pages with information based on outdated versions of Terraria's source code]]</span></span></span>";1;1;1;1
132490;Eye of Cthulhu;13236;Eye of Cthulhu;4;"<span class="" eil""><span>[[Eye of Cthulhu|Eye of Cthulhu]]</span></span>";Binoculars;1;2.5%;;1;1;0;0
132491;Eye of Cthulhu;13236;Eye of Cthulhu;4;"<span class="" eil""><span>[[Eye of Cthulhu|Eye of Cthulhu]]</span></span>";Unholy Arrow;20–50;100%;;1;1;0;0
132492;Eye of Cthulhu;13236;Eye of Cthulhu;4;"<span class="" eil""><span>[[Eye of Cthulhu|Eye of Cthulhu]]</span></span>";Demonite Ore;30–90;100%;;1;1;0;0
132493;Eye of Cthulhu;13236;Eye of Cthulhu;4;"<span class="" eil""><span>[[Eye of Cthulhu|Eye of Cthulhu]]</span></span>";Corrupt Seeds;1–3;100%;;1;1;0;0
132494;Eye of Cthulhu;13236;Eye of Cthulhu;4;"<span class="" eil""><span>[[Eye of Cthulhu|Eye of Cthulhu]]</span></span>";Demon Altar;;100%;"<span class=""i -w"">[[File:Demon Altar (item).png|link=Demon Altar|Demon Altar]]<span><span>[[Demon Altar]]</span><span class=""note"">(when no [[altar]] is placed in world<br/>with additional [[Eye of Cthulhu#Notes|conditions]])</span></span></span>";1;1;1;1
132495;Eye of Cthulhu;13236;Eye of Cthulhu;4;"<span class="" eil""><span>[[Eye of Cthulhu|Eye of Cthulhu]]</span></span>";Crimtane Ore;30–90;100%;;1;1;0;0
132496;Eye of Cthulhu;13236;Eye of Cthulhu;4;"<span class="" eil""><span>[[Eye of Cthulhu|Eye of Cthulhu]]</span></span>";Crimson Seeds;1–3;100%;;1;1;0;0
132497;Eye of Cthulhu;13236;Eye of Cthulhu;4;"<span class="" eil""><span>[[Eye of Cthulhu|Eye of Cthulhu]]</span></span>";Crimson Altar;;100%;"<span class=""i -w"">[[File:Crimson Altar (item).png|link=Crimson Altar|Crimson Altar]]<span><span>[[Crimson Altar]]</span><span class=""note"">(when no [[altar]] is placed in world<br/>with additional [[Eye of Cthulhu#Notes|conditions]])</span></span></span>";1;1;1;1
132498;Eye of Cthulhu;13236;Eye of Cthulhu;4;"<span class="" eil""><span>[[Eye of Cthulhu|Eye of Cthulhu]]</span></span>";Lesser Healing Potion;5–15;100%;;1;1;1;1
132499;Eye of Cthulhu;13236;Eye of Cthulhu;4;"<span class="" eil""><span>[[Eye of Cthulhu|Eye of Cthulhu]]</span></span>";Eye of Cthulhu Mask;1;14.29%;;1;1;0;0
132500;Eye of Cthulhu;13236;Eye of Cthulhu;4;"<span class="" eil""><span>[[Eye of Cthulhu|Eye of Cthulhu]]</span></span>";Eye of Cthulhu Trophy;1;10%;;1;1;1;1
132501;Eye of Cthulhu;13236;Eye of Cthulhu;4;"<span class="" eil""><span>[[Eye of Cthulhu|Eye of Cthulhu]]</span></span>";Treasure Bag (Eye of Cthulhu);1;"[[Expert Mode|<span class=""mode-exclusive expert"" >100%</span>]]";;1;0;1;1
132502;Eye of Cthulhu;13236;Treasure Bag (Eye of Cthulhu);4;"<span class="" eil""><span>[[Treasure Bag (Eye of Cthulhu)|Treasure Bag]]</span></span><br/><span class=""note-text "">(Eye of Cthulhu)</span>";Shield of Cthulhu;1;100%;;0;0;1;1
132503;Eye of Cthulhu;13236;Treasure Bag (Eye of Cthulhu);4;"<span class="" eil""><span>[[Treasure Bag (Eye of Cthulhu)|Treasure Bag]]</span></span><br/><span class=""note-text "">(Eye of Cthulhu)</span>";Eye of Cthulhu Mask;1;14.29%;;0;0;1;1
132504;Eye of Cthulhu;13236;Treasure Bag (Eye of Cthulhu);4;"<span class="" eil""><span>[[Treasure Bag (Eye of Cthulhu)|Treasure Bag]]</span></span><br/><span class=""note-text "">(Eye of Cthulhu)</span>";Binoculars;1;"[[Expert Mode|<span class=""mode-exclusive expert"" >3.33%</span>]]";;0;0;1;1
132505;Eye of Cthulhu;13236;Treasure Bag (Eye of Cthulhu);4;"<span class="" eil""><span>[[Treasure Bag (Eye of Cthulhu)|Treasure Bag]]</span></span><br/><span class=""note-text "">(Eye of Cthulhu)</span>";Gold Coin;;100%;"[[Coins]] ([[NPC drops#Coin drops|<span class=""coin"" data-sort-value=""75000"" title=""7 Gold 50 Silver Coins""><span class=""gc"">7<span class=""t""> Gold </span></span><span class=""sc"">50<span class=""t""> Silver</span></span></span>]])";0;0;1;1
132506;Eye of Cthulhu;13236;Treasure Bag (Eye of Cthulhu);4;"<span class="" eil""><span>[[Treasure Bag (Eye of Cthulhu)|Treasure Bag]]</span></span><br/><span class=""note-text "">(Eye of Cthulhu)</span>";Unholy Arrow;20–50;100%;;0;0;1;1
132507;Eye of Cthulhu;13236;Treasure Bag (Eye of Cthulhu);4;"<span class="" eil""><span>[[Treasure Bag (Eye of Cthulhu)|Treasure Bag]]</span></span><br/><span class=""note-text "">(Eye of Cthulhu)</span>";Demonite Ore;30–90;100%;;0;0;1;1
132508;Eye of Cthulhu;13236;Treasure Bag (Eye of Cthulhu);4;"<span class="" eil""><span>[[Treasure Bag (Eye of Cthulhu)|Treasure Bag]]</span></span><br/><span class=""note-text "">(Eye of Cthulhu)</span>";Corrupt Seeds;1–3;100%;;0;0;1;1
132509;Eye of Cthulhu;13236;Treasure Bag (Eye of Cthulhu);4;"<span class="" eil""><span>[[Treasure Bag (Eye of Cthulhu)|Treasure Bag]]</span></span><br/><span class=""note-text "">(Eye of Cthulhu)</span>";Crimtane Ore;30–90;100%;;0;0;1;1
132510;Eye of Cthulhu;13236;Treasure Bag (Eye of Cthulhu);4;"<span class="" eil""><span>[[Treasure Bag (Eye of Cthulhu)|Treasure Bag]]</span></span><br/><span class=""note-text "">(Eye of Cthulhu)</span>";Crimson Seeds;1–3;100%;;0;0;1;1
132511;Eye of Cthulhu;13236;Eye of Cthulhu;4;"<span class="" eil""><span>[[Eye of Cthulhu|Eye of Cthulhu]]</span></span>";Eye of Cthulhu Relic;1;"[[Master Mode|<span class=""mode-exclusive master"" >100%</span>]]";;1;0;0;1
132512;Eye of Cthulhu;13236;Eye of Cthulhu;4;"<span class="" eil""><span>[[Eye of Cthulhu|Eye of Cthulhu]]</span></span>";0x33's Aviators;1;"[[Master Mode|<span class=""mode-exclusive master"" >100%</span>]]";;1;0;0;1
132513;Eye of Cthulhu;13236;Eye of Cthulhu;4;"<span class="" eil""><span>[[Eye of Cthulhu|Eye of Cthulhu]]</span></span>";Suspicious Grinning Eye;1;"[[Master Mode|<span class=""mode-exclusive master"" >25%</span>]]";;1;0;0;1
132516;Goblin Scout;9320;Goblin Scout;73;"<span class="" eil""><span>[[Goblin Scout|Goblin Scout]]</span></span>";Tattered Cloth;1–2;100%;;1;1;1;1
132519;Hellbat;12407;Hellbat;60;"<span class="" eil""><span>[[Hellbat|Hellbat]]</span></span>";Magma Stone;1;0.67%;;1;1;1;1
132520;Hellbat;12407;Hellbat;60;"<span class="" eil""><span>[[Hellbat|Hellbat]]</span></span>";Bat Bat;1;0.33%;;1;1;1;1
132521;Guide;4724;Guide;22;"<span class="" eil""><span>[[Guide|Guide]]</span></span>";Green Cap;;100%;"<span class=""i"">[[File:Green Cap.png|link=Green Cap|Green Cap]]<span><span>[[Green Cap]]</span></span></span> <div class=""note-text "">(Only if name is Andrew)</div>";1;1;1;1
132522;Queen Bee;5246;Queen Bee;222;"<span class="" eil""><span>[[Queen Bee|Queen Bee]]</span></span>";Bee Gun;1;33%;;1;1;0;0
132523;Queen Bee;5246;Queen Bee;222;"<span class="" eil""><span>[[Queen Bee|Queen Bee]]</span></span>";Bee Keeper;1;33%;;1;1;0;0
132524;Queen Bee;5246;Queen Bee;222;"<span class="" eil""><span>[[Queen Bee|Queen Bee]]</span></span>";The Bee's Knees;1;33%;;1;1;0;0
132525;Queen Bee;5246;Queen Bee;222;"<span class="" eil""><span>[[Queen Bee|Queen Bee]]</span></span>";Hive Wand;1;33%;;1;1;0;0
132526;Queen Bee;5246;Queen Bee;222;"<span class="" eil""><span>[[Queen Bee|Queen Bee]]</span></span>";Bee Hat;1;11%;;1;1;0;0
132527;Queen Bee;5246;Queen Bee;222;"<span class="" eil""><span>[[Queen Bee|Queen Bee]]</span></span>";Bee Shirt;1;11%;;1;1;0;0
132528;Queen Bee;5246;Queen Bee;222;"<span class="" eil""><span>[[Queen Bee|Queen Bee]]</span></span>";Bee Pants;1;11%;;1;1;0;0
132529;Queen Bee;5246;Queen Bee;222;"<span class="" eil""><span>[[Queen Bee|Queen Bee]]</span></span>";Honey Comb;1;33%;;1;1;0;0
132530;Queen Bee;5246;Queen Bee;222;"<span class="" eil""><span>[[Queen Bee|Queen Bee]]</span></span>";Nectar;1;6.7%;;1;1;0;0
132531;Queen Bee;5246;Queen Bee;222;"<span class="" eil""><span>[[Queen Bee|Queen Bee]]</span></span>";Queen of Bees;1;6.67%;;1;1;0;0
132532;Queen Bee;5246;Queen Bee;222;"<span class="" eil""><span>[[Queen Bee|Queen Bee]]</span></span>";Honeyed Goggles;1;5%;;1;1;0;0
132533;Queen Bee;5246;Queen Bee;222;"<span class="" eil""><span>[[Queen Bee|Queen Bee]]</span></span>";Beenade;10–30;75%;;1;1;0;0
132534;Queen Bee;5246;Queen Bee;222;"<span class="" eil""><span>[[Queen Bee|Queen Bee]]</span></span>";Bee Wax;16–26;100%;;1;1;0;0
132535;Queen Bee;5246;Queen Bee;222;"<span class="" eil""><span>[[Queen Bee|Queen Bee]]</span></span>";Bottled Honey;5–15;100%;;1;1;1;1
132536;Queen Bee;5246;Queen Bee;222;"<span class="" eil""><span>[[Queen Bee|Queen Bee]]</span></span>";Queen Bee Mask;1;14.29%;;1;1;0;0
132537;Queen Bee;5246;Queen Bee;222;"<span class="" eil""><span>[[Queen Bee|Queen Bee]]</span></span>";Queen Bee Trophy;1;10%;;1;1;1;1
132538;Queen Bee;5246;Queen Bee;222;"<span class="" eil""><span>[[Queen Bee|Queen Bee]]</span></span>";Treasure Bag (Queen Bee);1;"[[Expert Mode|<span class=""mode-exclusive expert"" >100%</span>]]";;1;0;1;1
132539;Queen Bee;5246;Treasure Bag (Queen Bee);222;"<span class="" eil""><span>[[Treasure Bag (Queen Bee)|Treasure Bag]]</span></span><br/><span class=""note-text "">(Queen Bee)</span>";Hive Pack;1;100%;;0;0;1;1
132540;Queen Bee;5246;Treasure Bag (Queen Bee);222;"<span class="" eil""><span>[[Treasure Bag (Queen Bee)|Treasure Bag]]</span></span><br/><span class=""note-text "">(Queen Bee)</span>";Queen Bee Mask;1;14.29%;;0;0;1;1
132541;Queen Bee;5246;Treasure Bag (Queen Bee);222;"<span class="" eil""><span>[[Treasure Bag (Queen Bee)|Treasure Bag]]</span></span><br/><span class=""note-text "">(Queen Bee)</span>";Bee Gun;1;33%;;0;0;1;1
132542;Queen Bee;5246;Treasure Bag (Queen Bee);222;"<span class="" eil""><span>[[Treasure Bag (Queen Bee)|Treasure Bag]]</span></span><br/><span class=""note-text "">(Queen Bee)</span>";Bee Keeper;1;33%;;0;0;1;1
132543;Queen Bee;5246;Treasure Bag (Queen Bee);222;"<span class="" eil""><span>[[Treasure Bag (Queen Bee)|Treasure Bag]]</span></span><br/><span class=""note-text "">(Queen Bee)</span>";The Bee's Knees;1;33%;;0;0;1;1
132544;Queen Bee;5246;Treasure Bag (Queen Bee);222;"<span class="" eil""><span>[[Treasure Bag (Queen Bee)|Treasure Bag]]</span></span><br/><span class=""note-text "">(Queen Bee)</span>";Hive Wand;1;"[[Expert Mode|<span class=""mode-exclusive expert"" >100%</span>]]";;0;0;1;1
132545;Queen Bee;5246;Treasure Bag (Queen Bee);222;"<span class="" eil""><span>[[Treasure Bag (Queen Bee)|Treasure Bag]]</span></span><br/><span class=""note-text "">(Queen Bee)</span>";Bee Hat;1;"[[Expert Mode|<span class=""mode-exclusive expert"" >33%</span>]]";;0;0;1;1
132546;Queen Bee;5246;Treasure Bag (Queen Bee);222;"<span class="" eil""><span>[[Treasure Bag (Queen Bee)|Treasure Bag]]</span></span><br/><span class=""note-text "">(Queen Bee)</span>";Bee Shirt;1;"[[Expert Mode|<span class=""mode-exclusive expert"" >33%</span>]]";;0;0;1;1
132547;Queen Bee;5246;Treasure Bag (Queen Bee);222;"<span class="" eil""><span>[[Treasure Bag (Queen Bee)|Treasure Bag]]</span></span><br/><span class=""note-text "">(Queen Bee)</span>";Bee Pants;1;"[[Expert Mode|<span class=""mode-exclusive expert"" >33%</span>]]";;0;0;1;1
132548;Queen Bee;5246;Treasure Bag (Queen Bee);222;"<span class="" eil""><span>[[Treasure Bag (Queen Bee)|Treasure Bag]]</span></span><br/><span class=""note-text "">(Queen Bee)</span>";Honey Comb;1;33%;;0;0;1;1
132549;Queen Bee;5246;Treasure Bag (Queen Bee);222;"<span class="" eil""><span>[[Treasure Bag (Queen Bee)|Treasure Bag]]</span></span><br/><span class=""note-text "">(Queen Bee)</span>";Nectar;1;"[[Expert Mode|<span class=""mode-exclusive expert"" >11%</span>]]";;0;0;1;1
132550;Queen Bee;5246;Treasure Bag (Queen Bee);222;"<span class="" eil""><span>[[Treasure Bag (Queen Bee)|Treasure Bag]]</span></span><br/><span class=""note-text "">(Queen Bee)</span>";Queen of Bees;1;"[[Expert Mode|<span class=""mode-exclusive expert"" >11%</span>]]";;0;0;1;1
132551;Queen Bee;5246;Treasure Bag (Queen Bee);222;"<span class="" eil""><span>[[Treasure Bag (Queen Bee)|Treasure Bag]]</span></span><br/><span class=""note-text "">(Queen Bee)</span>";Honeyed Goggles;1;"[[Expert Mode|<span class=""mode-exclusive expert"" >11%</span>]]";;0;0;1;1
132552;Queen Bee;5246;Treasure Bag (Queen Bee);222;"<span class="" eil""><span>[[Treasure Bag (Queen Bee)|Treasure Bag]]</span></span><br/><span class=""note-text "">(Queen Bee)</span>";Beenade;"10–[[Expert Mode|<span class=""mode-exclusive expert"" >29</span>]]";"[[Expert Mode|<span class=""mode-exclusive expert"" >100%</span>]]";;0;0;1;1
132553;Queen Bee;5246;Treasure Bag (Queen Bee);222;"<span class="" eil""><span>[[Treasure Bag (Queen Bee)|Treasure Bag]]</span></span><br/><span class=""note-text "">(Queen Bee)</span>";Bee Wax;"[[Expert Mode|<span class=""mode-exclusive expert"" >17–30</span>]]";100%;;0;0;1;1
132554;Queen Bee;5246;Treasure Bag (Queen Bee);222;"<span class="" eil""><span>[[Treasure Bag (Queen Bee)|Treasure Bag]]</span></span><br/><span class=""note-text "">(Queen Bee)</span>";Gold Coin;;100%;"[[Coins]] ([[NPC drops#Coin drops|<span class=""coin"" data-sort-value=""125000"" title=""12 Gold 50 Silver Coins""><span class=""gc"">12<span class=""t""> Gold </span></span><span class=""sc"">50<span class=""t""> Silver</span></span></span>]])";0;0;1;1
132555;Queen Bee;5246;Queen Bee;222;"<span class="" eil""><span>[[Queen Bee|Queen Bee]]</span></span>";Sparkling Honey;1;"[[Master Mode|<span class=""mode-exclusive master"" >25%</span>]]";;1;0;0;1
132556;Queen Bee;5246;Queen Bee;222;"<span class="" eil""><span>[[Queen Bee|Queen Bee]]</span></span>";Queen Bee Relic;1;"[[Master Mode|<span class=""mode-exclusive master"" >100%</span>]]";;1;0;0;1
132557;Party Girl;6163;Party Girl;208;"<span class="" eil""><span>[[Party Girl|Party Girl]]</span></span>";Happy Grenade;;25%;"<span class=""i -w"">[[File:Happy Grenade.png|link=Happy Grenade|Happy Grenade]]<span><span>[[Happy Grenade]]</span><span class=""note2"">(30–60)</span></span></span>";1;1;1;1
132561;Skeletron Prime;13408;Skeletron Prime;127;"<span class="" eil""><span>[[Skeletron Prime|Skeletron Prime]]</span></span>";Soul of Fright;25–40;100%;;1;1;0;0
132562;Skeletron Prime;13408;Skeletron Prime;127;"<span class="" eil""><span>[[Skeletron Prime|Skeletron Prime]]</span></span>";Hallowed Bar;15–30;100%;;1;1;0;0
132563;Skeletron Prime;13408;Skeletron Prime;127;"<span class="" eil""><span>[[Skeletron Prime|Skeletron Prime]]</span></span>";Greater Healing Potion;5–15;100%;;1;1;1;1
132564;Skeletron Prime;13408;Skeletron Prime;127;"<span class="" eil""><span>[[Skeletron Prime|Skeletron Prime]]</span></span>";Skeletron Prime Mask;1;14.29%;;1;1;0;0
132565;Skeletron Prime;13408;Skeletron Prime;127;"<span class="" eil""><span>[[Skeletron Prime|Skeletron Prime]]</span></span>";Skeletron Prime Trophy;1;10%;;1;1;1;1
132566;Skeletron Prime;13408;Skeletron Prime;127;"<span class="" eil""><span>[[Skeletron Prime|Skeletron Prime]]</span></span>";Treasure Bag (Skeletron Prime);1;"[[Expert Mode|<span class=""mode-exclusive expert"" >100%</span>]]";;1;0;1;1
132567;Skeletron Prime;13408;Treasure Bag (Skeletron Prime);127;"<span class="" eil""><span>[[Treasure Bag (Skeletron Prime)|Treasure Bag]]</span></span><br/><span class=""note-text "">(Skeletron Prime)</span>";Mechanical Battery Piece;1;100%;;0;0;1;1
132568;Skeletron Prime;13408;Treasure Bag (Skeletron Prime);127;"<span class="" eil""><span>[[Treasure Bag (Skeletron Prime)|Treasure Bag]]</span></span><br/><span class=""note-text "">(Skeletron Prime)</span>";Skeletron Prime Mask;1;14.29%;;0;0;1;1
132569;Skeletron Prime;13408;Treasure Bag (Skeletron Prime);127;"<span class="" eil""><span>[[Treasure Bag (Skeletron Prime)|Treasure Bag]]</span></span><br/><span class=""note-text "">(Skeletron Prime)</span>";Soul of Fright;25–40;100%;;0;0;1;1
132570;Skeletron Prime;13408;Treasure Bag (Skeletron Prime);127;"<span class="" eil""><span>[[Treasure Bag (Skeletron Prime)|Treasure Bag]]</span></span><br/><span class=""note-text "">(Skeletron Prime)</span>";Hallowed Bar;20–35;100%;;0;0;1;1
132571;Skeletron Prime;13408;Treasure Bag (Skeletron Prime);127;"<span class="" eil""><span>[[Treasure Bag (Skeletron Prime)|Treasure Bag]]</span></span><br/><span class=""note-text "">(Skeletron Prime)</span>";Gold Coin;;100%;"[[Coins]] ([[NPC drops#Coin drops|<span class=""coin"" data-sort-value=""300000"" title=""30 Gold Coins""><span class=""gc"">30<span class=""t""> Gold</span></span></span>]])";0;0;1;1
132572;Skeletron Prime;13408;Skeletron Prime;127;"<span class="" eil""><span>[[Skeletron Prime|Skeletron Prime]]</span></span>";Robotic Skull;1;"[[Master Mode|<span class=""mode-exclusive master"" >25%</span>]]";;1;0;0;1
132573;Skeletron Prime;13408;Skeletron Prime;127;"<span class="" eil""><span>[[Skeletron Prime|Skeletron Prime]]</span></span>";Skeletron Prime Relic;1;"[[Master Mode|<span class=""mode-exclusive master"" >100%</span>]]";;1;0;0;1
132615;The Twins;12908;The Twins;125;"<span class="" eil""><span>[[The Twins|The Twins]]</span></span>";Soul of Sight;25–40;100%;;1;1;0;0
132616;The Twins;12908;The Twins;125;"<span class="" eil""><span>[[The Twins|The Twins]]</span></span>";Hallowed Bar;15–30;100%;;1;1;0;0
132617;The Twins;12908;The Twins;125;"<span class="" eil""><span>[[The Twins|The Twins]]</span></span>";Greater Healing Potion;5–15;100%;;1;1;1;1
132618;The Twins;12908;The Twins;125;"<span class="" eil""><span>[[The Twins|The Twins]]</span></span>";Twins Mask;1;14.29%;;1;1;0;0
132619;The Twins;12908;The Twins;125;"<span class="" eil""><span>[[The Twins|The Twins]]</span></span>";Treasure Bag (The Twins);1;"[[Expert Mode|<span class=""mode-exclusive expert"" >100%</span>]]";;1;0;1;1
132620;The Twins;12908;Treasure Bag (The Twins);125;"<span class="" eil""><span>[[Treasure Bag (The Twins)|Treasure Bag]]</span></span><br/><span class=""note-text "">(The Twins)</span>";Mechanical Wheel Piece;1;100%;;0;0;1;1
132621;The Twins;12908;Treasure Bag (The Twins);125;"<span class="" eil""><span>[[Treasure Bag (The Twins)|Treasure Bag]]</span></span><br/><span class=""note-text "">(The Twins)</span>";Twins Mask;1;14.29%;;0;0;1;1
132622;The Twins;12908;Treasure Bag (The Twins);125;"<span class="" eil""><span>[[Treasure Bag (The Twins)|Treasure Bag]]</span></span><br/><span class=""note-text "">(The Twins)</span>";Soul of Sight;25–40;100%;;0;0;1;1
132623;The Twins;12908;Treasure Bag (The Twins);125;"<span class="" eil""><span>[[Treasure Bag (The Twins)|Treasure Bag]]</span></span><br/><span class=""note-text "">(The Twins)</span>";Hallowed Bar;20–35;100%;;0;0;1;1
132624;The Twins;12908;Treasure Bag (The Twins);125;"<span class="" eil""><span>[[Treasure Bag (The Twins)|Treasure Bag]]</span></span><br/><span class=""note-text "">(The Twins)</span>";Gold Coin;;100%;"[[Coins]] ([[NPC drops#Coin drops|<span class=""coin"" data-sort-value=""300000"" title=""30 Gold Coins""><span class=""gc"">30<span class=""t""> Gold</span></span></span>]])";0;0;1;1
132625;The Twins;12908;The Twins;125;"<span class="" eil""><span>[[The Twins|The Twins]]</span></span>";Pair of Eyeballs;1;"[[Master Mode|<span class=""mode-exclusive master"" >25%</span>]]";;1;0;0;1
132626;The Twins;12908;The Twins;125;"<span class="" eil""><span>[[The Twins|The Twins]]</span></span>";Twins Relic;1;"[[Master Mode|<span class=""mode-exclusive master"" >100%</span>]]";;1;0;0;1
132627;The Twins;12908;Spazmatism;126;"<span class="" eil""><span>[[The Twins|Spazmatism]]</span></span><div class=""note-text "">(Second Form)</div>";Spazmatism Trophy;1;10%;;1;1;1;1
132628;The Twins;12908;Retinazer;125;"<span class="" eil""><span>[[The Twins|Retinazer]]</span></span><div class=""note-text "">(Second Form)</div>";Retinazer Trophy;1;10%;;1;1;1;1
132629;The Destroyer;10320;The Destroyer;134;"<span class="" eil""><span>[[The Destroyer|The Destroyer]]</span></span>";Soul of Might;25–40;100%;;1;1;0;0
132630;The Destroyer;10320;The Destroyer;134;"<span class="" eil""><span>[[The Destroyer|The Destroyer]]</span></span>";Hallowed Bar;15–30;100%;;1;1;0;0
132631;The Destroyer;10320;The Destroyer;134;"<span class="" eil""><span>[[The Destroyer|The Destroyer]]</span></span>";Greater Healing Potion;5–15;100%;;1;1;1;1
132632;The Destroyer;10320;The Destroyer;134;"<span class="" eil""><span>[[The Destroyer|The Destroyer]]</span></span>";Destroyer Mask;1;14.29%;;1;1;0;0
132633;The Destroyer;10320;The Destroyer;134;"<span class="" eil""><span>[[The Destroyer|The Destroyer]]</span></span>";Destroyer Trophy;1;10%;;1;1;1;1
132634;The Destroyer;10320;The Destroyer;134;"<span class="" eil""><span>[[The Destroyer|The Destroyer]]</span></span>";Treasure Bag (The Destroyer);1;"[[Expert Mode|<span class=""mode-exclusive expert"" >100%</span>]]";;1;0;1;1
132635;The Destroyer;10320;Treasure Bag (The Destroyer);134;"<span class="" eil""><span>[[Treasure Bag (The Destroyer)|Treasure Bag]]</span></span><br/><span class=""note-text "">(The Destroyer)</span>";Mechanical Wagon Piece;1;100%;;0;0;1;1
132636;The Destroyer;10320;Treasure Bag (The Destroyer);134;"<span class="" eil""><span>[[Treasure Bag (The Destroyer)|Treasure Bag]]</span></span><br/><span class=""note-text "">(The Destroyer)</span>";Destroyer Mask;1;14.29%;;0;0;1;1
132637;The Destroyer;10320;Treasure Bag (The Destroyer);134;"<span class="" eil""><span>[[Treasure Bag (The Destroyer)|Treasure Bag]]</span></span><br/><span class=""note-text "">(The Destroyer)</span>";Soul of Might;25–40;100%;;0;0;1;1
132638;The Destroyer;10320;Treasure Bag (The Destroyer);134;"<span class="" eil""><span>[[Treasure Bag (The Destroyer)|Treasure Bag]]</span></span><br/><span class=""note-text "">(The Destroyer)</span>";Hallowed Bar;20–35;100%;;0;0;1;1
132639;The Destroyer;10320;Treasure Bag (The Destroyer);134;"<span class="" eil""><span>[[Treasure Bag (The Destroyer)|Treasure Bag]]</span></span><br/><span class=""note-text "">(The Destroyer)</span>";Gold Coin;;100%;"[[Coins]] ([[NPC drops#Coin drops|<span class=""coin"" data-sort-value=""300000"" title=""30 Gold Coins""><span class=""gc"">30<span class=""t""> Gold</span></span></span>]])";0;0;1;1
132640;The Destroyer;10320;The Destroyer;134;"<span class="" eil""><span>[[The Destroyer|The Destroyer]]</span></span>";Deactivated Probe;1;"[[Master Mode|<span class=""mode-exclusive master"" >25%</span>]]";;1;0;0;1
132641;The Destroyer;10320;The Destroyer;134;"<span class="" eil""><span>[[The Destroyer|The Destroyer]]</span></span>";Destroyer Relic;1;"[[Master Mode|<span class=""mode-exclusive master"" >100%</span>]]";;1;0;0;1
132642;Mourning Wood;14963;Mourning Wood;325;"<span class="" eil""><span>[[Mourning Wood|Mourning Wood]]</span></span>";Spooky Hook;1;"<span class=""mode-content""><span class=""m-normal m-journey"">2.86–20%</span><span class=""m-expert-master"">[[Expert Mode|<span class=""mode-exclusive expert"" >5–20%</span>]]</span></span>";;1;1;1;1
132643;Mourning Wood;14963;Mourning Wood;325;"<span class="" eil""><span>[[Mourning Wood|Mourning Wood]]</span></span>";Spooky Twig;1;"<span class=""mode-content""><span class=""m-normal m-journey"">2.86–20%</span><span class=""m-expert-master"">[[Expert Mode|<span class=""mode-exclusive expert"" >5–20%</span>]]</span></span>";;1;1;1;1
132644;Mourning Wood;14963;Mourning Wood;325;"<span class="" eil""><span>[[Mourning Wood|Mourning Wood]]</span></span>";Stake Launcher;;"<span class=""mode-content""><span class=""m-normal m-journey"">2.86–20%</span><span class=""m-expert-master"">[[Expert Mode|<span class=""mode-exclusive expert"" >5–20%</span>]]</span></span>";"<span class=""i"">[[File:Stake Launcher.png|link=Stake Launcher|Stake Launcher]]<span><span>[[Stake Launcher]]</span></span></span>
: + <span class=""i"">[[File:Stake.png|link=Stake|Stake]]<span><span>[[Stake]]</span></span></span> (30–60)";1;1;1;1
132645;Mourning Wood;14963;Mourning Wood;325;"<span class="" eil""><span>[[Mourning Wood|Mourning Wood]]</span></span>";Stake;;"<span class=""mode-content""><span class=""m-normal m-journey"">2.86–20%</span><span class=""m-expert-master"">[[Expert Mode|<span class=""mode-exclusive expert"" >5–20%</span>]]</span></span>";"<span class=""i"">[[File:Stake Launcher.png|link=Stake Launcher|Stake Launcher]]<span><span>[[Stake Launcher]]</span></span></span>
: + <span class=""i"">[[File:Stake.png|link=Stake|Stake]]<span><span>[[Stake]]</span></span></span> (30–60)";1;1;1;1
132646;Mourning Wood;14963;Mourning Wood;325;"<span class="" eil""><span>[[Mourning Wood|Mourning Wood]]</span></span>";Cursed Sapling;1;"<span class=""mode-content""><span class=""m-normal m-journey"">2.86–20%</span><span class=""m-expert-master"">[[Expert Mode|<span class=""mode-exclusive expert"" >5–20%</span>]]</span></span>";;1;1;1;1
132647;Mourning Wood;14963;Mourning Wood;325;"<span class="" eil""><span>[[Mourning Wood|Mourning Wood]]</span></span>";Necromantic Scroll;1;"<span class=""mode-content""><span class=""m-normal m-journey"">2.86–20%</span><span class=""m-expert-master"">[[Expert Mode|<span class=""mode-exclusive expert"" >5–20%</span>]]</span></span>";;1;1;1;1
132648;Mourning Wood;14963;Mourning Wood;325;"<span class="" eil""><span>[[Mourning Wood|Mourning Wood]]</span></span>";Mourning Wood Trophy;;"<span class=""mode-content""><span class=""m-normal m-journey"">8.33–50%</span><span class=""m-expert-master"">[[Expert Mode|<span class=""mode-exclusive expert"" >27.27–60%</span>]]</span></span>";"<span class=""i -w"">[[File:Mourning Wood Trophy.png|link=Mourning Wood Trophy|Mourning Wood Trophy]]<span><span>[[Mourning Wood Trophy]]</span><span class=""note"">(During wave 15 and up)</span></span></span>";1;1;1;1
132649;Mourning Wood;14963;Mourning Wood;325;"<span class="" eil""><span>[[Mourning Wood|Mourning Wood]]</span></span>";Witch's Broom;1;"[[Expert Mode|<span class=""mode-exclusive expert"" >5–20%</span>]]";;1;0;1;1
132650;Mourning Wood;14963;Mourning Wood;325;"<span class="" eil""><span>[[Mourning Wood|Mourning Wood]]</span></span>";Mourning Wood Relic;1;"[[Master Mode|<span class=""mode-exclusive master"" >25–100%</span>]]";;1;0;0;1
132651;Mourning Wood;14963;Mourning Wood;325;"<span class="" eil""><span>[[Mourning Wood|Mourning Wood]]</span></span>";Hexxed Branch;1;"[[Master Mode|<span class=""mode-exclusive master"" >6.25–25%</span>]]";;1;0;0;1
132652;Mourning Wood;14963;Mourning Wood;325;"<span class="" eil""><span>[[Mourning Wood|Mourning Wood]]</span></span>";Spooky Wood;"<span class=""mode-content""><span class=""m-normal m-journey"">15–30</span><span class=""m-expert"">[[Expert Mode|<span class=""mode-exclusive expert"" >25–40</span>]]</span><span class=""m-master"">[[Master Mode|<span class=""mode-exclusive master"" >30–50</span>]]</span></span>";100%;;1;1;1;1
132740;I am error;71488;Chest;;"<span class="" eil""><span>[[Chest|Chest]]</span></span>";Bloody Machete;1;"<span class=""chance"">[[I am error#chest loot|More info]] <div class=""note-text "">(In [[I am error]] worlds)</div></span>";;0;1;1;1
132741;I am error;71488;Chest;;"<span class="" eil""><span>[[Chest|Chest]]</span></span>";Chain Knife;1;"<span class=""chance"">[[I am error#chest loot|More info]] <div class=""note-text "">(In [[I am error]] worlds)</div></span>";;0;1;1;1
132742;I am error;71488;Chest;;"<span class="" eil""><span>[[Chest|Chest]]</span></span>";Code 1;1;"<span class=""chance"">[[I am error#chest loot|More info]] <div class=""note-text "">(In [[I am error]] worlds)</div></span>";;0;1;1;1
132743;I am error;71488;Chest;;"<span class="" eil""><span>[[Chest|Chest]]</span></span>";Combat Wrench;1;"<span class=""chance"">[[I am error#chest loot|More info]] <div class=""note-text "">(In [[I am error]] worlds)</div></span>";;0;1;1;1
132744;I am error;71488;Chest;;"<span class="" eil""><span>[[Chest|Chest]]</span></span>";Gray Zapinator;1;"<span class=""chance"">[[I am error#chest loot|More info]] <div class=""note-text "">(In [[I am error]] worlds)</div></span>";;0;1;1;1
132745;I am error;71488;Chest;;"<span class="" eil""><span>[[Chest|Chest]]</span></span>";Paintball Gun;1;"<span class=""chance"">[[I am error#chest loot|More info]] <div class=""note-text "">(In [[I am error]] worlds)</div></span>";;0;1;1;1
132746;I am error;71488;Chest;;"<span class="" eil""><span>[[Chest|Chest]]</span></span>";Slime Staff;1;"<span class=""chance"">[[I am error#chest loot|More info]] <div class=""note-text "">(In [[I am error]] worlds)</div></span>";;0;1;1;1
132747;I am error;71488;Chest;;"<span class="" eil""><span>[[Chest|Chest]]</span></span>";Stylish Scissors;1;"<span class=""chance"">[[I am error#chest loot|More info]] <div class=""note-text "">(In [[I am error]] worlds)</div></span>";;0;1;1;1
132748;I am error;71488;Chest;;"<span class="" eil""><span>[[Chest|Chest]]</span></span>";Terragrim;1;"<span class=""chance"">[[I am error#chest loot|More info]] <div class=""note-text "">(In [[I am error]] worlds)</div></span>";;0;1;1;1
132749;I am error;71488;Chest;;"<span class="" eil""><span>[[Chest|Chest]]</span></span>";Vampire Frog Staff;1;"<span class=""chance"">[[I am error#chest loot|More info]] <div class=""note-text "">(In [[I am error]] worlds)</div></span>";;0;1;1;1
132750;I am error;71488;Chest;;"<span class="" eil""><span>[[Chest|Chest]]</span></span>";Anti-Gravity Hook;1;"<span class=""chance"">[[I am error#chest loot|More info]] <div class=""note-text "">(In [[I am error]] worlds)</div></span>";;0;1;1;1
132751;I am error;71488;Chest;;"<span class="" eil""><span>[[Chest|Chest]]</span></span>";Hook of Dissonance;1;"<span class=""chance"">[[I am error#chest loot|More info]] <div class=""note-text "">(In [[I am error]] worlds)</div></span>";;0;1;1;1
132752;I am error;71488;Chest;;"<span class="" eil""><span>[[Chest|Chest]]</span></span>";Static Hook;1;"<span class=""chance"">[[I am error#chest loot|More info]] <div class=""note-text "">(In [[I am error]] worlds)</div></span>";;0;1;1;1
132753;I am error;71488;Chest;;"<span class="" eil""><span>[[Chest|Chest]]</span></span>";Reaver Shark;1;"<span class=""chance"">[[I am error#chest loot|More info]] <div class=""note-text "">(In [[I am error]] worlds)</div></span>";;0;1;1;1
132754;I am error;71488;Chest;;"<span class="" eil""><span>[[Chest|Chest]]</span></span>";Sawtooth Shark;1;"<span class=""chance"">[[I am error#chest loot|More info]] <div class=""note-text "">(In [[I am error]] worlds)</div></span>";;0;1;1;1
132755;I am error;71488;Chest;;"<span class="" eil""><span>[[Chest|Chest]]</span></span>";Gravedigger's Shovel;1;"<span class=""chance"">[[I am error#chest loot|More info]] <div class=""note-text "">(In [[I am error]] worlds)</div></span>";;0;1;1;1
132756;I am error;71488;Chest;;"<span class="" eil""><span>[[Chest|Chest]]</span></span>";Fart in a Balloon;1;"<span class=""chance"">[[I am error#chest loot|More info]] <div class=""note-text "">(In [[I am error]] worlds)</div></span>";;0;1;1;1
132757;I am error;71488;Chest;;"<span class="" eil""><span>[[Chest|Chest]]</span></span>";Jetpack;1;"<span class=""chance"">[[I am error#chest loot|More info]] <div class=""note-text "">(In [[I am error]] worlds)</div></span>";;0;1;1;1
132758;I am error;71488;Chest;;"<span class="" eil""><span>[[Chest|Chest]]</span></span>";Magic Quiver;1;"<span class=""chance"">[[I am error#chest loot|More info]] <div class=""note-text "">(In [[I am error]] worlds)</div></span>";;0;1;1;1
132759;I am error;71488;Chest;;"<span class="" eil""><span>[[Chest|Chest]]</span></span>";Moon Charm;1;"<span class=""chance"">[[I am error#chest loot|More info]] <div class=""note-text "">(In [[I am error]] worlds)</div></span>";;0;1;1;1
132760;I am error;71488;Chest;;"<span class="" eil""><span>[[Chest|Chest]]</span></span>";Yoyo Glove;1;"<span class=""chance"">[[I am error#chest loot|More info]] <div class=""note-text "">(In [[I am error]] worlds)</div></span>";;0;1;1;1
132761;I am error;71488;Chest;;"<span class="" eil""><span>[[Chest|Chest]]</span></span>";Lawn Flamingo;1;"<span class=""chance"">[[I am error#chest loot|More info]] <div class=""note-text "">(In [[I am error]] worlds)</div></span>";;0;1;1;1
132762;I am error;71488;Chest;;"<span class="" eil""><span>[[Chest|Chest]]</span></span>";Strange Plant;1;"<span class=""chance"">[[I am error#chest loot|More info]] <div class=""note-text "">(In [[I am error]] worlds)</div></span>";;0;1;1;1
132763;I am error;71488;Chest;;"<span class="" eil""><span>[[Chest|Chest]]</span></span>";Universal Pylon;1;"<span class=""chance"">[[I am error#chest loot|More info]] <div class=""note-text "">(In [[I am error]] worlds)</div></span>";;0;1;1;1
132764;I am error;71488;Chest;;"<span class="" eil""><span>[[Chest|Chest]]</span></span>";Kwad Racer Drone;1;"<span class=""chance"">[[I am error#chest loot|More info]] <div class=""note-text "">(In [[I am error]] worlds)</div></span>";;0;1;1;1
132765;I am error;71488;Chest;;"<span class="" eil""><span>[[Chest|Chest]]</span></span>";Magic Hat;1;"<span class=""chance"">[[I am error#chest loot|More info]] <div class=""note-text "">(In [[I am error]] worlds)</div></span>";;0;1;1;1
132766;I am error;71488;Chest;;"<span class="" eil""><span>[[Chest|Chest]]</span></span>";Ultrabright Helmet;1;"<span class=""chance"">[[I am error#chest loot|More info]] <div class=""note-text "">(In [[I am error]] worlds)</div></span>";;0;1;1;1
132767;I am error;71488;Chest;;"<span class="" eil""><span>[[Chest|Chest]]</span></span>";Wizard Hat;1;"<span class=""chance"">[[I am error#chest loot|More info]] <div class=""note-text "">(In [[I am error]] worlds)</div></span>";;0;1;1;1
132768;I am error;71488;Chest;;"<span class="" eil""><span>[[Chest|Chest]]</span></span>";Magic Lantern;1;"<span class=""chance"">[[I am error#chest loot|More info]] <div class=""note-text "">(In [[I am error]] worlds)</div></span>";;0;1;1;1
132827;Golem;14022;Golem;;"<span class="" eil""><span>[[Golem|Golem]]</span></span>";Picksaw;1;25%;;1;1;0;0
132828;Golem;14022;Golem;;"<span class="" eil""><span>[[Golem|Golem]]</span></span>";Beetle Husk;4–8;100%;;1;1;0;0
132829;Golem;14022;Golem;;"<span class="" eil""><span>[[Golem|Golem]]</span></span>";Stynger;;14.29%;"<span class=""i"">[[File:Stynger.png|link=Stynger|Stynger]]<span><span>[[Stynger]]</span></span></span>
:+ <span class=""i"">[[File:Stynger Bolt.png|link=Stynger Bolt|Stynger Bolt]]<span><span>[[Stynger Bolt]]</span></span></span> (60–99)";1;1;0;0
132830;Golem;14022;Golem;;"<span class="" eil""><span>[[Golem|Golem]]</span></span>";Stynger Bolt;;14.29%;"<span class=""i"">[[File:Stynger.png|link=Stynger|Stynger]]<span><span>[[Stynger]]</span></span></span>
:+ <span class=""i"">[[File:Stynger Bolt.png|link=Stynger Bolt|Stynger Bolt]]<span><span>[[Stynger Bolt]]</span></span></span> (60–99)";1;1;0;0
132831;Golem;14022;Golem;;"<span class="" eil""><span>[[Golem|Golem]]</span></span>";Possessed Hatchet;1;14.29%;;1;1;0;0
132832;Golem;14022;Golem;;"<span class="" eil""><span>[[Golem|Golem]]</span></span>";Sun Stone;1;14.29%;;1;1;0;0
132833;Golem;14022;Golem;;"<span class="" eil""><span>[[Golem|Golem]]</span></span>";Eye of the Golem;1;14.29%;;1;1;0;0
132834;Golem;14022;Golem;;"<span class="" eil""><span>[[Golem|Golem]]</span></span>";Heat Ray;1;14.29%;;1;1;0;0
132835;Golem;14022;Golem;;"<span class="" eil""><span>[[Golem|Golem]]</span></span>";Staff of Earth;1;14.29%;;1;1;0;0
132836;Golem;14022;Golem;;"<span class="" eil""><span>[[Golem|Golem]]</span></span>";Golem Fist;1;14.29%;;1;1;0;0
132837;Golem;14022;Golem;;"<span class="" eil""><span>[[Golem|Golem]]</span></span>";Mobius Strip;1;16.67%;;1;1;0;0
132838;Golem;14022;Golem;;"<span class="" eil""><span>[[Golem|Golem]]</span></span>";Greater Healing Potion;5-15;100%;;1;1;1;1
132839;Golem;14022;Golem;;"<span class="" eil""><span>[[Golem|Golem]]</span></span>";Golem Mask;1;14.29%;;1;1;0;0
132840;Golem;14022;Golem;;"<span class="" eil""><span>[[Golem|Golem]]</span></span>";Golem Trophy;1;10%;;1;1;1;1
132841;Golem;14022;Golem;;"<span class="" eil""><span>[[Golem|Golem]]</span></span>";Treasure Bag (Golem);1;"[[Expert Mode|<span class=""mode-exclusive expert"" >100%</span>]]";;1;0;1;1
132842;Golem;14022;Treasure Bag (Golem);;"<span class="" eil""><span>[[Treasure Bag (Golem)|Treasure Bag]]</span></span><br/><span class=""note-text "">(Golem)</span>";Shiny Stone;1;100%;;0;0;1;1
132843;Golem;14022;Treasure Bag (Golem);;"<span class="" eil""><span>[[Treasure Bag (Golem)|Treasure Bag]]</span></span><br/><span class=""note-text "">(Golem)</span>";Golem Mask;1;14.29%;;0;0;1;1
132844;Golem;14022;Treasure Bag (Golem);;"<span class="" eil""><span>[[Treasure Bag (Golem)|Treasure Bag]]</span></span><br/><span class=""note-text "">(Golem)</span>";Picksaw;1;33.33%;;0;0;1;1
132845;Golem;14022;Treasure Bag (Golem);;"<span class="" eil""><span>[[Treasure Bag (Golem)|Treasure Bag]]</span></span><br/><span class=""note-text "">(Golem)</span>";Stynger;;14.29%;"<span class=""i"">[[File:Stynger.png|link=Stynger|Stynger]]<span><span>[[Stynger]]</span></span></span>
:+ <span class=""i"">[[File:Stynger Bolt.png|link=Stynger Bolt|Stynger Bolt]]<span><span>[[Stynger Bolt]]</span></span></span> (60–99)";0;0;1;1
132846;Golem;14022;Treasure Bag (Golem);;"<span class="" eil""><span>[[Treasure Bag (Golem)|Treasure Bag]]</span></span><br/><span class=""note-text "">(Golem)</span>";Stynger Bolt;;14.29%;"<span class=""i"">[[File:Stynger.png|link=Stynger|Stynger]]<span><span>[[Stynger]]</span></span></span>
:+ <span class=""i"">[[File:Stynger Bolt.png|link=Stynger Bolt|Stynger Bolt]]<span><span>[[Stynger Bolt]]</span></span></span> (60–99)";0;0;1;1
132847;Golem;14022;Treasure Bag (Golem);;"<span class="" eil""><span>[[Treasure Bag (Golem)|Treasure Bag]]</span></span><br/><span class=""note-text "">(Golem)</span>";Possessed Hatchet;1;14.29%;;0;0;1;1
132848;Golem;14022;Treasure Bag (Golem);;"<span class="" eil""><span>[[Treasure Bag (Golem)|Treasure Bag]]</span></span><br/><span class=""note-text "">(Golem)</span>";Sun Stone;1;14.29%;;0;0;1;1
132849;Golem;14022;Treasure Bag (Golem);;"<span class="" eil""><span>[[Treasure Bag (Golem)|Treasure Bag]]</span></span><br/><span class=""note-text "">(Golem)</span>";Eye of the Golem;1;14.29%;;0;0;1;1
132850;Golem;14022;Treasure Bag (Golem);;"<span class="" eil""><span>[[Treasure Bag (Golem)|Treasure Bag]]</span></span><br/><span class=""note-text "">(Golem)</span>";Heat Ray;1;14.29%;;0;0;1;1
132851;Golem;14022;Treasure Bag (Golem);;"<span class="" eil""><span>[[Treasure Bag (Golem)|Treasure Bag]]</span></span><br/><span class=""note-text "">(Golem)</span>";Staff of Earth;1;14.29%;;0;0;1;1
132852;Golem;14022;Treasure Bag (Golem);;"<span class="" eil""><span>[[Treasure Bag (Golem)|Treasure Bag]]</span></span><br/><span class=""note-text "">(Golem)</span>";Golem Fist;1;14.29%;;0;0;1;1
132853;Golem;14022;Treasure Bag (Golem);;"<span class="" eil""><span>[[Treasure Bag (Golem)|Treasure Bag]]</span></span><br/><span class=""note-text "">(Golem)</span>";Mobius Strip;1;16.67%;;0;0;1;1
132854;Golem;14022;Treasure Bag (Golem);;"<span class="" eil""><span>[[Treasure Bag (Golem)|Treasure Bag]]</span></span><br/><span class=""note-text "">(Golem)</span>";Beetle Husk;18–23;100%;;0;0;1;1
132855;Golem;14022;Treasure Bag (Golem);;"<span class="" eil""><span>[[Treasure Bag (Golem)|Treasure Bag]]</span></span><br/><span class=""note-text "">(Golem)</span>";Gold Coin;;100%;"[[Coins]] ([[NPC drops#Coin drops|<span class=""coin"" data-sort-value=""375000"" title=""37 Gold 50 Silver Coins""><span class=""gc"">37<span class=""t""> Gold </span></span><span class=""sc"">50<span class=""t""> Silver</span></span></span>]])";0;0;1;1
132856;Golem;14022;Golem;;"<span class="" eil""><span>[[Golem|Golem]]</span></span>";Guardian Golem;1;"[[Master Mode|<span class=""mode-exclusive master"" >25%</span>]]";;1;0;0;1
132857;Golem;14022;Golem;;"<span class="" eil""><span>[[Golem|Golem]]</span></span>";Golem Relic;1;"[[Master Mode|<span class=""mode-exclusive master"" >100%</span>]]";;1;0;0;1
132885;Duke Fishron;13225;Duke Fishron;370;"<span class="" eil""><span>[[Duke Fishron|Duke Fishron]]</span></span><div class=""note-text "">(Second/[[Expert Mode|<span class=""mode-exclusive expert"" >Third</span>]] Phase)</div>";Bubble Gun;;14.29%;"<span class=""i"">[[File:Bubble Gun.png|link=Bubble Gun|Bubble Gun]]<span><span>[[Bubble Gun]]</span></span></span> <div class=""note-text "">(In regular worlds)</div>";1;1;0;0
132886;Duke Fishron;13225;Duke Fishron;370;"<span class="" eil""><span>[[Duke Fishron|Duke Fishron]]</span></span><div class=""note-text "">(Second/[[Expert Mode|<span class=""mode-exclusive expert"" >Third</span>]] Phase)</div>";Aqua Scepter;;14.29%;"<span class=""i"">[[File:Aqua Scepter.png|link=Aqua Scepter|Aqua Scepter]]<span><span>[[Aqua Scepter]]</span></span></span> <div class=""note-text "">(In [[Remix]] worlds)</div>";1;1;0;0
132887;Duke Fishron;13225;Duke Fishron;370;"<span class="" eil""><span>[[Duke Fishron|Duke Fishron]]</span></span><div class=""note-text "">(Second/[[Expert Mode|<span class=""mode-exclusive expert"" >Third</span>]] Phase)</div>";Flairon;1;14.29%;;1;1;0;0
132888;Duke Fishron;13225;Duke Fishron;370;"<span class="" eil""><span>[[Duke Fishron|Duke Fishron]]</span></span><div class=""note-text "">(Second/[[Expert Mode|<span class=""mode-exclusive expert"" >Third</span>]] Phase)</div>";Razorblade Typhoon;1;14.29%;;1;1;0;0
132889;Duke Fishron;13225;Duke Fishron;370;"<span class="" eil""><span>[[Duke Fishron|Duke Fishron]]</span></span><div class=""note-text "">(Second/[[Expert Mode|<span class=""mode-exclusive expert"" >Third</span>]] Phase)</div>";Tempest Staff;1;14.29%;;1;1;0;0
132890;Duke Fishron;13225;Duke Fishron;370;"<span class="" eil""><span>[[Duke Fishron|Duke Fishron]]</span></span><div class=""note-text "">(Second/[[Expert Mode|<span class=""mode-exclusive expert"" >Third</span>]] Phase)</div>";Tsunami;1;14.29%;;1;1;0;0
132891;Duke Fishron;13225;Duke Fishron;370;"<span class="" eil""><span>[[Duke Fishron|Duke Fishron]]</span></span><div class=""note-text "">(Second/[[Expert Mode|<span class=""mode-exclusive expert"" >Third</span>]] Phase)</div>";Electric Eel;1;14.29%;;1;1;0;0
132892;Duke Fishron;13225;Duke Fishron;370;"<span class="" eil""><span>[[Duke Fishron|Duke Fishron]]</span></span><div class=""note-text "">(Second/[[Expert Mode|<span class=""mode-exclusive expert"" >Third</span>]] Phase)</div>";Kraken;1;14.29%;;1;1;0;0
132893;Duke Fishron;13225;Duke Fishron;370;"<span class="" eil""><span>[[Duke Fishron|Duke Fishron]]</span></span><div class=""note-text "">(Second/[[Expert Mode|<span class=""mode-exclusive expert"" >Third</span>]] Phase)</div>";Fishron Wings;1;6.67%;;1;1;0;0
132894;Duke Fishron;13225;Duke Fishron;370;"<span class="" eil""><span>[[Duke Fishron|Duke Fishron]]</span></span><div class=""note-text "">(Second/[[Expert Mode|<span class=""mode-exclusive expert"" >Third</span>]] Phase)</div>";Greater Healing Potion;5–15;100%;;1;1;1;1
132895;Duke Fishron;13225;Duke Fishron;370;"<span class="" eil""><span>[[Duke Fishron|Duke Fishron]]</span></span><div class=""note-text "">(Second/[[Expert Mode|<span class=""mode-exclusive expert"" >Third</span>]] Phase)</div>";Duke Fishron Mask;1;14.29%;;1;1;0;0
132896;Duke Fishron;13225;Duke Fishron;370;"<span class="" eil""><span>[[Duke Fishron|Duke Fishron]]</span></span><div class=""note-text "">(Second/[[Expert Mode|<span class=""mode-exclusive expert"" >Third</span>]] Phase)</div>";Duke Fishron Trophy;1;10%;;1;1;1;1
132897;Duke Fishron;13225;Duke Fishron;370;"<span class="" eil""><span>[[Duke Fishron|Duke Fishron]]</span></span><div class=""note-text "">(Second/[[Expert Mode|<span class=""mode-exclusive expert"" >Third</span>]] Phase)</div>";Treasure Bag (Duke Fishron);1;"[[Expert Mode|<span class=""mode-exclusive expert"" >100%</span>]]";;1;0;1;1
132898;Duke Fishron;13225;Treasure Bag (Duke Fishron);370;"<span class="" eil""><span>[[Treasure Bag (Duke Fishron)|Treasure Bag]]</span></span><br/><span class=""note-text "">(Duke Fishron)</span>";Shrimpy Truffle;1;100%;;0;0;1;1
132899;Duke Fishron;13225;Treasure Bag (Duke Fishron);370;"<span class="" eil""><span>[[Treasure Bag (Duke Fishron)|Treasure Bag]]</span></span><br/><span class=""note-text "">(Duke Fishron)</span>";Duke Fishron Mask;1;14.29%;;0;0;1;1
132900;Duke Fishron;13225;Treasure Bag (Duke Fishron);370;"<span class="" eil""><span>[[Treasure Bag (Duke Fishron)|Treasure Bag]]</span></span><br/><span class=""note-text "">(Duke Fishron)</span>";Bubble Gun;;14.29%;"<span class=""i"">[[File:Bubble Gun.png|link=Bubble Gun|Bubble Gun]]<span><span>[[Bubble Gun]]</span></span></span> <div class=""note-text "">(In regular worlds)</div>";0;0;1;1
132901;Duke Fishron;13225;Treasure Bag (Duke Fishron);370;"<span class="" eil""><span>[[Treasure Bag (Duke Fishron)|Treasure Bag]]</span></span><br/><span class=""note-text "">(Duke Fishron)</span>";Aqua Scepter;;14.29%;"<span class=""i"">[[File:Aqua Scepter.png|link=Aqua Scepter|Aqua Scepter]]<span><span>[[Aqua Scepter]]</span></span></span> <div class=""note-text "">(In [[Remix]] worlds)</div>";0;0;1;1
132902;Duke Fishron;13225;Treasure Bag (Duke Fishron);370;"<span class="" eil""><span>[[Treasure Bag (Duke Fishron)|Treasure Bag]]</span></span><br/><span class=""note-text "">(Duke Fishron)</span>";Flairon;1;14.29%;;0;0;1;1
132903;Duke Fishron;13225;Treasure Bag (Duke Fishron);370;"<span class="" eil""><span>[[Treasure Bag (Duke Fishron)|Treasure Bag]]</span></span><br/><span class=""note-text "">(Duke Fishron)</span>";Razorblade Typhoon;1;14.29%;;0;0;1;1
132904;Duke Fishron;13225;Treasure Bag (Duke Fishron);370;"<span class="" eil""><span>[[Treasure Bag (Duke Fishron)|Treasure Bag]]</span></span><br/><span class=""note-text "">(Duke Fishron)</span>";Tempest Staff;1;14.29%;;0;0;1;1
132905;Duke Fishron;13225;Treasure Bag (Duke Fishron);370;"<span class="" eil""><span>[[Treasure Bag (Duke Fishron)|Treasure Bag]]</span></span><br/><span class=""note-text "">(Duke Fishron)</span>";Tsunami;1;14.29%;;0;0;1;1
132906;Duke Fishron;13225;Treasure Bag (Duke Fishron);370;"<span class="" eil""><span>[[Treasure Bag (Duke Fishron)|Treasure Bag]]</span></span><br/><span class=""note-text "">(Duke Fishron)</span>";Electric Eel;1;14.29%;;0;0;1;1
132907;Duke Fishron;13225;Treasure Bag (Duke Fishron);370;"<span class="" eil""><span>[[Treasure Bag (Duke Fishron)|Treasure Bag]]</span></span><br/><span class=""note-text "">(Duke Fishron)</span>";Kraken;1;14.29%;;0;0;1;1
132908;Duke Fishron;13225;Treasure Bag (Duke Fishron);370;"<span class="" eil""><span>[[Treasure Bag (Duke Fishron)|Treasure Bag]]</span></span><br/><span class=""note-text "">(Duke Fishron)</span>";Fishron Wings;1;"[[Expert Mode|<span class=""mode-exclusive expert"" >10%</span>]]";;0;0;1;1
132909;Duke Fishron;13225;Treasure Bag (Duke Fishron);370;"<span class="" eil""><span>[[Treasure Bag (Duke Fishron)|Treasure Bag]]</span></span><br/><span class=""note-text "">(Duke Fishron)</span>";Gold Coin;;100%;"[[Coins]] ([[NPC drops#Coin drops|<span class=""coin"" data-sort-value=""625000"" title=""62 Gold 50 Silver Coins""><span class=""gc"">62<span class=""t""> Gold </span></span><span class=""sc"">50<span class=""t""> Silver</span></span></span>]])";0;0;1;1
132910;Duke Fishron;13225;Duke Fishron;370;"<span class="" eil""><span>[[Duke Fishron|Duke Fishron]]</span></span><div class=""note-text "">(Second/[[Expert Mode|<span class=""mode-exclusive expert"" >Third</span>]] Phase)</div>";Pork of the Sea;1;"[[Master Mode|<span class=""mode-exclusive master"" >25%</span>]]";;1;0;0;1
132911;Duke Fishron;13225;Duke Fishron;370;"<span class="" eil""><span>[[Duke Fishron|Duke Fishron]]</span></span><div class=""note-text "">(Second/[[Expert Mode|<span class=""mode-exclusive expert"" >Third</span>]] Phase)</div>";Duke Fishron Relic;1;"[[Master Mode|<span class=""mode-exclusive master"" >100%</span>]]";;1;0;0;1
132912;Obsidian Crate;11428;Obsidian Crate;;"<span class="" eil""><span>[[Obsidian Crate|Obsidian Crate]]</span></span>";Lava Charm;1;"<span class=""chance"" data-sort-value=""5"">1/20 (5%)</span>";;0;1;1;1
132913;Obsidian Crate;11428;Obsidian Crate;;"<span class="" eil""><span>[[Obsidian Crate|Obsidian Crate]]</span></span>";Flame Waker Boots;1;"<span class=""chance"" data-sort-value=""19"">19/100 (19%)</span>";;0;1;1;1
132914;Obsidian Crate;11428;Obsidian Crate;;"<span class="" eil""><span>[[Obsidian Crate|Obsidian Crate]]</span></span>";Superheated Blood;1;"<span class=""chance"" data-sort-value=""19"">19/100 (19%)</span>";;0;1;1;1
132915;Obsidian Crate;11428;Obsidian Crate;;"<span class="" eil""><span>[[Obsidian Crate|Obsidian Crate]]</span></span>";Lava Serpent Bowl;1;"<span class=""chance"" data-sort-value=""19"">19/100 (19%)</span>";;0;1;1;1
132916;Obsidian Crate;11428;Obsidian Crate;;"<span class="" eil""><span>[[Obsidian Crate|Obsidian Crate]]</span></span>";Lavaproof Fishing Hook;1;"<span class=""chance"" data-sort-value=""19"">19/100 (19%)</span>";;0;1;1;1
132917;Obsidian Crate;11428;Obsidian Crate;;"<span class="" eil""><span>[[Obsidian Crate|Obsidian Crate]]</span></span>";Mini Volcano;1;"<span class=""chance"" data-sort-value=""19"">19/100 (19%)</span>";;0;1;1;1
132918;Obsidian Crate;11428;Obsidian Crate;;"<span class="" eil""><span>[[Obsidian Crate|Obsidian Crate]]</span></span>";Hanging Pot;2;"<span class=""chance"" data-sort-value=""25"">1/4 (25%)</span>";;0;1;1;1
132919;Obsidian Crate;11428;Obsidian Crate;;"<span class="" eil""><span>[[Obsidian Crate|Obsidian Crate]]</span></span>";Obsidian Lock Box;1;100%;;0;1;1;1
132920;Obsidian Crate;11428;Obsidian Crate;;"<span class="" eil""><span>[[Obsidian Crate|Obsidian Crate]]</span></span>";Wet Bomb;7–10;"<span class=""chance"" data-sort-value=""33.33"">1/3 (33.33%)</span>";;0;1;1;1
132921;Obsidian Crate;11428;Obsidian Crate;;"<span class="" eil""><span>[[Obsidian Crate|Obsidian Crate]]</span></span>";Potted Magma Palm;1;"<span class=""chance"" data-sort-value=""10"">1/10 (10%)</span>";;0;1;1;1
132922;Obsidian Crate;11428;Obsidian Crate;;"<span class="" eil""><span>[[Obsidian Crate|Obsidian Crate]]</span></span>";Potted Brimstone Bush;1;"<span class=""chance"" data-sort-value=""10"">1/10 (10%)</span>";;0;1;1;1
132923;Obsidian Crate;11428;Obsidian Crate;;"<span class="" eil""><span>[[Obsidian Crate|Obsidian Crate]]</span></span>";Potted Fire Brambles;1;"<span class=""chance"" data-sort-value=""10"">1/10 (10%)</span>";;0;1;1;1
132924;Obsidian Crate;11428;Obsidian Crate;;"<span class="" eil""><span>[[Obsidian Crate|Obsidian Crate]]</span></span>";Potted Lava Bulb;1;"<span class=""chance"" data-sort-value=""10"">1/10 (10%)</span>";;0;1;1;1
132925;Obsidian Crate;11428;Obsidian Crate;;"<span class="" eil""><span>[[Obsidian Crate|Obsidian Crate]]</span></span>";Potted Ember Tendrils;1;"<span class=""chance"" data-sort-value=""10"">1/10 (10%)</span>";;0;1;1;1
132926;Obsidian Crate;11428;Obsidian Crate;;"<span class="" eil""><span>[[Obsidian Crate|Obsidian Crate]]</span></span>";Gold Coin;5–12;"<span class=""chance"" data-sort-value=""25"">1/4 (25%)</span>";;0;1;1;1
132927;Obsidian Crate;11428;Obsidian Crate;;"<span class="" eil""><span>[[Obsidian Crate|Obsidian Crate]]</span></span>";Hellstone;20–35;"<span class=""chance"" data-sort-value=""14.29"">1/7 (14.29%)</span>";;0;1;1;1
132928;Obsidian Crate;11428;Obsidian Crate;;"<span class="" eil""><span>[[Obsidian Crate|Obsidian Crate]]</span></span>";Hellstone Bar;6–16;"<span class=""chance"" data-sort-value=""25"">1/4 (25%)</span>";;0;1;1;1
132929;Obsidian Crate;11428;Obsidian Crate;;"<span class="" eil""><span>[[Obsidian Crate|Obsidian Crate]]</span></span>";Obsidian Skin Potion;2–4;"<span class=""chance"" data-sort-value=""4.17"">1/24 (4.17%)</span>";;0;1;1;1
132930;Obsidian Crate;11428;Obsidian Crate;;"<span class="" eil""><span>[[Obsidian Crate|Obsidian Crate]]</span></span>";Spelunker Potion;2–4;"<span class=""chance"" data-sort-value=""4.17"">1/24 (4.17%)</span>";;0;1;1;1
132931;Obsidian Crate;11428;Obsidian Crate;;"<span class="" eil""><span>[[Obsidian Crate|Obsidian Crate]]</span></span>";Hunter Potion;2–4;"<span class=""chance"" data-sort-value=""4.17"">1/24 (4.17%)</span>";;0;1;1;1
132932;Obsidian Crate;11428;Obsidian Crate;;"<span class="" eil""><span>[[Obsidian Crate|Obsidian Crate]]</span></span>";Gravitation Potion;2–4;"<span class=""chance"" data-sort-value=""4.17"">1/24 (4.17%)</span>";;0;1;1;1
132933;Obsidian Crate;11428;Obsidian Crate;;"<span class="" eil""><span>[[Obsidian Crate|Obsidian Crate]]</span></span>";Mining Potion;2–4;"<span class=""chance"" data-sort-value=""4.17"">1/24 (4.17%)</span>";;0;1;1;1
132934;Obsidian Crate;11428;Obsidian Crate;;"<span class="" eil""><span>[[Obsidian Crate|Obsidian Crate]]</span></span>";Heartreach Potion;2–4;"<span class=""chance"" data-sort-value=""4.17"">1/24 (4.17%)</span>";;0;1;1;1
132935;Obsidian Crate;11428;Obsidian Crate;;"<span class="" eil""><span>[[Obsidian Crate|Obsidian Crate]]</span></span>";Healing Potion;5–17;"<span class=""chance"" data-sort-value=""25"">1/4 (25%)</span>";;0;1;1;1
132936;Obsidian Crate;11428;Obsidian Crate;;"<span class="" eil""><span>[[Obsidian Crate|Obsidian Crate]]</span></span>";Mana Potion;5–17;"<span class=""chance"" data-sort-value=""25"">1/4 (25%)</span>";;0;1;1;1
132937;Obsidian Crate;11428;Obsidian Crate;;"<span class="" eil""><span>[[Obsidian Crate|Obsidian Crate]]</span></span>";Journeyman Bait;2–6;"<span class=""chance"" data-sort-value=""25"">1/4 (25%)</span>";;0;1;1;1
132938;Obsidian Crate;11428;Obsidian Crate;;"<span class="" eil""><span>[[Obsidian Crate|Obsidian Crate]]</span></span>";Master Bait;2–6;"<span class=""chance"" data-sort-value=""25"">1/4 (25%)</span>";;0;1;1;1
132939;Obsidian Crate;11428;Obsidian Crate;;"<span class="" eil""><span>[[Obsidian Crate|Obsidian Crate]]</span></span>";Hellforge;1;"<span class=""chance"" data-sort-value=""5"">1/20 (5%)</span>";;0;1;1;1
132940;Obsidian Crate;11428;Obsidian Crate;;"<span class="" eil""><span>[[Obsidian Crate|Obsidian Crate]]</span></span>";Demonic Hellcart;1;"<span class=""chance"" data-sort-value=""5"">1/20 (5%)</span>";;0;1;1;1
132941;Obsidian Crate;11428;Obsidian Crate;;"<span class="" eil""><span>[[Obsidian Crate|Obsidian Crate]]</span></span>";Ornate Shadow Key;1;"<span class=""chance"" data-sort-value=""5"">1/20 (5%)</span>";;0;1;1;1
132942;Obsidian Crate;11428;Obsidian Crate;;"<span class="" eil""><span>[[Obsidian Crate|Obsidian Crate]]</span></span>";Slice of Hell Cake;1;"<span class=""chance"" data-sort-value=""5"">1/20 (5%)</span>";;0;1;1;1
132943;Obsidian Crate;11428;Obsidian Crate;;"<span class="" eil""><span>[[Obsidian Crate|Obsidian Crate]]</span></span>";Darkness (item);1;"<span class=""chance"" data-sort-value=""4.17"">1/24 (4.17%)</span>";;0;1;1;1
132944;Obsidian Crate;11428;Obsidian Crate;;"<span class="" eil""><span>[[Obsidian Crate|Obsidian Crate]]</span></span>";Dark Soul Reaper;1;"<span class=""chance"" data-sort-value=""4.17"">1/24 (4.17%)</span>";;0;1;1;1
132945;Obsidian Crate;11428;Obsidian Crate;;"<span class="" eil""><span>[[Obsidian Crate|Obsidian Crate]]</span></span>";Trapped Ghost;1;"<span class=""chance"" data-sort-value=""4.17"">1/24 (4.17%)</span>";;0;1;1;1
132946;Obsidian Crate;11428;Obsidian Crate;;"<span class="" eil""><span>[[Obsidian Crate|Obsidian Crate]]</span></span>";Demon's Eye;1;"<span class=""chance"" data-sort-value=""4.17"">1/24 (4.17%)</span>";;0;1;1;1
132947;Obsidian Crate;11428;Obsidian Crate;;"<span class="" eil""><span>[[Obsidian Crate|Obsidian Crate]]</span></span>";Hand Earth;1;"<span class=""chance"" data-sort-value=""4.17"">1/24 (4.17%)</span>";;0;1;1;1
132948;Obsidian Crate;11428;Obsidian Crate;;"<span class="" eil""><span>[[Obsidian Crate|Obsidian Crate]]</span></span>";Skelehead;1;"<span class=""chance"" data-sort-value=""4.17"">1/24 (4.17%)</span>";;0;1;1;1
132949;Obsidian Crate;11428;Obsidian Crate;;"<span class="" eil""><span>[[Obsidian Crate|Obsidian Crate]]</span></span>";Lake of Fire;1;"<span class=""chance"" data-sort-value=""4.17"">1/24 (4.17%)</span>";;0;1;1;1
132950;Obsidian Crate;11428;Obsidian Crate;;"<span class="" eil""><span>[[Obsidian Crate|Obsidian Crate]]</span></span>";Imp Face;1;"<span class=""chance"" data-sort-value=""4.17"">1/24 (4.17%)</span>";;0;1;1;1
132951;Obsidian Crate;11428;Obsidian Crate;;"<span class="" eil""><span>[[Obsidian Crate|Obsidian Crate]]</span></span>";Ominous Presence;1;"<span class=""chance"" data-sort-value=""4.17"">1/24 (4.17%)</span>";;0;1;1;1
132952;Obsidian Crate;11428;Obsidian Crate;;"<span class="" eil""><span>[[Obsidian Crate|Obsidian Crate]]</span></span>";Shining Moon;1;"<span class=""chance"" data-sort-value=""4.17"">1/24 (4.17%)</span>";;0;1;1;1
132953;Obsidian Crate;11428;Obsidian Crate;;"<span class="" eil""><span>[[Obsidian Crate|Obsidian Crate]]</span></span>";Living Gore;1;"<span class=""chance"" data-sort-value=""4.17"">1/24 (4.17%)</span>";;0;1;1;1
132954;Obsidian Crate;11428;Obsidian Crate;;"<span class="" eil""><span>[[Obsidian Crate|Obsidian Crate]]</span></span>";Flowing Magma;1;"<span class=""chance"" data-sort-value=""4.17"">1/24 (4.17%)</span>";;0;1;1;1
132984;Wall of Flesh;10220;Wall of Flesh;113, 114;"<span class="" eil""><span>[[Wall of Flesh|Wall of Flesh]]</span></span>";Pwnhammer;1;100%;;1;1;0;0
132985;Wall of Flesh;10220;Wall of Flesh;113, 114;"<span class="" eil""><span>[[Wall of Flesh|Wall of Flesh]]</span></span>";Breaker Blade;1;25%;;1;1;0;0
132986;Wall of Flesh;10220;Wall of Flesh;113, 114;"<span class="" eil""><span>[[Wall of Flesh|Wall of Flesh]]</span></span>";Clockwork Assault Rifle;1;25%;;1;1;0;0
132987;Wall of Flesh;10220;Wall of Flesh;113, 114;"<span class="" eil""><span>[[Wall of Flesh|Wall of Flesh]]</span></span>";Laser Rifle;1;25%;;1;1;0;0
132988;Wall of Flesh;10220;Wall of Flesh;113, 114;"<span class="" eil""><span>[[Wall of Flesh|Wall of Flesh]]</span></span>";Firecracker;1;25%;;1;1;0;0
132989;Wall of Flesh;10220;Wall of Flesh;113, 114;"<span class="" eil""><span>[[Wall of Flesh|Wall of Flesh]]</span></span>";Warrior Emblem;1;25%;;1;1;0;0
132990;Wall of Flesh;10220;Wall of Flesh;113, 114;"<span class="" eil""><span>[[Wall of Flesh|Wall of Flesh]]</span></span>";Ranger Emblem;1;25%;;1;1;0;0
132991;Wall of Flesh;10220;Wall of Flesh;113, 114;"<span class="" eil""><span>[[Wall of Flesh|Wall of Flesh]]</span></span>";Sorcerer Emblem;1;25%;;1;1;0;0
132992;Wall of Flesh;10220;Wall of Flesh;113, 114;"<span class="" eil""><span>[[Wall of Flesh|Wall of Flesh]]</span></span>";Summoner Emblem;1;25%;;1;1;0;0
132993;Wall of Flesh;10220;Wall of Flesh;113, 114;"<span class="" eil""><span>[[Wall of Flesh|Wall of Flesh]]</span></span>";Badger's Hat;;100%;"<span class=""i -w"">[[File:Badger's Hat.png|link=Badger's Hat|Badger's Hat]]<span><span>[[Badger's Hat]]</span><span class=""note"">(when defeated on the same day<br/>as the [[Eye of Cthulhu]])</span></span></span>";1;1;1;1
132994;Wall of Flesh;10220;Wall of Flesh;113, 114;"<span class="" eil""><span>[[Wall of Flesh|Wall of Flesh]]</span></span>";Healing Potion;5–15;100%;;1;1;1;1
132995;Wall of Flesh;10220;Wall of Flesh;113, 114;"<span class="" eil""><span>[[Wall of Flesh|Wall of Flesh]]</span></span>";Wall of Flesh Mask;1;14.29%;;1;1;0;0
132996;Wall of Flesh;10220;Wall of Flesh;113, 114;"<span class="" eil""><span>[[Wall of Flesh|Wall of Flesh]]</span></span>";Wall of Flesh Trophy;1;10%;;1;1;1;1
132997;Wall of Flesh;10220;Wall of Flesh;113, 114;"<span class="" eil""><span>[[Wall of Flesh|Wall of Flesh]]</span></span>";Treasure Bag (Wall of Flesh);1;"[[Expert Mode|<span class=""mode-exclusive expert"" >100%</span>]]";;1;0;1;1
132998;Wall of Flesh;10220;Treasure Bag (Wall of Flesh);113, 114;"<span class="" eil""><span>[[Treasure Bag (Wall of Flesh)|Treasure Bag]]</span></span><br/><span class=""note-text "">(Wall of Flesh)</span>";Demon Heart;;100%;"<span class=""i -w"">[[File:Demon Heart.png|link=Demon Heart|Demon Heart]]<span><span>[[Demon Heart]]</span><span class=""note"">(when no Demon Heart used yet)</span></span></span>";0;0;1;1
132999;Wall of Flesh;10220;Treasure Bag (Wall of Flesh);113, 114;"<span class="" eil""><span>[[Treasure Bag (Wall of Flesh)|Treasure Bag]]</span></span><br/><span class=""note-text "">(Wall of Flesh)</span>";Wall of Flesh Mask;1;14.29%;;0;0;1;1
133000;Wall of Flesh;10220;Treasure Bag (Wall of Flesh);113, 114;"<span class="" eil""><span>[[Treasure Bag (Wall of Flesh)|Treasure Bag]]</span></span><br/><span class=""note-text "">(Wall of Flesh)</span>";Pwnhammer;1;100%;;0;0;1;1
133001;Wall of Flesh;10220;Treasure Bag (Wall of Flesh);113, 114;"<span class="" eil""><span>[[Treasure Bag (Wall of Flesh)|Treasure Bag]]</span></span><br/><span class=""note-text "">(Wall of Flesh)</span>";Warrior Emblem;1;25%;;0;0;1;1
133002;Wall of Flesh;10220;Treasure Bag (Wall of Flesh);113, 114;"<span class="" eil""><span>[[Treasure Bag (Wall of Flesh)|Treasure Bag]]</span></span><br/><span class=""note-text "">(Wall of Flesh)</span>";Ranger Emblem;1;25%;;0;0;1;1
133003;Wall of Flesh;10220;Treasure Bag (Wall of Flesh);113, 114;"<span class="" eil""><span>[[Treasure Bag (Wall of Flesh)|Treasure Bag]]</span></span><br/><span class=""note-text "">(Wall of Flesh)</span>";Sorcerer Emblem;1;25%;;0;0;1;1
133004;Wall of Flesh;10220;Treasure Bag (Wall of Flesh);113, 114;"<span class="" eil""><span>[[Treasure Bag (Wall of Flesh)|Treasure Bag]]</span></span><br/><span class=""note-text "">(Wall of Flesh)</span>";Summoner Emblem;1;25%;;0;0;1;1
133005;Wall of Flesh;10220;Treasure Bag (Wall of Flesh);113, 114;"<span class="" eil""><span>[[Treasure Bag (Wall of Flesh)|Treasure Bag]]</span></span><br/><span class=""note-text "">(Wall of Flesh)</span>";Breaker Blade;1;25%;;0;0;1;1
133006;Wall of Flesh;10220;Treasure Bag (Wall of Flesh);113, 114;"<span class="" eil""><span>[[Treasure Bag (Wall of Flesh)|Treasure Bag]]</span></span><br/><span class=""note-text "">(Wall of Flesh)</span>";Clockwork Assault Rifle;1;25%;;0;0;1;1
133007;Wall of Flesh;10220;Treasure Bag (Wall of Flesh);113, 114;"<span class="" eil""><span>[[Treasure Bag (Wall of Flesh)|Treasure Bag]]</span></span><br/><span class=""note-text "">(Wall of Flesh)</span>";Laser Rifle;1;25%;;0;0;1;1
133008;Wall of Flesh;10220;Treasure Bag (Wall of Flesh);113, 114;"<span class="" eil""><span>[[Treasure Bag (Wall of Flesh)|Treasure Bag]]</span></span><br/><span class=""note-text "">(Wall of Flesh)</span>";Firecracker;1;25%;;0;0;1;1
133009;Wall of Flesh;10220;Treasure Bag (Wall of Flesh);113, 114;"<span class="" eil""><span>[[Treasure Bag (Wall of Flesh)|Treasure Bag]]</span></span><br/><span class=""note-text "">(Wall of Flesh)</span>";Gold Coin;;100%;"[[Coins]] ([[NPC drops#Coin drops|<span class=""coin"" data-sort-value=""200000"" title=""20 Gold Coins""><span class=""gc"">20<span class=""t""> Gold</span></span></span>]])";0;0;1;1
133010;Wall of Flesh;10220;Wall of Flesh;113, 114;"<span class="" eil""><span>[[Wall of Flesh|Wall of Flesh]]</span></span>";Goat Skull;1;"[[Master Mode|<span class=""mode-exclusive master"" >25%</span>]]";;1;0;0;1
133011;Wall of Flesh;10220;Wall of Flesh;113, 114;"<span class="" eil""><span>[[Wall of Flesh|Wall of Flesh]]</span></span>";Wall of Flesh Relic;1;"[[Master Mode|<span class=""mode-exclusive master"" >100%</span>]]";;1;0;0;1
133012;Wall of Flesh;10220;The Hungry;116;"<span class="" eil""><span>[[Wall of Flesh|The Hungry]]</span></span><div class=""note-text "">(The Hungry II)</div>";Heart;1;"<span class=""mode-content""><span class=""m-normal m-journey"">100%</span><span class=""m-expert-master"">[[Expert Mode|<span class=""mode-exclusive expert"" >20%</span>]]</span></span>";;1;1;1;1
133013;Werewolf;7144;Werewolf;104;"<span class="" eil""><span>[[Werewolf|Werewolf]]</span></span>";Moon Charm;1;1.67%;;1;1;1;1
133014;Werewolf;7144;Werewolf;104;"<span class="" eil""><span>[[Werewolf|Werewolf]]</span></span>";Adhesive Bandage;1;"<span class=""mode-content""><span class=""m-normal m-journey"">1%</span><span class=""m-expert-master"">[[Expert Mode|<span class=""mode-exclusive expert"" >1.99%</span>]]</span></span>";;1;1;1;1
133015;Werewolf;7144;Werewolf;104;"<span class="" eil""><span>[[Werewolf|Werewolf]]</span></span>";Wolf Fang;1;1.5%;;1;1;1;1
133016;Plantera;15899;Plantera;262;"<span class="" eil""><span>[[Plantera|Plantera]]</span></span><div class=""note-text "">(Second Form)</div>";Temple Key;1;100%;;1;1;0;0
133017;Plantera;15899;Plantera;262;"<span class="" eil""><span>[[Plantera|Plantera]]</span></span><div class=""note-text "">(Second Form)</div>";Grenade Launcher;;12.5%;"<span class=""i"">[[File:Grenade Launcher.png|link=Grenade Launcher|Grenade Launcher]]<span><span>[[Grenade Launcher]]</span></span></span>
:+ <span class=""i"">[[File:Rocket I.png|link=Rocket I|Rocket I]]<span><span>[[Rocket I]]</span></span></span> (50–149)
<div class=""note-text small"">(will always drop the first time Plantera is defeated in a world that is neither in Expert nor Master Mode)</div>";1;1;0;0
133018;Plantera;15899;Plantera;262;"<span class="" eil""><span>[[Plantera|Plantera]]</span></span><div class=""note-text "">(Second Form)</div>";Rocket I;;12.5%;"<span class=""i"">[[File:Grenade Launcher.png|link=Grenade Launcher|Grenade Launcher]]<span><span>[[Grenade Launcher]]</span></span></span>
:+ <span class=""i"">[[File:Rocket I.png|link=Rocket I|Rocket I]]<span><span>[[Rocket I]]</span></span></span> (50–149)
<div class=""note-text small"">(will always drop the first time Plantera is defeated in a world that is neither in Expert nor Master Mode)</div>";1;1;0;0
133019;Plantera;15899;Plantera;262;"<span class="" eil""><span>[[Plantera|Plantera]]</span></span><div class=""note-text "">(Second Form)</div>";Venus Magnum;1;12.5%;;1;1;0;0
133020;Plantera;15899;Plantera;262;"<span class="" eil""><span>[[Plantera|Plantera]]</span></span><div class=""note-text "">(Second Form)</div>";Nettle Burst;1;12.5%;;1;1;0;0
133021;Plantera;15899;Plantera;262;"<span class="" eil""><span>[[Plantera|Plantera]]</span></span><div class=""note-text "">(Second Form)</div>";Leaf Blower;1;12.5%;;1;1;0;0
133022;Plantera;15899;Plantera;262;"<span class="" eil""><span>[[Plantera|Plantera]]</span></span><div class=""note-text "">(Second Form)</div>";Flower Pow;1;12.5%;;1;1;0;0
133023;Plantera;15899;Plantera;262;"<span class="" eil""><span>[[Plantera|Plantera]]</span></span><div class=""note-text "">(Second Form)</div>";Wasp Gun;1;12.5%;;1;1;0;0
133024;Plantera;15899;Plantera;262;"<span class="" eil""><span>[[Plantera|Plantera]]</span></span><div class=""note-text "">(Second Form)</div>";Seedler;1;12.5%;;1;1;0;0
133025;Plantera;15899;Plantera;262;"<span class="" eil""><span>[[Plantera|Plantera]]</span></span><div class=""note-text "">(Second Form)</div>";Vulgar Display of Flower;1;12.5%;;1;1;0;0
133026;Plantera;15899;Plantera;262;"<span class="" eil""><span>[[Plantera|Plantera]]</span></span><div class=""note-text "">(Second Form)</div>";Pygmy Staff;1;25%;;1;1;0;0
133027;Plantera;15899;Plantera;262;"<span class="" eil""><span>[[Plantera|Plantera]]</span></span><div class=""note-text "">(Second Form)</div>";Thorn Hook;1;10%;;1;1;0;0
133028;Plantera;15899;Plantera;262;"<span class="" eil""><span>[[Plantera|Plantera]]</span></span><div class=""note-text "">(Second Form)</div>";The Axe;1;2%;;1;1;0;0
133029;Plantera;15899;Plantera;262;"<span class="" eil""><span>[[Plantera|Plantera]]</span></span><div class=""note-text "">(Second Form)</div>";Seedling;1;5%;;1;1;0;0
133030;Plantera;15899;Plantera;262;"<span class="" eil""><span>[[Plantera|Plantera]]</span></span><div class=""note-text "">(Second Form)</div>";Greater Healing Potion;5–15;100%;;1;1;1;1
133031;Plantera;15899;Plantera;262;"<span class="" eil""><span>[[Plantera|Plantera]]</span></span><div class=""note-text "">(Second Form)</div>";Plantera Mask;1;14.29%;;1;1;0;0
133032;Plantera;15899;Plantera;262;"<span class="" eil""><span>[[Plantera|Plantera]]</span></span><div class=""note-text "">(Second Form)</div>";Plantera Trophy;1;10%;;1;1;1;1
133033;Plantera;15899;Plantera;262;"<span class="" eil""><span>[[Plantera|Plantera]]</span></span><div class=""note-text "">(Second Form)</div>";Treasure Bag (Plantera);1;"[[Expert Mode|<span class=""mode-exclusive expert"" >100%</span>]]";;1;0;1;1
133034;Plantera;15899;Treasure Bag (Plantera);262;"<span class="" eil""><span>[[Treasure Bag (Plantera)|Treasure Bag]]</span></span><br/><span class=""note-text "">(Plantera)</span>";Spore Sac;1;100%;;0;0;1;1
133035;Plantera;15899;Treasure Bag (Plantera);262;"<span class="" eil""><span>[[Treasure Bag (Plantera)|Treasure Bag]]</span></span><br/><span class=""note-text "">(Plantera)</span>";Plantera Mask;1;14.29%;;0;0;1;1
133036;Plantera;15899;Treasure Bag (Plantera);262;"<span class="" eil""><span>[[Treasure Bag (Plantera)|Treasure Bag]]</span></span><br/><span class=""note-text "">(Plantera)</span>";Temple Key;1;100%;;0;0;1;1
133037;Plantera;15899;Treasure Bag (Plantera);262;"<span class="" eil""><span>[[Treasure Bag (Plantera)|Treasure Bag]]</span></span><br/><span class=""note-text "">(Plantera)</span>";Grenade Launcher;;12.5%;"<span class=""i"">[[File:Grenade Launcher.png|link=Grenade Launcher|Grenade Launcher]]<span><span>[[Grenade Launcher]]</span></span></span>
:+ <span class=""i"">[[File:Rocket I.png|link=Rocket I|Rocket I]]<span><span>[[Rocket I]]</span></span></span> (50–149)";0;0;1;1
133038;Plantera;15899;Treasure Bag (Plantera);262;"<span class="" eil""><span>[[Treasure Bag (Plantera)|Treasure Bag]]</span></span><br/><span class=""note-text "">(Plantera)</span>";Rocket I;;12.5%;"<span class=""i"">[[File:Grenade Launcher.png|link=Grenade Launcher|Grenade Launcher]]<span><span>[[Grenade Launcher]]</span></span></span>
:+ <span class=""i"">[[File:Rocket I.png|link=Rocket I|Rocket I]]<span><span>[[Rocket I]]</span></span></span> (50–149)";0;0;1;1
133039;Plantera;15899;Treasure Bag (Plantera);262;"<span class="" eil""><span>[[Treasure Bag (Plantera)|Treasure Bag]]</span></span><br/><span class=""note-text "">(Plantera)</span>";Venus Magnum;1;12.5%;;0;0;1;1
133040;Plantera;15899;Treasure Bag (Plantera);262;"<span class="" eil""><span>[[Treasure Bag (Plantera)|Treasure Bag]]</span></span><br/><span class=""note-text "">(Plantera)</span>";Nettle Burst;1;12.5%;;0;0;1;1
133041;Plantera;15899;Treasure Bag (Plantera);262;"<span class="" eil""><span>[[Treasure Bag (Plantera)|Treasure Bag]]</span></span><br/><span class=""note-text "">(Plantera)</span>";Leaf Blower;1;12.5%;;0;0;1;1
133042;Plantera;15899;Treasure Bag (Plantera);262;"<span class="" eil""><span>[[Treasure Bag (Plantera)|Treasure Bag]]</span></span><br/><span class=""note-text "">(Plantera)</span>";Flower Pow;1;12.5%;;0;0;1;1
133043;Plantera;15899;Treasure Bag (Plantera);262;"<span class="" eil""><span>[[Treasure Bag (Plantera)|Treasure Bag]]</span></span><br/><span class=""note-text "">(Plantera)</span>";Wasp Gun;1;12.5%;;0;0;1;1
133044;Plantera;15899;Treasure Bag (Plantera);262;"<span class="" eil""><span>[[Treasure Bag (Plantera)|Treasure Bag]]</span></span><br/><span class=""note-text "">(Plantera)</span>";Seedler;1;12.5%;;0;0;1;1
133045;Plantera;15899;Treasure Bag (Plantera);262;"<span class="" eil""><span>[[Treasure Bag (Plantera)|Treasure Bag]]</span></span><br/><span class=""note-text "">(Plantera)</span>";Vulgar Display of Flower;1;12.5%;;0;0;1;1
133046;Plantera;15899;Treasure Bag (Plantera);262;"<span class="" eil""><span>[[Treasure Bag (Plantera)|Treasure Bag]]</span></span><br/><span class=""note-text "">(Plantera)</span>";Seedling;1;6.67%;;0;0;1;1
133047;Plantera;15899;Treasure Bag (Plantera);262;"<span class="" eil""><span>[[Treasure Bag (Plantera)|Treasure Bag]]</span></span><br/><span class=""note-text "">(Plantera)</span>";The Axe;1;5%;;0;0;1;1
133048;Plantera;15899;Treasure Bag (Plantera);262;"<span class="" eil""><span>[[Treasure Bag (Plantera)|Treasure Bag]]</span></span><br/><span class=""note-text "">(Plantera)</span>";Pygmy Staff;1;50%;;0;0;1;1
133049;Plantera;15899;Treasure Bag (Plantera);262;"<span class="" eil""><span>[[Treasure Bag (Plantera)|Treasure Bag]]</span></span><br/><span class=""note-text "">(Plantera)</span>";Thorn Hook;1;10%;;0;0;1;1
133050;Plantera;15899;Treasure Bag (Plantera);262;"<span class="" eil""><span>[[Treasure Bag (Plantera)|Treasure Bag]]</span></span><br/><span class=""note-text "">(Plantera)</span>";Gold Coin;;100%;"[[Coins]] ([[NPC drops#Coin drops|<span class=""coin"" data-sort-value=""375000"" title=""37 Gold 50 Silver Coins""><span class=""gc"">37<span class=""t""> Gold </span></span><span class=""sc"">50<span class=""t""> Silver</span></span></span>]])";0;0;1;1
133051;Plantera;15899;Plantera;262;"<span class="" eil""><span>[[Plantera|Plantera]]</span></span><div class=""note-text "">(Second Form)</div>";Plantera Seedling;1;"[[Master Mode|<span class=""mode-exclusive master"" >25%</span>]]";;1;0;0;1
133052;Plantera;15899;Plantera;262;"<span class="" eil""><span>[[Plantera|Plantera]]</span></span><div class=""note-text "">(Second Form)</div>";Plantera Relic;1;"[[Master Mode|<span class=""mode-exclusive master"" >100%</span>]]";;1;0;0;1
133053;Plantera;15899;Plantera;262;"<span class="" eil""><span>[[Plantera|Plantera]]</span></span><div class=""note-text "">(Second Form)</div>";Lihzahrd Brick;;100%;"<span class=""i -w"">[[File:Lihzahrd Brick.png|link=Lihzahrd Brick|Lihzahrd Brick]]<span><span>[[Lihzahrd Brick]]</span><span class=""note"">(when the Jungle Temple is<br/>not present; ''see [[Plantera#Jungle Temple drops|conditions]]'')</span></span></span> (500–600)";1;1;1;1
133054;Plantera;15899;Plantera;262;"<span class="" eil""><span>[[Plantera|Plantera]]</span></span><div class=""note-text "">(Second Form)</div>";Forbidden Lihzahrd Brick Wall;;100%;"<span class=""i -w"">[[File:Forbidden Lihzahrd Brick Wall.png|link=Forbidden Lihzahrd Brick Wall|Forbidden Lihzahrd Brick Wall]]<span><span>[[Forbidden Lihzahrd Brick Wall]]</span><span class=""note"">(when the Jungle Temple is<br/>not present; ''see [[Plantera#Jungle Temple drops|conditions]]'')</span></span></span> (1200–1500)";1;1;1;1
133055;Plantera;15899;Plantera;262;"<span class="" eil""><span>[[Plantera|Plantera]]</span></span><div class=""note-text "">(Second Form)</div>";Lihzahrd Altar;;100%;"<span class=""i -w"">[[File:Lihzahrd Altar.png|link=Lihzahrd Altar|Lihzahrd Altar]]<span><span>[[Lihzahrd Altar]]</span><span class=""note"">(when the Jungle Temple is<br/>not present; ''see [[Plantera#Jungle Temple drops|conditions]]'')</span></span></span>";1;1;1;1
133056;Plantera;15899;Plantera;262;"<span class="" eil""><span>[[Plantera|Plantera]]</span></span><div class=""note-text "">(Second Form)</div>";Picksaw;;100%;"<span class=""i -w"">[[File:Picksaw.png|link=Picksaw|Picksaw]]<span><span>[[Picksaw]]</span><span class=""note"">(when the Jungle Temple is<br/>not present; ''see [[Plantera#Jungle Temple drops|conditions]]'')</span></span></span>";1;1;1;1
