_ID;_pageName;_pageID;pagename;pagenamemd5;desktop;console;oldgen;mobile;3ds;japanese;combined;cached
1;Honey Dispenser;3883;Honey Dispenser;3bd2d48efed62068798aad0365d236a4;1;1;1;1;;;30;1789692690
2;The Gentleman Scientist;3900;The Gentleman Scientist;e450fe651f57b0fa5928c7d961a0b835;1;1;;1;;;22;1789692690
3;Crystal Candelabra;3895;Crystal Candelabra;ac2c8bc20ebd83548f1423d58b490ea1;1;1;;1;;;22;1789692690
4;Brain Suckler Banner;3892;Brain Suckler Banner;7a3e2794b11a122cd5d4acb6a95eb565;1;1;;1;;;22;1789692690
5;Party Center;3899;Party Center;c7ae8a99657de4643276f5bf00492553;1;1;;1;;;22;1789692690
6;Martian Bathtub;3902;Martian Bathtub;136895a33b9f215fa6434ded8dd48ca4;1;1;;1;;;22;1789692690
7;Gravedigger Hat;3905;Gravedigger Hat;5cc52d065a30168980a1ef0bf497246e;1;1;;1;;;22;1789692690
8;Laser Drill;3927;Laser Drill;70369d28a930f3f9b80446ad0ce3f2c1;1;1;;1;;;22;1789692690
9;1.4.0.2;3916;1.4.0.2;800efe6876e3117c76d14885e32974d2;1;1;;1;;;22;1789692690
10;Mechanical Lens;3906;Mechanical Lens;74ef42c00ed8544fec05494bd076c544;1;1;;1;;;22;1789692690
11;Djinn's Curse;3949;Djinn's Curse;d0efced8b8fc162352a20c0385f048c5;1;1;;1;;;22;1789692690
12;Snow Coat;3929;Snow Coat;2916e343ec77993934f4f4ad9404e6a5;1;1;;1;;;22;1789692690
13;George's Tuxedo Shirt;3937;George's Tuxedo Shirt;a8ff748286a122e935d710c72f10de70;;;1;;1;;40;1789692690
14;Otherworldly Music Box (Overworld Day);3944;Otherworldly Music Box (Overworld Day);139f5ca58852f11a30bc31f2e658fdd9;1;1;;1;;;22;1789692690
16;Etherian Javelin Thrower;3959;Etherian Javelin Thrower;9df5c083dbf4bd261810ccc373a5efec;1;1;;1;;;22;1789692691
17;Wand of Sparking;3965;Wand of Sparking;f52f86a22d1f7c568bd80d59e579d662;1;1;;1;;;22;1789692691
18;Apple Juice;3952;Apple Juice;35a543d93ed789770a42793abb7d7c80;1;1;;1;;;22;1789692691
19;Ugly Sweater;3967;Ugly Sweater;03890135e7e1ffc20a45fc86eb9b76ca;1;1;1;1;;;30;1789692691
20;Pineapple;3955;Pineapple;7855cca1372aed929a9ae2afb1011134;1;1;;1;;;22;1789692691
21;Spectral Headgear;3981;Spectral Headgear;6a1e7cdead7d030eb7a91561754e71da;;;1;;1;;40;1789692691
22;Nebula Bathtub;3975;Nebula Bathtub;5571d24d31428dcd953dc64dcedbab2f;1;1;;1;;;22;1789692691
23;Crimson Walls;3980;Crimson Walls;9b215bfc91798f5cf2e98c9b5d6ff069;1;1;;1;;;22;1789692691
24;Dr. Man Fly's Lab Coat;3978;Dr. Man Fly's Lab Coat;e053868d4a68d2639025534520eee1c4;1;1;;1;;;22;1789692691
25;Smooth Sandstone Wall;3984;Smooth Sandstone Wall;307c9965d0c1751c49bef26974ec6adc;1;1;;1;;;22;1789692692
26;Eyezor Banner;3985;Eyezor Banner;aed1de39b419409f8a73c217fefc88fa;1;1;;1;;;22;1789692692
28;Skyware Sofa;4001;Skyware Sofa;12bc468f7a1cea23f7fd73efaadabb3b;1;1;1;1;;;30;1789692692
29;Red Riding Leggings;4005;Red Riding Leggings;21696c83604bcefe12bc546c0161e18e;1;1;;1;;;22;1789692692
30;Paint Sprayer;3993;Paint Sprayer;08b133ac847132540cc9ade167bed43c;1;1;1;1;;;30;1789692692
31;Explosive Trap Cane;3998;Explosive Trap Cane;5d9b648f89e2d5750ce814ca434c119b;1;1;;1;;;22;1789692692
32;Master Mode;4007;Master Mode;c3efeec59076102718c9a70eb9eb6dcd;1;1;;1;;;22;1789692692
33;Green Dragonfly;4009;Green Dragonfly;e2df88fa111107e091dfdd689b6d70d2;1;1;;1;;;22;1789692692
34;Dirt Walls (natural);4012;Dirt Walls (natural);283154991999c85a72082ef41f721837;1;1;;1;;;22;1789692692
35;Poltergeist Banner;4018;Poltergeist Banner;3b444ddcc015790cf97eca68a252d739;1;1;;1;1;;54;1789692693
36;Stargazer Banner;4019;Stargazer Banner;c3ba0c84eca475e5067b14831e3401a1;1;1;;1;;;22;1789692693
37;Headline;4015;Headline;c6568e77f61109390e82d035aaacaef0;1;;;;;;2;1789692693
38;Bouncy Grenade;4034;Bouncy Grenade;af485caabffca61d2202555aae106f2c;1;1;;1;;;22;1789692693
39;Flying Dutchman Relic;4035;Flying Dutchman Relic;67484aa6a6c1c2233e091ad87cd5ca1a;1;1;;1;;;22;1789692693
40;Pad Thai;4030;Pad Thai;5bcd85888bb23d5ec8f32df9ae511faa;1;1;1;1;;;30;1789692693
41;Crystal Serpent;4040;Crystal Serpent;434e0c5a8db3dc9bd9cd155328fa7da9;1;1;;1;;;22;1789692693
42;Music Box (Pumpkin Moon);4043;Music Box (Pumpkin Moon);3fa7ee4e2a4fb2ae00b6614976ece888;1;1;1;1;;;30;1789692694
43;Prince Uniform;4044;Prince Uniform;70c17737df4ff78986fe7672b0103734;1;1;;1;;;22;1789692694
44;Emerald Bunny Cage;4045;Emerald Bunny Cage;798c15e99226e84d6ecc3075e9472d94;1;1;;1;;;22;1789692694
45;Daybreak;4050;Daybreak;39e48ca1cf85c77666b3a155159078c9;1;1;;1;;;22;1789692695
46;Potted Crystal Plants;4052;Potted Crystal Plants;5baa724bfdc3d9dada1af37517b2af4b;1;1;;1;;;22;1789692695
47;Watches;4049;Watches;3a481bee83219f662b6f07856b6b1f79;1;1;1;1;;;30;1789692694
48;Charged Blaster Cannon;4056;Charged Blaster Cannon;c9099385670a2748dc17088c8be941cd;1;1;;1;;;22;1789692695
49;Cursed Dart;4057;Cursed Dart;39cfd37ac243929678cc2282bd7fd6a0;1;1;;1;;;22;1789692695
51;Brand of the Inferno;4065;Brand of the Inferno;6d9fb02e90e18f56abb7cf2c4467160f;1;1;;1;;;22;1789692696
52;Intro Messages;4067;Intro Messages;970ad5389d8023aa238d4fec52d4f63f;1;;;;;;2;1789692696
54;Bottomless Lava Bucket;4074;Bottomless Lava Bucket;a258c866acfeb5d37bb27e809915b7d0;1;1;;1;;;22;1789692696
55;Frozen Banana Daiquiri;4073;Frozen Banana Daiquiri;a62cee2087c60fad651d46fa5fdc0eeb;1;1;;1;;;22;1789692696
56;Streamers;4078;Streamers;f343b5fe66b7f9abb6dcb8ca4c67269a;1;1;;1;;;22;1789692696
57;Panda Ears;4090;Panda Ears;4a1c8db6db3ea5fe83b4cdb82374d3ab;1;1;;1;;;22;1789692696
58;Queen Slime Trophy;4095;Queen Slime Trophy;740c610ec21d02542070f5f489442e6f;1;1;;1;;;22;1789692696
59;Music Box (Underground Desert);4096;Music Box (Underground Desert);7875cf62cd31b88af89facc654f91f60;1;1;;1;;;22;1789692696
60;Exquisitely Stuffed;4099;Exquisitely Stuffed;934aeab0cb54bff280208de44c5f5618;1;1;;1;;;22;1789692697
61;Palm Wood Work Bench;4098;Palm Wood Work Bench;56b8a466ccbd2bdd6c51c04665e512b5;1;1;1;1;;;30;1789692697
62;Racks;4104;Racks;04e07e3547b329c2073dfb941335e7fe;1;1;1;1;;;30;1789692697
63;White Cultist Archer;4102;White Cultist Archer;828d6f7139c9868930f982b4b36fd0f7;1;1;;1;;;22;1789692697
64;TModLoader;4105;TModLoader;38f3b5f3f3d3d44717be1c36e381e6d2;1;;;;;;2;1789692697
65;Arch Wyvern Body 3;4107;Arch Wyvern Body 3;2fe1a1071ffde01d11a64c8c6283de47;;;1;;1;;40;1789692697
66;Sand Slime Banner;4109;Sand Slime Banner;a409d2d391ef95beaae6e7552611770f;1;1;;1;;;22;1789692697
67;Emerald Tree;4111;Emerald Tree;b4431e659767d905bdfd467a28067ad7;1;1;;1;;;22;1789692698
68;Orange Golf Ball;4114;Orange Golf Ball;c9404bb3aa6a8e886e071fef98dffc00;1;1;;1;;;22;1789692698
69;Black and White Dye;4116;Black and White Dye;f05a56caa1423e270f365fa3b4b09ce6;1;1;;1;;;22;1789692698
72;Golf Club (Driver);4126;Golf Club (Driver);ed43b22ff90b12af30acb026277ba54e;1;1;;1;;;22;1789692698
73;Horned god set;4127;Horned god set;8a814683c09203690226de9518aab620;;;1;;;;8;1789692698
74;Soaring Insignia;4128;Soaring Insignia;fab437a27601eb7a6c974c5ae4772a6e;1;1;;1;;;22;1789692698
75;Expert-exclusive content;4131;Expert-exclusive content;cc035b9fa6b0a0c26537faad15980ecd;1;1;;1;;;22;1789692698
76;Frozen Platform;4132;Frozen Platform;7c46269bc0fd0773282f6190fd64cbb1;1;1;;1;;;22;1789692698
77;Pearlwood Clock;4137;Pearlwood Clock;6eceec8bf68e7635a73e802c2cb9acae;1;1;1;1;;;30;1789692698
78;Spectral Gastropod Banner;4136;Spectral Gastropod Banner;6e35028084cec8665ee7ad1ae67ec3cd;;;1;;;;8;1789692698
79;Shiverthorn Seeds;4129;Shiverthorn Seeds;1e7790ec4bff35518b91c738866a1a85;1;1;1;1;;;30;1789692698
80;Martian Saucer Core;4138;Martian Saucer Core;848d652a1d34c5b130ec4b1c2a67503d;1;1;;1;;;22;1789692698
81;Dune Splicer;4146;Dune Splicer;2e0a4d50b0337d8d5c524d089bae74e8;1;1;;1;;;22;1789692698
82;Hoardagron;4141;Hoardagron;55543a1595545eb65a7f0e49d8edd519;1;1;;1;;;22;1789692699
83;Daybloom Planter Box;4150;Daybloom Planter Box;5745273505656078c104ba93048c8731;1;1;;1;;;22;1789692699
84;Prince Cape;4147;Prince Cape;de844e612f7054a18e18fe6fbeb1a956;1;1;;1;;;22;1789692699
85;White Paint;4153;White Paint;a3dd8de8f2f79bfb50d772c109bb84d6;1;1;1;1;;;30;1789692699
86;Spider Dresser;4158;Spider Dresser;ea0a17a5e9d62b782875554a543d09fc;1;1;;1;;;22;1789692699
87;Living Rainbow;4160;Living Rainbow;8d866389a6c7c4395e9b04be190c2ac3;1;1;;1;;;22;1789692699
88;Stone Slab;4166;Stone Slab;9b58a4a290c5b86e3b882975e4c9577d;1;1;1;1;;;30;1789692699
90;Rainbow Crystal;4167;Rainbow Crystal;cf2a3da778fd1f9d7395068fc6cd77ea;1;1;;1;;;22;1789692699
91;Monokuma Legs;4170;Monokuma Legs;31621636a695ad2941f0adaee8e1036f;;;;;;1;1;1789692700
92;Solar Flare Pickaxe;4171;Solar Flare Pickaxe;e19651d698547a86f1683003c2ba4d0c;1;1;;1;;;22;1789692700
93;Sandstone Chest;4172;Sandstone Chest;cfc2f7cf08de5c3e9e8def1818b0fdc0;1;1;;1;;;22;1789692700
94;Meteorite Brick;4174;Meteorite Brick;ba8e316159522e720bec5a5f92a37cb6;1;1;;1;;;22;1789692700
95;Worm Hook;4180;Worm Hook;945a94eb54f372f904b531ad31a735bc;1;1;;1;;;22;1789692700
96;Developer items;4176;Developer items;1a9cc30de6b0f98d978f70d4386b05f2;1;1;;1;;;22;1789692700
98;Toolbox;4184;Toolbox;867748323b222a2e63666df4061a041b;1;1;1;1;;;30;1789692700
99;Crimtane Bunnies;4185;Crimtane Bunnies;b8fae6254129b3532f251c7bedacf2b5;1;1;;1;;;22;1789692700
100;Music Box (Underground);4188;Music Box (Underground);cd78ccaca2fc6ddd949b173f7aa5ac80;1;1;1;1;;;30;1789692701
101;Unicorn Statue;4189;Unicorn Statue;a5d131b296088090b82c41515028f701;1;1;;1;;;22;1789692701
102;Life Hair Dye;4198;Life Hair Dye;2ba36a4b15a545f4182bb86e6566a1b1;1;1;1;1;;;30;1789692701
103;Celestial Events;4193;Celestial Events;a30edccb733dc808f945a642bc70dece;1;1;;1;;;22;1789692701
104;Dark Artist's Leggings;4192;Dark Artist's Leggings;3990771c919e23ae7a4f8423af423839;1;1;;1;;;22;1789692701
105;Scorpion Statue;4199;Scorpion Statue;9f3ae46befb80855b11e6fab9ff76db7;1;1;;1;;;22;1789692701
106;Wandering Eye Fish Banner;4203;Wandering Eye Fish Banner;a0c150d60eb608a6f26c32644f249549;1;1;;1;;;22;1789692701
107;Jaws of Death;4205;Jaws of Death;9185da2938d00914f40682b3c7fa9918;1;1;;1;;;22;1789692701
108;Spooky Lamp;4210;Spooky Lamp;e9af10beaafb523e923e9965a284532e;1;1;1;1;;;30;1789692701
109;Goblin Warlock;4209;Goblin Warlock;38eb481e6167e2206406ed9cfc5811bc;1;1;;1;;;22;1789692701
110;Architect Gizmo Pack;4213;Architect Gizmo Pack;0fd3c6dda034aa19c441516db62ddeb1;1;1;;1;;;22;1789692701
111;Gemspark Blocks;4214;Gemspark Blocks;fa5415fea9214a370d941928c9b0d99f;1;1;1;1;;;30;1789692702
112;Amarok;4217;Amarok;b17f5fea97bbb3e07df097fbd6151627;1;1;;1;;;22;1789692702
113;Writhing Remains;4222;Writhing Remains;5ee09b230f6f6d07fe94d77aef205966;1;1;;1;;;22;1789692702
114;Pirate Captain Banner;4231;Pirate Captain Banner;ce6860327ae8c78b6c97b5fcff4a926a;1;1;;1;1;;54;1789692702
115;Yellow Bulb;4227;Yellow Bulb;f0d3ad3aae88bedee05fb28179e2964d;1;1;1;1;;;30;1789692702
116;Vortex Piano;4239;Vortex Piano;8f842d9ed8956041fe8ea2fe02cdd384;1;1;;1;;;22;1789692702
118;Dragonfly jars;4242;Dragonfly jars;8aa9caaf8664cc92d45f4345e0feca15;1;1;;1;;;22;1789692703
119;Hanging Pot;4243;Hanging Pot;16b352b445eed43f77d3f16993cff2bf;1;1;;1;;;22;1789692703
120;Reflective Gold Dye;4241;Reflective Gold Dye;dd6ae216a102c6ddea332c05a75049bd;1;1;;1;;;22;1789692703
121;The Bereaved;4246;The Bereaved;4f0947494f0cbf0513b080e1dbdd4e6f;1;1;;1;;;22;1789692703
122;Dropper;4247;Dropper;ac6204ffeb36d2320e52f1d551cfa370;1;1;;1;;;22;1789692703
123;Spider Toilet;4248;Spider Toilet;cc083517f9f51f28aa88ed1bf01a16f6;1;1;;1;;;22;1789692703
124;Majestic Horse Mount;4268;Majestic Horse Mount;783467d60d53dbd5d8eaa3abb0beac44;1;1;;1;;;22;1789692703
125;Green Flame and Black Dye;4256;Green Flame and Black Dye;6ee8b90f1c6591cb167af0c49ffe0ed6;1;1;1;1;;;30;1789692703
126;Potted Crystal Tree;4258;Potted Crystal Tree;1a20c38cd2bcea1fb8c867e18a490dd9;1;1;;1;;;22;1789692703
127;Still Life;4263;Still Life;66c07a9ab72d86518f91d29bd3965ff0;1;1;;1;;;22;1789692703
128;Greater Luck Potion;4279;Greater Luck Potion;310b3adc1d338ae27b89f0d1fc130ad0;1;1;;1;;;22;1789692703
129;Baby Mothron;4281;Baby Mothron;c887371dd072e0ff1e4cc280a2e592b0;1;1;;1;;;22;1789692703
130;Ocram Mask;4271;Ocram Mask;bcb8056efa017c8ebcea700a008ea2eb;;;1;;;;8;1789692703
131;Ghostar's Tights;4287;Ghostar's Tights;cb801ac67114992e1557934c3467b779;1;1;;1;;;22;1789692703
132;Mighty Wind;4290;Mighty Wind;86b84217a19fcc08c479fec718ac5e14;1;1;;1;;;22;1789692703
133;Nebula Brick Wall;4289;Nebula Brick Wall;366f8864d230b009bd37d87d0850bf34;1;1;;1;;;22;1789692703
134;Illuminant Hook;4296;Illuminant Hook;3c5aca22bc1211620e419a8ac226f2fe;1;1;;1;;;22;1789692704
135;Sky Fracture;4302;Sky Fracture;395bae5b8dfdb35db371f17b858a4474;1;1;;1;;;22;1789692704
136;Sky Blue String;4288;Sky Blue String;60d5b3bf2671529030672e4094c19565;1;1;;1;;;22;1789692704
138;Finch Staff;4303;Finch Staff;1c59989878e3a30c959d5af18a477b43;1;1;;1;;;22;1789692704
139;1.3.5;4304;1.3.5;f82208cb1a0eac11d8d5726958ce9104;1;1;;1;;;22;1789692704
140;Firestarter's set;4305;Firestarter's set;17a196d81211af4c9fea640dd6e8fda4;1;1;;1;;;22;1789692704
141;Lihzahrd Furnace;4297;Lihzahrd Furnace;d31274c08376bfeb45af431c0dd78887;1;1;1;1;;;30;1789692704
142;1.4.2.1;4307;1.4.2.1;7cc13ac71836065b2e124a56f142b67e;1;1;;1;;;22;1789692705
143;Cursed Saint;4308;Cursed Saint;860f5d37703ba51a1803e6b8f81c2c63;1;1;;1;;;22;1789692705
144;White and Yellow Bulb;4309;White and Yellow Bulb;9c703838133f5c6047a19a1e393692b1;1;1;1;1;;;30;1789692705
145;Vortex armor;4312;Vortex armor;89c58f3676bee5716a83bb0f3192c006;1;1;;1;;;22;1789692705
147;Desert Fossil;4314;Desert Fossil;159a0bafaff1a6b478be4da26ea5ba9a;1;1;;1;;;22;1789692705
148;Hunter Cloak;4328;Hunter Cloak;a655e503383c0751cd6b8c4f25f9147e;1;1;;1;;;22;1789692706
149;Bonus drop;4329;Bonus drop;991103016d0ecaf2bd3e3d5e1d083d87;1;1;;1;1;;54;1789692706
150;White Bulb;4335;White Bulb;dc7209ba21c34d8473da4ad97576f9d8;1;1;1;1;;;30;1789692706
151;Bone Lamp;4330;Bone Lamp;996b3ebf6245a6010abff73e528014c7;1;1;1;1;;;30;1789692706
152;Crimson Teeth Wall;4341;Crimson Teeth Wall;be3d222188b203680454e09903a92e44;1;1;;1;;;22;1789692707
153;Spectral Elemental Banner;4342;Spectral Elemental Banner;8594fa2a1d79b4f66306c979b0d5fae2;;;1;;;;8;1789692707
154;Glass Table;4346;Glass Table;1a3b774c04389abbef10dc13e027af3b;1;1;;1;;;22;1789692707
155;Plaguebringer's Skull;4344;Plaguebringer's Skull;c2a59a7cd5345e8d817fce2d8d10a84d;1;1;;1;;;22;1789692707
157;Hunger;4351;Hunger;5994ce026a62da8057fcb67f5ee60773;1;1;;1;;;22;1789692707
158;Solar Cultist set;4352;Solar Cultist set;004d1057edb03bb3a48ae5c9f9cbe7b3;1;1;;1;;;22;1789692707
159;Lazure's clothes;4355;Lazure's clothes;d15f9d88b2a061c0d90b0c2fab04fb1b;1;1;;1;;;22;1789692707
160;Pink Gel Dye;4356;Pink Gel Dye;111e7b98aadbaa600cae0fef55d2a7ef;1;1;;1;;;22;1789692707
161;Blue Graduation set;4357;Blue Graduation set;02655afaebdc976ce2d024c50432a126;1;1;;1;;;22;1789692707
162;Victorian Goth set;4360;Victorian Goth set;f69d97eed311d98a979def39424669da;1;1;;1;;;22;1789692707
163;Golden Grave Marker;4362;Golden Grave Marker;3abfd0bcd15af84f4232f23c71858c09;1;1;;1;;;22;1789692708
164;Otherworldly Music Box (Crimson);4368;Otherworldly Music Box (Crimson);dc3dbce3d3f69ec36d38ed79f01001ce;1;1;;1;;;22;1789692708
165;Jousting Lance;4366;Jousting Lance;068b912407085eb01b0af22c5113cc05;1;1;;1;;;22;1789692708
166;Counterweight;4369;Counterweight;ee342092b8d2cc9e228ff34fd86d56a0;1;1;;1;;;22;1789692708
167;Vortex Sofa;4374;Vortex Sofa;bf1cf2e6a3ad36913ef015ae44fd6c6a;1;1;;1;;;22;1789692708
168;Penetrated;4372;Penetrated;ef997bfbeaa58283fc8c2e1f6e8cc6a3;1;1;;1;;;22;1789692708
169;Treasure Bag (Ogre2);4376;Treasure Bag (Ogre2);b48595f3959fa2f1dda0d16943c52434;1;1;;1;;;22;1789692708
170;Tree Mask;4385;Tree Mask;49493c43432baa836f15e324400da507;1;1;1;1;;;30;1789692708
172;Cactus Dresser;4395;Cactus Dresser;3d8b8b29e4b3377f5968629a34d6bf72;1;1;1;1;;;30;1789692708
173;Stoned;4393;Stoned;8359299f3cc6d8b74029e800b3b11e5d;1;1;;1;;;22;1789692709
174;Otherworldly Music Box (Snow);4397;Otherworldly Music Box (Snow);15fd9d78ae12fbfc2c3b1c542c17c630;1;1;;1;;;22;1789692709
176;Turkor Body;4405;Turkor Body;c735f0c8f766f16f740e0b23cf8954dd;;;;;1;;32;1789692709
177;Bone Throwing Knife;4403;Bone Throwing Knife;54d608ee345781389009491a876e6276;1;1;;1;;;22;1789692709
178;Ancient Storm;4407;Ancient Storm;673339a66abe631ddfe7bf741c611a16;1;1;;1;;;22;1789692709
179;Frozen Shield;4408;Frozen Shield;b0131a89d790dc98d8454cb9e9672434;1;1;;1;;;22;1789692709
180;Frame Skip;4411;Frame Skip;09c29c058199bf9dc4cc55fddf894f89;1;1;;1;1;;54;1789692709
181;Black Dragonfly;4412;Black Dragonfly;55c687cbc2f0a5fbf064a99bd6fad654;1;1;;1;;;22;1789692709
183;Blue Dye;4413;Blue Dye;55ad2549e934eb6ef7337f1715d7f9ba;1;1;1;1;;;30;1789692710
184;Spectre Mask;4431;Spectre Mask;07eb7c515f00035e497a71240b1f480a;1;1;1;1;;;30;1789692710
185;Blood Mummy;4421;Blood Mummy;4e849328e7b1f6c8890d287b568517f1;1;1;;1;;;22;1789692710
186;Honeyfall Wall;4419;Honeyfall Wall;5d6cf793bc138612a05bc9806bf92afe;1;1;;1;;;22;1789692710
187;Dangersense Potion;4415;Dangersense Potion;ad6649e8b80d7db2dc1730cfc6690dd2;1;1;1;1;;;30;1789692710
188;D-Town's set;4432;D-Town's set;53b688b8bbe6bdbfb7bcc7b016a63e33;1;1;;1;;;22;1789692710
189;Living Ichor Fire Block;4437;Living Ichor Fire Block;c819391c5088bbac5cea5bac48b8bccd;1;1;;1;;;22;1789692710
190;Sandstone Walls;4434;Sandstone Walls;720f0669134dc0046b650b11581111fd;1;1;;1;;;22;1789692710
191;Goblin Bomber Cap;4438;Goblin Bomber Cap;c434579005253189d4b9ecf5b9b754b9;1;1;;1;;;22;1789692711
192;Obsidian Lock Box;4439;Obsidian Lock Box;14f9de21a6f6801b6b2af5984aa90a88;1;1;;1;;;22;1789692711
193;Topaz Gemspark Wall;4442;Topaz Gemspark Wall;140de7d135fc6585680ddc0161d02486;1;1;1;1;;;30;1789692711
194;Medusa Statue;4446;Medusa Statue;8ddb5d2184ecbbf9267402f2514bd25d;1;1;;1;;;22;1789692712
195;Watchful Antlion;4450;Watchful Antlion;d316d82a3a647828449cee1b8b208424;1;1;;1;;;22;1789692712
196;Lily pads;4455;Lily pads;cd3e792dd7426c7139f66ef31a35c3db;1;1;;1;;;22;1789692712
197;Glass Chandelier;4457;Glass Chandelier;68b4e0ee987f41260bd6f17f2f8aa256;1;1;;1;;;22;1789692712
198;Silver Golf Trophy;4458;Silver Golf Trophy;45dc066ff57429ddaad3afe1c91ad596;1;1;;1;;;22;1789692712
199;Leinfors' set;4461;Leinfors' set;72d645d9b2257d3195620a012928ecf2;1;1;;1;;;22;1789692712
200;Blue Dungeon Dresser;4466;Blue Dungeon Dresser;8f6eae3ba9feb3ef3903d6714159128e;1;1;1;1;;;30;1789692712
202;Fractured Stone Wall;4475;Fractured Stone Wall;8d29446b839c5f8cac0a9df04dc7eed1;1;1;;1;;;22;1789692713
203;Treasure Bag (Skeletron Prime);4479;Treasure Bag (Skeletron Prime);546a61e8cf68673964c2bf7bd71bbd4d;1;1;;1;;;22;1789692713
204;Video Visage;4480;Video Visage;bc50764fc6003c554af164f1d4983798;1;1;;1;;;22;1789692713
205;Boreal Wood Sink;4491;Boreal Wood Sink;be6d5dcb77bb648738e372deab9dd78b;1;1;;1;;;22;1789692713
207;Large Bamboo Wall;4495;Large Bamboo Wall;722bb7f6360e5f891320be482ea9ecc7;1;1;;1;;;22;1789692713
208;Secret seed;4505;Secret seed;f8955fb9c2ce3fc4541a5118d0a44aea;1;1;;1;;;22;1789692713
209;Magic Lava Dropper;4506;Magic Lava Dropper;e7ec1efb5343c4cebdc1bd0361fabbdf;1;1;;1;;;22;1789692713
210;Pet Old Lady;4498;Pet Old Lady;daabd931cf356b9cfa66034423fbca60;;;;;1;;32;1789692713
211;Leinfors' Hair Protector;4509;Leinfors' Hair Protector;1ded861d909733a71a4ca87036cac786;1;1;;1;;;22;1789692714
213;Music Box (Dungeon);4514;Music Box (Dungeon);bce0da13e95ae54b7ab07c25e72e0cf9;1;1;1;1;;;30;1789692714
214;Biome Key Mold;4516;Biome Key Mold;eae90961104623bb8806e8e2728824d6;;;1;;1;;40;1789692714
215;Martia Lisa;4517;Martia Lisa;075807d9893ddca447868aaccbdced1b;1;1;;1;;;22;1789692714
216;Ghostar’s Garb;4515;Ghostar’s Garb;6876bc0187a022c436464102f44280f2;1;1;;1;;;22;1789692714
217;Golden Bookcase;4520;Golden Bookcase;b2bdd775fde6c131acb042dd8659d96b;1;1;1;1;;;30;1789692714
218;Ammo Box (buff);4521;Ammo Box (buff);b8b46d7e0962f8c48551736a3fbf2e97;1;1;1;1;;;30;1789692714
219;1.3.0.2;4528;1.3.0.2;0956b9c9fa16c8bd7ef3e8c2bdad4c25;1;1;;1;;;22;1789692714
220;Sword Rack;4526;Sword Rack;b44b410a802238e03d03e515b7c195cc;1;1;1;1;;;30;1789692714
221;Illuminant Slime Banner;4523;Illuminant Slime Banner;d1736f0a1cbd64ab88f6e836e36c4532;1;1;;1;;;22;1789692714
223;Confetti Block;4536;Confetti Block;13ee0bb2bc5d88178cb168fb6c5152a1;1;1;1;1;;;30;1789692714
224;Fennec Fox;4534;Fennec Fox;956a80cb391eff27e7257fff9ea22e61;1;1;;1;;;22;1789692714
225;Grasshopper Cage;4541;Grasshopper Cage;319e94c796bb52d36d7a49e72a6dd416;1;1;;1;;;22;1789692715
226;Dragonflies;4539;Dragonflies;3400b3e0d0ebcc066bb20539f90b4fb8;1;1;;1;;;22;1789692715
227;Toxikarp;4540;Toxikarp;0be57bfd67044b2bc5978197f890d450;1;1;;1;;;22;1789692715
228;Blue String;4543;Blue String;f1ef213297741625ed2f9c1818ac80eb;1;1;;1;;;22;1789692715
229;Gentleman's set;4551;Gentleman's set;4df868240543e788b77a9dfc6950612d;1;1;;1;;;22;1789692715
230;Copper Plating Wall;4546;Copper Plating Wall;15df682d600bf74fbb1358a966fc9fdd;1;1;1;1;;;30;1789692715
231;Shadow Slime;4553;Shadow Slime;797e199abff6e38c37d34d406e956e58;;;1;;1;;40;1789692715
232;Horned God Boots;4555;Horned God Boots;26740787db47cb56f3c57aea8a80057d;;;1;;;;8;1789692715
233;Harpy Statue;4548;Harpy Statue;042740175aee6e482bb5bff1d5072bd0;1;1;;1;;;22;1789692715
234;Bloodbath Dye;4556;Bloodbath Dye;be7ce8139bc3fe228fae06a9f14485df;1;1;;1;;;22;1789692715
235;Flying Dutchman;4552;Flying Dutchman;8b0d5e2d019de1b7d6cdefcae1fe04c4;1;1;;1;;;22;1789692715
236;Sanguine Bat;4576;Sanguine Bat;1c4f9cd9cc71c9bc9b3c4bc6b41c5b79;1;1;;1;;;22;1789692715
237;Monomi costume;4578;Monomi costume;866811f0b12fe1d63e51fe609c904250;;;;;;1;1;1789692715
238;Shroomerang;4570;Shroomerang;a0cd2f7d3bcfe01130cfa2f991fdd877;1;1;;1;;;22;1789692715
239;Obsidian Dresser;4586;Obsidian Dresser;935d13f668c098dc0029eb54b602e5b9;1;1;1;1;;;30;1789692715
240;Dog set;4588;Dog set;652d3813884fd67d8206f5589db59c46;1;1;;1;;;22;1789692716
241;Not the bees!;4587;Not the bees!;d397e25497b37462570cff7a65ced717;1;1;;1;;;22;1789692716
242;Glass Slipper;4589;Glass Slipper;2e50d911fb9f7eb0dd5a7df0639cd5bf;1;1;;1;;;22;1789692716
243;Stardust Monolith;4592;Stardust Monolith;034eef7f1d7f9a333f9b9e25c946d1f0;1;1;;1;;;22;1789692716
244;Party Bunny;4595;Party Bunny;8adea9d3af16d67dc81fd1b2bae9a36d;1;1;;1;;;22;1789692716
245;Drunk world;4596;Drunk world;61d94844be770c6eb7d9c83d904d5b7b;1;1;;1;;;22;1789692716
246;Golf Cart;4597;Golf Cart;ae94e6e3643a55f2eacd20fb27634144;1;1;;1;;;22;1789692716
247;Fossil armor;4598;Fossil armor;9b8ba1a34eef7f8dd79d116619ec8b9f;1;1;;1;;;22;1789692716
248;Froggle Bunwich;4599;Froggle Bunwich;0a3bb6d6bf91833180b59518d84dcfc3;1;1;;1;;;22;1789692716
249;Coin Pile;4601;Coin Pile;3557cc60d64bbca62d7effc3005f98f1;1;1;1;1;;;30;1789692717
250;Master Gamer's Pants;4603;Master Gamer's Pants;f57904592dce2aca8b7b444db0679f8a;1;1;;1;;;22;1789692717
252;Spider Nest Wall;4608;Spider Nest Wall;60adea06d13b49a4e8dd758490596a1b;1;1;;1;;;22;1789692717
253;Loki's set;4607;Loki's set;3edc19cfc2e64d3782d8425874fd4c24;1;1;;1;;;22;1789692717
254;Safeman's Blanket Cape;4606;Safeman's Blanket Cape;379988068818fe0210abe375b2b14c2f;1;1;;1;;;22;1789692717
255;Torch Zombie;4614;Torch Zombie;61080971709902109f1a60be6eb11fc3;1;1;;1;;;22;1789692717
256;The Bast Defense;4617;The Bast Defense;edf3455c716914bb1380777a91851b56;1;1;;1;;;22;1789692717
257;Tactical Skeleton Banner;4618;Tactical Skeleton Banner;e72a69b303952a5be5c39bc7a3a9d404;1;1;;1;;;22;1789692717
258;Sauteed Frog Legs;4622;Sauteed Frog Legs;f93302bebb8cdfaa15dbbac676cacb2c;1;1;;1;;;22;1789692717
259;Vanity Trees;4625;Vanity Trees;dd68f0750ef6d0dd5d231804e1184d57;1;1;;1;;;22;1789692717
260;Skyware Bed;4637;Skyware Bed;a66ea6365c1d3fa0aa3688dcb34cedcb;1;1;;1;;;22;1789692717
261;Kobold Glider;4630;Kobold Glider;3bbd0fa9b59581b86dd4062b055e9136;1;1;;1;;;22;1789692717
262;Strange Brew;4645;Strange Brew;bddebe6c814f1fbd6919b8487b5d9014;1;1;;1;;;22;1789692718
263;Stalactite Stone Wall;4640;Stalactite Stone Wall;23d36fba9a8de5482af4ae388d400d8a;1;1;;1;;;22;1789692718
264;Green Garland;4646;Green Garland;f247a70194795a6bc02b8d815c9009b8;1;1;1;1;;;30;1789692718
265;Shadow Hammer Banner;4647;Shadow Hammer Banner;66c57f6fcd8ed04405877846c79eaff5;;;1;;;;8;1789692718
267;Hallowed Jousting Lance;4659;Hallowed Jousting Lance;ddb994b7eef683ea6a555879a833748c;1;1;;1;;;22;1789692718
268;Toy Golem;4666;Toy Golem;0c48a34328fa8f59f7d6a4d46dca6e69;1;1;;1;;;22;1789692718
269;Bewitched;4658;Bewitched;85671ecf105c8994cef37c531d7f6c87;1;1;;1;;;22;1789692718
270;Gold Dragonfly;4672;Gold Dragonfly;33cbbe992106bccddf39251e6bfc251b;1;1;;1;;;22;1789692718
271;Hive Pack;4674;Hive Pack;1ba4a7652552b8c25bcb9d0d39e8b7c8;1;1;;1;;;22;1789692719
272;Spectral Gastropod;4676;Spectral Gastropod;fad673955e5bb3edc6ad3d256d303c1a;;;1;;1;;40;1789692719
274;Maroon Graduation set;4683;Maroon Graduation set;06c2d4874c20e3c5546f7908be636363;1;1;;1;;;22;1789692719
275;Potted Hallow Bamboo;4692;Potted Hallow Bamboo;91796871ad62114ace60ecc042b2202d;1;1;;1;;;22;1789692719
277;Lavaproof Tackle Bag;4694;Lavaproof Tackle Bag;57d535d88b382cf2725a37a0336b4ec7;1;1;;1;;;22;1789692720
278;Mister Stabby Banner;4693;Mister Stabby Banner;2d7cc73b90d70506678881d06992db73;1;1;;1;;;22;1789692720
279;Sharpening stone;4697;Sharpening stone;341eaa562d7b8e673fc1ca61c8c5df80;1;1;;1;;;22;1789692720
280;Superhero Tights;4698;Superhero Tights;ece7cab0992386b0301956e664946b71;1;1;;1;;;22;1789692720
281;Hoppin' Jack Banner;4700;Hoppin' Jack Banner;d5579fbbd35bed0c122e23010adfc01c;1;1;;1;;;22;1789692720
282;Developer item;4705;Developer item;244c31a3948c50910c39021baa129d85;1;1;;1;;;22;1789692721
283;Flame and Silver Dye;4706;Flame and Silver Dye;14bddd9be9e0dc2b857ecb943eec1443;1;1;;1;;;22;1789692721
284;Palm Wood armor;4701;Palm Wood armor;c31fbc9c042f808069449127a85bd411;1;1;1;1;;;30;1789692721
285;Topaz Gemspark Block;4718;Topaz Gemspark Block;0ef3bc4009480f29178717a8bfcc66b9;1;1;1;1;;;30;1789692721
286;Bunny Mount;4721;Bunny Mount;b899ba6d1fc00194d15c24dd435024b1;1;1;1;1;;;30;1789692721
287;Golfer Rescue;4722;Golfer Rescue;424e9091fcd03013a1569bb7a7788ab7;1;1;;1;;;22;1789692721
288;Meteorite Bed;4727;Meteorite Bed;de876b0af15c8c067edf0fc68d381250;1;1;;1;;;22;1789692721
289;Blackcurrant;4729;Blackcurrant;216d0b6e1fa823f0f3a01ebe6895d107;1;1;;1;;;22;1789692722
291;Music Box (Windy Day);4734;Music Box (Windy Day);86cb3843dfde17ebd3b8cacbc6e50f4b;1;1;;1;;;22;1789692722
292;Martian Costume Shirt;4739;Martian Costume Shirt;fc75fd019c9f6704f38d7b8906136a18;1;1;;1;;;22;1789692722
293;Anti-Gravity Hook;4745;Anti-Gravity Hook;c4254799993f84db6d1a247c67e34029;1;1;;1;;;22;1789692722
294;Solar Platform;4737;Solar Platform;2bc84d3a09168c0c1234d27148529140;1;1;;1;;;22;1789692722
295;Spider furniture;4758;Spider furniture;3cffb4e23eea96b21dff86b094a69602;1;1;;1;;;22;1789692722
296;Spider Piano;4754;Spider Piano;484826645789d930bd99b3fec8e55b94;1;1;;1;;;22;1789692723
298;Parka set;4768;Parka set;596f8ccf7f797ef9207933e4ceede63d;1;1;1;1;;;30;1789692723
299;First Fractal;4769;First Fractal;c6d53829adbafb63e80b4626969dddd5;1;1;;1;;;22;1789692723
301;Xeno Staff;4772;Xeno Staff;71e0845d4335c39c64715418154b59bc;1;1;;1;;;22;1789692723
302;Princess;4777;Princess;e322f3030900776d4425122f2d195693;1;1;;1;;;22;1789692723
303;Celestial Towers;4774;Celestial Towers;8444baccd3bd227d994f44c2299ed649;1;1;;1;;;22;1789692723
304;Workshop Hub;4778;Workshop Hub;d90c9bd2b17f071e665e4bbfac3aa5df;1;;;;;;2;1789692724
305;Lavaproof Fishing Hook;4786;Lavaproof Fishing Hook;6416cd44ae14b3d6e7ab6aa29fe80fff;1;1;;1;;;22;1789692724
307;Regal Delicacy;4795;Regal Delicacy;e9f14edb42e4ae0125f45c0d7c911ab7;1;1;;1;;;22;1789692725
308;Snow Cloud;4796;Snow Cloud;6edb3756d215165cd086f394db7aa062;1;1;;1;;;22;1789692725
309;Gingerbread Man Banner;4797;Gingerbread Man Banner;c32f253ef0fef1a7cd91e67965735c8f;1;1;;1;1;;54;1789692725
310;Lazure's Valkyrie Cloak;4799;Lazure's Valkyrie Cloak;7bb0a48e5934f44d3faf95c73f9dd3dc;1;1;;1;;;22;1789692726
311;Living Wood Sofa;4801;Living Wood Sofa;6ba7da92c34c5193e322930e02c5f367;1;1;1;1;;;30;1789692726
312;Tomb Crawler (Body);4803;Tomb Crawler (Body);30fd18766f291c4630941d9c61ca3a2d;1;1;;1;;;22;1789692726
313;Green Dungeon Sofa;4806;Green Dungeon Sofa;5569619ab67afd7bfa7fbb90f0b03449;1;1;1;1;;;30;1789692726
314;Slime Dresser;4808;Slime Dresser;09cdea48a297ab2beac0741e013eb464;1;1;1;1;;;30;1789692726
315;Shark Kite;4813;Shark Kite;bcc38a8ce8f8b2b9ab999938fb2add43;1;1;;1;;;22;1789692726
316;Life Drain (buff);4815;Life Drain (buff);43e57a57e45b0895fa910a8974502ee2;1;1;;1;;;22;1789692726
317;Superhero set;4816;Superhero set;cd710de84e038c36f8d7ef7e30c79447;1;1;;1;;;22;1789692726
318;Spectre Bars;4820;Spectre Bars;4a3ac2bd88afaad0e661bf94a8414663;1;1;;1;;;22;1789692726
319;Lihzahrd Clock;4826;Lihzahrd Clock;d5009b4c70089436edf42d3f845320ed;1;1;1;1;;;30;1789692726
320;Topaz Squirrel Cage;4836;Topaz Squirrel Cage;41e56efe94f5436f6d9d1f2cc52d65f8;1;1;;1;;;22;1789692727
321;Dripping Liquid;4834;Dripping Liquid;8efa33e417f5a66251245f146d3ceb80;1;1;;1;;;22;1789692727
322;Gold Grasshopper Cage;4823;Gold Grasshopper Cage;c87fae3220f55a9d0db3baf88b810517;1;1;;1;;;22;1789692727
323;War Table;4839;War Table;7221d288cd227c2a8aa2c2faf2d87e00;1;1;;1;;;22;1789692727
324;Armed Female Zombie;4841;Armed Female Zombie;dff20302d0db67fd00416157799b70b8;1;1;;1;;;22;1789692727
325;Terra Toilet;4842;Terra Toilet;6b1894996a0cfdf1317ab1c36ec244a8;1;1;;1;;;22;1789692727
326;Deep Orange Paint;4846;Deep Orange Paint;0242f89bfd4411dbf34a612383b47a61;1;1;1;1;;;30;1789692727
327;Pumpkin Candle;4847;Pumpkin Candle;3b2dd19caeda1ec5461393e55c15a4d0;1;1;;1;;;22;1789692727
328;Dynasty Lantern;4850;Dynasty Lantern;353c90daf2bb56693268c3475919e30b;1;1;;1;;;22;1789692727
329;Chattering Teeth Bomb;4851;Chattering Teeth Bomb;6af3c369faaa36d57aea8ad06b8dcf4b;1;1;;1;;;22;1789692727
330;Green Pin Flag;4855;Green Pin Flag;b9ef5f4ad81f13c8593fedb688c93096;1;1;;1;;;22;1789692727
331;Rambutan;4856;Rambutan;47c267111a8a0e0bd5f92519a0189db5;1;1;;1;;;22;1789692727
332;Zebra Skin;4857;Zebra Skin;b2aeef9d61bbc3af7f447fe8efe2e4a5;1;1;1;1;;;30;1789692727
333;Sand Shark;4860;Sand Shark;74017a7c980f999c3059ddb4c4fa248e;1;1;;1;;;22;1789692728
334;Mediumcore;4870;Mediumcore;9308eff0b7bb12d377189c68ca6fa8d6;1;1;1;1;;;30;1789692728
337;Town Bunny;4878;Town Bunny;bc0e3e78e095cb475024c08bde20730d;1;1;;1;;;22;1789692728
338;Boreal Wood Breastplate;4882;Boreal Wood Breastplate;714bde65533081371cc7b6772ed408df;1;1;1;1;;;30;1789692728
339;Boreal Wood Bookcase;4879;Boreal Wood Bookcase;e3d3ba892fc657041564ce3371a48aaf;1;1;1;1;;;30;1789692728
340;Cactus Toilet;4887;Cactus Toilet;2d3ea5370006f408210dd230334d005b;1;1;;1;;;22;1789692728
341;Meteorite Lantern;4890;Meteorite Lantern;27d1416ee447a5a258fca4d29d56974b;1;1;;1;;;22;1789692728
342;Mana Sickness;4868;Mana Sickness;02c864a990dbf7333a15d78e3f18d11d;1;1;1;1;;;30;1789692727
343;Lihzahrd Bed;4904;Lihzahrd Bed;3b4842ece550c067d1bac982b5b938c8;1;1;1;1;;;30;1789692728
344;Desert Spirit;4898;Desert Spirit;03fa867cfe768514d1c0267a855a618c;1;1;;1;;;22;1789692728
345;Pixel Box;4905;Pixel Box;b4c9f7b3776577661eae1bdd07ce1de8;1;1;;1;;;22;1789692728
346;Crimson Underground Desert;4908;Crimson Underground Desert;a15967eef4299d30d040c5cdbb47e114;1;1;;1;;;22;1789692728
347;Lazures clothes;4910;Lazures clothes;7214377d5d71bda439ad8f85e3bd0199;1;1;;1;;;22;1789692728
348;Boreal Wood Greaves;4920;Boreal Wood Greaves;a08281f5b8f6ca56497825bab56766ef;1;1;1;1;;;30;1789692728
349;Snail Statue;4911;Snail Statue;1884e340a0bf82dddab3d8bea36b475a;1;1;;1;;;22;1789692728
350;Black Slime Banner;4922;Black Slime Banner;646b839870d291c64bc2d906dc4aca0d;1;1;;1;;;22;1789692729
351;Pumpkin Dresser;4928;Pumpkin Dresser;c3f7410057dc3990ac6b59129f1bb2aa;1;1;1;1;;;30;1789692729
352;Fallen Log;4931;Fallen Log;68714de76ee6e4f2306ea709dc99f721;1;1;;1;;;22;1789692729
353;Scutlix;4935;Scutlix;033b8750c50ade27960e18c0980c05f3;1;1;;1;;;22;1789692729
354;Boreal Wood Dresser;4933;Boreal Wood Dresser;0a1fbd2cdbe0402f4095c3fc5b96bbdc;1;1;1;1;;;30;1789692729
355;The Torch God;4939;The Torch God;90716a1cccd1cdcd8a990caf4c108f10;1;1;;1;;;22;1789692729
356;Rainbow Cursor;4940;Rainbow Cursor;d0bf0ed835e5836bb5a0389bb832b185;1;1;;1;;;22;1789692729
357;Honey Bee;4943;Honey Bee;9527c2ebe6ee21e6ce03281ce57dd1f1;1;1;;1;;;22;1789692730
358;Leinfors's set;4944;Leinfors's set;1ff24c84a146a36ec1e24ec920c9b7e6;1;1;;1;;;22;1789692730
359;1.4.1.1;4947;1.4.1.1;531c297a88d74ca6949b1b748992afe6;1;1;;1;;;22;1789692730
360;Impending Doom;4948;Impending Doom;e1971a8b885be66d8598a41fd96a674f;1;1;;1;;;22;1789692730
361;Orange Stained Glass;4945;Orange Stained Glass;70551a76a7980eba6f57c796608b947d;1;1;;1;;;22;1789692730
362;Blood Squid;4957;Blood Squid;652b791095426ec7ce37cb5c285c70ec;1;1;;1;;;22;1789692730
363;Gold Dragonfly Jar;4960;Gold Dragonfly Jar;ccd7bbc14af49d408d2d2580fe43dfb5;1;1;;1;;;22;1789692731
364;Party Hat;4959;Party Hat;b9af483f898e87a632cec0764bcc11ee;1;1;;1;;;22;1789692731
365;Lime Golf Ball;4958;Lime Golf Ball;c8266db812c79231997b8d1d41e30f12;1;1;;1;;;22;1789692731
366;Corrupted Underground Desert;4961;Corrupted Underground Desert;c20feb9f4e1089c71213e4ddbd2c6c40;1;1;;1;;;22;1789692731
367;Kimono;4962;Kimono;edf8d32c30ee76c86f3ff0bc3001dba4;1;1;1;1;;;30;1789692731
368;Lamia set;4966;Lamia set;bcadae4fe766ce14e1f3376548c08200;1;1;;1;;;22;1789692731
369;Frame Skip Off;4965;Frame Skip Off;80e08ee2e74648ba8ac11f5c482d682c;1;1;;1;1;;54;1789692732
370;Glass Candle;4967;Glass Candle;2531004b82bf3ad9b8eb1cd12df00722;1;1;;1;;;22;1789692732
371;Negative Dye;4968;Negative Dye;5353f9a6201654858b486f7c4acfe035;1;1;;1;;;22;1789692732
372;Golden Tombstone;4969;Golden Tombstone;772122353c4b5ec77ca36af2369c2182;1;1;;1;;;22;1789692732
373;Skiphs' Bear Butt;4974;Skiphs' Bear Butt;dd22e127dae62c21d1946c4b78db4c4b;1;1;;1;;;22;1789692732
374;Lederhosen;4975;Lederhosen;22179c1e057e55bf68b4254e18792d01;;;;;1;;32;1789692732
375;Lamps;4976;Lamps;8566e5028e63ca723938a11b1f48694f;1;1;1;1;;;30;1789692732
376;Abigail;4978;Abigail;96db69b0fff794de363fbb73929ac604;1;1;;1;;;22;1789692733
377;Treasure Bag (Eater of Worlds);4979;Treasure Bag (Eater of Worlds);93580024cc1a307bf543e3ddb645d3e5;1;1;;1;;;22;1789692733
378;Palm Wood Table;4985;Palm Wood Table;a75da2861b6fbaa5910e97249ba54048;1;1;;1;;;22;1789692733
379;Twinkle Popper Banner;4980;Twinkle Popper Banner;f5f6193cdaf8df91445d6d701d79f9b5;1;1;;1;;;22;1789692733
380;Grubby;4982;Grubby;8b715be15372777237544c3ffa696ccd;1;1;;1;;;22;1789692733
381;Hanging Shiverthorn;4989;Hanging Shiverthorn;39649ea2a1564491ec78f1d648510146;1;1;;1;;;22;1789692733
382;Silly Tied Balloon (Green);4996;Silly Tied Balloon (Green);79835b8d3b1eb69599395bd629e778d5;1;1;;1;;;22;1789692733
383;Nebula Floater Banner;5007;Nebula Floater Banner;304db524c412be558f5e8bcbda2f0361;1;1;;1;;;22;1789692733
384;Eskimo Coat;4999;Eskimo Coat;233af4c175c5b9c820307ffd97098ecc;;;1;;1;;40;1789692733
385;Nebula Leggings;5004;Nebula Leggings;d220d0aeb21ec6e38c8fb3ee7f651e66;1;1;;1;;;22;1789692733
386;Blessed Apple;5003;Blessed Apple;0c9a68fc7666ec82ddd1a59d865dadb0;1;1;;1;;;22;1789692733
387;Burning Hades Dye;5009;Burning Hades Dye;d916e872acb2131226c0b4a0d86488b9;1;1;;1;;;22;1789692733
388;Pumpkin Toilet;4990;Pumpkin Toilet;d6ef739f56fa0c5d91664fbe114eb3ae;1;1;;1;;;22;1789692734
389;Pumpkin Lamp;5023;Pumpkin Lamp;9fd2d32f772a7c92dfbc8e344c8f9661;1;1;1;1;;;30;1789692734
390;Stalker's Quiver;5010;Stalker's Quiver;a5f54da79bef1096e395b485fde44090;1;1;;1;;;22;1789692734
391;Premium Golf Club (Iron);5024;Premium Golf Club (Iron);d2289f28e7cdc1099275f4e58dfab39f;1;1;;1;;;22;1789692734
392;Vortex Candle;5008;Vortex Candle;ad9fd556c1e547a9b1f463417f41dd55;1;1;;1;;;22;1789692734
393;Palm Wood Bow;4987;Palm Wood Bow;15ff56305e49285b23258adc2a295e59;1;1;1;1;;;30;1789692733
394;Lava Rocket;5030;Lava Rocket;9c414d6d84178aa65e7daa93679ad535;1;1;;1;;;22;1789692734
395;Silly Purple Balloon Wall;5034;Silly Purple Balloon Wall;875faf11220d5e3919f8976347510431;1;1;;1;;;22;1789692734
397;Tax Collector;5038;Tax Collector;d1bef1a0a51b383a61dbdec526e35612;1;1;;1;;;22;1789692734
398;Crimtane Penguin;5049;Crimtane Penguin;4646c8a42e46f77bf6ea562f2555ed89;1;1;;1;;;22;1789692734
399;Grolem;5051;Grolem;a393d3f2d3b96c754b3a8430b5807c51;1;1;;1;;;22;1789692734
400;Creature from the Deep;5056;Creature from the Deep;36bad5b6f0bf92463b889bee8a621f06;1;1;;1;;;22;1789692734
401;Bee Mount;5059;Bee Mount;5fe2c08cc645dd6e8cab4f1b9a9a319d;1;1;1;1;;;30;1789692734
402;Buccaneer set;5074;Buccaneer set;0a1047371249b7610b098df5c6eb6094;1;1;;1;;;22;1789692734
403;Uluru;5065;Uluru;4f12ca6f9e6fcb26f006581644050b2e;1;1;;1;;;22;1789692734
404;Music Box (Alt Overworld Day);5079;Music Box (Alt Overworld Day);c16874ae651438844becafa53a5bd342;1;1;1;1;;;30;1789692735
405;Monk's Pants;5070;Monk's Pants;9fc6d3f3c90bbc3273322c93ba4a5dfc;1;1;;1;;;22;1789692735
406;Glass Door;5083;Glass Door;d2307a384c182ff7e142b90280cce4df;1;1;;1;;;22;1789692735
407;Music Box (Alt Underground);5082;Music Box (Alt Underground);d2d2ccc3f8bfc3986984ad77c3019977;1;1;1;1;;;30;1789692735
408;Ice Cream;5084;Ice Cream;4905f67693c1e057a2d9b8c9de8f863b;1;1;;1;;;22;1789692735
409;Crimsandstone Wall;5090;Crimsandstone Wall;c8eefc1d6cad89179f6e3cf43ff5a047;1;1;;1;;;22;1789692735
410;Squire's Shield;5093;Squire's Shield;05cd701d8f9f29ca103c034d6f7f3bdd;1;1;;1;;;22;1789692735
411;Gladiator Helmet;5094;Gladiator Helmet;f4b9d019bc342afb7669899743b1648a;1;1;;1;;;22;1789692735
412;Hardened Pearlsand Wall;5099;Hardened Pearlsand Wall;71603c5c06d0b529a3e7ee4759707b60;1;1;;1;;;22;1789692736
413;Mushroom Sink;5095;Mushroom Sink;9ed25a5d7402b2016d55533a61d3eb8c;1;1;;1;;;22;1789692736
414;Horned God Mask;5096;Horned God Mask;8d81dbd237b71a14eb8029b807d7299e;;;1;;;;8;1789692736
415;Potted Magma Palm;5100;Potted Magma Palm;248610c600727fef3b901126deaeab09;1;1;;1;;;22;1789692736
416;Corrupt Crate;5107;Corrupt Crate;af0c06d7bc1846504ec929fce0265ff6;1;1;;1;;;22;1789692736
417;White Tuxedo Shirt;5110;White Tuxedo Shirt;0000693e707803549aa575d63c2e6c5b;1;1;;1;;;22;1789692736
418;Spooky Toilet;5108;Spooky Toilet;6e220a001acb68380617e81e0bd6d661;1;1;;1;;;22;1789692736
419;Living Rainbow Dye;5116;Living Rainbow Dye;e539b9dd4450fb79a7b72fee53d7e066;1;1;;1;;;22;1789692736
420;Chef Uniform;5115;Chef Uniform;b97075532f423f14f9597550c2b13dbe;1;1;;1;;;22;1789692736
421;Red Riding armor;5118;Red Riding armor;4ad7d09609cd2e51ac534aecefea2a17;1;1;;1;;;22;1789692736
422;NAND Gate;5119;NAND Gate;fafa8b5be8679f77856106e01432d3b7;1;1;;1;;;22;1789692736
423;Dry Rocket;5127;Dry Rocket;99e0d02dbda36ea8e39a0d27ca9a0ef0;1;1;;1;;;22;1789692736
424;Bees Knees;5135;Bees Knees;ad2866b598050c96d03ee00684ceaf97;1;1;;1;;;22;1789692736
425;Copper Watch;5137;Copper Watch;3d18131ef0bf8c13f7ef582b0345d470;1;1;1;1;;;30;1789692737
426;Deerclops Trophy;5140;Deerclops Trophy;941c52d7215ddea729f8eb884959aa5d;1;1;;1;;;22;1789692737
427;Krampus Banner;5142;Krampus Banner;8c42d72d5c4bf0ef89abc635cff51447;1;1;;1;1;;54;1789692737
428;Gem Bunny;5143;Gem Bunny;c802bfef83946625cac69a48204e1bef;1;1;;1;;;22;1789692737
429;Vicious Bunny Banner;5145;Vicious Bunny Banner;0cbe900aa09065ccab7221efac64dd1c;1;1;;1;;;22;1789692737
430;Eater of Worms;5148;Eater of Worms;6cdb425f5f5852921cfb8c11bebc6d63;1;1;;1;;;22;1789692737
431;Orange Zapinator;5149;Orange Zapinator;1104a6fc984ca20d437c2a1454dcabe1;1;1;;1;;;22;1789692737
432;FoodBarbarian's Wild Wolf Spaulders;5155;FoodBarbarian's Wild Wolf Spaulders;f80fefbeb2021ed65f232d7fc05bbed1;1;1;;1;;;22;1789692738
433;Crystal Lantern;5156;Crystal Lantern;794a0a21543bed906438f8d8b181a0bb;1;1;;1;;;22;1789692738
434;Parka Pants;5169;Parka Pants;67875ba2250483d38e7ab822f438951e;1;1;1;1;;;30;1789692738
435;Bamboo Wall;5167;Bamboo Wall;bdd9049e55ef1fc92d960bd7d7c8adf7;1;1;;1;;;22;1789692738
436;Luminite Bullet;5170;Luminite Bullet;45279833ed1d1bbda0c40a6d5bc66ffe;1;1;;1;;;22;1789692738
437;Hardy Saddle;5162;Hardy Saddle;dc9a992e34f26144dbab4f0fb711704c;1;1;1;1;;;30;1789692738
438;Golf Tee;5172;Golf Tee;02584191b7f32a073774749227ddb786;1;1;;1;;;22;1789692739
440;Blacksmith;5179;Blacksmith;fe94f888001c39006b96f0fc39d689a6;1;1;;1;;;22;1789692739
441;Buggy Cage;5193;Buggy Cage;981829e3a3816300879160e6ed3e893f;1;1;;1;;;22;1789692739
442;Creature From The Deep Banner;5188;Creature From The Deep Banner;f8f62c461ef36d4680442c1fb2b4d565;1;1;;1;;;22;1789692739
443;Blue Team Platform;5197;Blue Team Platform;0842c2d047e113df94b2699ed2d93d33;1;1;;1;;;22;1789692740
444;Enchanted Daggers;5196;Enchanted Daggers;bb479db3c2275a348ecdd1ad526fce01;1;1;;1;;;22;1789692740
445;Spider Chest;5202;Spider Chest;d73ff2f201ed62f03a7d79c012f45546;1;1;;1;;;22;1789692740
446;Diamond Stone Block;5203;Diamond Stone Block;db02e96f72d75fb76e2506ca89c62510;1;1;;1;;;22;1789692740
447;Ruby Bunny;5207;Ruby Bunny;a2763be7eee90811eefbc23c0ecb9ea5;1;1;;1;;;22;1789692740
448;Old Stone Wall;5212;Old Stone Wall;07c6003a2ee8960044f81727149e6c99;1;1;;1;;;22;1789692740
450;Blue Paint;5215;Blue Paint;d36c70dfb9f272e92d986091a4bc7436;1;1;1;1;;;30;1789692740
451;Flow Invader Banner;5219;Flow Invader Banner;ea761daf687a11e5f25a2bec7626de5c;1;1;;1;;;22;1789692740
452;Mourning Wood Relic;5226;Mourning Wood Relic;d5032fde3ac057912c74c2689a324bfc;1;1;;1;;;22;1789692741
453;Dye Trader Robe;5221;Dye Trader Robe;383c6451ff5fceaead52142b4cf658cb;1;1;1;1;;;30;1789692741
454;D-Town's armor;5239;D-Town's armor;8de8f40299b3416b5786fa2c890507e1;1;1;;1;;;22;1789692741
455;Skeleton Archer Banner;5231;Skeleton Archer Banner;b0c573bb8add223325a99d90d884a55d;1;1;;1;1;;54;1789692741
456;Buccaneer costume;5237;Buccaneer costume;ff862781d392d6701f37df12f6fc0cac;1;1;;1;;;22;1789692741
458;Emerald Gemspark Block;5249;Emerald Gemspark Block;7fe89107056ee6541d541752f894716a;1;1;1;1;;;30;1789692741
459;Antlion Egg;5251;Antlion Egg;9741053ba268a257b19e36a270283e9a;1;1;;1;;;22;1789692741
460;Mythril Crate;5253;Mythril Crate;6f611b70e5b4aa800b26157788796f56;1;1;;1;;;22;1789692741
461;Eye of Cthulhu Relic;5257;Eye of Cthulhu Relic;fe4a69b02d8165ab1728dd6b94cfca14;1;1;;1;;;22;1789692741
462;Everscream Relic;5256;Everscream Relic;72d6ee24555f22fa7266ddb052f5cdb0;1;1;;1;;;22;1789692741
463;Honey Sofa;5261;Honey Sofa;6e6975efc8e7b71abb6e41ef5ac43a88;1;1;1;1;;;30;1789692741
464;Deathweed Planter Box;5250;Deathweed Planter Box;1315e237efb2d551c43b0dcda918ae21;1;1;;1;;;22;1789692741
465;Steampunk Chandelier;5265;Steampunk Chandelier;495f9fa48b1605a3f20760a6f986049f;1;1;;1;;;22;1789692742
466;Vicious Bunny;5271;Vicious Bunny;b8632790491b7a4aa1c0272a3406b191;1;1;;1;;;22;1789692742
467;Grox The Great's Wings;5269;Grox The Great's Wings;17ff880f73b9c9fa14e95c850b7cb2e8;1;1;;1;;;22;1789692742
468;Music Box (Space);5273;Music Box (Space);15e8908992a34e9a9ad022856c363b31;1;1;1;1;;;30;1789692742
469;Boreal Wood furniture;5274;Boreal Wood furniture;a5a02044c6c1d313332b7bbcfcd15fb8;1;1;1;1;;;30;1789692742
470;Frozen Bathtub;5268;Frozen Bathtub;8173a57c906acad08d4e70cbbef42eb1;1;1;1;1;;;30;1789692742
471;Ogre;5275;Ogre;c1f134947b23369a49b3f496183d30cf;1;1;;1;;;22;1789692742
472;Storm Spear;5279;Storm Spear;a593b413d2ccde96846a047af6fc4091;1;1;;1;;;22;1789692742
473;Bunny Tail;5282;Bunny Tail;243d7483be9bdd2ee4dc65bed21edcc1;1;1;;1;;;22;1789692742
474;Boreal Wood Bathtub;5285;Boreal Wood Bathtub;cbe000ca7c508d483999ccb8a52eaeab;1;1;1;1;;;30;1789692742
475;Billy Marrows;5286;Billy Marrows;3e0cfbde08e7d688f8b58be2d46f3a95;1;1;;1;;;22;1789692742
476;Light Mummy Banner;5284;Light Mummy Banner;37922f9bf6f11aef2a5305ead0180f0b;1;1;;1;;;22;1789692742
477;Phantasm Dragon Body 4;5289;Phantasm Dragon Body 4;3e2785c454be3f3e66ed376768e17178;1;1;;1;;;22;1789692742
478;Music Box (Corruption);5290;Music Box (Corruption);d005685963bf6c49abcbac19d118f3f1;1;1;1;1;;;30;1789692742
479;Wandering Yukata;5294;Wandering Yukata;e9f688e41bc9a85179fe846265753d2e;1;1;;1;;;22;1789692742
480;Boreal Wood Fence;5296;Boreal Wood Fence;e17029f0ae2601bf51b24d67177e7f34;1;1;1;1;;;30;1789692743
481;Yellow and Silver Dye;5293;Yellow and Silver Dye;c2a6f3e3a4aa706f0551f7f8b26713c3;1;1;1;1;;;30;1789692743
482;Stardust Lamp;5299;Stardust Lamp;515445a7bf9891c256de6d0b326e9331;1;1;;1;;;22;1789692743
483;Ghoul;5311;Ghoul;a8515fffc5e27c8c977bec3adc1d06e6;1;1;;1;;;22;1789692743
484;Pretty Pink set;5297;Pretty Pink set;ba6ad18f25e00795885bc34da38257ce;1;1;;1;;;22;1789692743
485;Release Doves;5314;Release Doves;1f507c323cb1c6bcff32b424c2607589;1;1;;1;;;22;1789692743
487;Stardust Dragon;5317;Stardust Dragon;59be7ae436a55b54653be510bb7f773a;1;1;;1;;;22;1789692743
488;Depth Hair Dye;5320;Depth Hair Dye;059623fb1aad29382e36e732952a7fa6;1;1;1;1;;;30;1789692743
489;Lemon;5321;Lemon;ff71ff25b2b0033b0d9f68830728b4cc;1;1;;1;;;22;1789692743
490;Divine Eye;5324;Divine Eye;dbea411278995e313f51d8be246c8604;1;1;;1;;;22;1789692743
492;Bamboo Leaf;5327;Bamboo Leaf;a41343c92f2459ac6ddb6d03688ef400;1;1;;1;;;22;1789692744
493;Golf Cup;5339;Golf Cup;e19dabd5bc0b4d4a2787216d230217db;1;1;;1;;;22;1789692744
495;Stardust Hamaxe;5344;Stardust Hamaxe;6b60f25cf2a61ee5285c660992d2ed0b;1;1;;1;;;22;1789692744
497;Martian Work Bench;5349;Martian Work Bench;5f589bc840a882d0c7e3b03f3c2ebd57;1;1;;1;;;22;1789692744
498;Dynasty Clock;5353;Dynasty Clock;0a1bdfc94cd516e1bbe7687877635a8a;1;1;1;1;;;30;1789692744
499;Yoyo Accessories;5355;Yoyo Accessories;3b85eb7d41a2e402e7ac990aa8fdeb6d;1;1;;1;;;22;1789692744
500;Clinger Banner;5356;Clinger Banner;e13434fc83e9cc5c3cd77d9a63da96b0;1;1;;1;;;22;1789692744
502;Topaz Tree;5358;Topaz Tree;5ec69db896292d711c9149cfcba05ffb;1;1;;1;;;22;1789692744
503;Liquid Sensor (Honey);5366;Liquid Sensor (Honey);7d8b9cc6a17a82f2dfdd497f7f39d1f5;1;1;;1;;;22;1789692744
504;Nebula Chair;5367;Nebula Chair;605d1e9c76ad8012cc4093d9eeae3d38;1;1;;1;;;22;1789692745
505;Potted Jungle Bamboo;5377;Potted Jungle Bamboo;0f28b371551b827a54f7d0788103ae73;1;1;;1;;;22;1789692745
506;Boreal Wood Toilet;5380;Boreal Wood Toilet;d7902b6ad5b4400d74ca2767d0eecee2;1;1;;1;;;22;1789692745
507;Life Booster;5370;Life Booster;8137b0e3a7472cfc9512331cc5c6ec73;1;1;;1;;;22;1789692745
508;Dyes;5362;Dyes;2c3d2d468cd22a3ed0014f21ae651f87;1;1;1;1;;;30;1789692744
509;White and Red Garland;5381;White and Red Garland;ee680fb14fe1ed32efd95370a67e5287;1;1;1;1;;;30;1789692745
510;Drippler Statue;5382;Drippler Statue;8abfc4e81694643e9f5577bfd38d50f5;1;1;;1;;;22;1789692745
511;Pedguin suit;5385;Pedguin suit;0f6bb9aaa22017a77852034c2f18e7d0;1;1;;1;;;22;1789692745
512;Rainbow Crystal Staff;5384;Rainbow Crystal Staff;d3c8c798fd4c6f9aec5149192b09f6a3;1;1;;1;;;22;1789692745
513;Devil Horns;5389;Devil Horns;b094bd38d8ce6d7c04bb8aef0bd19747;1;1;;1;;;22;1789692745
514;Lunar Fragments;5387;Lunar Fragments;238542fe88cada264ad516a81fb41e72;1;1;;1;;;22;1789692745
515;Tsunami in a Bottle;5391;Tsunami in a Bottle;1596b707ba3d106cb15dddc84ef59383;1;1;;1;;;22;1789692746
516;Confetti Cannon;5392;Confetti Cannon;705e034fc990a53f8c1660aa8fbdb4c5;1;1;;1;;;22;1789692746
517;Corrupt Mimic;5394;Corrupt Mimic;86fe3af26110a47065af93d296befa59;1;1;;1;;;22;1789692746
518;Dynamite Kitten;5395;Dynamite Kitten;2ddea62bfd3f98734faecee3ced151cb;1;1;;1;;;22;1789692746
519;Flinx Fur Coat;5397;Flinx Fur Coat;35e70530103773d0179b90ef2c8cace1;1;1;;1;;;22;1789692746
520;Horned God costume;5399;Horned God costume;21f29d1907babdf3d5d77b659ab37818;;;1;;;;8;1789692746
521;Terkor;5402;Terkor;39fcd094832197d2a18c35837f9cd08a;;;;;1;;32;1789692746
522;Lesion Dresser;5407;Lesion Dresser;8f96c4337e453b8fd5689e1365b4eb81;1;1;;1;;;22;1789692746
523;Martian Saucer Trophy;5422;Martian Saucer Trophy;968b0ebe98b019e8608fc3b26240f2a3;1;1;;1;;;22;1789692747
524;Ruby Bunny Cage;5414;Ruby Bunny Cage;baf41e8aaf12b8a4e5f1d54451673613;1;1;;1;;;22;1789692747
525;Blue Dungeon Chandelier;5424;Blue Dungeon Chandelier;bac522d80f4f51e12eb78bf13847ef84;1;1;;1;;;22;1789692747
526;Rainbow Wallpaper;5427;Rainbow Wallpaper;000596f7f7f54442ded865b41cfd1f0f;1;1;1;1;;;30;1789692747
527;Dog Tail;5428;Dog Tail;efe4fa98bde8ead32cd062fb2124518f;1;1;;1;;;22;1789692747
528;Palm Wood Bookcase;5430;Palm Wood Bookcase;051f77efb58314c92717e10426c67c40;1;1;1;1;;;30;1789692747
529;Sky Blue and Silver Dye;5433;Sky Blue and Silver Dye;9d0c2d24f46870c25d809b3ef26c0a6b;1;1;1;1;;;30;1789692747
530;Arch Demon;5434;Arch Demon;272d7fe03b671d0d458ddf223619fe4c;;;1;;1;;40;1789692747
531;Skyware Lamp;5436;Skyware Lamp;1556f7d7607a9dfcbbdf18e2a2d1c961;1;1;1;1;;;30;1789692748
532;Gemstone Block;5437;Gemstone Block;b2e524a7732c4be2a0360f6c90804dc3;1;1;;1;;;22;1789692748
533;Potted Forest Bamboo;5442;Potted Forest Bamboo;597889ed15f748b257277463ef97aee3;1;1;;1;;;22;1789692748
534;Brown Paint;5445;Brown Paint;fa4d3927ed933acc987df39160ffa64f;1;1;1;1;;;30;1789692748
535;Pet Slime;5439;Pet Slime;dc1ba7dac248a35d81d617cd80acb45c;;;1;;1;;40;1789692748
536;Conveyor Belt (Counter Clockwise);5446;Conveyor Belt (Counter Clockwise);ec552df9e81787922b8606bff8980ccb;1;1;;1;;;22;1789692748
537;Music Box (Journey's End);5455;Music Box (Journey's End);100c7e2b6c0d9682726f74d3dd37d6a9;1;1;;1;;;22;1789692748
538;Snow Pants;5441;Snow Pants;64d0903ecaa853d0ed91d3a751898a34;1;1;;1;;;22;1789692748
539;Cat;5460;Cat;fa3ebd6742c360b2d9652b7f78d9bd7d;1;1;;1;;;22;1789692748
540;Brown String;5456;Brown String;cb2f09ac6a6b763e88ca65b46ab3c14c;1;1;;1;;;22;1789692748
541;Pig;5470;Pig;32e9edc16056ea133af764ed59b74291;1;1;;1;;;22;1789692749
542;Meteorite Chair;5472;Meteorite Chair;38db0ee7f606573f979719c4c6a5d5bd;1;1;;1;;;22;1789692749
543;Krypton Moss;5471;Krypton Moss;589f7e7a9bbe6b12a64c896e327f799f;1;1;;1;;;22;1789692749
544;Party Present;5480;Party Present;4a5700e4267d9c902cd701bdd6f4f56a;1;1;;1;;;22;1789692749
545;Living Wood Clock;5482;Living Wood Clock;8cfdee7d7bd1a389ca55fa935d067575;1;1;1;1;;;30;1789692749
547;Monokuma Head;5485;Monokuma Head;0306ae6020c47bb51a2f76522aeaaa25;;;;;;1;1;1789692749
548;Exotic Chew Toy;5484;Exotic Chew Toy;6ac5bcca53cc4b75c0f4a33fa84a7371;1;1;;1;;;22;1789692749
549;Pylon;5488;Pylon;c0bffdc055524ce70547276cfef12adb;1;1;;1;;;22;1789692749
550;Robotic Skull;5486;Robotic Skull;d0a7edaaae108cafb4e6bafbbc895a47;1;1;;1;;;22;1789692749
551;Yoraizor's clothes;5490;Yoraizor's clothes;0c16cfa56685b088e41fe38ff1cfa643;1;1;;1;;;22;1789692749
554;Silk Rope;5495;Silk Rope;634c25d52bfd1c340e8ef0b4db402ec5;1;1;;1;;;22;1789692749
555;Propeller Gato;5499;Propeller Gato;4e84f31684f26cc064ee470f103e73a9;1;1;;1;;;22;1789692749
556;Laser Machine Gun;5502;Laser Machine Gun;fb10417aadbb57f5d8ac7bfc00755c99;1;1;;1;;;22;1789692750
557;Firestarter's Skirt;5500;Firestarter's Skirt;8772a1d3356571ed406a8e5dba7e471d;1;1;;1;;;22;1789692750
558;Crawltipede (Tail);5504;Crawltipede (Tail);1692c375680afd3f6cd27ac80cec9cec;1;1;;1;;;22;1789692750
559;Dummies;5509;Dummies;5bfb744363cb10c9ddfb916e01adfafc;1;1;;1;;;22;1789692750
560;Flag;5507;Flag;c5836008c1649301e29351a55db8f65c;1;1;;1;;;22;1789692750
561;Granite Table;5508;Granite Table;272d41e077d1a66d182f2436e65f7aff;1;1;;1;;;22;1789692750
562;TV Head set;5506;TV Head set;ec2c7ffb970e97085abe6fd46de50902;1;1;;1;;;22;1789692750
563;Thin Ice patch;5510;Thin Ice patch;3f95ccc38a53da11dbfde76d9e98fc54;1;1;;1;;;22;1789692750
564;Shrub Star;5511;Shrub Star;d65bbdf79384f1fc5ccc4faafa38aae9;1;1;;1;;;22;1789692750
565;Music Box (Desert);5513;Music Box (Desert);0d5ae0359335187fef9cc7c9036f7913;1;1;1;1;;;30;1789692750
566;Saddles;5536;Saddles;bcdb315816ea3a2d4dfc934df6ffdaf6;1;1;;1;;;22;1789692750
567;Pink Golf Ball;5531;Pink Golf Ball;84cc68fd2a7d800d6bae4e866c7918d9;1;1;;1;;;22;1789692750
568;Midnight Confetti Block;5537;Midnight Confetti Block;7512df69be802429a0407ce1bb900121;1;1;1;1;;;30;1789692750
569;Bright Dye;5520;Bright Dye;625f384dd0567a72757af8f36a1500d2;1;1;1;1;;;30;1789692750
570;Bacon;5539;Bacon;56583656246065ffb96e23674a21e235;1;1;;1;;;22;1789692750
571;Unconscious Man;5540;Unconscious Man;9d770f9f5765e61d2b13c3ed81e1d854;1;1;;1;;;22;1789692751
572;Mini Prime;5547;Mini Prime;7306d00dd1ea1eef3535bfe487e2a202;1;1;;1;;;22;1789692751
573;Music Box (Ocean);5549;Music Box (Ocean);7a0bffbacfd66ef6cc79b1844ba2aa2c;1;1;1;1;;;30;1789692751
574;Green Dungeon Toilet;5543;Green Dungeon Toilet;193222015c1d4a08a82b7af2f615471c;1;1;;1;;;22;1789692751
575;Zombie Merman Banner;5551;Zombie Merman Banner;23c43952eb7ad14f105b53df8565daa2;1;1;;1;;;22;1789692751
576;Stardust Pickaxe;5550;Stardust Pickaxe;29a411ca77a594ccc3ff346da5faaeda;1;1;;1;;;22;1789692751
577;Lizard Tail;5555;Lizard Tail;f8dc76dccbb190f9a893f05fe042cef0;1;1;;1;;;22;1789692751
578;The Firestarter;5556;The Firestarter;115ee6cfbd5cd4e31327376f7fddb3d8;1;1;;1;;;22;1789692751
579;Weighted Pressure Plate;5557;Weighted Pressure Plate;13e2d668f98136d7b4a1a8d338bb696b;1;1;;1;;;22;1789692751
580;Bernie's Button;5560;Bernie's Button;35e3ead26ebcf7c5c70c9f3af8b9da93;1;1;;1;;;22;1789692751
581;Flow Invader;5564;Flow Invader;14f52273ff547e44afd73d9914b43b47;1;1;;1;;;22;1789692752
582;Sensors;5573;Sensors;af29aa178ae43211319e28f627e96590;1;1;;1;;;22;1789692752
583;Deadly Sphere;5579;Deadly Sphere;314a2e843a02a1664634449b96377b6e;1;1;;1;;;22;1789692752
584;Otherworldly Music Box (Mushrooms);5586;Otherworldly Music Box (Mushrooms);8fc851dab5071179b4f17ab11efff26c;1;1;;1;;;22;1789692752
587;Martian Ray Gunner Banner;5587;Martian Ray Gunner Banner;3a4a6805170c7bc0815fe6b3ba8f2dde;1;1;;1;;;22;1789692752
588;Shinobi Infiltrator armor;5590;Shinobi Infiltrator armor;1923ea18ed3e852f7c8f41edcddce259;1;1;;1;;;22;1789692753
589;Golden Chest;5593;Golden Chest;3724700ebc03bdd17d599f88c47c8d20;1;1;;1;;;22;1789692754
590;Dynasty Wood;5598;Dynasty Wood;128653e0ae1793b28a5b7adaf5ac397f;1;1;1;1;;;30;1789692754
591;Soul of Fright in a Bottle;5594;Soul of Fright in a Bottle;e4d327c0ccaef1f2988f6d31358fd08f;1;1;;1;;;22;1789692754
592;Country Club Visor;5595;Country Club Visor;9f3d29d0442c7c9efc595b9a31538715;1;1;;1;;;22;1789692754
593;Deep Lime Paint;5603;Deep Lime Paint;74ff5ccae9c53ad673cd9c9fb9e0897c;1;1;1;1;;;30;1789692754
594;Blood Squid Banner;5604;Blood Squid Banner;6221a625e089dff708b8b5998516b6f3;1;1;;1;;;22;1789692754
595;Hemogoblin Shark;5606;Hemogoblin Shark;d9e2a655f915f7e434feae5d9970acdb;1;1;;1;;;22;1789692754
597;Flickerwick;5609;Flickerwick;cac66d8d03ea9a9619fce9684d25720d;1;1;;1;;;22;1789692755
599;Green Dragonfly Jar;5614;Green Dragonfly Jar;28276908f3953fc0982b33a49962b1f1;1;1;;1;;;22;1789692755
600;Banner (buff);5613;Banner (buff);8a06f10c334903fa89e387a1fdd4b6fc;1;1;;1;;;22;1789692755
601;Bright Violet Dye;5616;Bright Violet Dye;7f148302cff0b921125d6679926f5ee0;1;1;1;1;;;30;1789692755
602;Dark Artist's Robes;5617;Dark Artist's Robes;2546787d2df5668f5b406ef1585346c7;1;1;;1;;;22;1789692755
603;Abandoned Mine Tracks;5612;Abandoned Mine Tracks;7215e15dec9ba3058ea41765a315c6e4;1;1;;1;;;22;1789692755
604;Granite Candelabra;5618;Granite Candelabra;3b8b27198ae745e5f6d185052581cd75;1;1;;1;;;22;1789692755
605;Hanging Moonglow;5621;Hanging Moonglow;189cc3114e18deed4cba5d815960b6c6;1;1;;1;;;22;1789692755
606;Pink Maid Bonnet;5627;Pink Maid Bonnet;4f993230f617e83d0c0152b6ef590e7e;1;1;;1;;;22;1789692756
607;Red's clothes;5625;Red's clothes;2fb9ddca94c5d467c66d600497a779fb;1;1;;1;;;22;1789692756
608;Gnome Banner;5632;Gnome Banner;1f3ff7a158ce31e0f53276de50fb69b2;1;1;;1;;;22;1789692756
609;Offline Amethyst Gemspark Wall;5629;Offline Amethyst Gemspark Wall;dcc2b2883a21feec5147cda3b62c0ba2;1;1;1;1;;;30;1789692756
610;Green Thread;5633;Green Thread;378d27d5f675b5af92bf25199b5df862;1;1;;1;;;22;1789692756
611;White Flower Seeds;5634;White Flower Seeds;3dbfe64e0f200aee0ac16f58dc3775dd;1;1;;1;;;22;1789692756
612;Martian Saucer Turret;5638;Martian Saucer Turret;d00ebf9a2b21c252772f0458f6afc29f;1;1;;1;;;22;1789692756
613;Monomi Legs;5642;Monomi Legs;6a51cf1f8c59093bd53a9cece840bd1d;;;;;;1;1;1789692756
614;Palm Wood Candle;5651;Palm Wood Candle;3a83d82502b2652f381cfc8dbc3e6452;1;1;;1;;;22;1789692756
615;Prehistory Preserved;5640;Prehistory Preserved;17f907d7b213bfb6916846d714f0a7b7;1;1;;1;;;22;1789692756
616;Pumpkin Clock;5658;Pumpkin Clock;8e3946e130e43dad15175921f63f4cbd;1;1;1;1;;;30;1789692756
618;Vortex Sink;5660;Vortex Sink;1d516ad0a89c7fbf97b7ae0e2477cc16;1;1;;1;;;22;1789692756
619;Sand Elemental Banner;5674;Sand Elemental Banner;320430aec650dc5dbec09ee3e050461c;1;1;;1;;;22;1789692756
620;Dog;5675;Dog;c935d187f0b998ef720390f85014ed1e;1;1;;1;;;22;1789692756
621;Platinum Watch;5644;Platinum Watch;ca5c39004a3f669fa5364115faab0d6b;1;1;1;1;;;30;1789692756
622;1.4.2;5676;1.4.2;17b7ffb6cc1f3588d20dda49ffb651f0;1;1;;1;;;22;1789692756
623;Obsidian armor;5655;Obsidian armor;ccc6215fa0667318524a32795509b281;1;1;;1;;;22;1789692756
624;Brain in a Jar;5666;Brain in a Jar;99db2109b0d12354f9fc343272c23f77;1;1;;1;;;22;1789692757
625;Gem trees;5679;Gem trees;4449a02d4ccec6eabe1999156003f57e;1;1;;1;;;22;1789692757
627;Green Jellyfish Banner;5677;Green Jellyfish Banner;2d01896e6b20462adbad561209ad47c9;1;1;;1;;;22;1789692757
628;Pearlwood Sink;5689;Pearlwood Sink;7923117a684e30195cc7a8e9f827f9d9;1;1;;1;;;22;1789692757
629;Star Cell Banner;5690;Star Cell Banner;a08a56b470c7dbb7b3e39db2b7c33fac;1;1;;1;;;22;1789692757
630;Crawltipede (Head);5692;Crawltipede (Head);d25107b5e0bd14325008598109841781;1;1;;1;;;22;1789692757
632;Meteorite Clock;5705;Meteorite Clock;c163d09f8c491fcbaeba42d8b87679f5;1;1;;1;;;22;1789692757
633;Rock Lobster;5702;Rock Lobster;b4b502af2ad7b9ef152d1dc11b8023e4;1;1;;1;;;22;1789692757
635;Fruitcake Chakrum;5711;Fruitcake Chakrum;3057a017ddd065d87ed6f8f4775d04ac;1;1;1;1;;;30;1789692757
636;Deactivated Probe;5695;Deactivated Probe;ea1b773e1b0ed42048134ada64c6fa01;1;1;;1;;;22;1789692757
637;Dark Mage's Tome;5715;Dark Mage's Tome;a087ba95d1277b390e694dc394693f93;1;1;;1;;;22;1789692757
638;Hanging Fireblossom;5719;Hanging Fireblossom;4c36568007c2826adbf6ea37fd573539;1;1;;1;;;22;1789692757
639;Bamboo Tree;5712;Bamboo Tree;86cd242b9b7302455bb746a050a67358;1;1;;1;;;22;1789692757
640;Dye Trader's clothes;5732;Dye Trader's clothes;8118f1d01672929004543d30b46fae4a;1;1;1;1;;;30;1789692757
641;Endless Musket Pouch;5731;Endless Musket Pouch;f45917bd9f74208884dd455f8fd04311;1;1;;1;;;22;1789692757
642;Dye Trader clothes;5734;Dye Trader clothes;c09a3caa97b6616d914dc9303f4c5925;1;1;1;1;;;30;1789692757
643;Blue Cultist Archer;5733;Blue Cultist Archer;2c052e08b05fcd3fafe496bbb84014eb;1;1;;1;;;22;1789692757
644;Mechanical Battery Piece;5735;Mechanical Battery Piece;174f2b718d97124cac498b8272300424;1;1;;1;;;22;1789692757
645;Vortex Axe;5743;Vortex Axe;7d12143a12a0ac8467f299276c0aeaa6;1;1;;1;;;22;1789692757
646;Frozen Chair;5741;Frozen Chair;7204d353fa13768db72392f7d563af35;1;1;1;1;;;30;1789692758
647;Glass Kiln;5744;Glass Kiln;b8e5b775a3f1a5be0762ebd69ff4abfa;1;1;1;1;;;30;1789692758
648;Potted Forest Tree;5745;Potted Forest Tree;e44be0b35c18cf9f31da7a66cccd8878;1;1;;1;;;22;1789692758
649;Multicolored Bulb;5751;Multicolored Bulb;23d40f1067b3e349ae5a9b099fee02f6;1;1;1;1;;;30;1789692758
650;Bamboo Platform;5750;Bamboo Platform;d53dd4f257749b5263f0d118d6e13cdb;1;1;;1;;;22;1789692758
651;Mandible Calavera;5753;Mandible Calavera;0a983a017a9e8d8491802c3c6c7d796b;1;1;;1;;;22;1789692758
652;Toro's Body;5766;Toro's Body;3034504488e2592638a9cf8dcc07414c;;;;;;1;1;1789692758
653;White Tuxedo Pants;5762;White Tuxedo Pants;1153195c9e68d1fe7f3dfff7f4ec7559;1;1;;1;;;22;1789692758
654;Butcher Mask;5760;Butcher Mask;ad35cbb506c5d44c488da4e27b684824;1;1;;1;;;22;1789692758
655;Master Gamer's set;5769;Master Gamer's set;9e19649f9b2415c468e969d570d912fd;1;1;;1;;;22;1789692758
656;Wandering Ronin set;5765;Wandering Ronin set;a7d2fe62219a5b66470536c434e21ae6;1;1;;1;;;22;1789692758
657;Celestial Fragments;5771;Celestial Fragments;62a63492b4925f060a587083883aa79c;1;1;;1;;;22;1789692758
658;Unicorn Wisp Dye;5772;Unicorn Wisp Dye;aa1efd9c8ae0a8154bb5d6643254f75f;1;1;;1;;;22;1789692758
661;Tiny Fishron;5778;Tiny Fishron;e328b6cac7931fca9ec9b536457c5913;1;1;;1;;;22;1789692759
662;Present Mimic Banner;5779;Present Mimic Banner;b3e25149f2c9c2dc0d2864adb10bb26d;1;1;;1;1;;54;1789692759
663;Sensor;5782;Sensor;06b185256c71c1aec263c6e22bf8ef6b;1;1;;1;;;22;1789692759
664;Parka Hood;5784;Parka Hood;5ba014e59b1dfd6518ab24b1d18e828d;1;1;1;1;;;30;1789692759
665;Ebonwood Lamp;5787;Ebonwood Lamp;7320867ad70b261e1d6697c2edf961fb;1;1;1;1;;;30;1789692759
666;Streamer;5789;Streamer;9cbc4ce21f81875a871f391a9283544e;1;1;;1;;;22;1789692759
667;Topaz Bunny Cage;5785;Topaz Bunny Cage;1455d58925b09a38c54f242f35d07eff;1;1;;1;;;22;1789692759
668;Maggot;5792;Maggot;6c00744f8c4d1c0953190f8a9fda77e4;1;1;;1;;;22;1789692760
669;Moonling;5798;Moonling;b69c33babf1d9d121f379737e1b606a3;1;1;;1;;;22;1789692760
670;Etherian Goblin;5795;Etherian Goblin;d4ae703e4cc84b9b379dd5fb163d5f8a;1;1;;1;;;22;1789692760
671;Time Hair Dye;5794;Time Hair Dye;0b4d8977c7f8a0f6f0491cc77ab12ba9;1;1;1;1;;;30;1789692760
672;Logic Gate Lamp (Off);5797;Logic Gate Lamp (Off);f36cf783a359847696f61aaca1b9f3ee;1;1;;1;;;22;1789692760
673;Golf Club (Wedge);5800;Golf Club (Wedge);ddc57723a6c28f272d8d688c1334c3b2;1;1;;1;;;22;1789692760
674;Sapphire Stone Block;5802;Sapphire Stone Block;9b19d73f91b04a9af320b4f9cae548e4;1;1;;1;;;22;1789692760
675;Topaz Gemcorn;5803;Topaz Gemcorn;3aa10d5de64625a295267a4f55fa78bd;1;1;;1;;;22;1789692760
676;Frozen Campfire;5807;Frozen Campfire;a3e63cd03ac4d43c32dd5e5737dbd5cc;1;1;;1;;;22;1789692760
677;Hanging Daybloom;5820;Hanging Daybloom;86c7129bf0d7e441b112aa0b8724deb9;1;1;;1;;;22;1789692760
678;Sapphire Squirrel Cage;5822;Sapphire Squirrel Cage;0266fd7850f818d372d743b2a8e65b31;1;1;;1;;;22;1789692760
679;Christmas Pudding;5809;Christmas Pudding;6fae519d4a19c06471f8fd5c25206f29;1;1;1;1;;;30;1789692760
680;Vortex armour;5824;Vortex armour;6e352c3b16a547e9c34bda31da4329c3;1;1;;1;;;22;1789692761
681;Firestarter's Sweater;5830;Firestarter's Sweater;379be4aec997ba29e25c167c35cfdaff;1;1;;1;;;22;1789692761
682;Potted Forest Palm;5835;Potted Forest Palm;c8d9638f7045b09f991e27136839eb1e;1;1;;1;;;22;1789692761
683;Black Golf Ball;5838;Black Golf Ball;f4b1c79da50363fb092e6bc2dca94b56;1;1;;1;;;22;1789692761
684;Crystal Slime;5842;Crystal Slime;d7317de3c38c22a13518a378f8ee7d3c;1;1;;1;;;22;1789692761
685;Advanced Combat Techniques;5846;Advanced Combat Techniques;291ed1021532a978901df9a28c86fa1e;1;1;;1;;;22;1789692761
686;Mollusk Whistle;5847;Mollusk Whistle;21e73a3bfc56b3372ed05f6b23e59572;1;1;;1;;;22;1789692761
687;Crimstone Brick;5852;Crimstone Brick;c9fa083406dde1de2b994321a23a885c;1;1;;1;;;22;1789692761
688;Eskimo Hood;5860;Eskimo Hood;a7ed32c51dd108b0a0a28055b07dad8a;;;1;;1;;40;1789692761
689;Blue Dungeon Toilet;5855;Blue Dungeon Toilet;1dec1724b8705555fb5bfba4ee7d3313;1;1;;1;;;22;1789692761
690;Pearlsandstone Wall;5862;Pearlsandstone Wall;c1c9cbdd05a7b8b8a909b574f830f399;1;1;;1;;;22;1789692761
691;Vortex Chest;5867;Vortex Chest;cccdd7e0471e07686ec93b92ac588ff8;1;1;;1;;;22;1789692762
692;Red Counterweight;5878;Red Counterweight;b052609a04faf47132e51117537a8e10;1;1;;1;;;22;1789692762
693;Blue Slime Banner;5882;Blue Slime Banner;c60745483a4353eb1d127d7e1a0df4d5;1;1;;1;;;22;1789692762
694;Purple Slime Banner;5887;Purple Slime Banner;c74a5b6e09721aaa8640bf4c40d242a3;1;1;;1;;;22;1789692762
695;1.3.0.6;5888;1.3.0.6;65ca785162d103c14ccb7e6ecfe57b7a;1;1;;1;;;22;1789692762
696;Lunatic Devotee Banner;5894;Lunatic Devotee Banner;58fc6f28e9dc285159f87af2d6daa449;1;1;;1;;;22;1789692762
697;Toggle Fullscreen;5901;Toggle Fullscreen;f3b350b739134cb26b57ee8e5d9269b5;1;1;;1;1;;54;1789692762
698;Sea Turtle;5902;Sea Turtle;08d38c8635b5084652c682b050a6f2c8;1;1;;1;;;22;1789692763
699;Boreal Wood Chair;5904;Boreal Wood Chair;33f43a6273d8077d2cb0613d995740a1;1;1;1;1;;;30;1789692763
700;Plaguebringer's set;5907;Plaguebringer's set;634d31fd25fde73ac48e27d0139a35fc;1;1;;1;;;22;1789692763
701;Large Bamboo;5909;Large Bamboo;b307e2814085de09f56a52ba5aeba8d5;1;1;;1;;;22;1789692763
702;Honey Bomb;5910;Honey Bomb;d69333de9b3bf4c22e47051d86151799;1;1;;1;;;22;1789692764
705;Victorian Goth Dress;5920;Victorian Goth Dress;7a50d4479672f054906eb552d945a0a1;1;1;;1;;;22;1789692765
706;Granite Lamp;5924;Granite Lamp;b83dd20bb83de42b52f3a4d601bb194c;1;1;;1;;;22;1789692765
707;Oasis;5922;Oasis;0454236a66b299894fc9ee3f5e8fc6b6;1;1;;1;;;22;1789692765
708;Crystal Platform;5926;Crystal Platform;f29167cf1772ecd5cf2e1855675d0769;1;1;;1;;;22;1789692765
709;Team Dye;5927;Team Dye;8ebff4ac2a410800c8ada8dcae7bad7d;1;1;1;1;;;30;1789692765
710;Deep Teal Paint;5933;Deep Teal Paint;9cb4fb7abcfc39d9eb78ae3340cc3126;1;1;1;1;;;30;1789692765
711;Lamia Wraps;5930;Lamia Wraps;d8f13b8de9ceaebd984fd554d0f714cd;1;1;;1;;;22;1789692765
713;Brown Dye;5941;Brown Dye;0cf84d3c8edb1e53639f67b72587591a;1;1;;1;;;22;1789692766
714;Music Box (Day Remix);5944;Music Box (Day Remix);a50b3e3c9718ded14f02e5988f64dec0;1;1;;1;;;22;1789692766
715;Coconut;5946;Coconut;540e009b42d0fe414b8036d3891fb510;1;1;;1;;;22;1789692766
716;Lawn Flamingo;5951;Lawn Flamingo;36d48932b6198ba18ad9606dc80b4e6e;1;1;;1;;;22;1789692766
717;Wicked Undead;5952;Wicked Undead;b98c4e8fce220b59f08a12d07eb94eb8;1;1;;1;;;22;1789692766
718;Lava Lamp;5956;Lava Lamp;f61efbaa21019ef8c8281bf04df0a90b;1;1;;1;;;22;1789692766
719;Solar Candelabra;5963;Solar Candelabra;0257431933cd10bb90d744168a3ed1a8;1;1;;1;;;22;1789692766
720;Deerclops Relic;5955;Deerclops Relic;4b9b8530352df91eb47c152256aa6294;1;1;;1;;;22;1789692766
721;Offline Amber Gemspark Wall;5965;Offline Amber Gemspark Wall;598553a5d986ed0d5398f92570c9d132;1;1;1;1;;;30;1789692766
722;Blood and Gore;5971;Blood and Gore;a5c396350382b4801a6bd8c7449bdb64;1;1;;1;1;;54;1789692766
723;Scutlix Gunner;5973;Scutlix Gunner;9240fbe646757a4b8f1425f650b89271;1;1;;1;;;22;1789692766
724;Face monster pet;5979;Face monster pet;730acb052b3933dcb422340fcbb9b860;1;1;;1;;;22;1789692766
725;Boss health bar;5980;Boss health bar;c18971754d8c145fb9be9691452fde7e;1;1;;1;;;22;1789692766
726;Corrupt Wall;5972;Corrupt Wall;fd57047447d5d9efa05136e695fc8faa;1;1;;1;;;22;1789692767
727;Butcher's set;5988;Butcher's set;397616fed77ce0f188829102171503f7;1;1;;1;;;22;1789692767
728;Fabulous Slippers;5985;Fabulous Slippers;498c6e76de538fed6aca1881e3da9d92;;;1;;1;;40;1789692767
729;Living Mahogany Wand;5993;Living Mahogany Wand;dcd2a49b7c9799aa13a42b8253707da9;1;1;;1;;;22;1789692767
730;Drippler Banner;5996;Drippler Banner;590e58c67470833d5439bf7f49b5816d;1;1;;1;;;22;1789692767
732;D-Town's Helmet;5999;D-Town's Helmet;909124ee95b3a1d9c6f930dbfd45b4c2;1;1;;1;;;22;1789692767
733;Dragon Fruit;5995;Dragon Fruit;2744bdd6374099a1442b41bcf5916580;1;1;;1;;;22;1789692767
734;Potted Crystal Fern;6007;Potted Crystal Fern;a84f8ed5709bc124850015d155a8fd01;1;1;;1;;;22;1789692767
735;Ebonwood Toilet;6010;Ebonwood Toilet;6c005032db0fb4bba2c0007951961cf5;1;1;;1;;;22;1789692767
736;Flesh Reaver Banner;6012;Flesh Reaver Banner;de8e34791a4b47d44d5fc97f62a3bc71;1;1;;1;;;22;1789692767
737;Phantasm Dragon Body 2;6014;Phantasm Dragon Body 2;004bd25e8cf479e68ba75615e2f9fffb;1;1;;1;;;22;1789692767
738;Recon Scope;6021;Recon Scope;b9b821a3b8029f3749431d0b346acd43;1;1;;1;;;22;1789692767
739;Gemcorns;6016;Gemcorns;821181c36d0e9215029c9e39b3b9f8b5;1;1;;1;;;22;1789692767
740;Music Box (Plantera);6022;Music Box (Plantera);bac2d8e9b5320bac9b498b05c4dbc871;1;1;1;1;;;30;1789692767
741;Tree (Sakura);6028;Tree (Sakura);df0197bffc8b5a06373eeb60cd1847e5;1;1;;1;;;22;1789692767
742;Honey Lamp;6036;Honey Lamp;2ce889186430b1cba0e56ecbbdbd5be7;1;1;1;1;;;30;1789692767
744;Pink Jellyfish Banner;6037;Pink Jellyfish Banner;ffaf5842bdadca223efaf2c4419854d3;1;1;;1;;;22;1789692768
745;Amber Horseshoe Balloon;6046;Amber Horseshoe Balloon;be51e327869e3f7778256e3df4007cb8;1;1;;1;;;22;1789692768
746;Treasure Bags;6043;Treasure Bags;ce9fc7c397a23a69597fdf10ad0116b0;1;1;;1;;;22;1789692768
748;Celestial Emblem;6040;Celestial Emblem;b24ece4e4a265d85144cdea1249948ed;1;1;1;1;;;30;1789692768
749;Slime Prince;6052;Slime Prince;7bbb70136d2441c8099e0e8061308e50;1;1;;1;;;22;1789692768
750;Teal Paint;6053;Teal Paint;8ad3e61819e1ce494dbbce5e9caebea4;1;1;1;1;;;30;1789692768
751;Martian Uniform Pants;6049;Martian Uniform Pants;be9d03d58511e39c3d68b7ca236ec7a7;1;1;;1;;;22;1789692768
752;Lesion Table;6054;Lesion Table;caf88e9d292004c2c324a49e97a0625f;1;1;;1;;;22;1789692768
753;Dynasty Table;6057;Dynasty Table;0dfeac71d86bc938df8930bfd98c5b34;1;1;;1;;;22;1789692768
754;Suspicious Looking Eye (light pet);6056;Suspicious Looking Eye (light pet);b4e62234c0ebe194d94980350a7f4ef8;1;1;;1;;;22;1789692769
755;Marble Lamp;6061;Marble Lamp;8d977da8fff598270cadedee8df1f226;1;1;;1;;;22;1789692769
756;Meteorite Door;6067;Meteorite Door;b4f3c532d483f5cc89d1465f756d0812;1;1;;1;;;22;1789692769
757;Ruby Squirrel;6071;Ruby Squirrel;8c786fb6ac55610556421ddb33e50901;1;1;;1;;;22;1789692769
758;Pearlwood Lamp;6077;Pearlwood Lamp;a07a417762ab4a263a6194545de3d4bd;1;1;1;1;;;30;1789692769
759;Portal Gun;6078;Portal Gun;9ebe2546c61de520d82b28afcf47f6a5;1;1;;1;;;22;1789692769
760;Volume;6079;Volume;bd7a9717d29c5ddcab1bc175eda1e298;1;1;;1;1;;54;1789692769
761;Living Mahogany Tree;6082;Living Mahogany Tree;69d952012c8d270c57d42c235040ea56;1;1;;1;;;22;1789692769
763;Hardened Ebonsand Wall;6094;Hardened Ebonsand Wall;f5d8cf0d9fc1d165dc639702f80f10eb;1;1;;1;;;22;1789692769
764;Vortexian Banner;6086;Vortexian Banner;125c5827b274c42c3767fe5da423f799;1;1;;1;;;22;1789692770
765;Music Box (Boss 2);6100;Music Box (Boss 2);d71e4e35853cb7a5847dc3d469ac3504;1;1;1;1;;;30;1789692770
766;Music Box (Sandstorm);6098;Music Box (Sandstorm);6f11d8b4260f9cab49cb6b6d0a2635a9;1;1;;1;;;22;1789692770
767;Seagull Statue;6103;Seagull Statue;2163c1973c0e7953f0f50ac0fa805df1;1;1;;1;;;22;1789692770
768;Fragment Bricks;6108;Fragment Bricks;bf254ca827e7fe5ef0cfc90e4aaecd82;1;1;;1;;;22;1789692770
769;Pet Cupid;6104;Pet Cupid;9621fc8a24100f4f1d701ed576da103b;;;;;1;;32;1789692770
770;Pink Dye;6110;Pink Dye;a216380936f573d1e50164e24da8c8ff;1;1;1;1;;;30;1789692770
771;Jim's Leggings;6115;Jim's Leggings;a7c3484ca86541172b0ff4d1f2e24084;1;1;;1;;;22;1789692770
772;Otherworldly Music Box (Space);6118;Otherworldly Music Box (Space);37275feb8cc648621be059a43d9ce3d9;1;1;;1;;;22;1789692770
773;Honey Dresser;6112;Honey Dresser;21d2e8ab61869a28e7efde882346529b;1;1;1;1;;;30;1789692770
774;Marble Chair;6125;Marble Chair;b8228b997dbdaa1e874fea316eb37cdc;1;1;;1;;;22;1789692770
775;Blue Flower Seeds;6129;Blue Flower Seeds;a3337dc76135bda01210062dc84e420f;1;1;;1;;;22;1789692770
776;Shadow Mummy;6133;Shadow Mummy;f216eda93a9e8b2d2857a0137d37b18e;;;1;;1;;40;1789692770
777;Bone Sofa;6131;Bone Sofa;0de20e1570f56bc551dfc4967b97b791;1;1;1;1;;;30;1789692770
778;Pupfish Bowl;6135;Pupfish Bowl;ad88aa401401c34bd5ecf4468abbef70;1;1;;1;;;22;1789692770
780;Magic Droppers;6151;Magic Droppers;96d2a98446e8ddf38d845f8d1b8f72f7;1;1;;1;;;22;1789692771
781;Stardust Dye;6149;Stardust Dye;f5f41c83206bb0470d18171b7b1465b0;1;1;;1;;;22;1789692771
782;Crystal Candle;6141;Crystal Candle;6a1c1760ac1355c312e7457ed7b937fb;1;1;;1;;;22;1789692771
783;Chimney;6156;Chimney;b2615254533c2451a8f65766f0a6a17c;1;1;;1;;;22;1789692771
784;Any Dragonfly;6152;Any Dragonfly;54f7761213d7812d686fa03fa4f94050;1;1;;1;;;22;1789692771
785;Cenx's Dress set;6159;Cenx's Dress set;b2e399277b2266390b30bef86a9e28c4;1;1;;1;;;22;1789692771
786;Builder (buff);6165;Builder (buff);fc1238fe2cd65a8ab5be4026153bcd9d;1;1;1;1;;;30;1789692771
787;Lihzahrd Chandelier;6164;Lihzahrd Chandelier;fcc95726536067d44a3f8d504e185e54;1;1;1;1;;;30;1789692771
788;Obsidian Chest;6173;Obsidian Chest;8c8f03efa55893ef2bcaf591a746f8cd;1;1;1;1;;;30;1789692771
789;Titan Potion;6157;Titan Potion;291d6933dedfb8f52452570aafa7e8b3;1;1;1;1;;;30;1789692771
790;Marble Bed;6168;Marble Bed;98ff0e6dc25ddbb4927e204945a362dd;1;1;;1;;;22;1789692771
791;Corruption Wall;6177;Corruption Wall;e5464eed847e62327665c7a5e90382b8;1;1;;1;;;22;1789692771
792;Master;6182;Master;f03bde11d261f185cbacfa32c1c6538c;1;1;;1;;;22;1789692771
793;Glass Clock;6189;Glass Clock;1806dd7e2b37b4616a9765299249fbdb;1;1;1;1;;;30;1789692771
794;Offline Ruby Gemspark Wall;6188;Offline Ruby Gemspark Wall;4c9724c52cda0abcb86ac2bc924f1b5f;1;1;1;1;;;30;1789692772
795;Magma Wall;6190;Magma Wall;9d44f6aa9205e3fc16d3c607a84d3e0a;1;1;;1;;;22;1789692772
796;Green and Black Dye;6197;Green and Black Dye;52d0208ee8ed1dd4f5c420683bc2b56e;1;1;1;1;;;30;1789692772
797;Crystal furniture;6193;Crystal furniture;5eca68c5ba55ec2a1bda443ddf951924;1;1;;1;;;22;1789692772
798;Martian Table Lamp;6199;Martian Table Lamp;a239db2a1d0573b9d372b96777b0ec0a;1;1;;1;;;22;1789692772
799;Dark Artist's Hat;6200;Dark Artist's Hat;1d07606b54591832ab7c2fc73f3e1937;1;1;;1;;;22;1789692772
800;Amazon;6191;Amazon;b3b3a6ac74ecbd56bcdbefa4799fb9df;1;1;;1;;;22;1789692772
801;White Dynasty Wall;6207;White Dynasty Wall;83758b764bb91717a4abecc686d74342;1;1;1;1;;;30;1789692772
802;Geyser Trap;6202;Geyser Trap;cb0fa31c391b11102bdb6c86ca5115de;1;1;;1;;;22;1789692772
803;Pirate's Curse;6209;Pirate's Curse;d9b00b6b0f76f28d47c9afdc8aea5c97;1;1;;1;;;22;1789692772
805;Spider armor;6213;Spider armor;be789d3bd952db5757e398fc013c7324;1;1;1;1;;;30;1789692772
806;Reflective Obsidian Dye;6221;Reflective Obsidian Dye;3b44bcca4b328f9175ec9cf57e8871ed;1;1;;1;;;22;1789692773
807;Star Topper 4;6224;Star Topper 4;111f5e194fea9d701bef87a261ac7b22;;;1;;;;8;1789692774
808;Grebe Cage;6228;Grebe Cage;335e04dd56ca4ee041005fa0deba2f45;1;1;;1;;;22;1789692774
809;Palm Wood Sink;6229;Palm Wood Sink;56545e1a39b4b2493c6eb88f20385690;1;1;;1;;;22;1789692774
810;Demon Horns;6232;Demon Horns;56eba555d67040a127bdd8ab268d4e22;1;1;;1;;;22;1789692774
811;Player above sensor;6230;Player above sensor;f1adf9d406ecbf778f9485f0f482461f;1;1;;1;;;22;1789692774
813;Necromancer Banner;6236;Necromancer Banner;6049c95c72aa58d4c938742bf9760b35;1;1;;1;;;22;1789692774
814;Crystal Chandelier;6240;Crystal Chandelier;b1df0ec1ac4f70a6938634ef80405197;1;1;;1;;;22;1789692775
815;Squire's Plating;6242;Squire's Plating;c87636a3008a71ab427d9739ef165e32;1;1;;1;;;22;1789692775
816;Music Box (Duke Fishron);6245;Music Box (Duke Fishron);bfb206a7ea7b6a55870b01fd80cf5e63;1;1;;1;;;22;1789692775
817;Molten Skull Rose;6252;Molten Skull Rose;c1d3a12f40406d03a557e90b2cd04b8d;1;1;;1;;;22;1789692775
818;Green Golf Ball;6251;Green Golf Ball;d94c55a3f75ef11b3b3771d98c58f7f3;1;1;;1;;;22;1789692775
819;Vortex Fragment Block;6259;Vortex Fragment Block;921a47c3f4e0a785cd987795fb8a821d;1;1;;1;;;22;1789692775
820;Ray Gunner;6270;Ray Gunner;07297cd14224a3e1a64df3d92ba15e98;1;1;;1;;;22;1789692775
821;Sparkle Slime Balloon;6275;Sparkle Slime Balloon;1375011447b49fcf5d1ee69af7511baa;1;1;;1;;;22;1789692775
822;Meteorite Bookcase;6264;Meteorite Bookcase;f0e1ecc8498892ef742d0faccbc54670;1;1;;1;;;22;1789692775
823;Marble Sofa;6272;Marble Sofa;f620ac308e9ae84f3066807fc7fca800;1;1;;1;;;22;1789692775
824;05162020;6277;05162020;97bd17fe6f5d3f1e6c35a0b49dd5edd1;1;1;;1;;;22;1789692776
825;Black Graduation set;6281;Black Graduation set;cab6a0ccc3f2c37c1df79f27de2e37d0;1;1;;1;;;22;1789692776
826;Blood Zombie Banner;6287;Blood Zombie Banner;536a5db75ede6cd15a3b9bab0b59ffcf;1;1;;1;;;22;1789692776
827;Granite Dresser;6290;Granite Dresser;c732f298b97dc4d1660541ce1cf6fe78;1;1;;1;;;22;1789692776
829;Yellow Pin Flag;6293;Yellow Pin Flag;d027f36623084572d5478efd449d8659;1;1;;1;;;22;1789692776
830;Deadly Sphere (buff);6299;Deadly Sphere (buff);b9e3a4f2c39e976721224cd382577cee;1;1;;1;;;22;1789692777
831;Green Dungeon Clock;6305;Green Dungeon Clock;c5d1e2b0e9092601278a0465cb1df79f;1;1;;1;;;22;1789692777
832;Solar Flare Leggings;6298;Solar Flare Leggings;0ad5a4a52e2e13d51b0d5077e1274ada;1;1;;1;;;22;1789692777
835;The Duplicity of Reflections;6309;The Duplicity of Reflections;d3446d58ffda32acc1d27c5a74f28d5e;1;1;;1;;;22;1789692777
836;Burger;6312;Burger;496451f3d45d2f22ba6695e53b3a2e12;1;1;;1;;;22;1789692777
837;Sticky Dynamite;6314;Sticky Dynamite;9ba00a23c0577baf59c51bb11e5bf920;1;1;;1;;;22;1789692777
839;Pearlwood Crate;6316;Pearlwood Crate;05d3eb3205df2d46d0c50f3b2e358c0c;1;1;;1;;;22;1789692778
840;Stardust Brick Wall;6319;Stardust Brick Wall;a1f2f511c0bfb601d9d35ff6795f9dc5;1;1;;1;;;22;1789692778
841;Ancient Cloth;6321;Ancient Cloth;9c95f4ca8d2c2677f8fdd2a602fb7e34;1;1;;1;;;22;1789692778
842;Sandstone Clock;6320;Sandstone Clock;d4b6730b26433f7a1f1f0a019592b427;1;1;;1;;;22;1789692778
843;Flying Dragon;6329;Flying Dragon;59f1048372cb22ff550c2c15fce24024;1;1;;1;;;22;1789692779
844;Obsidian Candle;6330;Obsidian Candle;3dea21c74583e9694f03d3c2a7f3217d;1;1;;1;;;22;1789692779
846;Slimed;6333;Slimed;ab0b0824b18d837f3b62b2a49d7964c7;1;1;1;1;;;30;1789692779
847;Stardust Clock;6334;Stardust Clock;a7949f0510d0846268e93b64952ad1b4;1;1;;1;;;22;1789692779
848;Spider (buff);6335;Spider (buff);4eb116d7c8036484c307b2da00264501;1;1;1;1;;;30;1789692779
849;Solar Flare Breastplate;6337;Solar Flare Breastplate;4693bdf8de65d89479ae276c71a55a0a;1;1;;1;;;22;1789692779
850;Elder Crystal Stand;6341;Elder Crystal Stand;a476deb089df9618bc01c50e87e61038;1;1;;1;;;22;1789692779
851;Red and Yellow Lights;6343;Red and Yellow Lights;0839309688a714a2d3b61243a7df10f5;1;1;1;1;;;30;1789692779
853;Disaster Bunnies;6344;Disaster Bunnies;deb23c8ef673074354f70ff97e0d0855;;;;;1;;32;1789692780
854;Seahorse Cage;6352;Seahorse Cage;dc9c7ec1f3c2a824f63a1e890d4ee96c;1;1;;1;;;22;1789692780
855;Dolphin;6354;Dolphin;76f7843c2bc545f9ef3a174e319ea4e2;1;1;;1;;;22;1789692780
856;Steampunk Candle;6355;Steampunk Candle;8f63eedbf0d1a0fa88eb20a5deed56b4;1;1;;1;;;22;1789692780
857;Pumpkin Chest;6364;Pumpkin Chest;86126321b7e603e5f1e04c4278643bc4;1;1;;1;;;22;1789692780
858;Biome Hair Dye;6367;Biome Hair Dye;4b7ce8f3ac3d0b57f664431f06fc2bc5;1;1;1;1;;;30;1789692780
859;Butcher's Bloodstained Apron;6378;Butcher's Bloodstained Apron;ede69ec9d05ef924719692ab53441b92;1;1;;1;;;22;1789692780
860;Mud Ball;6374;Mud Ball;b42ffa56ca000fc636cb9c3c7731de54;1;1;;1;;;22;1789692780
861;Stardust Dragon Staff;6377;Stardust Dragon Staff;bb4b849143742fdf9c076970b4ab7ddc;1;1;;1;;;22;1789692780
862;Lokis clothes;6382;Lokis clothes;7b41e05dafe35f1bc57fe66cba83e4b2;1;1;;1;;;22;1789692780
863;Magic Dropper;6383;Magic Dropper;d73378b3035e37a66302a31768b79e87;1;1;;1;;;22;1789692780
864;Coin Piles;6389;Coin Piles;fe52d33c2752a38832f83916ed2ce4c4;1;1;1;1;;;30;1789692781
865;Frozen Piano;6386;Frozen Piano;90d80d8ed7a9c2484470e63f4b5269d0;1;1;1;1;;;30;1789692781
866;Martian Costume Mask;6394;Martian Costume Mask;23011bdc21a9c01cff39925b192ce905;1;1;;1;;;22;1789692781
867;Rune Wizard Banner;6397;Rune Wizard Banner;42fe7e6200737e8f3b4a426ebe66705a;1;1;;1;;;22;1789692781
868;Meteorite furniture;6399;Meteorite furniture;e5f354c7b0f0bfe710b94911e3cf6215;1;1;;1;;;22;1789692781
869;Lesion Block Wall;6400;Lesion Block Wall;b920800f7717f5fe4f7a40809eeee7e8;1;1;;1;;;22;1789692781
870;Durendal;6401;Durendal;657bceceac9998794c21f018121895c3;1;1;;1;;;22;1789692781
871;Toolbelt;6403;Toolbelt;aa455a756005230158530d4078ea12f6;1;1;1;1;;;30;1789692782
872;Grubby Cage;6405;Grubby Cage;aee06ea50ef72a8e413c55debe7005ac;1;1;;1;;;22;1789692782
873;Red Dragonfly;6407;Red Dragonfly;bf15d89b692ce69096715921d8dea3da;1;1;;1;;;22;1789692782
874;Shroomite Plating;6409;Shroomite Plating;ff89ecc8598f2f96ba4ce7ad3520518e;1;1;;1;;;22;1789692782
875;Sakura Sapling;6413;Sakura Sapling;b42c41bae306f52d8c8f8bd0fd11c636;1;1;;1;;;22;1789692783
876;Music Box (Underground Jungle);6415;Music Box (Underground Jungle);ee453fa3521e9286a94512815b37ddba;1;1;;1;;;22;1789692783
877;Anti-Portal Block;6417;Anti-Portal Block;45d0ec4628604918abeb922ce4f0fb29;1;1;;1;;;22;1789692783
878;Martian Engineer;6421;Martian Engineer;06cfc3a8ae0e3b8a867e66a11352d8d4;1;1;;1;;;22;1789692783
879;Queen Spider Staff;6418;Queen Spider Staff;5602302c562736c2b9987cc93d67e5ca;1;1;1;1;;;30;1789692783
880;Leopard Skin;6423;Leopard Skin;7cef776f45f1e696fa2f3c7e96970705;1;1;1;1;;;30;1789692783
881;Palm Wood furniture;6422;Palm Wood furniture;34520ab6887662a86540dd366388aed9;1;1;1;1;;;30;1789692783
882;Milkyway Weaver (Body);6424;Milkyway Weaver (Body);03d49d9a724cddf40c7b7be0436b076b;1;1;;1;;;22;1789692784
883;Jungle Mimic;6425;Jungle Mimic;9e1aef590f091a33b8676ee14d662ce7;1;1;;1;;;22;1789692784
884;Selenian Banner;6429;Selenian Banner;5f1819cc0e869a3777a74bc064bc19b2;1;1;;1;;;22;1789692784
886;Buggy Statue;6441;Buggy Statue;9ecf1f33588fb7b24dede7d2da814f28;1;1;;1;;;22;1789692784
887;Nebula Bookcase;6446;Nebula Bookcase;28a05d3952a8d9625ee51b200b72bcd7;1;1;;1;;;22;1789692784
888;Dreamer Ghoul;6444;Dreamer Ghoul;8ffd60442c8047bb347691fddd9fde5d;1;1;;1;;;22;1789692785
889;Treasure Bag (Queen Slime);6450;Treasure Bag (Queen Slime);b04bc76b1433ecb167fc5e009efda90a;1;1;;1;;;22;1789692785
890;Golf Ball;6451;Golf Ball;0b18c95985a263bc6af1324bc2373458;1;1;;1;;;22;1789692785
891;Red's Helmet;6447;Red's Helmet;dcee03674ffc5127661bb6580210fa87;1;1;;1;;;22;1789692785
892;1.3.4.1;6454;1.3.4.1;d2976d4538974a4095d039ccf12d24ff;1;1;;1;;;22;1789692785
893;Pink Dungeon Chandelier;6455;Pink Dungeon Chandelier;89d28666ead12973a93e802c1ba49c23;1;1;;1;;;22;1789692785
894;Party Wagon;6459;Party Wagon;1c94cd7797698627cf3f2416889b6c98;1;1;;1;;;22;1789692785
895;Minecarp;6462;Minecarp;4cdb85bfcdf3e78e5ab40f4ab415118a;1;1;;1;;;22;1789692785
896;Damage Booster;6467;Damage Booster;a700e5a05331df6f0b2ffce3745ee240;1;1;;1;;;22;1789692785
897;Hellwing Bow;6470;Hellwing Bow;e334d5d16f9586c8c1d37e4bb120407d;1;1;;1;;;22;1789692785
898;Heavenly Slime;6469;Heavenly Slime;e73a37bb7373e11d3f6b7db6465f0cfa;1;1;;1;;;22;1789692785
899;Bouncy Bomb;6472;Bouncy Bomb;1f442c2848c2af8dbea5ded32a0c2ce4;1;1;;1;;;22;1789692785
900;Copper Coin Pile;6474;Copper Coin Pile;1946fd77742b3b4bd688ec6248d7060e;1;1;1;1;;;30;1789692785
901;Electrosphere Launcher;6477;Electrosphere Launcher;010a01580c591adcd4c920876c84e6c6;1;1;;1;;;22;1789692785
902;Red Team Block;6479;Red Team Block;df758aab33832c3dc524a1dd87185253;1;1;;1;;;22;1789692785
903;Baby Ogre;6486;Baby Ogre;ffb86c3d7822ce46137a56edcf240f40;1;1;;1;;;22;1789692786
904;Etherian Goblin Bomber Banner;6483;Etherian Goblin Bomber Banner;633dd5f159a17045e4d2867aee2f069d;1;1;;1;;;22;1789692786
906;Blood Zombie;6492;Blood Zombie;743e2b99c441777711d7ba286e329ea0;1;1;;1;;;22;1789692786
907;Spider Bathtub;6482;Spider Bathtub;7e762ccc7b64c4946723d60b60c83f39;1;1;;1;;;22;1789692786
908;Emerald Gemspark Wall;6496;Emerald Gemspark Wall;959549778d156c590dfeca6f255de16e;1;1;1;1;;;30;1789692786
909;Pinstripe Pants;6498;Pinstripe Pants;50aa76a075f7a0361b8744dc1db6c5ec;1;1;;1;;;22;1789692786
910;Luminite Hamaxes;6503;Luminite Hamaxes;f1807814bb9c3d532ea447abc1235a7a;1;1;;1;;;22;1789692786
911;1.2.4;6504;1.2.4;08b3d4e36caf0fd8570aee1dc4acb64e;1;1;1;1;;;30;1789692786
912;Wire Bulb;6511;Wire Bulb;7a1ff0e4eb4a5ce15edd51415276c4c1;1;1;;1;;;22;1789692786
913;Peach Sangria;6513;Peach Sangria;2fedd96d8a60e0f4a944c63fcea312a8;1;1;;1;;;22;1789692786
914;Sharktooth Necklace;6514;Sharktooth Necklace;be1efbd54a4b63169a622bd4a76d44c5;1;1;;1;;;22;1789692786
915;Crimson Thorny Bush;6519;Crimson Thorny Bush;b0aa9a1aa1aab116d57b78bec64440f6;1;1;;1;;;22;1789692787
916;Deep Green Paint;6521;Deep Green Paint;ee61b61415fc7c2a357916db991b4f0d;1;1;1;1;;;30;1789692787
917;Treasure Bag (King Slime);6516;Treasure Bag (King Slime);a332fe7885dca570727b9c2a8fd939a2;1;1;;1;;;22;1789692787
918;Pho;6505;Pho;051c7d64d74a696b265ddceae6771401;1;1;1;1;;;30;1789692786
919;War Table Banner;6522;War Table Banner;d1c7e87f95453a8d2e0358a98ecb8f1f;1;1;;1;;;22;1789692787
920;Hallow Walls;6524;Hallow Walls;05cf3c1e7d2dbf2771a8b479e990556f;1;1;;1;;;22;1789692787
921;Otherworldly Music Box (Underground Crimson);6530;Otherworldly Music Box (Underground Crimson);132e1870ede0b9fc54c28dd0d2d317df;1;1;;1;;;22;1789692787
922;Clothier's Pants;6531;Clothier's Pants;6b0f0006d89c34e2e0022c1fa5999b90;1;1;;1;;;22;1789692787
923;Mechanical Wheel Piece;6532;Mechanical Wheel Piece;536d3443f578c6af9b4ef860e65f128d;1;1;;1;;;22;1789692787
924;Tree Shirt;6548;Tree Shirt;89da999adc61713d17e08215be608cac;1;1;1;1;;;30;1789692787
925;Splash Text;6540;Splash Text;4e68ec64a2fd5c0414a078d46339f4c3;1;;;;;;2;1789692787
926;Gigazapper;6537;Gigazapper;d77194be7fd934298df60d23440c13a8;1;1;;1;;;22;1789692787
927;Golden Chandelier;6538;Golden Chandelier;2b93443afe409c6f9f99647e2c657ace;1;1;1;1;;;30;1789692787
928;Flying Piggy Bank;6549;Flying Piggy Bank;806f3dea1630f92f9a3004e9962a5afd;1;1;;1;;;22;1789692787
929;Baby Werewolf;6550;Baby Werewolf;83e384c7147dee6508af43ae175bffe3;1;1;;1;;;22;1789692787
930;Crawltipede Kite;6556;Crawltipede Kite;05cfdc879e48b9d18190174b013dae32;1;1;;1;;;22;1789692788
931;Dusty Rawhide Saddle;6558;Dusty Rawhide Saddle;4857ad9b2136b3564ec827b120797a48;1;1;;1;;;22;1789692788
932;Granite Wall;6551;Granite Wall;c1c403bdea38622ac63ce03fc4cd55df;1;1;;1;;;22;1789692788
933;Purple Paint;6562;Purple Paint;1e22ec550a48f193f115fbba9daca13c;1;1;1;1;;;30;1789692788
934;Snatcher Banner;6560;Snatcher Banner;fb5f8a67e4ee31159bb8b9c7cbb4772a;1;1;;1;;;22;1789692788
935;Solar Door;6563;Solar Door;277a0125cf87fc699651e1ae1a7a34af;1;1;;1;;;22;1789692788
936;D-Town's Wings;6564;D-Town's Wings;e31e9c16886c980f8ab54f45197a81ca;1;1;;1;;;22;1789692788
937;Turkor;6565;Turkor;8738e8077abca4b77711d13541999720;;;;;1;;32;1789692788
938;Frozen Sink;6566;Frozen Sink;29d1afdefac010f667cf94dbe9a65eaa;1;1;;1;;;22;1789692788
939;Pet Turkey;6569;Pet Turkey;a2bcade2e06f8f9799d4be702e93000d;;;;;1;;32;1789692788
940;Pink Maid set;6573;Pink Maid set;9fd0a19cb9f692b7f98549e940ea85b7;1;1;;1;;;22;1789692788
942;Kiln;6576;Kiln;d6c665d2f11f4400fbc71a1042679a16;1;1;1;1;;;30;1789692788
943;Silly Tied Balloon (Purple);6579;Silly Tied Balloon (Purple);3d99b2378ae4cde9e281385114d455a6;1;1;;1;;;22;1789692788
944;Large Volcano;6582;Large Volcano;bc7a217f1f76e6529f03823c8eb57015;1;1;;1;;;22;1789692789
945;Dunerider Boots;6585;Dunerider Boots;ea62010366c7d6de39e0652dc9168ec9;1;1;;1;;;22;1789692789
946;Background On;6593;Background On;09375f6ac477751986ebcb924af0e4f4;1;1;;1;1;;54;1789692789
947;Yoraiz0r's clothes;6606;Yoraiz0r's clothes;ded253a1fc70b3f2c2ebf02e1cdce3dc;1;1;;1;;;22;1789692789
948;Jungle Wall (natural);6597;Jungle Wall (natural);58796b30c314349499b65fb233f72fe7;1;1;;1;;;22;1789692789
949;Void Bag;6607;Void Bag;1c493983fa3363e2f9b1eeb3583599dd;1;1;;1;;;22;1789692789
950;Web Rope;6613;Web Rope;252fb77bd3dff699feed034a397c81f6;1;1;;1;;;22;1789692789
951;Slime Sofa;6616;Slime Sofa;8bf424b6ede4c2c3715672347c23ebda;1;1;1;1;;;30;1789692789
952;Potted Jungle Tree;6617;Potted Jungle Tree;607d7a909669268704d5ccefb6ec9438;1;1;;1;;;22;1789692789
953;Mini Volcano;6620;Mini Volcano;1e97dff1d3f7d8e51412ff99c02a3aa5;1;1;;1;;;22;1789692789
954;Pedguin's Trousers;6626;Pedguin's Trousers;39a708ad5814b1670b1a31e0286d74a6;1;1;;1;;;22;1789692790
955;Pickup Text On;6621;Pickup Text On;714dfe07e8f704ea3cb29bb283ec95a2;1;1;;1;1;;54;1789692790
956;Pet Werewolf;6624;Pet Werewolf;0a6b90c22c40f44381fd6099129640ba;;;1;;1;;40;1789692790
957;Ancient Hallowed armor;6627;Ancient Hallowed armor;8fc0aa17cdae68141d1f518ec0cf67c5;1;1;;1;;;22;1789692790
958;Pet Zombie;6631;Pet Zombie;6377d1090331fd7becf7a8f6ed4c1eb2;;;1;;1;;40;1789692790
959;Sandstone Slab;6635;Sandstone Slab;e6b230a2aefb329c97eb1d22ff57bb42;1;1;1;1;;;30;1789692790
960;Capricorn Chestplate;6642;Capricorn Chestplate;0377fd32ae6f385ca776df7ca40252f0;1;1;;1;;;22;1789692790
961;Rainbow Torch;6648;Rainbow Torch;46b841781a8b74531dfa541a80a4b1a9;1;1;;1;;;22;1789692790
962;Albino Antlion;6650;Albino Antlion;a87182610bbb3d8764164f40e6ee326f;;;1;;1;;40;1789692790
963;Bow Topper;6653;Bow Topper;9afd710a14cbf55e8ba066b246dcb705;1;1;1;1;;;30;1789692791
964;Yoraiz0r's Spell;6655;Yoraiz0r's Spell;02ec11f93ca50c39c6c8f3cd6b040d7a;1;1;;1;;;22;1789692791
965;Map Disabled;6659;Map Disabled;264a305b39b3be87f34cea9b61d78023;1;1;;1;1;;54;1789692791
966;Junction Box;6660;Junction Box;0140fe3b11534fc9f8bdf4b7d38c4e5e;1;1;;1;;;22;1789692791
967;Trapped Locked Pink Dungeon Chest;6658;Trapped Locked Pink Dungeon Chest;8d531e0c893354c805588d9d87334e04;1;1;;1;;;22;1789692791
968;Suger Cookie;6667;Suger Cookie;bed55d3cd1329f1ab8f05d784ff69fae;1;1;1;1;;;30;1789692791
969;Hellhound Banner;6664;Hellhound Banner;58a856a24da1b810beed4c920e13e912;1;1;;1;1;;54;1789692791
971;Skyware Bathtub;6671;Skyware Bathtub;f59a353cae120f579fe814be566a3a9c;1;1;;1;;;22;1789692791
972;Dryad's Blessing (Buff);6672;Dryad's Blessing (Buff);021bc89d69d81a146e405942b4deceab;1;1;;1;;;22;1789692792
973;Mana Hair Dye;6674;Mana Hair Dye;7485c98c61ef8ced5904ea464cd0c6e3;1;1;1;1;;;30;1789692792
974;Pig Man;6675;Pig Man;40d00c312fdd0d2de0053cdc44586cd8;1;1;;1;;;22;1789692792
975;Country Club Trousers;6677;Country Club Trousers;4938fa140729f3676c11023c27c13603;1;1;;1;;;22;1789692792
977;Achievement;6683;Achievement;e29be78e8cf65f9f1a934917f9e0903e;1;1;1;1;;;30;1789692792
978;Angler Tackle Bag;6679;Angler Tackle Bag;ace6e21e80edd8928d9172c9c38f5fae;1;1;;1;;;22;1789692792
979;Arch Wyvern;6685;Arch Wyvern;1548d97e3f9a890ee402e2e4a84f4b90;;;1;;1;;40;1789692792
980;Jim's Helmet;6686;Jim's Helmet;d0c8ff330a3302e85ba2d33573d62be2;1;1;;1;;;22;1789692792
981;Topaz Minecart;6687;Topaz Minecart;6cae3218af51abb4b7c9059845cb90ed;1;1;;1;;;22;1789692792
982;Green and Silver Dye;6688;Green and Silver Dye;5dd92acf96ba76d70ee391c9543746f1;1;1;1;1;;;30;1789692792
984;Ogre Mask;6691;Ogre Mask;b3c926f48f026dc4cb7c88e6b7a81c51;1;1;;1;;;22;1789692793
985;Slime Mount;6692;Slime Mount;b703d4d0c375ccb13c066b0c860f1c41;1;1;1;1;;;30;1789692793
986;Loki's Dye;6704;Loki's Dye;e952cf45e7c9afaf9e92afe72489a0b3;1;1;;1;;;22;1789692793
987;Lime and Silver Dye;6702;Lime and Silver Dye;1c8c7004ec9901c2f968ad054d438784;1;1;1;1;;;30;1789692793
988;Offline Diamond Gemspark Wall;6701;Offline Diamond Gemspark Wall;08b96832550e481193be35223a3c23aa;1;1;1;1;;;30;1789692793
989;Bone Chandelier;6705;Bone Chandelier;d61b0ca8659a63e726972f06ca0648ac;1;1;;1;;;22;1789692793
990;Thunderstorm;6708;Thunderstorm;4366d01be1b2ddef162fc0ebb6933508;1;1;;1;;;22;1789692793
991;Timeless Traveler's Footwear;6709;Timeless Traveler's Footwear;af9a18c24a746399a93a545626dd1bcd;1;1;;1;;;22;1789692793
992;Betsy Trophy;6710;Betsy Trophy;152d710e35c3fab7da0806c59843a731;1;1;;1;;;22;1789692793
993;Dye Trader's Turban;6713;Dye Trader's Turban;831c5f3c49ef340f4675790ad1014159;1;1;;1;;;22;1789692793
994;Silly Pink Balloon;6714;Silly Pink Balloon;e9991d4a42b591d77a9fa0bfcbec7462;1;1;;1;;;22;1789692793
995;Fog Machine;6722;Fog Machine;41123e02a8ad25d87b393de68a2c81ff;1;1;;1;;;22;1789692793
996;Liquid Sensor (Any);6712;Liquid Sensor (Any);211036d5715177715f7d639cabbba93b;1;1;;1;;;22;1789692793
997;Waterfall Wall;6719;Waterfall Wall;e6282f0a4f9292f3d1451c0b6cb7e68d;1;1;1;1;;;30;1789692793
998;Wall of Flesh Relic;6723;Wall of Flesh Relic;65ee8ff81ab5ad78856d92647f167345;1;1;;1;;;22;1789692793
999;Sapphire Gemcorn;6728;Sapphire Gemcorn;85899839876ff2ab5b09b25910c733a9;1;1;;1;;;22;1789692793
1000;Golden Platform;6730;Golden Platform;e9d8c681dc704d5333e2c1a4c93e6aa0;1;1;;1;;;22;1789692793
1001;Pink String;6735;Pink String;aa50fd7a6ec355aafb056bbb49769e54;1;1;;1;;;22;1789692793
1002;Sandstone Wall;6738;Sandstone Wall;32813c6ac31afa8d6c5fa52fb948dd3f;1;1;;1;;;22;1789692793
1003;Palm Wood Greaves;6729;Palm Wood Greaves;e6eb4a8d8070749881107392ab7e7e83;1;1;1;1;;;30;1789692793
1004;Ecto Mist;6743;Ecto Mist;900f7d86f4631d0fb6d96b52f7453cf7;1;1;;1;;;22;1789692794
1005;Cool Whip;6741;Cool Whip;92790b73428f61b71ab0c997ffa40272;1;1;;1;;;22;1789692794
1006;Skull Bow;6750;Skull Bow;0d3e2939c078fd00df37bdb61eede67e;1;1;;1;;;22;1789692794
1007;Granite Cave;6745;Granite Cave;f56140a258b349ce76da1a66a1433e54;1;1;;1;;;22;1789692794
1008;Empress of Light Trophy;6751;Empress of Light Trophy;b03a29ba89dce649e251260bd72e9799;1;1;;1;;;22;1789692794
1009;Luminite Drills;6755;Luminite Drills;6a234d788dd40bbe266d7cda1b70311f;1;1;;1;;;22;1789692794
1010;Shadewood Clock;6765;Shadewood Clock;1f3f476661e983379cfb3b2d698d21ea;1;1;1;1;;;30;1789692794
1011;Grebe;6764;Grebe;0607ed47ad589fe53605e583b9e32b90;1;1;;1;;;22;1789692794
1012;Paints;6763;Paints;a3ed19b48390aad906de764e0476142d;1;1;1;1;;;30;1789692794
1013;Midnight Confetti Wall;6766;Midnight Confetti Wall;913dbc0fc99173407c021642dc7ea638;1;1;1;1;;;30;1789692794
1014;Starving;6767;Starving;1231c8de2d0c9fc575946f4586cdd0e0;1;1;;1;;;22;1789692794
1015;Blood Eel Body;6771;Blood Eel Body;954c68f321d89e15a1077b20ba1bab05;1;1;;1;;;22;1789692795
1016;Snow Hood;6774;Snow Hood;219e6c9e15acc7c5378bf15647663666;1;1;;1;;;22;1789692795
1017;Loki's Breastplate;6778;Loki's Breastplate;807418bd46b7f2c7c10326da5df3d99d;1;1;;1;;;22;1789692795
1018;Dynasty Work Bench;6780;Dynasty Work Bench;b638e1141e21bbb51df316a56393bf3e;1;1;;1;;;22;1789692795
1019;Sroller;6782;Sroller;09af59fa4c9b8be3479a5b7317d8cd30;1;1;;1;;;22;1789692795
1020;Boreal Wood Bow;6777;Boreal Wood Bow;4cfc0de97f39725e5416dba03bb66bab;1;1;1;1;;;30;1789692795
1021;Fireblossom Planter Box;6785;Fireblossom Planter Box;c8c18e9d48fd98c4d243fc1d6181a395;1;1;;1;;;22;1789692795
1022;Copper Plating;6773;Copper Plating;fca34dce0c38940ce29710bdc352a55c;1;1;1;1;;;30;1789692795
1023;Everscream Sapling;6786;Everscream Sapling;e2361305e83b3e5623d8b938ec59c6e6;1;1;;1;;;22;1789692796
1024;Moon Lord's Core;6790;Moon Lord's Core;418f4ba1ead4ee0f7f6223a00668ddf0;1;1;;1;;;22;1789692796
1025;Lamia;6791;Lamia;4d9be17b5e1edc617052b4dbf4007875;1;1;;1;;;22;1789692796
1026;Golden Piano;6792;Golden Piano;e39e98a200edcb3c9eac23507e14b542;1;1;1;1;;;30;1789692796
1027;Vortex Booster;6793;Vortex Booster;6e33ea3fa4d1c205e133bcc3fbd36507;1;1;;1;;;22;1789692796
1028;Flesh Cloning Vat;6794;Flesh Cloning Vat;6e3e3bf71b9dc8553a204528efe17a4b;1;1;1;1;;;30;1789692797
1029;Ice Golem Banner;6795;Ice Golem Banner;0c74dd4b6bb3cd20a84c64b36ac0a93d;1;1;;1;;;22;1789692797
1030;Steampunk Lamp;6799;Steampunk Lamp;7f63a0fee2df9ad7e286201665074a35;1;1;1;1;;;30;1789692797
1031;Frozen Candle;6805;Frozen Candle;9a4dc8c7e369b8e734c879be613eb587;1;1;1;1;;;30;1789692797
1032;Solar Sink;6800;Solar Sink;4a228ccbb8dddcb65e64f3c3a5ff4059;1;1;;1;;;22;1789692797
1033;Emerald Bunny;6804;Emerald Bunny;aa15cad66ded61cb2ee79b2338c36ece;1;1;;1;;;22;1789692797
1034;Pink Dungeon Piano;6817;Pink Dungeon Piano;603b1d21d32866d046aea6cf76eab54e;1;1;1;1;;;30;1789692797
1035;Crimson Scab Wall;6819;Crimson Scab Wall;4edcf9d394d95514ff1519dba5255241;1;1;;1;;;22;1789692797
1036;Peckish;6807;Peckish;8da9bd19316b77e2958c6df00cfee13e;1;1;;1;;;22;1789692797
1037;Crystal Lamp;6818;Crystal Lamp;4064c335018421c0a3ca28c96aff67c3;1;1;;1;;;22;1789692797
1039;Stardust Brick;6827;Stardust Brick;fe040a4fb6b61dd1d0baa49f7307e2fe;1;1;;1;;;22;1789692797
1040;Devourer Banner;6826;Devourer Banner;2f07888944780ef0e5cb19e208825090;1;1;;1;;;22;1789692798
1041;Pink Maid Dress;6828;Pink Maid Dress;bce4b215ae0a448c0871055244f0a69a;1;1;;1;;;22;1789692798
1042;Logic Gate (AND);6832;Logic Gate (AND);9c2a28e5aa690ed7e508ec857391b179;1;1;;1;;;22;1789692798
1043;Wooden Sink;6830;Wooden Sink;e3bef4f5bcfed24ce96b8cee866eafd8;1;1;;1;;;22;1789692798
1044;Bee Headgear;6836;Bee Headgear;8905b531793179a20525948e76713d92;1;1;1;1;;;30;1789692798
1045;Endless Quiver;6857;Endless Quiver;2c32075b9d5291ff7fad6e49953b7147;1;1;;1;;;22;1789692798
1046;Lightning Aura sentry summons;6851;Lightning Aura sentry summons;3f94a3706f7aaa25c92f6c5e0ed09615;1;1;;1;;;22;1789692798
1047;Bone Candelabra;6842;Bone Candelabra;42f4fdf7da23614c53345c25a37fc294;1;1;1;1;;;30;1789692798
1049;Gold Worm Cage;6862;Gold Worm Cage;92c1e301f75567ba6d25d91b6786ef04;1;1;;1;;;22;1789692798
1050;Glass Bowl;6863;Glass Bowl;21fc177060b0f72d4c42943f0f6ccbfe;1;1;1;1;;;30;1789692798
1051;Sticky Dirt Bomb;6867;Sticky Dirt Bomb;29f2d237b3b238623e3a04a5ff8a9836;1;1;;1;;;22;1789692798
1052;Martian Uniform Helmet;6868;Martian Uniform Helmet;1e0364b845ead9fcaf6f2c7f82e5410b;1;1;;1;;;22;1789692799
1053;Treasure Bag (Duke Fishron);6877;Treasure Bag (Duke Fishron);b843e011158b6ee205342bb8492881be;1;1;;1;;;22;1789692799
1054;Red Dynasty Shingles;6878;Red Dynasty Shingles;4405739997617aa5f981d7d305aab8bb;1;1;1;1;;;30;1789692799
1055;Ogre Mask (unobtainable);6881;Ogre Mask (unobtainable);4957809f00b797b0cd01b28c4c5498fc;1;1;;1;;;22;1789692799
1056;Offline Emerald Gemspark Wall;6883;Offline Emerald Gemspark Wall;8455cabbd36a24d53bbc3c265ac8829b;1;1;1;1;;;30;1789692800
1057;Blood Orange;6889;Blood Orange;ce195be304964a6fe45fd87462e041c2;1;1;;1;;;22;1789692800
1058;Wavy Dirt Wall;6882;Wavy Dirt Wall;30c83b2ef04088e15e6a025c427b3103;1;1;;1;;;22;1789692800
1059;Golden Lock Box;6887;Golden Lock Box;ae12c37e8a8d31af307248383e78ce23;1;1;;1;;;22;1789692800
1060;Locked Pink Dungeon Chest;6891;Locked Pink Dungeon Chest;b158a7b6b70124ee068f4051f64855bb;1;1;1;1;;;30;1789692800
1061;Marble Piano;6890;Marble Piano;7df79f05151f4412c5e5a56133776aae;1;1;;1;;;22;1789692800
1062;Sandstone Chandelier;6896;Sandstone Chandelier;a71a329c137978ffc5ab7d3323a7816a;1;1;;1;;;22;1789692800
1063;Yoyo Bag;6893;Yoyo Bag;41b40a0629878ce08b7539b6a54b44be;1;1;;1;;;22;1789692800
1065;Lavafall Wall;6901;Lavafall Wall;7c923bbe8285c5195840896fe6d62601;1;1;1;1;;;30;1789692801
1066;Red Flower Seeds;6902;Red Flower Seeds;964c048c662b05baa6cbf74c02d7c174;1;1;;1;;;22;1789692801
1067;Pigron Kite;6910;Pigron Kite;12611fd4fd6225a43c4b72e40087c19a;1;1;;1;;;22;1789692801
1068;Ruby Gemspark Block;6904;Ruby Gemspark Block;01682f43a2b48fa5cd18bd916d3f3c06;1;1;1;1;;;30;1789692801
1069;Lord;6909;Lord;f3e6ceb581a478e48c809b70e764f011;1;1;;1;;;22;1789692801
1070;Dreadnautilus Banner;6912;Dreadnautilus Banner;67abaddf3121c5843847f936f6644a53;1;1;;1;;;22;1789692801
1071;Hook of Dissonance;6916;Hook of Dissonance;ed9344055eb013700fa5bf3873b31e08;1;1;;1;;;22;1789692801
1072;Vine Rope;6918;Vine Rope;8bcb1282e014b3f0c70d52ebfeca1700;1;1;;1;;;22;1789692801
1074;Stardust Bed;6944;Stardust Bed;005d3972df8ff36a178cefb39dcc4703;1;1;;1;;;22;1789692801
1075;The Grand Design;6950;The Grand Design;68b49c1d5bcf2797a57bfe1c00409bdc;1;1;;1;;;22;1789692801
1076;Happy!;6943;Happy!;71e8a37b43617d6cd1f838716785e3af;1;1;;1;;;22;1789692802
1077;Twinkle Popper;6952;Twinkle Popper;62205ceed17fa152f3c468c5f15796a3;1;1;;1;;;22;1789692802
1078;Cavern Pylon;6954;Cavern Pylon;9c0f6076dc7d85e9155a816f653eb0d6;1;1;;1;;;22;1789692802
1079;Ruby Stone Block;6965;Ruby Stone Block;e6b576d06a15750b7a6bafcb36541db7;1;1;;1;;;22;1789692802
1080;Pink and Black Dye;6955;Pink and Black Dye;c36b14d9ef8f0f8da2133f2ca841edb7;1;1;1;1;;;30;1789692802
1083;Luminite Bar;6975;Luminite Bar;d7279224ebd71d35510c058221e09e9e;1;1;;1;;;22;1789692802
1084;Mushroom Toilet;6974;Mushroom Toilet;eec94ae529954b050a1e30ed6dcff99f;1;1;;1;;;22;1789692802
1085;Jungle Crate;6978;Jungle Crate;4f06ac21791e62b197cdd35c4da5db04;1;1;;1;;;22;1789692802
1086;Mushroom Hat;6981;Mushroom Hat;0a1d5edb95927c7c5f3cf30fec084ae1;1;1;;1;;;22;1789692802
1087;Bunny (pet);6986;Bunny (pet);4d11671d2b8524da1bb64f9cbd348372;1;;;1;;;18;1789692802
1088;Lizard Ears;6993;Lizard Ears;1b927af5ffdc2f9ad8390cf03f975fff;1;1;;1;;;22;1789692802
1089;Fabulous Dress;6999;Fabulous Dress;078ad63f2883d8ad5716db6f499c4c0c;;;1;;1;;40;1789692802
1090;Monokuma Body;7005;Monokuma Body;a117cc85f9582af2b5cb42f89e292374;;;;;;1;1;1789692802
1091;Fritz Banner;7004;Fritz Banner;36eb89b9f81830a7128d2b44d99a79ac;1;1;;1;;;22;1789692802
1092;Sleeping Icon;7001;Sleeping Icon;148c93bdcae07bc26c2364c8863e5d87;1;1;;1;;;22;1789692802
1093;Hardened Crimsand Block;6996;Hardened Crimsand Block;18ecda1fc21743295c5fee958e6bfed6;1;1;;1;;;22;1789692802
1094;Lime and Black Dye;7010;Lime and Black Dye;81d6effae72ebcb1656e6bef3f2b37c5;1;1;1;1;;;30;1789692803
1095;Bee's Knees;7018;Bee's Knees;d429c8193693badd7adc7248875eef53;1;1;;1;;;22;1789692803
1096;Blue Dungeon Chest;7024;Blue Dungeon Chest;faf95f83582f2c4f67ab3b0978804159;1;1;1;1;;;30;1789692803
1097;Phantasmal Sphere;7012;Phantasmal Sphere;1018ed2204de2677d0c5183630ab5023;1;1;;1;;;22;1789692803
1098;Monk's Belt;7027;Monk's Belt;df2bd1abf7436eb846c5faf9c11b5a35;1;1;;1;;;22;1789692803
1100;Gentleman's Long Beard;7030;Gentleman's Long Beard;207ffbc7b7db67ecbe89048be2705f3a;1;1;;1;;;22;1789692803
1101;Penguin Banner;7029;Penguin Banner;68ee71bc7256d133e6d60cf3e0c29105;1;1;;1;1;;54;1789692803
1102;Hanging Corrupt Deathweed;7021;Hanging Corrupt Deathweed;32861717ca790b62a6cd161d02ff55d1;1;1;;1;;;22;1789692803
1103;Peach;7033;Peach;53841c6e42a6ce77b6f3b80133c9342c;1;1;;1;;;22;1789692803
1104;Flinx Staff;7032;Flinx Staff;079e8f9f4ab986b063853e1660a36a62;1;1;;1;;;22;1789692803
1105;Companion Cube;7035;Companion Cube;2dc03de3be85d8d48f8a14521f3bad11;1;1;;1;;;22;1789692803
1106;Winged Slime Mount;7031;Winged Slime Mount;ec61918404fe0c1b4f2eef335eeffb2d;1;1;;1;;;22;1789692803
1107;Golfer;7037;Golfer;814b31bcf80138fca577ebe65d0db09d;1;1;;1;;;22;1789692803
1108;Target Dummy;7038;Target Dummy;85bda84c8c6365f80496028112e297fd;1;1;;1;;;22;1789692804
1110;Dungeon Slime Banner;7042;Dungeon Slime Banner;b9d4cbdea1cc7a5e53632d24101c5ebd;1;1;;1;;;22;1789692804
1111;Key of Light;7040;Key of Light;5a456d0ff802743dfc4fe89260559b57;1;1;;1;;;22;1789692804
1112;Graveyard (item);7045;Graveyard (item);36b5964c2b9aaba573562d631083f443;1;1;;1;;;22;1789692805
1113;Hardened Sand Walls;7046;Hardened Sand Walls;681a560cfb98ece15e1edb63b8dcaa4d;1;1;;1;;;22;1789692805
1114;The Possessed Banner;7047;The Possessed Banner;398fec073e0f2b11e4366a2ed7a3c537;1;1;;1;;;22;1789692805
1115;Solar Bathtub;7048;Solar Bathtub;adeba61cbb18756a1a24c4107aa22ec1;1;1;;1;;;22;1789692805
1116;Strange Plant (green);7050;Strange Plant (green);6713ccc3bc018d0bfcece8fd4c38b016;1;1;;1;;;22;1789692805
1117;Dune Splicer Banner;7049;Dune Splicer Banner;0f1f9f8ded7ebc99a3b6b52c38d71e65;1;1;;1;;;22;1789692805
1118;Logic Gate (NOR);7057;Logic Gate (NOR);c1bf4a4af93fe9ba43b48a93b23f5153;1;1;;1;;;22;1789692805
1119;Martian Saucer Relic;7061;Martian Saucer Relic;eb40f2f72281617ad0d0604eec1507ae;1;1;;1;;;22;1789692805
1120;Frozen Dresser;7066;Frozen Dresser;6e8fb67c3ee2e8cc32a2ced66a9561f0;1;1;;1;;;22;1789692805
1122;Luck Potions;7068;Luck Potions;cfdd3699251a837f89d22c1908107fb3;1;1;;1;;;22;1789692806
1123;Eye Bone;7071;Eye Bone;5875991438ddfa92ddd63d8184972b96;1;1;;1;;;22;1789692806
1124;Cenx's clothes;7073;Cenx's clothes;ff6bef74df11897dae1c7caaa6c5de9e;1;1;;1;;;22;1789692806
1125;Grasshopper Statue;7074;Grasshopper Statue;2747c027556c00accb4f17d1100c7ee1;1;1;;1;;;22;1789692806
1126;Timeless Traveler's Cloak;7081;Timeless Traveler's Cloak;966692c0e46df576e1a8228688f0f0f4;1;1;;1;;;22;1789692806
1127;Wet Bomb;7083;Wet Bomb;7f729844918afa0afd983a6de6446720;1;1;;1;;;22;1789692806
1128;Ultrabright Campfire;7087;Ultrabright Campfire;bf93aa011dc74bd4ecb512dbce281f25;1;1;;1;;;22;1789692806
1129;Pet Guinea Pig;7086;Pet Guinea Pig;df54b27cd1ce3c096060ff4b431405ad;;;1;;1;;40;1789692806
1131;Bone Rattle;7090;Bone Rattle;8ded8c598b091be3dbd39ab2c4d742d2;1;1;;1;;;22;1789692806
1132;Flameburst Rod;7092;Flameburst Rod;e6efe4e6c5f3d9e70750bd558326b401;1;1;;1;;;22;1789692806
1133;Corruption Walls;7093;Corruption Walls;daec4dd497c62b282318707e7a7b0c8d;1;1;;1;;;22;1789692806
1134;Flesh Platform;7097;Flesh Platform;a16b2820855a6edbe7d31812b1676209;1;1;;1;;;22;1789692806
1135;Large ore vein;7099;Large ore vein;02ed088967a2b7bd2119e49f06993663;1;1;;1;;;22;1789692807
1136;Dryad's Bane;7101;Dryad's Bane;698485d9c04b8457559d7c0df6ef37ba;1;1;;1;;;22;1789692807
1137;Cluster Rocket I;7106;Cluster Rocket I;6ccb9675be690fa047919cdf5869b861;1;1;;1;;;22;1789692807
1138;Flame Dye;7103;Flame Dye;d7ef7b2d42db860988a78a2c5ab73fc0;1;1;1;1;;;30;1789692807
1139;Harvest Time;7107;Harvest Time;728ea4287862272a7158f7000d0f3306;1;1;;1;;;22;1789692807
1140;Golden Cross Grave Marker;7109;Golden Cross Grave Marker;3cc8e9aca0de455c180c50d38f2f32b5;1;1;;1;;;22;1789692807
1141;Fox set (Zoologist);7111;Fox set (Zoologist);bb3c23ce5d68b900f9cf19cb237e0390;1;1;;1;;;22;1789692807
1142;White Thread;7116;White Thread;cd9f33c80fd351628d25be20870ae804;;;;;;1;1;1789692807
1143;Twins (buff);7117;Twins (buff);f245acb27e4d5b40c185fd63e03c6516;1;1;1;1;;;30;1789692807
1144;Everscream Sapling (buff);7118;Everscream Sapling (buff);a76d1b3ff7610dd3aed561b8149a1936;1;1;;1;;;22;1789692807
1145;Tiny Deerclops;7112;Tiny Deerclops;7f65fa1e8ecd7ebab7ca2ffbda352185;1;1;;1;;;22;1789692807
1146;Seagull Cage;7122;Seagull Cage;cc81375d250ed7a442b51c6ca38166b7;1;1;;1;;;22;1789692807
1147;Medusa Banner;7123;Medusa Banner;3850e1b1b3e1302821e45105965173f5;1;1;;1;;;22;1789692807
1148;Dangersense;7120;Dangersense;acb89a911f9614e9c30e5e7d136748a4;1;1;1;1;;;30;1789692807
1149;Estee;7124;Estee;599a5f2261447784b485336b7e7b1138;1;1;;1;;;22;1789692808
1150;Wedding Veil;7125;Wedding Veil;c87f0d819681634e7c46f880b6d6dc79;1;1;;1;;;22;1789692808
1151;Shadow Dodge;7134;Shadow Dodge;9fc7da8d492efccaaefa11ca57f11de4;;;1;;1;;40;1789692808
1152;Vampire Frog;7126;Vampire Frog;7764548b89a8d9c07a53b5dee49102db;1;1;;1;;;22;1789692808
1153;Portable Cement Mixer;7130;Portable Cement Mixer;ee66c48bf200ddd3659283ef7e25bc18;1;1;1;1;;;30;1789692808
1154;Frozen Crate;7136;Frozen Crate;a1c6be688b86759c8ede89e83555e80c;1;1;;1;;;22;1789692808
1155;Otherworldly Music Box (Eerie);7142;Otherworldly Music Box (Eerie);571f4ac921be2af1969f4a4fb3bd6e62;1;1;;1;;;22;1789692808
1156;BBQ Ribs;7143;BBQ Ribs;7938b3f0528667fd28c8e131e0599b08;1;1;;1;;;22;1789692808
1157;Palm Wood Piano;7145;Palm Wood Piano;f489697398af411d7a2a85e09b4399d6;1;1;1;1;;;30;1789692808
1158;Yellow Willow Sapling;7148;Yellow Willow Sapling;c0c76f5f3f04cef903465b654144484b;1;1;;1;;;22;1789692808
1159;Dynasty Sofa;7150;Dynasty Sofa;3acdce8861e446c12e30f07054f9a6ff;1;1;;1;;;22;1789692808
1160;Not the Bees;7151;Not the Bees;8c389560da3c93f7375fba4858513e4d;1;1;;1;;;22;1789692808
1161;Honey Sink;7154;Honey Sink;6efc40795e39ed89e878d576c1ea6d87;1;1;;1;;;22;1789692809
1162;Palm Wood Platform;7155;Palm Wood Platform;a618e23c9b4c8a6a50aed7dc02c546a2;1;1;1;1;;;30;1789692809
1163;Steampunk Dresser;7158;Steampunk Dresser;f562cfa89e15298353d5ede09e6f6e1f;1;1;1;1;;;30;1789692809
1164;Candy Cane Wallpaper;7161;Candy Cane Wallpaper;e185ff8ccfd4e53f25b0687de13f5ce9;1;1;1;1;;;30;1789692809
1165;Castle Marsberg;7160;Castle Marsberg;c49965110c771b8fe71e120abe04a7e4;1;1;;1;;;22;1789692809
1166;Music Box (Hell);7162;Music Box (Hell);ff3360f79c9f1c0e5078b543a028d798;1;1;;1;;;22;1789692809
1167;Drippler Crippler;7163;Drippler Crippler;487785618cda5864b0ba847d18ba5b38;1;1;;1;;;22;1789692809
1168;Marble Block;7165;Marble Block;002fd558030bdc52920f6b6969375384;1;1;;1;;;22;1789692809
1169;Terrarian;7167;Terrarian;6635978abeb038ee36c19252c72dd871;1;1;;1;;;22;1789692810
1170;Resource Pack;7172;Resource Pack;be2b2fe7f3ae4c8e29c204840992aa8d;1;;;;;;2;1789692810
1171;Dune Splicer (Tail);7169;Dune Splicer (Tail);db537b1c795efcecc63ff3cc9fc8a57c;1;1;;1;;;22;1789692810
1173;Hardened Pearlsand;7180;Hardened Pearlsand;4b85bdb55f7afe2425225894c28a1ed6;1;1;;1;;;22;1789692810
1175;Peace Candle (buff);7185;Peace Candle (buff);e870160ec490fafb63c8336aa61d1e5b;1;1;;1;;;22;1789692810
1176;Etherian Mana;7188;Etherian Mana;c91cd24e1a0b36ed9a639b165c5be0df;1;1;;1;;;22;1789692810
1177;Dragon Skull;7191;Dragon Skull;d1e3a5c4eababa80f482d2c016d60c2a;;;1;;1;;40;1789692811
1178;Stardust Axe;7192;Stardust Axe;7c07e2e7b1009726cb55b2a47697da80;1;1;;1;;;22;1789692811
1179;Bright Green Dye;7193;Bright Green Dye;eaafb31b7eee02c46e493933424a594b;1;1;1;1;;;30;1789692811
1180;Old Lady pet;7194;Old Lady pet;8ef4777cc89c895045f37af719d9b92c;;;;;1;;32;1789692811
1181;Martian Costume Pants;7196;Martian Costume Pants;c100e2ee851a6de71523265f979922a2;1;1;;1;;;22;1789692811
1182;Dog Whistle;7198;Dog Whistle;7ff3a76caf263f8882a3a6b9a7400866;1;1;1;1;;;30;1789692811
1183;Potion of Return;7199;Potion of Return;308d7a89893264413135d453d7755b78;1;1;;1;;;22;1789692811
1184;Rock Golem Banner;7204;Rock Golem Banner;5d242aa0a93264f4544cfabed0b25e72;1;1;;1;;;22;1789692811
1185;Gold Ladybug Cage;7206;Gold Ladybug Cage;3b55989dafde68a79b0d6cf65dcaeb5a;1;1;;1;;;22;1789692811
1186;Tree costume;7210;Tree costume;3df512fc5475749bcbe15d907e694e95;1;1;1;1;;;30;1789692812
1187;Ancient Cultist;7208;Ancient Cultist;b4718284941191901e20e46752df675a;1;1;;1;;;22;1789692812
1188;Pumpkin Bookcase;7217;Pumpkin Bookcase;a368026e830499cfeb149cb3a15a5923;1;1;1;1;;;30;1789692812
1189;UFO Mount;7214;UFO Mount;f942be755825b4cbca52091f2cae3d73;1;1;;1;;;22;1789692812
1190;Purple Ooze Dye;7213;Purple Ooze Dye;f7cd111925047fea0a2c1fdd259aa41b;1;1;;1;;;22;1789692812
1191;Boreal Wood Door;7211;Boreal Wood Door;2b4c8ac5dc31cb3fa629c4bf444d49ff;1;1;1;1;;;30;1789692812
1192;Underground Desert;7219;Underground Desert;20a71b789cfc8ead9142e1d9c0b51cab;1;1;;1;;;22;1789692812
1193;Red Kite;7234;Red Kite;8a1700920554a36b55ad745dbf66447d;1;1;;1;;;22;1789692812
1195;Green Dungeon Chandelier;7240;Green Dungeon Chandelier;cf50a5a566ea053c00835380628e27f2;1;1;;1;;;22;1789692812
1196;Sky Mill;7207;Sky Mill;da9ac9f0cdceb0f5d42eb8afd32c5e3b;1;1;1;1;;;30;1789692811
1197;Blue Graduation Gown;7236;Blue Graduation Gown;97918d675b2c3a9f11f8c6900314fec2;1;1;;1;;;22;1789692812
1198;Gold Bird Cage;7241;Gold Bird Cage;5ba2b73999033923bb5f223ca5fbcb3b;1;1;;1;;;22;1789692813
1199;Armed Pincushion Zombie;7248;Armed Pincushion Zombie;99e814977e73f5e8ef536e882613e307;1;1;;1;;;22;1789692813
1200;Ice Sofa;7253;Ice Sofa;d4be00fa3388b3565407d3d623307dd7;1;1;1;1;;;30;1789692813
1201;Diamond Tree;7257;Diamond Tree;3ccfedce44709391fdd84a5d9228a044;1;1;;1;;;22;1789692813
1202;1.2.3.1;7261;1.2.3.1;df59f7b889a486529c7f99dd32bce7c0;1;1;1;1;;;30;1789692813
1203;Sandstone Sink;7259;Sandstone Sink;dd339a6a425b069e7ce6bb28bc8f8b91;1;1;;1;;;22;1789692813
1204;Squire armor;7262;Squire armor;b514a4adc356b3ec87e86881e7e9d50f;1;1;;1;;;22;1789692813
1206;Palm Wood Lantern;7264;Palm Wood Lantern;9f1631863e802060568f8bad4eff4294;1;1;;1;;;22;1789692813
1207;Stardust Leggings;7249;Stardust Leggings;af096ebc7ce380c0a93e4b5b0afdf8a6;1;1;;1;;;22;1789692813
1208;Offline Topaz Gemspark Wall;7272;Offline Topaz Gemspark Wall;6dbbcde3285bb6b1f859ff93c1df1e84;1;1;1;1;;;30;1789692813
1209;Boreal Wood;7274;Boreal Wood;f46b4c902dfd14e112cad3d83376eb45;1;1;1;1;;;30;1789692813
1210;Crownos clothes;7275;Crownos clothes;9cba46fbe61ab9df69425ba955c0efc0;1;1;;1;;;22;1789692814
1211;Spider Staff;7273;Spider Staff;2013f14d555e210911ef010b7e7872c1;1;1;1;1;;;30;1789692813
1212;Skeletron Prime Relic;7280;Skeletron Prime Relic;b69d6bee54543f0db6f564afc20dd6df;1;1;;1;;;22;1789692814
1213;Lihzahrd Lamp;7281;Lihzahrd Lamp;fa722b63a431a133adf4fe81bd7f5066;1;1;1;1;;;30;1789692814
1214;Smooth Granite Wall;7297;Smooth Granite Wall;432f501e31b79ced6eddab3314473781;1;1;;1;;;22;1789692814
1215;Nebula Platform;7305;Nebula Platform;b204b58b487b379f87ed4db36cb47605;1;1;;1;;;22;1789692814
1216;Gypsy Robe;7308;Gypsy Robe;eece17cfc5998b2b1d6457982b25d5a3;;;1;;;;8;1789692814
1217;Flameburst Tower;7299;Flameburst Tower;fc182fe77db3bb28bc9fa0b5b259532c;1;1;;1;;;22;1789692814
1218;Cenx's Wings;7289;Cenx's Wings;f0a9c2b2580110d607ecc3c4b01cab07;1;1;;1;;;22;1789692814
1219;Silly Sunflower Petals;7309;Silly Sunflower Petals;c99aca72cd002994f20817c154ddfdd7;1;1;;1;;;22;1789692814
1220;Lihzahrd Bookcase;7312;Lihzahrd Bookcase;7c45ed4ce1cb0932764095432607937b;1;1;1;1;;;30;1789692814
1221;Selenian;7315;Selenian;6182cf85011321a402ff596effc8cad3;1;1;;1;;;22;1789692814
1222;Palm Wood Candelabra;7310;Palm Wood Candelabra;e27f3a2f5968d2839581b601e3224fba;1;1;1;1;;;30;1789692814
1223;Vortex Breastplate;7320;Vortex Breastplate;07e92b51d87848bb23312a0d767e78e1;1;1;;1;;;22;1789692814
1224;Master Gamer's Jacket;7322;Master Gamer's Jacket;294971b1c06c980080991e3f5846494c;1;1;;1;;;22;1789692814
1225;Luminite Hamaxe;7325;Luminite Hamaxe;77f7e2b621247f62b344efc165803a9b;1;1;;1;;;22;1789692814
1226;Blue Team Block;7332;Blue Team Block;54e862ba62fd94ee05b3c5959bf39dd4;1;1;;1;;;22;1789692815
1227;Pink Team Block;7330;Pink Team Block;1907ca31d8a2d4a95b46c16b533930a8;1;1;;1;;;22;1789692815
1228;Dryad's Blessing;7334;Dryad's Blessing;16b6331526c554c01abaceb50d6b1c16;1;1;;1;;;22;1789692815
1229;Zombie Elf Banner;7335;Zombie Elf Banner;fdea690609dcf3ccf3a3b1a5138a081f;1;1;;1;1;;54;1789692815
1230;Great Wind;7343;Great Wind;130156c36d05d7bebc81c3929e33f1c2;1;1;;1;;;22;1789692815
1231;Stockade Crate;7340;Stockade Crate;3db48f6e0bc1a4e0dd1b39104259d8ba;1;1;;1;;;22;1789692815
1232;Martian Holobookcase;7348;Martian Holobookcase;0630a75aa6265aa5a378309b218ea415;1;1;;1;;;22;1789692815
1233;Item Frame;7350;Item Frame;7231c94422ae8f9bfb0c4868597f8924;1;1;;1;;;22;1789692815
1234;Teapot;7354;Teapot;a9e42f947c0f553583359e46cbef6d41;1;1;;1;;;22;1789692815
1235;Vampire Miner Banner;7358;Vampire Miner Banner;9e8e453444f05cbd4b8d4070a44561ed;;;1;;;;8;1789692815
1236;Intense Flame Dye;7356;Intense Flame Dye;59cd3432d35c1f0f415701865125aeed;1;1;1;1;;;30;1789692816
1237;A Nice Buff;7360;A Nice Buff;7fc3d6f745844070b24f7e6ddc6efc45;1;1;;1;;;22;1789692816
1238;Ice Bat Banner;7362;Ice Bat Banner;c581e87ea50c6b482f3fbc97c7c268c8;1;1;;1;;;22;1789692816
1239;Journey;7367;Journey;375b06b70e34a9943fc749abfe7e04dc;1;1;;1;;;22;1789692816
1240;Fritz;7369;Fritz;436e53d48db9a24a3fe18932c00871e9;1;1;;1;;;22;1789692816
1241;Drakomire Banner;7376;Drakomire Banner;7562f75fa3bf0b1f2b5d348839027734;1;1;;1;;;22;1789692816
1242;Tablet Fragment;7375;Tablet Fragment;529a9ae40d7f4021671e6ba464862f04;1;1;;1;;;22;1789692816
1243;Oktoberfest costume;7371;Oktoberfest costume;62d3c47d656d30e8f3d0582d6145d1e3;;;;;1;;32;1789692816
1244;Hallowed Crystalline Wall;7383;Hallowed Crystalline Wall;c58e9fad7eb530e1531ef88333cd51d9;1;1;;1;;;22;1789692817
1245;Butterfly Statue;7389;Butterfly Statue;2878259b4628fc74139253abe6f33090;1;1;;1;;;22;1789692817
1246;Mango;7388;Mango;95f8c2da33b8930f8d6fee0d524c0817;1;1;;1;;;22;1789692817
1247;Ember Wall;7378;Ember Wall;f1276ffcbcd3e572e6797c7fdb7f62f2;1;1;;1;;;22;1789692817
1248;Shifting Pearlsands Dye;7397;Shifting Pearlsands Dye;9d7b3e854eb96b17b1f136975c4bbcad;1;1;;1;;;22;1789692817
1249;Granite Bathtub;7391;Granite Bathtub;1a9727a248751cb2145d5b6c49f3302a;1;1;;1;;;22;1789692817
1250;Solar Bookcase;7400;Solar Bookcase;13f7c66057d8bee3ed6368a5cb075acf;1;1;;1;;;22;1789692817
1251;Worm Statue;7401;Worm Statue;6e25ad54e94b0b44bf840fa1be2ab24f;1;1;;1;;;22;1789692817
1252;Ninja clothes;7402;Ninja clothes;f4653e44b3663496f725f3030407e439;;;1;;1;;40;1789692817
1253;Crystal Assassin Hood;7404;Crystal Assassin Hood;85358de158c06ca5b8c0847736270d92;1;1;;1;;;22;1789692817
1254;Sailfish Boots;7416;Sailfish Boots;863d0c9e9ee67ffe45e8ecc53fdab233;1;1;;1;;;22;1789692818
1255;Star Topper 3;7409;Star Topper 3;c82dd746934d33059fea011c3cb0acc2;1;1;1;1;;;30;1789692818
1256;Slime Platform;7405;Slime Platform;f96780e3b6676cfae5a15f32f90ee209;1;1;1;1;;;30;1789692818
1257;Armed Slimed Zombie;7418;Armed Slimed Zombie;1dff95808f510e42fec7ae2e6a3429ff;1;1;;1;;;22;1789692818
1259;Sandstone Column;7428;Sandstone Column;e7542f9b8060f73a139837a69f37ed4b;1;1;;1;;;22;1789692818
1260;Ghost Banner;7432;Ghost Banner;28febc312e644804310d3430a3d39267;1;1;;1;;;22;1789692818
1261;Hoplite Statue;7434;Hoplite Statue;dc185ff6d3b6637ce8bf9b68b7d1f79d;1;1;;1;;;22;1789692818
1262;Oktoberfest costume female;7444;Oktoberfest costume female;b7c416182cd2818a65bc0d43411656c4;;;;;1;;32;1789692818
1263;Potted Brimstone Bush;7443;Potted Brimstone Bush;3472fe110d2a54583cd7dde6285f4756;1;1;;1;;;22;1789692818
1264;Wandering Eye Kite;7436;Wandering Eye Kite;ca20e9858784f037b809452a4be32b66;1;1;;1;;;22;1789692818
1265;Undead Viking Banner;7448;Undead Viking Banner;da7c70604bf0b410c4ef16899b6446d9;1;1;;1;;;22;1789692819
1266;Hades Dye;7449;Hades Dye;0d3ed4e933f63d3b5e6f47fe928eda5c;1;1;;1;;;22;1789692819
1267;Venom Staff;7447;Venom Staff;e5ff656188ab43caeb000b41e55216a1;1;1;1;1;;;30;1789692818
1268;Wallpaper;7456;Wallpaper;7a605e88537c665b8ac30ab19320256a;1;1;1;1;;;30;1789692819
1269;Hallowed Walls;7453;Hallowed Walls;b5f12af72523c4c1bd8e50e2848ae081;1;1;;1;;;22;1789692819
1270;Lesion Clock;7452;Lesion Clock;0975cc57f2d9dc74450909312bd88e47;1;1;;1;;;22;1789692819
1271;Forbidden Robes;7461;Forbidden Robes;bb43c4dba5b4695bc7076bae0e27f846;1;1;;1;;;22;1789692819
1272;Pink Dungeon Sink;7454;Pink Dungeon Sink;7aefadde2d38cf94908f66996b7c4aeb;1;1;;1;;;22;1789692819
1273;Red Paint;7459;Red Paint;10827e45e6d04fb5f23dda48e33d3312;1;1;1;1;;;30;1789692819
1275;Betsy's Wrath;7466;Betsy's Wrath;6c55169dcd0a2e6708ac74c3f790da0d;1;1;;1;;;22;1789692819
1276;Palm Wood Sword;7451;Palm Wood Sword;25a60ba6b602c636bd6daa5a75d0a8c6;1;1;1;1;;;30;1789692819
1277;Autopause Off;7473;Autopause Off;e871baaf5c6880dd174c60973a1d755d;1;1;;1;1;;54;1789692819
1278;Stinger Necklace;7475;Stinger Necklace;c4c47b7d2f066cdf1b742c0fe531fb08;1;1;;1;;;22;1789692819
1279;Martian Uniform;7480;Martian Uniform;d515ab8b14b935c8d0f3a226d87ef2e4;1;1;;1;;;22;1789692820
1280;Lunar Boss;7483;Lunar Boss;4ae2a70b8bbabb405a2a5eeae9ca1c4a;1;1;;1;;;22;1789692820
1281;Stuff cannon;7482;Stuff cannon;012e5d46f822c483679d82c26d1dc5ab;1;1;;1;;;22;1789692820
1283;Toro's Head;7492;Toro's Head;07c16d179779aef46e00439c68fa1c90;;;;;;1;1;1789692820
1284;Blue and Yellow Lights;7490;Blue and Yellow Lights;1bf5e71113c6c5a2c58cfb495fd2a49a;1;1;1;1;;;30;1789692820
1285;Diabolist Banner;7496;Diabolist Banner;f8bff53ab61235e37c7db11cf2caa2ec;1;1;;1;;;22;1789692820
1286;Penguin suit;7495;Penguin suit;a3d8e53e3baeda2a3ed7be33d82926fd;1;1;;1;;;22;1789692820
1287;Couch;7494;Couch;76982a496ac75297d9061331ec5a98ca;1;1;1;1;;;30;1789692820
1288;Mothron Egg;7500;Mothron Egg;da9d0728672f9be403a52a18bd77301a;1;1;;1;;;22;1789692820
1289;Martian Gray Grunt Banner;7502;Martian Gray Grunt Banner;df5421c677d8149850c4c4304bf157f0;1;1;;1;;;22;1789692820
1290;Blue and Yellow Kite;7504;Blue and Yellow Kite;ca678b5fe1f0a50ed9fb55f5c9f41592;1;1;;1;;;22;1789692820
1292;Hardened Sand Blocks;7507;Hardened Sand Blocks;b13ef1673ac09f93e2b860ff1b5555fd;1;1;;1;;;22;1789692821
1293;Buccaneer Pantaloons;7513;Buccaneer Pantaloons;7c6f4690909a0bcb2c9198c6421aaf01;1;1;;1;;;22;1789692821
1294;Moon Lord Trophy;7516;Moon Lord Trophy;a1d9accec3400d82aef3782d5037d66e;1;1;;1;;;22;1789692821
1295;Flower Boots;7519;Flower Boots;b986f28c15f158328c1d5eefbc2e5362;1;1;;1;;;22;1789692821
1296;Secret seeds;7508;Secret seeds;07048b4c7174fdefc262687d2cf9f015;1;1;;1;;;22;1789692821
1297;Green Bulb;7528;Green Bulb;e7303a16ad73545e81b1bcac51bb1064;1;1;1;1;;;30;1789692821
1298;Living Ichor Block;7527;Living Ichor Block;563c5453fb5b171c6b327548f4644377;1;1;;1;;;22;1789692821
1299;Old Lady;7522;Old Lady;8ff2a3433a2a3c2191268840de488d84;;;;;1;;32;1789692821
1300;Etherian Lightning Bug Banner;7529;Etherian Lightning Bug Banner;c43040e5c610ab491be18333bc923eb9;1;1;;1;;;22;1789692821
1301;Monomi Head;7531;Monomi Head;41ce6f4f843bc14554341ae915b40850;;;;;;1;1;1789692821
1302;Premium Golf Club (Wedge);7532;Premium Golf Club (Wedge);f38ef5197045397e2fb2841cbedb4b1d;1;1;;1;;;22;1789692821
1303;Solar Cultist costume;7533;Solar Cultist costume;d24aa2779b95c6f9eb04a555008e309c;1;1;;1;;;22;1789692821
1304;Vortex Hammer;7535;Vortex Hammer;22bc2f740ae5e86808a90a031d91e878;1;1;;1;;;22;1789692821
1305;Crowno's Mask;7536;Crowno's Mask;73c2b4dfedf75bb5363a970c52c50dd8;1;1;;1;;;22;1789692821
1306;Frozen Table;7543;Frozen Table;41e172d7997122de70e7316b02fdbe97;1;1;1;1;;;30;1789692822
1308;Blue Dungeon Candelabra;7540;Blue Dungeon Candelabra;79a390dddbd8bda98a95ba96e6436b5f;1;1;1;1;;;30;1789692822
1309;Spooky Piano;7546;Spooky Piano;a16ac28f6bdb65b352dc625387d090f9;1;1;1;1;;;30;1789692822
1310;Lesion Candle;7549;Lesion Candle;05440a896a2715358ce5a9c61a5af3aa;1;1;;1;;;22;1789692822
1311;Coral Campfire;7556;Coral Campfire;0ee11e28e710ea58cecb59976fdc68e6;1;1;;1;;;22;1789692822
1312;Escargot;7557;Escargot;0d95b9af4d687956fd55dd7fa06ab74a;1;1;;1;;;22;1789692822
1313;Ancient Horn;7559;Ancient Horn;5c2d23798871e6899f287b322c73a5d7;1;1;;1;;;22;1789692822
1314;Goblin Summoner Banner;7560;Goblin Summoner Banner;6009b48d7e63f8a91473cc692d73764c;1;1;;1;;;22;1789692822
1315;Laser Ruler;7562;Laser Ruler;48e0b9b192e77a7a7acf4cba8515bcd0;1;1;1;1;;;30;1789692822
1316;Coffee;7566;Coffee;3c09b8d09553786b799e02306e55c7ba;1;1;;1;;;22;1789692822
1317;Sandstone Candelabra;7568;Sandstone Candelabra;6832d7c1f28759533323ded470d7035a;1;1;;1;;;22;1789692822
1318;Helmet Rack;7570;Helmet Rack;5f0ae31a5d55373861b0a5152246094a;1;1;1;1;;;30;1789692822
1319;Orange Paint;7573;Orange Paint;9b580d82df1981d4e8f7ee421cc27e4e;1;1;1;1;;;30;1789692822
1320;Music Box (Space Night);7576;Music Box (Space Night);e883e89919f881be8d823bcb8c707d73;1;1;1;1;;;30;1789692822
1321;Werewolf Pet;7579;Werewolf Pet;dbc7a659dc9c8308ad8b7d4cd6fcd138;;;1;;1;;40;1789692823
1322;Rich Mahogany Leaf Wand;7578;Rich Mahogany Leaf Wand;fe64b7acbdaebb4e43516b3364f66ae3;1;1;;1;;;22;1789692823
1323;Space Dolphin Machine Gun;7580;Space Dolphin Machine Gun;a5887d04e9a54d6ee71531c93d527a66;1;1;;1;;;22;1789692823
1324;Skyware Bookcase;7591;Skyware Bookcase;c394d3440d6aa36c4429dc1dedbb71d5;1;1;;1;;;22;1789692823
1325;Ancient Manipulator;7588;Ancient Manipulator;9e637efc7291938e2b74ef1efd5d6066;1;1;;1;;;22;1789692823
1326;Valentine day;7593;Valentine day;817b6de9c59e9c23904b56a9a02fa21b;;;;;1;;32;1789692823
1327;Etherian Lightning Bug;7599;Etherian Lightning Bug;76a8bc22ca88021f26b026e48cbc5129;1;1;;1;;;22;1789692823
1328;Intense Blue Flame Dye;7594;Intense Blue Flame Dye;3295fc95dbb2f43febcc2b7f09a735ef;1;1;1;1;;;30;1789692823
1329;Pink Pearl;7604;Pink Pearl;35b450dd57a2d0b554845b27c5fd6ef9;1;1;;1;;;22;1789692823
1330;Butcher's Bloodstained Pants;7607;Butcher's Bloodstained Pants;39193a3d46d1b2e81584cdcad07298a2;1;1;;1;;;22;1789692823
1331;Smouldering Stone Wall;7613;Smouldering Stone Wall;e45ff96ae7d971d526957abc12420654;1;1;;1;;;22;1789692823
1332;Skyware Toilet;7609;Skyware Toilet;1f19a25a75497e703103b84156f6dfd8;1;1;;1;;;22;1789692823
1333;Yellow Willow tree;7615;Yellow Willow tree;38ee000bcae8fd751b366dcecf00565b;1;1;;1;;;22;1789692823
1334;Paint;7620;Paint;4802a5ac6005a6ab9c68a2fb29e30a3e;1;1;1;1;;;30;1789692823
1335;Paintbrush;7619;Paintbrush;4e5eaed0ddb21e87a8bc54d6c6c705c1;1;1;1;1;;;30;1789692823
1336;Pretty Pink Stockings;7623;Pretty Pink Stockings;b7f921a973b62b1d2948bf2eacf0bdef;1;1;;1;;;22;1789692823
1337;1.3.2;7624;1.3.2;38dfe6388acfa83c3486d41f22b08165;1;1;;1;;;22;1789692823
1338;Blue Dungeon Clock;7626;Blue Dungeon Clock;2e8be80cfb890871ccc061d99ecb86cc;1;1;;1;;;22;1789692824
1339;Yoraizors clothes;7625;Yoraizors clothes;2de3c5e320633666e26ca63f22832748;1;1;;1;;;22;1789692824
1340;Solar Fragment Block;7628;Solar Fragment Block;d123ab6826c8388ce94c860bd3f15421;1;1;;1;;;22;1789692824
1341;Slap Hand;7629;Slap Hand;c521a78ebd5b0c32ba6d3cfcff8e06f1;1;1;;1;;;22;1789692824
1342;Forbidden Treads;7632;Forbidden Treads;eb70e19ae6d239fa0bacaca77f5cdc76;1;1;;1;;;22;1789692824
1343;Stellar Tune;7643;Stellar Tune;180abd80ffb9ddca01584048f35bcb28;1;1;;1;;;22;1789692824
1344;Multicolor Wrench;7634;Multicolor Wrench;c87b97aaae0ef42bd8e2bad52653d7ee;1;1;;1;;;22;1789692824
1346;Spectre Paintbrush;7648;Spectre Paintbrush;8a708e9c75388ffb520df1801b3bae21;1;1;1;1;;;30;1789692825
1347;Spider Lamp;7649;Spider Lamp;438b7f4f2dd56f806823fa68fb5f5f5a;1;1;;1;;;22;1789692825
1348;Living Demon Fire Block;7651;Living Demon Fire Block;d8f0fe8566d3bb561fe5b21bcc97082c;1;1;;1;;;22;1789692825
1349;Snowman Gangsta Banner;7656;Snowman Gangsta Banner;8a6c7646da58375c9b67a77197024812;1;1;;1;;;22;1789692825
1350;Soul of Sight in a Bottle;7663;Soul of Sight in a Bottle;b0413e6a7a7c82e0bfd6451c09b97d93;1;1;;1;;;22;1789692826
1351;White Team Block;7662;White Team Block;cf98be4c4f5699985fc410d960ab421d;1;1;;1;;;22;1789692826
1352;Orange Dye;7667;Orange Dye;25047f83bd436e1f389f06ffdac8caed;1;1;1;1;;;30;1789692826
1353;Man Eater Kite;7670;Man Eater Kite;3b54a94388cca33dea5d59debc69e6f6;1;1;;1;;;22;1789692826
1354;Martian Chest;7671;Martian Chest;ecfc5fe57762bbbe9f12df2630498dfe;1;1;;1;;;22;1789692826
1355;Shadewood Lamp;7674;Shadewood Lamp;0b5cd82a84e598ffb516bc6cae5d7fba;1;1;1;1;;;30;1789692826
1356;1.3.3.2;7689;1.3.3.2;5a0c5c404298e4f6906f8ce325450f79;1;1;;1;;;22;1789692826
1357;Moon Lord Hand;7686;Moon Lord Hand;d692ba874f6c7fe7ca9bde14c3e43998;1;1;;1;;;22;1789692826
1358;Parallax;7691;Parallax;c626285221f3850191ea3ce4b917779c;1;1;;1;;;22;1789692826
1359;1.4.0.5;7682;1.4.0.5;0a291b3929d28f89aaeee9963044e256;1;1;;1;;;22;1789692826
1360;Giant Antlion Swarmer;7694;Giant Antlion Swarmer;cece2c1fb113bed1be2aad13b400d36c;1;1;;1;;;22;1789692826
1361;Wooden Minecart;7698;Wooden Minecart;434c64e5668f324490e0c8491969a01b;1;1;;1;;;22;1789692826
1362;Solar Clock;7696;Solar Clock;47edbb58cba13df86c8ed6f3fa8aaf62;1;1;;1;;;22;1789692827
1363;Nebula Candle;7699;Nebula Candle;ff52af708d89ca4def21e3ddc32ef4c5;1;1;;1;;;22;1789692827
1365;Spider Chandelier;7713;Spider Chandelier;1476f67c03b910a1950ac3cf916af0ad;1;1;;1;;;22;1789692827
1367;1.3.5.2;7717;1.3.5.2;d9170883a296298175c6047696d00810;1;1;;1;;;22;1789692827
1369;Palm Wood Bathtub;7727;Palm Wood Bathtub;45fd4a9858ff745e1a40ee075f45af5a;1;1;;1;;;22;1789692828
1370;Dry Bomb;7719;Dry Bomb;f993746acdf68cc1566a37c9305b9823;1;1;;1;;;22;1789692828
1371;Mushroom Sofa;7722;Mushroom Sofa;bf8aff47cd4e1cf1ff67b8b1a59656e6;1;1;1;1;;;30;1789692828
1372;Ammo Box;7715;Ammo Box;8e54b6b9d3936d608f0f196c7dc7b01e;1;1;1;1;;;30;1789692827
1373;Flesh Lamp;7729;Flesh Lamp;5ad0e9207700b6cca8d95df79cd41ee9;1;1;1;1;;;30;1789692828
1374;Tree (Willow);7735;Tree (Willow);1f6536c018f51d83b8319aa0a125d12f;1;1;;1;;;22;1789692828
1375;YoYo;7734;YoYo;a0b2e3ac2225070d04ffb51591a7c2fc;1;1;;1;;;22;1789692828
1376;Blinkroot Planter Box;7737;Blinkroot Planter Box;a3a70699aa20e81fe42ae269ede902c9;1;1;;1;;;22;1789692828
1377;Confetti Wall;7738;Confetti Wall;0a1b6632550a935239110c00a6547ebc;1;1;1;1;;;30;1789692828
1378;Teal String;7733;Teal String;c22500de74af102a5f2dde9ef763c8fd;1;1;;1;;;22;1789692828
1379;Spectral Armor;7747;Spectral Armor;4b8a2bdf64367648a8a29413f95bb5c7;;;1;;1;;40;1789692828
1380;Liquid Sensor;7750;Liquid Sensor;0ef62f10ab4cb6cbdfb2b594ca70d69b;1;1;;1;;;22;1789692828
1381;Spectral Subligar;7755;Spectral Subligar;2e7ba6d446fc5ba2a7c70aa27c03af32;;;1;;1;;40;1789692828
1383;Music Box (Slime Rain);7757;Music Box (Slime Rain);7002e863ddbbc89447474a7282092840;1;1;;1;;;22;1789692828
1384;Pair of Eyeballs;7758;Pair of Eyeballs;0193b8a1444c93cd868c1abdd7051de3;1;1;;1;;;22;1789692828
1385;Corrupt Tendril Wall;7764;Corrupt Tendril Wall;1f1ab5828da947c651f8344ad825a28f;1;1;;1;;;22;1789692828
1387;Arch Wyvern Banner;7762;Arch Wyvern Banner;04e50afd3732dfd668b6b1f42f999db2;;;1;;;;8;1789692828
1388;Arkhalis's clothes;7765;Arkhalis's clothes;514ef04c473b4d93d935719b02c52af2;1;1;;1;;;22;1789692828
1389;Dragon Breastplate;7767;Dragon Breastplate;6b4f5ad6f1ec5ac44f8ce72abe04bc15;;;1;;1;;40;1789692828
1390;World Globe;7768;World Globe;ec1eb1fdad6fa416d67795610d252433;1;1;;1;;;22;1789692828
1391;Chum Caster;7774;Chum Caster;d90dee588da1fcf573e38b5f3bcb60ef;1;1;;1;;;22;1789692829
1392;Bamboo furniture;7769;Bamboo furniture;9c7725949ba0f0726e9dbf1ca4663344;1;1;;1;;;22;1789692829
1393;Marble Candelabra;7773;Marble Candelabra;84f701d73e803e32e7be276df75586e7;1;1;;1;;;22;1789692829
1394;Pink Sakura tree;7778;Pink Sakura tree;689e90f68a5fd86ad590d8809aa8f666;1;1;;1;;;22;1789692829
1395;Dog License;7775;Dog License;fd43ba8584ed9e73107d1dc9f9e43eb1;1;1;;1;;;22;1789692829
1396;Pink Jellyfish Kite;7782;Pink Jellyfish Kite;ad292db22cd4401737c3cdcf8187f079;1;1;;1;;;22;1789692829
1397;Gold Ring;7786;Gold Ring;15527309fa4771a487c99c13153dfdd0;1;1;;1;;;22;1789692829
1398;Zombie Merman;7788;Zombie Merman;177d02913d7614af85a72c6527c6d71c;1;1;;1;;;22;1789692829
1399;Pink Flower Seeds;7794;Pink Flower Seeds;4f5d8d7d61a08ebd7a070a52c4da7064;1;1;;1;;;22;1789692829
1400;Capes;7790;Capes;d9c1a0e33c3801176c25e8e3bcd71020;1;1;1;1;;;30;1789692829
1401;Gemspark Wall;7796;Gemspark Wall;75901bfccd2fca7d983ceea50490e533;1;1;1;1;;;30;1789692830
1402;The Constant;7797;The Constant;337b127e83509a5b4050a2c4ad755446;1;1;;1;;;22;1789692830
1404;Bat Pet;7811;Bat Pet;d56baa6c88ca6cb7ae7e0edfc1590fdb;;;1;;1;;40;1789692830
1405;Eucalyptus Sap;7821;Eucalyptus Sap;66ca0231760d1b3218c321166ce9b3a9;1;1;;1;;;22;1789692830
1406;Music Box (Ocean Night);7818;Music Box (Ocean Night);e01a7c666d6aea8bc50e6420f34e6bf1;1;1;;1;;;22;1789692830
1407;Cenx's Dress;7822;Cenx's Dress;32c0c2a80afcc891be533685f6338774;1;1;;1;;;22;1789692830
1408;Vicious Powder;7823;Vicious Powder;61af01aaf9fe93d97f035b536eac808c;1;1;;1;;;22;1789692830
1409;Cenx's Breastplate;7825;Cenx's Breastplate;3a902993cc9d4541b64b00a7ddd239a1;1;1;;1;;;22;1789692830
1410;Granite Chair;7827;Granite Chair;044210fe90083c59694f00a26038358f;1;1;;1;;;22;1789692831
1411;Slimer Banner;7828;Slimer Banner;8e459bef0ea684031cf75f06790e3be1;1;1;;1;;;22;1789692831
1412;Party Hair Dye;7829;Party Hair Dye;d3609406694d3ec45e12eef375681ab8;1;1;1;1;;;30;1789692831
1413;Ghostar's set;7830;Ghostar's set;6f3087467f6c744d44a3c80a2c07141e;1;1;;1;;;22;1789692831
1414;Luna boss;7832;Luna boss;8fe866a6d6513b1671bd32107677381b;1;1;;1;;;22;1789692831
1415;GPS;7831;GPS;8c578de37278ada488d763ea86c5cf20;1;1;1;1;;;30;1789692831
1416;Flame Waker Boots;7833;Flame Waker Boots;43c58fac024097f23607525feb6274ab;1;1;;1;;;22;1789692831
1417;Worn Golf Club (Wedge);7836;Worn Golf Club (Wedge);99cb4e4e058e5bccfce99452f1df4a07;1;1;;1;;;22;1789692831
1418;HiTek Sunglasses;7839;HiTek Sunglasses;8221b9acbef1ee9dd2736babb178f2e6;1;1;;1;;;22;1789692831
1420;Martian Chandelier;7850;Martian Chandelier;f7837ee43cf4d1259e78be84a6f88550;1;1;;1;;;22;1789692831
1421;Sandstone Chair;7848;Sandstone Chair;42300eededcc428ff36bb49543eaea79;1;1;;1;;;22;1789692831
1422;Nebula Sofa;7855;Nebula Sofa;a537077fba05b8bb036f2fd095d6616c;1;1;;1;;;22;1789692832
1424;Pine Table;7857;Pine Table;3e4c4994069e71a101b0f05b6e8bc6dc;1;1;1;1;;;30;1789692832
1425;Tainted Ghoul;7859;Tainted Ghoul;68f64c9e94b71271e1f566fcd88ca915;1;1;;1;;;22;1789692832
1426;Mandible Blade;7862;Mandible Blade;9137a1fca44dd8b259eb2277564a19b0;1;1;;1;;;22;1789692832
1427;Fancy Golf Club (Wedge);7865;Fancy Golf Club (Wedge);40c04d08ecc7db64467133469d730bfc;1;1;;1;;;22;1789692832
1428;Marble Lantern;7867;Marble Lantern;16ecde6834841cd44195be34d2b4f5cf;1;1;;1;;;22;1789692832
1429;Rainbow Slime Banner;7868;Rainbow Slime Banner;24c24dfb8c08e6aa4d812f676e4fef66;1;1;;1;;;22;1789692832
1430;Palm Wood Lamp;7870;Palm Wood Lamp;42f3518e4828d1c1b81cdcde025a967d;1;1;1;1;;;30;1789692832
1431;Bernie;7871;Bernie;a7cc8b1fa0f66e8adafcf130eb5ed732;1;1;;1;;;22;1789692832
1432;Twins Relic;7873;Twins Relic;98152edf7c6ffb6123efe7735015d1d4;1;1;;1;;;22;1789692832
1433;Cursor Color;7877;Cursor Color;624361a61d0c47c6f3b8c099aa4e0675;1;1;;1;1;;54;1789692833
1434;Will's set;7880;Will's set;484d7aebce1b7b9a0f712990af619b66;1;1;;1;;;22;1789692833
1435;Vortex Lamp;7884;Vortex Lamp;91d25f4183fc9c7b3acf0f14a01bc62f;1;1;;1;;;22;1789692833
1436;Lesion Sofa;7882;Lesion Sofa;21239d38d327508901b9139528c7fcbf;1;1;;1;;;22;1789692833
1437;Bone Bed;7889;Bone Bed;61fb67b33bbb08562b307affdb45ef48;1;1;;1;;;22;1789692833
1438;Gold Watch;7887;Gold Watch;760cc00f02b67b20d2b395fc5ee56ecd;1;1;1;1;;;30;1789692833
1439;Summoner Emblem;7896;Summoner Emblem;b85b514b924111559dd22b40504e88ba;1;1;;1;;;22;1789692833
1440;Feral Bite;7894;Feral Bite;6e1f913a3533ea19f494cce141ca66bc;1;1;;1;;;22;1789692833
1441;Hallowed Key Mold;7908;Hallowed Key Mold;972a7e43bcdc01cf42b75999162dca7b;;;1;;1;;40;1789692833
1442;Crystal Assassin Shirt;7913;Crystal Assassin Shirt;2b39d1c588d16cf0f394bb715d73c0b7;1;1;;1;;;22;1789692833
1443;Tool Box;7890;Tool Box;2fdc2ccfe336eb61c774e72b1fdb9847;1;1;1;1;;;30;1789692833
1444;Pumpkin Chandelier;7914;Pumpkin Chandelier;2809bef59d1924aaac525ecaf2b5eedf;1;1;;1;;;22;1789692833
1445;Nebula Axe;7917;Nebula Axe;c6bf456eea865f8550b031038943f65c;1;1;;1;;;22;1789692833
1446;Sunplate Clock;7916;Sunplate Clock;54a88a2a22cdd18295d458da39e548c4;1;1;;1;;;22;1789692833
1447;Bone Lee Banner;7923;Bone Lee Banner;b4d4cf14698426091b92990e12b448e8;1;1;;1;;;22;1789692834
1448;Pinky Banner;7927;Pinky Banner;96c13a04b4e34a448a56ec815b89821c;1;1;;1;;;22;1789692834
1449;Music Box (Overworld Day);7929;Music Box (Overworld Day);0933ccabe2baf2b02be18cac5dcd7d99;1;1;1;1;;;30;1789692834
1450;Tutorial;7932;Tutorial;368fe771261fcb18f7988833c9294a20;;1;1;1;1;;60;1789692834
1451;Superhero Mask;7933;Superhero Mask;c307536582d00f99d4ecedbaa5c3fe34;1;1;;1;;;22;1789692834
1452;Maggot Cage;7936;Maggot Cage;baf02f55dd48896db65dea088793c1f4;1;1;;1;;;22;1789692834
1454;Spectre Wings;7940;Spectre Wings;e6ffcc3f282e3a25ea667bfee2b4be95;1;1;;1;;;22;1789692834
1455;Dirt Bomb;7939;Dirt Bomb;96e7936704f8b5c72b59e8cac2c879a4;1;1;;1;;;22;1789692834
1456;Fancy Golf Club (Driver);7941;Fancy Golf Club (Driver);8a552aa94a8d72320061ca4babf17e3f;1;1;;1;;;22;1789692834
1457;Black Dye;7942;Black Dye;240e127125aad21c8d6d05b388a927aa;1;1;1;1;;;30;1789692834
1458;Glowing Mushroom Dye;7953;Glowing Mushroom Dye;d391ae3203ca408ca7b5fba274850e1d;1;1;;1;;;22;1789692835
1459;Kaleidoscope;7952;Kaleidoscope;b2d2b8924a7e52eb56f9b37d19a2819c;1;1;;1;;;22;1789692835
1460;Cenx's Tiara;7961;Cenx's Tiara;6fb92ac8ba7ff4ef798fcfb3b7e986da;1;1;;1;;;22;1789692835
1461;1.3.0.1;7954;1.3.0.1;014b98439dad4903441170e4b14bed3a;1;1;;1;;;22;1789692835
1462;Will's Helmet;7963;Will's Helmet;994eea309b4f7bbbb292ca166030f039;1;1;;1;;;22;1789692835
1463;Tax Collector's Pants;7962;Tax Collector's Pants;f487912587cbb96c1e39c956e5402be6;1;1;;1;;;22;1789692835
1464;Fancy Golf Club (Putter);7969;Fancy Golf Club (Putter);89e18646dde08124f832d549dc8c65c2;1;1;;1;;;22;1789692835
1465;Dynasty furniture;7964;Dynasty furniture;7a36386f37f3b8af43b9056efc3e7a78;1;1;1;1;;;30;1789692835
1466;Luminite Axes;7970;Luminite Axes;c6087e2d9968c2ab700ab3ecb5886570;1;1;;1;;;22;1789692836
1467;Ninja armour;7972;Ninja armour;e89219825990890091dc7136f8224200;1;1;;1;;;22;1789692836
1468;Sparkle Slime;7973;Sparkle Slime;b6e37530d3f5e31e795dd88dccbee99d;1;1;;1;;;22;1789692836
1469;Country Club set;7976;Country Club set;67c2445eae236d92b5832de64cde5c22;1;1;;1;;;22;1789692837
1470;Character styles;7977;Character styles;d94a1ca9a73d34760cffac1537cde10f;1;1;;1;;;22;1789692837
1471;Bunny Ears;7979;Bunny Ears;44f0f94bb2d808df7672be220b62dc04;1;1;;1;;;22;1789692837
1472;Sapphire Gemspark Wall;7984;Sapphire Gemspark Wall;0d384d60dadd907834741514a2eaff88;1;1;1;1;;;30;1789692837
1474;Lesion Door;7989;Lesion Door;ed67c95bada7facca9420d8d1be94c48;1;1;;1;;;22;1789692838
1475;Red Cape;7990;Red Cape;63d8a9c7e6790705d374a0e5ef583765;1;1;1;1;;;30;1789692838
1476;Gem Saplings;7993;Gem Saplings;bfae9d3fba0f72cb03c93c31b3da7240;1;1;;1;;;22;1789692838
1477;Floret Protector Helmet;8002;Floret Protector Helmet;d0fbf6f4ffc5b76a41e5069ee38f5d88;1;1;;1;;;22;1789692838
1478;Moonlord;8007;Moonlord;2d18e31dac1c23a5cf3c78e79f8c82fe;1;1;;1;;;22;1789692838
1479;Team Blocks;8016;Team Blocks;4ebcfccb9482c28f5fab30b3539f4d00;1;1;;1;;;22;1789692838
1480;Star Topper 2;8009;Star Topper 2;9e5c1562857f4817dcea6e5b01672e68;1;1;1;1;;;30;1789692838
1481;Ice Machine;8018;Ice Machine;9f5cd1d4dd4bbabfcb1c765d4a98b42b;1;1;1;1;;;30;1789692838
1482;Yellow String;8019;Yellow String;27c93d53b00f4f1b2f658aed1a7a11bb;1;1;;1;;;22;1789692838
1483;Lilypad;8021;Lilypad;2bd9b12cdd5dc8202ecb137e49deeaad;1;1;;1;;;22;1789692838
1484;Starfish;8024;Starfish;61687df86d7b1e21cea8973cf1ee4897;1;1;1;1;;;30;1789692839
1485;Deep Pink Paint;8028;Deep Pink Paint;877400ff6fc4b951768ce8aa2a4f0474;1;1;1;1;;;30;1789692839
1486;Green Lights;8029;Green Lights;f032b9b2900f04a4fb89319fd596fa5c;1;1;1;1;;;30;1789692839
1487;Granite Lantern;8026;Granite Lantern;69a70b149adf07282c3fc26ddfdee8a0;1;1;;1;;;22;1789692839
1488;Arkhalis;8030;Arkhalis;c2583244fd9bd6106daa27ad21bc919d;1;1;;1;;;22;1789692839
1489;Video;8032;Video;34e2d1989a1dbf75cd631596133ee5ee;1;1;;1;1;;54;1789692839
1491;Garland;8037;Garland;8d128c081d3db57a6b3e839b002d40ed;1;1;;1;;;22;1789692839
1492;Superhero Costume;8038;Superhero Costume;95061aa05075be5b3355f650a1a81752;1;1;;1;;;22;1789692839
1493;Spider Door;8049;Spider Door;ae3d673437e7105d768757b44cc757b8;1;1;;1;;;22;1789692839
1494;Oktoberfest costumes;8050;Oktoberfest costumes;122f38fe6b180ec53d45a570756dbda7;;;;;1;;32;1789692839
1495;Engineering Hat;8040;Engineering Hat;6a3b2f2a09dbe3b0b9d7f85699960aa5;1;1;;1;;;22;1789692840
1496;General;8052;General;0db377921f4ce762c62526131097968f;1;1;;1;1;;54;1789692840
1497;Stardust Plate;8053;Stardust Plate;5db0fe280d6a547ec1bacb623b0c4b0d;1;1;;1;;;22;1789692840
1498;Crystal Thresher;8054;Crystal Thresher;b3398b3d73bd1d049f92917dc0bb271e;1;1;;1;;;22;1789692840
1499;Dr. Man Fly set;8057;Dr. Man Fly set;96c3ec0cf15644ad924cb5b687f4bde2;1;1;;1;;;22;1789692840
1500;Paper Airplanes;8059;Paper Airplanes;62cc0a648e92cb95f0f76517af1a54d2;1;1;;1;;;22;1789692840
1501;Huntress armor;8062;Huntress armor;e2cecbd94e4464d70b683035fb0e5a76;1;1;;1;;;22;1789692840
1502;Dr. Man Fly;8058;Dr. Man Fly;d92e5a92d5d7ded6cabfabc06c1c9cb7;1;1;;1;;;22;1789692840
1503;Ghost Manifestation;8065;Ghost Manifestation;74393e27d47c360d3c0df050c049b99b;1;1;;1;;;22;1789692840
1504;Sandfall Block;8071;Sandfall Block;80edf1175cc3821dcf15d05868470c01;1;1;;1;;;22;1789692840
1505;Pink Dungeon Toilet;8068;Pink Dungeon Toilet;10d734441a23160ce3a07422609e8b3b;1;1;;1;;;22;1789692840
1506;Wall Creeper Statue;8072;Wall Creeper Statue;be6e34a720e318b1b3b3e84c768b49bc;1;1;;1;;;22;1789692840
1507;Country Club Vest;8074;Country Club Vest;ff364cf16af0d017452ead25b125ae8e;1;1;;1;;;22;1789692840
1509;Martian Officer Banner;8079;Martian Officer Banner;ec8c8e818936e58a06650aeb96991a57;1;1;;1;;;22;1789692841
1510;Bamboo Sink;8078;Bamboo Sink;69bd5595ac2100b0f5ae2e2e00fc83b8;1;1;;1;;;22;1789692841
1511;Corrupt Slime Banner;8085;Corrupt Slime Banner;d6eb1d726e011b6df5cd5d019ac9783c;1;1;;1;;;22;1789692841
1512;Shadewood Toilet;8086;Shadewood Toilet;49cdac890fe64e5da39e18f492410184;1;1;;1;;;22;1789692841
1513;Nebula Dye;8089;Nebula Dye;e7a5cc21c71838b8a69d440ea67b155d;1;1;;1;;;22;1789692841
1514;Bronze Golf Trophy;8094;Bronze Golf Trophy;b468fb0ecf389c92a841c11f6a78047e;1;1;;1;;;22;1789692841
1515;Any Jungle Bug;8082;Any Jungle Bug;4e92cddd0eebf1ae5a8d04ac21122959;1;1;;1;;;22;1789692841
1516;Fruit Juice;8095;Fruit Juice;52b458e778cbc214fd9bb97fb97bb099;1;1;;1;;;22;1789692841
1517;Leinfors' Luxury Shampoo;8097;Leinfors' Luxury Shampoo;37ee054ed4c6821bae66b2c8e14913ce;1;1;;1;;;22;1789692841
1518;Toy Golem (buff);8098;Toy Golem (buff);f2408ef5e7b1277b7fc725892ebd6bea;1;1;;1;;;22;1789692841
1519;Hardened Sand;8107;Hardened Sand;924421bbe374807c10879e98eb001a1e;1;1;;1;;;22;1789692842
1520;Blood Eel Head;8104;Blood Eel Head;e8f4e252475a823cf0f021d6effff880;1;1;;1;;;22;1789692842
1521;UFO;8111;UFO;97687874fe21f0d2cd8fa47d35f22cdc;1;1;;1;;;22;1789692842
1522;Star Princess set;8115;Star Princess set;24966c7b541e56264331c86db5e0c132;1;1;;1;;;22;1789692842
1523;Krampus Horn Wallpaper;8117;Krampus Horn Wallpaper;e72cc83574ef6fa7652756b190bc9f6b;1;1;1;1;;;30;1789692842
1524;Strings;8122;Strings;89be9433646f5939040a78971a5d103a;1;1;;1;;;22;1789692842
1525;Fairy jars;8120;Fairy jars;0ab9b12ba1201cfb4069c20207c0b9fc;1;1;;1;;;22;1789692842
1526;Ice Tortoise Banner;8118;Ice Tortoise Banner;18d9ca0aa0171821d1965507eeed5662;1;1;;1;;;22;1789692842
1527;Guide to Plant Fiber Cordage;8114;Guide to Plant Fiber Cordage;5ac30e867e614187e49be2d0c1263ce8;1;1;;1;;;22;1789692842
1528;Leinfors' Excessive Style;8124;Leinfors' Excessive Style;6afb40e9bf8b6f1caa53a75b77be09fc;1;1;;1;;;22;1789692842
1529;Palm Wood;8126;Palm Wood;3ce7d8d7a7a2cd5d8cf81490250a008c;1;1;1;1;;;30;1789692842
1530;Xenon Moss;8127;Xenon Moss;e7ffe5398da5ed99e08d0d5cdd882099;1;1;;1;;;22;1789692842
1531;Ice Slime Banner;8130;Ice Slime Banner;00a9f9497392ac093d5d968008b4e979;1;1;;1;;;22;1789692842
1532;Reflective Dye;8133;Reflective Dye;376e6c839595d002c3e00b255366b41f;1;1;;1;;;22;1789692843
1533;Quad-Barrel Shotgun;8135;Quad-Barrel Shotgun;0050547da0e4e532b136427c10442b87;1;1;;1;;;22;1789692843
1534;Azure Crate;8138;Azure Crate;b68ca1a40c3fb05f4c29ab27557cb1aa;1;1;;1;;;22;1789692843
1535;Dynasty Bathtub;8139;Dynasty Bathtub;de9e36d5e00c15a1b0a71f442ef42c8c;1;1;;1;;;22;1789692843
1536;Ogre Trophy;8140;Ogre Trophy;7264a0eec09595dcfedfcd5b5dbfb792;1;1;;1;;;22;1789692843
1537;Horned God Robe;8141;Horned God Robe;9f1d06ae4aa0a03e6da51f30ef9191b9;;;1;;;;8;1789692843
1538;Chicken Nugget;8147;Chicken Nugget;435f542666c9571fedf74678bed3e84f;1;1;;1;;;22;1789692844
1539;Quality;8143;Quality;571094bb27864b600d8e6b561a137a55;1;1;;1;1;;54;1789692844
1540;Purple Pin Flag;8153;Purple Pin Flag;720b95c1968791961686ed8eba24403c;1;1;;1;;;22;1789692844
1541;Golden Delight;8152;Golden Delight;2a193586f4bf064addaa500300c2a095;1;1;;1;;;22;1789692844
1542;Flesh Sofa;8154;Flesh Sofa;9cf814dcd93b00e2585180e44a34002b;1;1;1;1;;;30;1789692844
1543;Pink Dungeon Lamp;8156;Pink Dungeon Lamp;2e923414be9251ef78f20276d02c91dd;1;1;1;1;;;30;1789692844
1544;Skyware Sink;8157;Skyware Sink;a740ade84dd2540632079bd1eec687ab;1;1;;1;;;22;1789692845
1545;Lunar Cultist Hood;8164;Lunar Cultist Hood;4bde98b377af79a9cd0f7effdf6fed2b;1;1;;1;;;22;1789692845
1546;Cute Fishron Mount;8169;Cute Fishron Mount;aca11dde7cbad34b4890f835aa8253c6;1;1;;1;;;22;1789692845
1547;Builder;8166;Builder;2bd4a59bb5a32ded63b98eea556ca87a;1;1;1;1;;;30;1789692845
1548;Fairy Princess;8176;Fairy Princess;16a63deeb5c58b5f4fd4ec75399afd5c;1;1;;1;;;22;1789692845
1549;Bee Breastplate;8179;Bee Breastplate;b547b12155f857481874855325e46c56;1;1;1;1;;;30;1789692845
1550;Peddler's Hat;8181;Peddler's Hat;8efabbf7b4f1c45d5ef84d588a033733;1;1;1;1;;;30;1789692845
1551;Orange Dragonfly Jar;8189;Orange Dragonfly Jar;ed83a9bc46c0e58e77440255064ce044;1;1;;1;;;22;1789692845
1552;Tomb Crawler (Head);8185;Tomb Crawler (Head);60cf865ef9815562339095874ee9c916;1;1;;1;;;22;1789692845
1553;Cultist;8191;Cultist;09590f61ab49b0987142f3ae8d506e24;1;1;;1;;;22;1789692845
1554;Music Box (Boss 5);8198;Music Box (Boss 5);ef996936879bc89c3f117517eeb01729;1;1;1;1;;;30;1789692845
1555;Tree Globe;8195;Tree Globe;e8b806badb5aa129a0ff39134e17434d;1;1;;1;;;22;1789692846
1556;Pickup Text Off;8201;Pickup Text Off;76935f53408a51dcdd9a627f031d1c15;1;1;;1;1;;54;1789692846
1557;Logic Gate Lamps;8202;Logic Gate Lamps;3b2ee51ce0b802066446f00bf8d4579b;1;1;;1;;;22;1789692846
1558;Evolution Beast;8203;Evolution Beast;e3a37987f2624cd09b118776e2ed91fb;1;1;;1;;;22;1789692846
1559;Red and Yellow Kite;8205;Red and Yellow Kite;f80630d69e82b193240591848d76e288;1;1;;1;;;22;1789692846
1560;Silver Dye;8207;Silver Dye;db74095d9271ad31fa541525ace87f7f;1;1;1;1;;;30;1789692846
1561;Christmas Tree Wallpaper;8211;Christmas Tree Wallpaper;58f04ed51246f9e17056ba57991c6124;1;1;1;1;;;30;1789692846
1562;Tally Counter;8220;Tally Counter;46d46796192107a60ffc9da770ae9d74;1;1;;1;;;22;1789692847
1563;Stopwatch;8222;Stopwatch;0d7ebe75b3680c2ba731575873386a9e;1;1;;1;;;22;1789692847
1564;Treasure Bag (The Destroyer);8226;Treasure Bag (The Destroyer);981a8d990aebd6eb697b030c543ff269;1;1;;1;;;22;1789692847
1567;Wedding Dress;8235;Wedding Dress;fc7a4186f98bf55b10b72f59eb0b3913;1;1;;1;;;22;1789692848
1568;Pink Snow Hood;8237;Pink Snow Hood;ae47825a9dfb5adf6c42c9e8a6c790b0;1;1;;1;;;22;1789692848
1569;Ocean cave;8253;Ocean cave;81f99629a8aa2435959573299fd4becd;1;1;;1;;;22;1789692849
1570;Moon Lord's Head;8254;Moon Lord's Head;c8c172a8d17178c3128148924d31e9a4;1;1;;1;;;22;1789692849
1571;Pizza;8256;Pizza;c6586b2e09d0ed0ee6431a1bb280657f;1;1;;1;;;22;1789692849
1572;Music Box (Ocean Day);8257;Music Box (Ocean Day);1808fe72173ef59c18c9669a0177bc18;1;1;1;1;;;30;1789692849
1573;Shroom Minecart;8259;Shroom Minecart;0017988f2a80740b2b73be0522ad7650;1;1;;1;;;22;1789692849
1574;Bone Campfire;8264;Bone Campfire;39bbfe0565432bf3ecd159c014e81038;1;1;;1;;;22;1789692850
1576;Plum;8269;Plum;93df2c41a9abe4a797371f5c761adbfe;1;1;;1;;;22;1789692850
1577;Lime Dye;8267;Lime Dye;9bc5e9245f054567218636b5327c4c89;1;1;1;1;;;30;1789692850
1578;Blue Dragonfly Jar;8272;Blue Dragonfly Jar;46c7e7b356f6fd486b9e18dc6fba1119;1;1;;1;;;22;1789692850
1579;Martian Piano;8275;Martian Piano;67ba0049e2f47f4c840c6839bd9a17e1;1;1;;1;;;22;1789692850
1580;Crimson Mimic;8273;Crimson Mimic;f508b85a823ce9e908c6a51c377800b7;1;1;;1;;;22;1789692851
1581;Vortex Door;8276;Vortex Door;75ee25ef149a4d7f91b385b9a51c959e;1;1;;1;;;22;1789692851
1582;Blacksmith Rack;8279;Blacksmith Rack;c96b57cfb09e617aa552724e5827d24a;1;1;1;1;;;30;1789692851
1583;Glommer's Flower;8280;Glommer's Flower;b628f1f551a6690f8663bdf95e321dfc;1;1;;1;;;22;1789692851
1584;Nailhead Banner;8282;Nailhead Banner;afb1f61c47e3ad440bcb396c226bbe36;1;1;;1;;;22;1789692851
1585;Frozen Lantern;8283;Frozen Lantern;e5a091719475524145d3f9374d8790d0;1;1;1;1;;;30;1789692851
1586;Marble Candle;8284;Marble Candle;6097333180c3d65f4d2a33d852d38d74;1;1;;1;;;22;1789692851
1587;Psycho Knife;8289;Psycho Knife;924cb8f9dfc7f74769f39a89d183722f;1;1;;1;;;22;1789692851
1588;Bright Teal Dye;8291;Bright Teal Dye;9c487b05cf2777af5122874b219939f9;1;1;1;1;;;30;1789692851
1589;Trapped Locked Frozen Chest;8295;Trapped Locked Frozen Chest;b8d3eb765594f128421753f89387f431;1;1;;1;;;22;1789692851
1590;Logic Gates;8297;Logic Gates;0a6b71b3a0a8d13e4f33bfe5a1fc52d0;1;1;;1;;;22;1789692851
1591;Obsidian Lantern;8301;Obsidian Lantern;e68486d390b8a173e2ba8c7c65d811fd;1;1;;1;;;22;1789692851
1592;Solar Pickaxe;8304;Solar Pickaxe;06515b433be9583a9417bcb50f39b9f2;1;1;;1;;;22;1789692852
1593;0x33's Aviators;8305;0x33's Aviators;bde843106699c7cdd39c7c0b67d60f6d;1;1;;1;;;22;1789692852
1594;Vanity Tree;8306;Vanity Tree;c78b5c2d1df6f0946f5228ac25940e6c;1;1;;1;;;22;1789692852
1595;Celled;8310;Celled;532ccc9f5385786787f06aa974c89050;1;1;;1;;;22;1789692852
1596;Black Studded Saddle;8308;Black Studded Saddle;7bd592331215d4b6945b3da0e2e7b706;1;1;;1;;;22;1789692852
1597;Flesh Sink;8313;Flesh Sink;f8ce00c3aed135abf0478c9ae234a8b2;1;1;;1;;;22;1789692852
1598;Obsidian Outlaw Hat;8318;Obsidian Outlaw Hat;99a3257aff3efa93ecb39cd4e67a0905;1;1;;1;;;22;1789692852
1599;Skyware Lantern;8333;Skyware Lantern;ef7c63adaaa1b1c14d5a65ddbad4836d;1;1;;1;;;22;1789692852
1600;Betsy Mask;8335;Betsy Mask;c3e0d43448447d8234bc09986a8ae3c3;1;1;;1;;;22;1789692852
1601;Living Wood Lamp;8336;Living Wood Lamp;428bacd52cfe3b76247272760826fb4e;1;1;1;1;;;30;1789692852
1602;Boreal Wood Lantern;8339;Boreal Wood Lantern;b623afc4a7449f3a283c97a969556bd5;1;1;1;1;;;30;1789692853
1603;Glass Bed;8332;Glass Bed;c1184413fce3051caaaf23832549b975;1;1;;1;;;22;1789692852
1604;Solar Table;8319;Solar Table;4dec14b07476be3f22de3d571dff8cae;1;1;;1;;;22;1789692853
1605;Ice Queen (buff);8343;Ice Queen (buff);0203491b47b29c0146e313d44f97bb2d;1;1;;1;;;22;1789692853
1607;Meteorite Dresser;8338;Meteorite Dresser;36a9afcce2a669b2fae951133f80d5cb;1;1;;1;;;22;1789692853
1608;Butcher;8352;Butcher;83882de81950799bb1e033c7feffe2a5;1;1;;1;;;22;1789692853
1609;Yellow Kite;8345;Yellow Kite;d5961539ad5d5bb29e3aebad0d626674;1;1;;1;;;22;1789692853
1610;Palm tree;8351;Palm tree;e6178f4af4fcd1afff01b603c1990a0d;1;1;1;1;;;30;1789692853
1611;Lihzahrd Candle;8366;Lihzahrd Candle;3c70640b4e4e163418338b7948f044c4;1;1;1;1;;;30;1789692853
1612;Living Wood Dresser;8357;Living Wood Dresser;e48bc725d8fa4e84922c171581d89e60;1;1;;1;;;22;1789692853
1613;Solar Dresser;8361;Solar Dresser;2df59fee33a5e47f0174e1dd43b8d8b3;1;1;;1;;;22;1789692853
1614;Palm Wood Hammer;8374;Palm Wood Hammer;20c1e8a904f574bfec716c0e91d3b690;1;1;1;1;;;30;1789692853
1615;Acid Dye;8376;Acid Dye;81d2e33cc23a88672e4ed3074498d0f0;1;1;;1;;;22;1789692853
1616;Turkey Pet;8383;Turkey Pet;ae3f65263d9fa6365fde4dcf83363cbb;;;;;1;;32;1789692853
1617;Violet and Silver Dye;8378;Violet and Silver Dye;0af88a92f8d5f0a8d2f485653987749f;1;1;1;1;;;30;1789692853
1618;Skeleton Sniper Banner;8385;Skeleton Sniper Banner;4841013d13d958742e196f6a6d463f48;1;1;;1;;;22;1789692853
1619;Lava Trap;8393;Lava Trap;7f618e4ffff7581da328f28d6ed5fcd4;1;1;;1;;;22;1789692853
1620;Tragic Umbrella;8404;Tragic Umbrella;db1e9a1c68d731d701b9a7cdd67ba261;1;1;;1;;;22;1789692853
1621;Empress of Light Mask;8400;Empress of Light Mask;3406bd5b67dd90b85a4f0210f02e114b;1;1;;1;;;22;1789692853
1622;Spooky Clock;8422;Spooky Clock;891c134b4f5cd337c34ec9d382ee9513;1;1;1;1;;;30;1789692853
1624;Sugar Glider;8423;Sugar Glider;a16536019686d6bceb53051b4fc578b4;1;1;;1;;;22;1789692854
1625;Otherworldly Music Box (Underground Hallow);8416;Otherworldly Music Box (Underground Hallow);4052d64447c869f73232ed770ea8f217;1;1;;1;;;22;1789692854
1626;Vortex Pickaxe;8413;Vortex Pickaxe;109012ad667f26c416f0575d1d92da67;1;1;;1;;;22;1789692854
1628;Spooky Sink;8430;Spooky Sink;b8fea1f7fffa2da83d05a8f442c8ce40;1;1;;1;;;22;1789692854
1629;Silly Balloon Machine;8429;Silly Balloon Machine;9fdcdfca34c67602ccb1bb78b552b865;1;1;;1;;;22;1789692854
1630;Nebula Lantern;8431;Nebula Lantern;c9aa4d3059f934f471b8bca403ceaffa;1;1;;1;;;22;1789692854
1631;Alpine Hat;8438;Alpine Hat;95b0415e40ab88018476e6ca33de4476;;;;;1;;32;1789692854
1632;Fox Tail;8444;Fox Tail;a117c270758472064456164ac19ba2b2;1;1;;1;;;22;1789692854
1633;Eskimo Pants;8445;Eskimo Pants;8175686279da107f74a7ae4d2c680516;;;1;;1;;40;1789692854
1634;Luminite Arrow;8449;Luminite Arrow;2d1345ed1382013ca6530ab462f577aa;1;1;;1;;;22;1789692854
1635;Fez;8441;Fez;9cd81bc40b0b095de9d29cbaffeb6ee3;1;1;1;1;;;30;1789692854
1636;Glass Toilet;8437;Glass Toilet;206a344395a338ce2bbfd5e5feb63742;1;1;;1;;;22;1789692854
1637;Cog Wall;8456;Cog Wall;d203ddce9f59942c0e42cdc86f5af125;1;1;;1;;;22;1789692854
1638;Hanging Herb;8442;Hanging Herb;f28e2f4f3ca4c777419398da6643e67d;1;1;;1;;;22;1789692854
1639;Elf Archer Banner;8459;Elf Archer Banner;ac2bc6bdd880798d9e30042afb0b0e32;1;1;;1;1;;54;1789692854
1640;Pigron Mount;8457;Pigron Mount;5d2ee2969091d30080bda5f799d6754d;1;1;1;1;;;30;1789692854
1641;Crawltipede;8463;Crawltipede;a34c9686c95cc54e06eed4b1158d0240;1;1;;1;;;22;1789692854
1642;Vortex Chair;8452;Vortex Chair;d7b0b632f239ae6ffd1815b7a2e0f51a;1;1;;1;;;22;1789692854
1643;Yellow Dye;8466;Yellow Dye;782341984ea76b350a9b7fa2d3d99f2c;1;1;1;1;;;30;1789692854
1644;Vortex furniture;8465;Vortex furniture;674628897f055ea2e86df6426990e2e1;1;1;;1;;;22;1789692854
1645;Martian Officer;8476;Martian Officer;8ab91881aac9c23e2863e3c2aeaacbc5;1;1;;1;;;22;1789692855
1647;Pirate (buff);8480;Pirate (buff);ab0dad5ed5f1f0977bf8000e8a92b5a3;1;1;1;1;;;30;1789692855
1648;Royal Dress;8484;Royal Dress;bb69f5362189fca07625d3a5dddf2b2c;1;1;;1;;;22;1789692855
1649;Scutlix Mount (buff);8474;Scutlix Mount (buff);df6d7426fc7aa37b89bad7f3f6e09126;1;1;;1;;;22;1789692855
1651;Goldfish Kite;8493;Goldfish Kite;087e3adcd7a9576ba8d34597a472758a;1;1;;1;;;22;1789692855
1652;Brown Golf Ball;8488;Brown Golf Ball;ab9c2bcdcf8d1a19ca5850914333d6bb;1;1;;1;;;22;1789692855
1653;Music Box (Lunar Boss);8494;Music Box (Lunar Boss);cdc9b63e158f29524bb290d670f48358;1;1;;1;;;22;1789692855
1654;Cold Snap;8497;Cold Snap;65da1d3ba9d7f28ef0336f2a02c777c8;1;1;;1;;;22;1789692855
1655;Yellow Golf Ball;8485;Yellow Golf Ball;ac177584100f724ce301576132e2821e;1;1;;1;;;22;1789692855
1656;Red Ryder;8506;Red Ryder;af65edb6fc7a7a3332dff805e2ebea09;1;1;1;1;;;30;1789692855
1657;Obsidian Candelabra;8503;Obsidian Candelabra;bb94ed21b5768853892a0f179f1b1d40;1;1;1;1;;;30;1789692855
1658;Fore!;8518;Fore!;51f579ef5b14040ee1d264c7083af441;1;1;;1;;;22;1789692855
1659;Gladiator armour;8507;Gladiator armour;a4d7bcdc70521bc37c6442d5335098bf;1;1;;1;;;22;1789692855
1660;Dev armor;8508;Dev armor;5d4391d54fbe34c096644a090187c41c;1;1;;1;;;22;1789692855
1661;Worm Scarf;8521;Worm Scarf;7d3dfaf11c63138e3283609e1be96d70;1;1;;1;;;22;1789692855
1662;Deep Cyan Paint;8524;Deep Cyan Paint;4a1579c2bd472a7e9fb83bd5ff267f65;1;1;1;1;;;30;1789692855
1663;Pet Bunny;8525;Pet Bunny;18e8610349a2bb1ecb10b26e3ddd852b;1;;;1;;;18;1789692856
1664;Camera Mode;8527;Camera Mode;4423a05c747aaba065477f8d4f49797d;1;;;;;;2;1789692855
1665;Loki's Wings;8528;Loki's Wings;7af8464432eff8a5a99db69962b931cb;1;1;;1;;;22;1789692856
1666;Lesion Piano;8529;Lesion Piano;c0d00e33ea4746bf6519c5d452ba5141;1;1;;1;;;22;1789692856
1667;Martian Table;8533;Martian Table;7d3e44e6135ca05ef2894e7d5eba73ca;1;1;;1;;;22;1789692856
1668;Living Cursed Fire Block;8538;Living Cursed Fire Block;96f2ea5dc7c5f27b467f953318e715d4;1;1;;1;;;22;1789692856
1669;Bright Lime Dye;8536;Bright Lime Dye;5b866f097a0cabb70bbbf60f26beba1e;1;1;1;1;;;30;1789692856
1670;Pet Worm;8537;Pet Worm;ddd61925b5c95c1cad1d7659ae4aedcd;;;;;1;;32;1789692856
1671;Reindeer Antlers;8541;Reindeer Antlers;2116347fe0c713fbc4c3be94599f443d;1;1;1;1;;;30;1789692856
1672;Everscream Sapling (pet);8544;Everscream Sapling (pet);b77f8f2f021b3516753d445a105275d5;1;1;;1;;;22;1789692856
1673;Arch Wyvern Legs;8546;Arch Wyvern Legs;b1ac7d66009d37b58d43bac7517a717e;;;1;;1;;40;1789692856
1674;Dungeon key molds;8547;Dungeon key molds;db07f2a35db75c7b93c973d7821acb4a;;;1;;1;;40;1789692856
1675;Spear Rack;8548;Spear Rack;c7944f182b6cbb1c261add8bd4341072;1;1;1;1;;;30;1789692856
1676;Bunny set;8549;Bunny set;b4a5d595772d8fa6d1039e792c225e13;1;1;;1;;;22;1789692857
1677;Stars Wallpaper;8554;Stars Wallpaper;d45bbf5029befb99a85c24a02f763ae1;1;1;1;1;;;30;1789692857
1678;Paintball Gun;8555;Paintball Gun;c851e53e259eb23b5e769f2609aa83a1;1;1;;1;;;22;1789692857
1680;Mosaic;8567;Mosaic;2252d763a2a4ac815b122a0176e3468f;1;1;;1;;;22;1789692857
1681;Monster Lasagna;8572;Monster Lasagna;5d6c66a3f580197d419e465c8b0b591e;1;1;;1;;;22;1789692857
1682;Cake;8573;Cake;41a7f93915f95cbcf39daac94bad9602;1;1;;1;;;22;1789692857
1683;Intense Rainbow Dye;8575;Intense Rainbow Dye;74f6de54d83cfe611cecbb96d9a7c3f0;1;1;1;1;;;30;1789692858
1684;Relic Base;8570;Relic Base;c0075e9edadb34468a0d4b1d1d558e06;1;1;;1;;;22;1789692858
1685;Lightning Carrot;8577;Lightning Carrot;f3553123a09f2f9567f28736dd4fc64f;1;1;;1;;;22;1789692858
1686;Dungeon Lock Box;8578;Dungeon Lock Box;37968b15a4741ffb5ab6000b9504ea90;1;1;;1;;;22;1789692858
1687;Violet Dye;8582;Violet Dye;cff72a1021ce1290d7d2429d37d20e36;1;1;1;1;;;30;1789692858
1688;Small Star Cell;8587;Small Star Cell;08994a8115218a5aad536deb4c62fc2c;1;1;;1;;;22;1789692858
1689;Reflective Silver Dye;8588;Reflective Silver Dye;da3086cad644d953917924ebb735bcb5;1;1;;1;;;22;1789692858
1690;Red and Green Lights;8579;Red and Green Lights;0a23971d45a4db3655a0aabaf1c2c56d;1;1;1;1;;;30;1789692858
1691;Combat Wrench;8591;Combat Wrench;0344ebf54c277601a8d42a0c8524f453;1;1;;1;;;22;1789692858
1692;Bone Lantern;8595;Bone Lantern;d00923087e45deccff9c38e638c5f843;1;1;;1;;;22;1789692858
1693;Arch Demon Banner;8592;Arch Demon Banner;514664bce459310c6e53d479f6570788;;;1;;;;8;1789692858
1694;Logic Gate (XOR);8596;Logic Gate (XOR);ec036be79eceacbc6b71132be4478c57;1;1;;1;;;22;1789692858
1697;Jungle Turtle;8612;Jungle Turtle;ae48bb7bde24dfd169bac3466b2859f9;1;1;;1;;;22;1789692859
1698;Skiphs's Blood Dye;8614;Skiphs's Blood Dye;bbb0a9f7aa95e2b2ce123aa349380b0f;1;1;;1;;;22;1789692859
1699;Deerclops;8619;Deerclops;72653e0fbedd8f995a1c6e95da1f9254;1;1;;1;;;22;1789692859
1700;Deadly Sphere Staff;8616;Deadly Sphere Staff;8282464e38f77c18715abc6f0c097b45;1;1;;1;;;22;1789692859
1701;Dynasty Wood Platform;8623;Dynasty Wood Platform;c8a23259b5c0f80bb28772a23af4642e;1;1;;1;;;22;1789692859
1702;Floating Lake;8624;Floating Lake;12fd745eb14ec13d9d253746d3101611;1;1;;1;;;22;1789692859
1703;Balloon Animal;8625;Balloon Animal;96efb35fbb0dd892f5400bbe4faa1139;1;1;;1;;;22;1789692859
1704;Vine Rope Coil;8628;Vine Rope Coil;3168292f105ccb62dbb110593cdd70fe;1;1;;1;;;22;1789692859
1705;Pigron Statue;8629;Pigron Statue;156084a6bdb286f9451d5ca4307fc774;1;1;;1;;;22;1789692859
1706;Lamp;8633;Lamp;5331717d33d4e634fd3c5ec209f475d2;1;1;1;1;;;30;1789692859
1708;Marble Bathtub;8648;Marble Bathtub;5f41939a42fc350dde62268d67c1bb29;1;1;;1;;;22;1789692860
1709;Potted Crystal Teardrop;8651;Potted Crystal Teardrop;e201a78cdbb48e2b3f7d3bf80e1b7671;1;1;;1;;;22;1789692860
1710;Music Box (Alt Title);8652;Music Box (Alt Title);1a093e651983c952934be1bb8d5c65db;1;1;;1;;;22;1789692860
1711;Town Dog;8653;Town Dog;8d12e5f768b7f3dedaf53cb11224b867;1;1;;1;;;22;1789692860
1712;Texture Pack;8654;Texture Pack;7684910d519ee6be72720aaa830cbfa1;1;;;;;;2;1789692860
1713;Etherian Javelin Thrower Banner;8656;Etherian Javelin Thrower Banner;f95ea018e7f99de853ae3df78f63933b;1;1;;1;;;22;1789692860
1714;Rainbow Dye;8659;Rainbow Dye;19f884cd4946c0007cfa53710f828698;1;1;1;1;;;30;1789692861
1715;Treasure Bag (The Twins);8662;Treasure Bag (The Twins);1b03f3f84bc22aa204e71287adb59e2f;1;1;;1;;;22;1789692861
1716;Pink Snow Coat;8666;Pink Snow Coat;7e89772c08daa765dd87f889053255c2;1;1;;1;;;22;1789692861
1717;Glass Lamp;8670;Glass Lamp;7de25d4d86baaaf1caa67068fd7c2682;1;1;1;1;;;30;1789692861
1718;1.3.4.2;8671;1.3.4.2;0a521045df37cfd182cdaa60547b7e7b;1;1;;1;;;22;1789692861
1719;Crimson Crust Wall;8672;Crimson Crust Wall;e2b0afda628dc3af1bc2e91428684880;1;1;;1;;;22;1789692861
1720;Piña Colada;8674;Piña Colada;26b9540eb90c1dafc305cf8e9c4a0d62;1;1;;1;;;22;1789692861
1721;Lazure's Barrier Platform;8679;Lazure's Barrier Platform;52f856ef0bc13be591f998046723a512;1;1;;1;;;22;1789692861
1722;Rich Mahogany Toilet;8681;Rich Mahogany Toilet;37615d39c15466cbc7f7155412d1e09a;1;1;;1;;;22;1789692861
1723;Palm Wood Toilet;8694;Palm Wood Toilet;7e38fb507484b41581d3756fc50fa17e;1;1;;1;;;22;1789692861
1724;Sand Trap;8695;Sand Trap;c026525777bee286fe837f1278af1b8d;1;1;;1;;;22;1789692861
1725;Potted Ember Tendrils;8697;Potted Ember Tendrils;dc854ed8b9a67f495fe3654880638645;1;1;;1;;;22;1789692862
1726;Lunatic Cultist Mask;8703;Lunatic Cultist Mask;ec65ebb8f98fa69d27059518d89e8fd6;1;1;;1;;;22;1789692862
1727;Sugar Rush;8701;Sugar Rush;bdd267221c19d86df7b25477137bcc8f;1;1;;1;;;22;1789692862
1728;Pirate Ship Mount;8704;Pirate Ship Mount;34a920da5997821f5cf08674b1f68b53;1;1;;1;;;22;1789692862
1729;The Dutchman;8710;The Dutchman;602b3ad3b4f20f191926cd868b01d039;1;1;;1;;;22;1789692862
1730;Molten Quiver;8706;Molten Quiver;4c6180bb7d58adfe52c877b0d5fe53bc;1;1;;1;;;22;1789692862
1731;SDMG;8708;SDMG;ecdb5bdd5747038e1a8cb141cd7c3a22;1;1;;1;;;22;1789692862
1732;Ocean Pylon;8716;Ocean Pylon;b9d61d3f18bb9e61266c98c39fb9ed97;1;1;;1;;;22;1789692862
1733;Big Shelly;8714;Big Shelly;b9edb256e95442af5b140bc8120cc442;1;1;;1;;;22;1789692862
1734;Hornet (buff);8719;Hornet (buff);9e708cd4e3bcef773730a1de57ba0610;1;1;1;1;;;30;1789692862
1735;Glass Sofa;8717;Glass Sofa;f6ef819912001ed482c6aebd3a254e39;1;1;1;1;;;30;1789692862
1736;Marble Chest;8720;Marble Chest;d637337abcec5bd900c00fa9d3035b58;1;1;;1;;;22;1789692862
1737;Gold Butterfly Jar;8736;Gold Butterfly Jar;5f5e8146d5f0b87056961612716698e2;1;1;;1;;;22;1789692863
1738;Old One's Army;8725;Old One's Army;6c9527da6b4b3a9e313f2159e0256c37;1;1;;1;;;22;1789692863
1739;Wallpapers;8731;Wallpapers;79f097fbddab1cecee344e5b874b8988;1;1;1;1;;;30;1789692863
1740;Rich Mahogany Sofa;8729;Rich Mahogany Sofa;a95417e17e597dfe9b3fb17191c97d68;1;1;1;1;;;30;1789692863
1741;Snowfellas;8724;Snowfellas;193307de1e649dd5f7cdc845149add95;1;1;;1;;;22;1789692863
1742;Emerald Stone Block;8745;Emerald Stone Block;38ba6959c187462c8562ca8cae0ed72a;1;1;;1;;;22;1789692863
1743;Beehive;8746;Beehive;1755406997226130329afcb6d381dd71;1;1;;1;;;22;1789692863
1744;Violet Husk;8744;Violet Husk;7c638efb3387fc4f34ca81cca23ce1ef;1;1;1;1;;;30;1789692863
1745;Expert;8747;Expert;0b84df4e0b66e9d55b22eefb55ca928f;1;1;;1;;;22;1789692863
1746;White Tuxedo set;8752;White Tuxedo set;4cc40f09422c22832559aaf3b4604155;1;1;;1;;;22;1789692863
1747;Jungle Walls (natural);8748;Jungle Walls (natural);05efead082fa6e71e45db4be329de69d;1;1;;1;;;22;1789692863
1748;Shaking;8756;Shaking;0c6e7f456e75429fa494a288fcc5da75;1;1;;1;;;22;1789692863
1749;Gentleman's Vest;8755;Gentleman's Vest;92636a691d9576203c81f9af9e237a00;1;1;;1;;;22;1789692863
1750;Green Dungeon Bathtub;8762;Green Dungeon Bathtub;c382066eda40a8083dff9f3bc5212a8b;1;1;;1;;;22;1789692864
1751;Flower Seeds;8770;Flower Seeds;0d2b1707d9ed9da6f1d9d51bdcd86189;1;1;;1;;;22;1789692864
1752;Lichen Stone Wall;8765;Lichen Stone Wall;90bbf462791b3f06f5c46fb5bdc016c9;1;1;;1;;;22;1789692864
1753;The Season;8775;The Season;29b721023b5411724680153ad96ecbe5;1;1;;1;;;22;1789692864
1754;Desert Key;8764;Desert Key;21c9939c0531fdadef54985821a8f2c7;1;1;;1;;;22;1789692864
1755;Dye Vat;8774;Dye Vat;aff4a7ec5f0b1bbc9e992c28ae9bb763;1;1;1;1;;;30;1789692864
1756;Titles;8780;Titles;8612579044efe457f11398b5a2377226;1;;;;;;2;1789692864
1757;Buccaneer Bandana;8779;Buccaneer Bandana;b382736043bdd82614081e6845e8631e;1;1;;1;;;22;1789692864
1758;Pork of the Sea;8788;Pork of the Sea;7ca99aa4a83f817208dedfdffd749fc0;1;1;;1;;;22;1789692864
1759;Gold Goldfish Walker;8789;Gold Goldfish Walker;48353afb0ef2c713525de8f6af5d2128;1;1;;1;;;22;1789692865
1760;Emerald Squirrel;8776;Emerald Squirrel;ddeed9f026a70755a609991c50bf79f2;1;1;;1;;;22;1789692865
1761;Solar Flare Drill;8790;Solar Flare Drill;2752432dfaaec7451fdab9d1e6d78eda;1;1;;1;;;22;1789692865
1762;Lihzard Furnace;8791;Lihzard Furnace;0fa937095bd7f9d38ba87996b6ea8ea6;1;1;1;1;;;30;1789692865
1763;Speed Hair Dye;8792;Speed Hair Dye;8d0843630fba99b0d5e500e100845324;1;1;1;1;;;30;1789692865
1764;Basilisk Mount;8797;Basilisk Mount;90fc1de2daf329da1e69a202575989af;1;1;;1;;;22;1789692865
1765;Shadowflame Hex Doll;8802;Shadowflame Hex Doll;754e58ac55181d12928047bd9428ee91;1;1;;1;;;22;1789692865
1766;Prismatic Punch;8798;Prismatic Punch;5ce3e2f28d79eca95e049d35d52e76bf;1;1;;1;;;22;1789692865
1767;Living Fire Block;8803;Living Fire Block;63ae5d81e9777bfd48304129821e3308;1;1;1;1;;;30;1789692865
1768;Hallowed Campfire;8804;Hallowed Campfire;d8775af1decc7d206c003142cb211282;1;1;;1;;;22;1789692865
1771;Vicious Goldfish Banner;8811;Vicious Goldfish Banner;83296f1b3477097fa6c8e6df473ae8ed;1;1;;1;;;22;1789692865
1772;Blue and Green Lights;8815;Blue and Green Lights;9c2af50c9047ee1cc476a0595d5a2a3e;1;1;1;1;;;30;1789692866
1773;Sand Elemental;8822;Sand Elemental;974aa7150971bad0eb4bce3de0eba3a7;1;1;;1;;;22;1789692866
1774;Lavaproof Bug Net;8816;Lavaproof Bug Net;610c2f060e5c0e233814b01a6d72e1ac;1;1;;1;;;22;1789692866
1775;Plaguebringer's Cloak;8832;Plaguebringer's Cloak;97b78654046e4a22422fb55802ffc3cd;1;1;;1;;;22;1789692866
1776;Music Box (Rain);8831;Music Box (Rain);074f598792fb33d989578ba35777915e;1;1;1;1;;;30;1789692866
1777;Shadewood Sofa;8835;Shadewood Sofa;acad9743b60d0056d8de962e76da6620;1;1;1;1;;;30;1789692866
1778;Green Dungeon Piano;8836;Green Dungeon Piano;24e614a4f75d78a16fd9f58fa44eb08a;1;1;1;1;;;30;1789692866
1780;Music Box (Old One's Army);8838;Music Box (Old One's Army);3ba50fed763568cf93c4a013e82a75ca;1;1;;1;;;22;1789692866
1781;Extendo Grip;8841;Extendo Grip;d229e5d64cb821bb9b2936ccad4cf7be;1;1;1;1;;;30;1789692866
1782;Autosave Off;8856;Autosave Off;e581435b525a76f7d7eb3b7401ff21db;1;1;;1;1;;54;1789692867
1783;Ogre's Club;8846;Ogre's Club;714011f454cb47aa66280da04ee411ac;1;1;;1;;;22;1789692867
1784;Ox33's Aviators;8847;Ox33's Aviators;e469d9bff555a2d99a0ce98346331737;1;1;;1;;;22;1789692867
1785;UFO Mount (buff);8857;UFO Mount (buff);e50ca8a52462e84daa3a64071acdcbde;1;1;;1;;;22;1789692867
1786;Palm Wood Door;8860;Palm Wood Door;9f338697b99245e46aab32b876d776f8;1;1;;1;;;22;1789692867
1787;Hell Armored Bones Banner;8861;Hell Armored Bones Banner;35101afc0d9e6fbb94b06c7ac2ff30e3;1;1;;1;1;;54;1789692867
1788;Nebula Clock;8862;Nebula Clock;7913a007e6db95e0d696b7e9b77543e2;1;1;;1;;;22;1789692867
1789;Lesion Bookcase;8864;Lesion Bookcase;ea90ad93da5b5f5ef42a3204946f18e2;1;1;;1;;;22;1789692867
1790;Eyeforaneye;8863;Eyeforaneye;5703ca439461dd854fa71a935732d282;1;1;;1;;;22;1789692867
1791;Yellow Slime Banner;8873;Yellow Slime Banner;9ef184400de742f483170c39be7ab990;1;1;;1;;;22;1789692867
1792;Pearlwood Sofa;8876;Pearlwood Sofa;0d3c1485a4b0c9deb85112c50d022fb2;1;1;1;1;;;30;1789692867
1793;Potted Hallow Palm;8878;Potted Hallow Palm;2a31c5f71e3de360c919ae526f04af84;1;1;;1;;;22;1789692867
1794;Diamond Squirrel;8886;Diamond Squirrel;658eb81e476b64e2bd0ad19fcedbb9a6;1;1;;1;;;22;1789692867
1795;Sandstone furniture;8891;Sandstone furniture;7c4098aeecc8b6f09467948f561018e5;1;1;;1;;;22;1789692867
1796;Sandstone Toilet;8885;Sandstone Toilet;4624311fce4409721857d3c7a200247a;1;1;;1;;;22;1789692867
1797;Empress of Light;8892;Empress of Light;e5113a224c71a97aa5c136fd2fcadf1b;1;1;;1;;;22;1789692867
1798;List of reflectible projectiles;8902;List of reflectible projectiles;abbe20146514e42559b7ebb6d5cd0e2d;1;1;;1;;;22;1789692868
1799;Bomb Fish;8907;Bomb Fish;ee4f77ad4d5fb34e7901e712e94bb142;1;1;;1;;;22;1789692868
1800;Crimson Seeds;8888;Crimson Seeds;6a2b1347e54184b110d6e95b4379d600;1;1;1;1;;;30;1789692867
1801;Raincoat;8905;Raincoat;ca0d149c8ba91aad5b8109783ec5818a;1;1;;1;;;22;1789692868
1802;The Rolling Greens;8904;The Rolling Greens;849f85285bdddcbe56743a8188e43880;1;1;;1;;;22;1789692868
1803;Apricot;8908;Apricot;f055923cf23e41b26df5fe1b28c40d1c;1;1;;1;;;22;1789692868
1804;Bubble;8909;Bubble;b6230dfc594205d0ea15d5890ac22d7f;1;1;;1;;;22;1789692868
1805;Silly Tied Balloon (Pink);8911;Silly Tied Balloon (Pink);22ed1b854b11c3343fcd00930755e104;1;1;;1;;;22;1789692868
1806;Red and White Garland;8913;Red and White Garland;b1289057cc7f64dc8f21a43785e55554;1;1;1;1;;;30;1789692868
1807;Builder Potion;8898;Builder Potion;8702b3d20fe13f039935246daeb76cba;1;1;1;1;;;30;1789692867
1808;Lesion Toilet;8917;Lesion Toilet;a292c0100aa3196414f932c49ecbc3f8;1;1;;1;;;22;1789692868
1809;Oasis (item);8924;Oasis (item);3338e1c20cca248cf0b6587751a72fcd;1;1;;1;;;22;1789692868
1810;White Cultist Fighter Banner;8922;White Cultist Fighter Banner;8b33dcca04deb64e4545389aa205fd5a;1;1;;1;;;22;1789692868
1811;Obsidian armour;8925;Obsidian armour;5fb99a4296476814a0d005d4d6de082b;1;1;;1;;;22;1789692868
1812;Jungle Turtle Cage;8926;Jungle Turtle Cage;96d2b7256c284eb94f52e307a6d3aa53;1;1;;1;;;22;1789692869
1813;Hallowed Hood;8933;Hallowed Hood;9cd01c8b65a99a4347c7023a4ca657c4;1;1;;1;;;22;1789692869
1814;Wedding set;8928;Wedding set;5f1304e8eef382b12a38eb67a7e390c0;1;1;;1;;;22;1789692869
1815;Toro's Legs;8936;Toro's Legs;a2cf633b10386886fb2f4e14aef4d251;;;;;;1;1;1789692869
1816;Nebula Table;8943;Nebula Table;74975ee326eca967c2c3494c7348e970;1;1;;1;;;22;1789692869
1817;Waterfall Block;8953;Waterfall Block;86a465580ceac16d4219dd8452aa4f79;1;1;1;1;;;30;1789692869
1818;Martian Probe;8949;Martian Probe;85c5e36c5f1b94ff54c96a5045eb875a;1;1;;1;;;22;1789692869
1819;Martian Sink;8954;Martian Sink;439c6060ad872196ff151ff89af221dd;1;1;;1;;;22;1789692869
1820;Ebonsandstone Wall;8956;Ebonsandstone Wall;a870aa0a18eb88181ef77384fe694887;1;1;;1;;;22;1789692869
1821;Fedora;8962;Fedora;f12528995e5edd96b95dd904444dea04;1;1;;1;;;22;1789692869
1822;Salamander;8964;Salamander;5617d73c694ad8f8004009e0f6b2e3d6;1;1;;1;;;22;1789692870
1823;Forbidden Sign;8965;Forbidden Sign;f0799b6190dd53bf501c7780169733c2;1;1;;1;;;22;1789692870
1824;Skeleton Commando Banner;8976;Skeleton Commando Banner;3811dd4b12d890c9426e90276c652e3c;1;1;;1;1;;54;1789692870
1825;Crowno's armor;8981;Crowno's armor;1a27ecc3e3cd792eded39b25cf37d336;1;1;;1;;;22;1789692870
1826;Seaweeds;8986;Seaweeds;8f94d96f3eb1ec248c67efc35db1e4ee;1;1;;1;;;22;1789692870
1827;Cyan and Silver Dye;8995;Cyan and Silver Dye;d0bac6c3cebcdd9ac8a24f72759e04b2;1;1;1;1;;;30;1789692870
1828;Living Wood Sink;9000;Living Wood Sink;3be2e9943f0fa477228f52533dc0736a;1;1;;1;;;22;1789692870
1829;Ham Bat;9004;Ham Bat;4324cebaa3387afa33bf2640f051eaa2;1;1;;1;;;22;1789692871
1831;Lava Serpent Bowl;9005;Lava Serpent Bowl;4f3ed1512df74361edf716efe5ae5e96;1;1;;1;;;22;1789692871
1832;Leafy Jungle Wall;8982;Leafy Jungle Wall;76a47a85f217a8aa556435d6f6f2467d;1;1;;1;;;22;1789692870
1833;Living Ultrabright Fire Block;9010;Living Ultrabright Fire Block;623b2a330dba08e3148f4a3153d616a7;1;1;;1;;;22;1789692871
1834;Cultist costume;9015;Cultist costume;3983bb9fc0ae0b949516fa6da5a601c7;1;1;;1;;;22;1789692871
1835;Lunatic Devote;9036;Lunatic Devote;82f76b48e3f2be5187ceddd30a9490a7;1;1;;1;;;22;1789692871
1836;Kobold Glider Banner;9021;Kobold Glider Banner;64d5eab02fdbcaf8f79190b756b93c91;1;1;;1;;;22;1789692871
1837;Logic Gate (NAND);9041;Logic Gate (NAND);ff67ff062c1fec6122d767c8298da12f;1;1;;1;;;22;1789692871
1838;Evolution Beast Banner;9038;Evolution Beast Banner;277015e2b627b005077d22f7af614163;1;1;;1;;;22;1789692871
1839;Beetle Wings;9043;Beetle Wings;8d1532ad19178ace2497624bbc6b40b2;1;1;;1;;;22;1789692872
1840;Birdie Rattle;9045;Birdie Rattle;52dd970baabde1344d3e24125cab3d78;1;1;;1;;;22;1789692872
1841;1.3.1.1;9049;1.3.1.1;463e7de855ee93c854a380b4969fd8b1;1;1;;1;;;22;1789692872
1842;Mushroom Lamp;9047;Mushroom Lamp;d4d80bed1fd415236866a0d3d1945db6;1;1;1;1;;;30;1789692872
1843;Music Box (Martian Madness);9051;Music Box (Martian Madness);1a032541f2df4cf0b29126566a034b15;1;1;;1;;;22;1789692872
1844;Jungle Slime Banner;9054;Jungle Slime Banner;195d1d06118ebd243b42590b7dd98a40;1;1;;1;;;22;1789692872
1846;OR Gate;9059;OR Gate;5e099b996a52f7423db0315d536c4540;1;1;;1;;;22;1789692872
1847;Pretty Pink Dress;9061;Pretty Pink Dress;423338024fb509bd365d1d99b7f88c2b;1;1;;1;;;22;1789692872
1848;Smooth Marble Wall;9065;Smooth Marble Wall;ef36b55f35e0822b2320e1540363fd6e;1;1;;1;;;22;1789692872
1849;Tackle Bag;9063;Tackle Bag;960323c51e6ca4c94e19936b1b1479eb;1;1;;1;;;22;1789692873
1850;Chippy's Couch;9066;Chippy's Couch;5d29d4c391237d2f5bd71a65663bad70;1;1;;1;;;22;1789692873
1851;Deer Thing;9067;Deer Thing;36d1085e0cf8b57a1d450c7505c16fbc;1;1;;1;;;22;1789692873
1853;Green Horseshoe Balloon;9073;Green Horseshoe Balloon;1f2e39269ad3d3324bdbecc067d91d87;1;1;;1;;;22;1789692873
1854;Crowno's Wings;9074;Crowno's Wings;e21b9c6996a361c2ba2310ac11349aac;1;1;;1;;;22;1789692873
1855;Nebula Work Bench;9077;Nebula Work Bench;07b65d8effb25d8bc4f655fc57d9e7c1;1;1;;1;;;22;1789692873
1856;Multicolored Lights;9084;Multicolored Lights;68dff1b74c1cf8519a74184049761846;1;1;1;1;;;30;1789692873
1857;Spider Bookcase;9083;Spider Bookcase;24ad1c234e5fedfef6d0cdd4b4a1c0ba;1;1;;1;;;22;1789692873
1858;Redigit's clothes;9085;Redigit's clothes;bd3c9ba6b3de23b8fd235b664ee0b4db;1;1;;1;;;22;1789692873
1859;Pink Dungeon Candelabra;9089;Pink Dungeon Candelabra;15ac86861f66807b0078cc1c53a1f726;1;1;1;1;;;30;1789692873
1860;Yellow Willow;9096;Yellow Willow;85c31574f4f3e82e344ef76c51dfcee9;1;1;;1;;;22;1789692874
1861;Saucer Cannon;9098;Saucer Cannon;4bc10459dbae55c8a9f8a96b366a2634;1;1;;1;;;22;1789692874
1862;Lihzahrd Candelabra;9106;Lihzahrd Candelabra;b91928fa927d41c94de6f325840647ac;1;1;1;1;;;30;1789692874
1863;Lights;9093;Lights;e1f238e1860b16d1139607d92f612098;1;1;1;1;;;30;1789692874
1864;Tome of Infinite Wisdom;9107;Tome of Infinite Wisdom;d012308062237a8440509f105de23045;1;1;;1;;;22;1789692874
1865;Golden Lantern;9110;Golden Lantern;1a341b23b3ace13087116c0af8aa966d;1;1;1;1;;;30;1789692874
1866;Orca Banner;9112;Orca Banner;a27a06f5c06c9b7069e85d1484d8c2fa;1;1;1;1;;;30;1789692874
1867;Tree Trunks;9111;Tree Trunks;b5cfe57f6bf9a15476951b9528ff75a9;1;1;1;1;;;30;1789692874
1868;Armed Swamp Zombie;9113;Armed Swamp Zombie;80662c3a5cd08dffae6489a9511f13e1;1;1;;1;;;22;1789692874
1869;Mushroom Pylon;9114;Mushroom Pylon;bc582a7b014399a41392478f0bc31d70;1;1;;1;;;22;1789692874
1871;Victorian Goth Hat;9116;Victorian Goth Hat;5ec8b45bc0f0824ce0e71a39a1126b86;1;1;;1;;;22;1789692874
1872;Fuzzy Carrot;9120;Fuzzy Carrot;0b9035fc05c0b1b5e95fd140e8d0d89a;1;1;1;1;;;30;1789692874
1873;Gem tree;9119;Gem tree;0398d0d64ba578da520b1db7c3606092;1;1;;1;;;22;1789692874
1874;Medusa Head;9121;Medusa Head;1ea1cecd4aab376218c45b579e5e3c99;1;1;;1;;;22;1789692874
1875;Nail Gun;9122;Nail Gun;a927ea3df5b2f8d32c867504dc8450ed;1;1;;1;;;22;1789692875
1876;Living Mahogany;9123;Living Mahogany;9f885832f382a88b93d62894020b52c2;1;1;;1;;;22;1789692875
1878;Green Fairy Jar;9125;Green Fairy Jar;7307a5fb1aea88e1d3077722603d1030;1;1;;1;;;22;1789692875
1879;Moon Lord Head;9127;Moon Lord Head;b4eb8a31d308ef81eb4edc8d456d27e1;1;1;;1;;;22;1789692875
1880;Lunar Cultist Clothes;9131;Lunar Cultist Clothes;854b7cd3b06e939655d6b9c8ee9db161;1;1;;1;;;22;1789692875
1881;Crowno's set;9135;Crowno's set;6604a940d908917289d6907819ed3d56;1;1;;1;;;22;1789692875
1882;Red Slime Banner;9139;Red Slime Banner;2e88c8d9dbf934bcac69f36edb60edf1;1;1;;1;;;22;1789692875
1883;Exotic Scimitar;9140;Exotic Scimitar;25397fb4dc97141049266f0184f3aae9;1;1;;1;;;22;1789692875
1884;Windy Day;9137;Windy Day;e0a1fb155672ccec822a1142176aa8c2;1;1;;1;;;22;1789692876
1886;Spooky Chest;9145;Spooky Chest;78d119d5ab716c8a0738d73e989873bd;1;1;1;1;;;30;1789692876
1887;1.3.3;9147;1.3.3;5b28ee398da148313e912a0c08d76ba4;1;1;;1;;;22;1789692876
1888;Green Team Platform;9149;Green Team Platform;d834383d9c1838ca9ccf630fc5cc869b;1;1;;1;;;22;1789692877
1889;Minecart (Mechanical) (buff);9151;Minecart (Mechanical) (buff);c151d1b9259848e29d27027ece92912c;1;1;;1;;;22;1789692877
1890;Stone Accent Slab;9164;Stone Accent Slab;256dfdaeff04a201531857ee6bba286c;1;1;;1;;;22;1789692877
1891;Vortex Chandelier;9167;Vortex Chandelier;4387f1d1d0d92b045a7b3e3d97c815e7;1;1;;1;;;22;1789692877
1892;Golf Cart (buff);9168;Golf Cart (buff);3c14c6f921ce5ad9519519f3b51af621;1;1;;1;;;22;1789692878
1893;Dye;9180;Dye;2765242ce212b33cd934c1b24f12cc39;1;1;1;1;;;30;1789692878
1894;Starfall;9181;Starfall;ab516ba32eb6df35a80c5df1896ed085;1;1;;1;;;22;1789692878
1895;Stardust Sink;9188;Stardust Sink;afbc2da889b83c50f5667c062c1802ab;1;1;;1;;;22;1789692878
1896;Golden Clock;9191;Golden Clock;88f040b748bffb25406f5ae084931629;1;1;1;1;;;30;1789692878
1897;Bone Platform;9185;Bone Platform;82b4f7532044c7f8e9bd133e9dec3d70;1;1;;1;;;22;1789692878
1898;Mysterious Portal;9174;Mysterious Portal;64e0181317d74a5d882ca3970d725217;1;1;;1;;;22;1789692878
1899;Stunned;9192;Stunned;eb8ab7d98634514cc61c2b0a0c8d93a2;;;;;1;;32;1789692878
1900;Golem Relic;9190;Golem Relic;abbccc876f815d0a7cd944f2c3148575;1;1;;1;;;22;1789692878
1901;Pink Horseshoe Balloon;9194;Pink Horseshoe Balloon;971e5cc8ea9c297a52baed46e611d297;1;1;;1;;;22;1789692878
1902;Granite;9198;Granite;7562201f32b70cc000ea79f053e45cf0;1;1;;1;;;22;1789692878
1903;XOR Gate;9195;XOR Gate;a6b6719ebc84ff55e61f64f9049cd002;1;1;;1;;;22;1789692878
1905;Sleepy Octopod;9202;Sleepy Octopod;c1cff27694f7d93f8ea9026c5d869c71;1;1;;1;;;22;1789692878
1906;Solar Bed;9201;Solar Bed;8122490f6d9447fca0a899e15daec462;1;1;;1;;;22;1789692878
1907;Music Box (Jungle);9203;Music Box (Jungle);90a015eb513d42cffa51a68072ddbd94;1;1;1;1;;;30;1789692878
1908;Potted Fire Brambles;9206;Potted Fire Brambles;65f34ae6a15ca227236a8f9a84fe09e4;1;1;;1;;;22;1789692879
1909;Pirate Corsair Banner;9209;Pirate Corsair Banner;3cdc615197b834b43adaf8a70d9ee46c;1;1;;1;1;;54;1789692879
1910;Drill Containment Unit;9207;Drill Containment Unit;8331e890ec0cbcf3d0cb23e6fbe97a06;1;1;;1;;;22;1789692879
1911;Solar Flare;9215;Solar Flare;86860faba770bfd77663f04eb2fbb4ab;1;1;;1;;;22;1789692879
1912;Autopause;9212;Autopause;67f8f3a905b2e7c5aac1d4b02b132e51;1;1;;1;1;;54;1789692879
1913;Arch Wyvern Head;9219;Arch Wyvern Head;fdd19f908811312dad0c353b05719e72;;;1;;1;;40;1789692879
1914;Hardened Crimsand Wall;9216;Hardened Crimsand Wall;4a963c56de3e36f908b327332964e221;1;1;;1;;;22;1789692879
1915;Skiphs' Paws;9227;Skiphs' Paws;05ddc4538c99cd0baaddc0b2ef3ff964;1;1;;1;;;22;1789692879
1916;Squire's Greaves;9230;Squire's Greaves;e6cddf5ac91ca4c2ad21c04723f52f04;1;1;;1;;;22;1789692879
1917;Luminite;9221;Luminite;ab62fa0e5f19b0fab47bb6d65ebf970e;1;1;;1;;;22;1789692879
1918;Defender's Forge;9225;Defender's Forge;152ab96fef28ac8e822a05b0d7677edb;1;1;;1;;;22;1789692879
1919;Martian Hover Chair;9233;Martian Hover Chair;fd0f2a28d34e54e6c1d03fdafec3eaa2;1;1;;1;;;22;1789692879
1922;Gelatin Crystal;9235;Gelatin Crystal;313c24870866148142067b73de322891;1;1;;1;;;22;1789692880
1923;Golden Gravestone;9245;Golden Gravestone;f3040a097ecf82a4514925160391cedc;1;1;;1;;;22;1789692880
1924;Moss Hornet Banner;9246;Moss Hornet Banner;b860a897d47fc581d937c75afc08cf1b;1;1;;1;;;22;1789692880
1926;Boreal Wood armor;9255;Boreal Wood armor;02c75ca49a4804626ab28fde504b2ee0;1;1;1;1;;;30;1789692880
1927;Eater of Worlds Relic;9250;Eater of Worlds Relic;ef58445396b1655cec8a9c2325911840;1;1;;1;;;22;1789692880
1928;Lavafall Block;9251;Lavafall Block;6244e5829eca111d8e63565f2ebe99be;1;1;1;1;;;30;1789692880
1929;Sapphire Tree;9260;Sapphire Tree;0cf5932c73d57b581a28849b7cd36802;1;1;;1;;;22;1789692880
1930;Solar Pillar;9262;Solar Pillar;41ea5280fada432a02cf6b2ca43e5e8d;1;1;;1;;;22;1789692880
1931;Etherian Goblin Banner;9263;Etherian Goblin Banner;a516995909621a7b014f58718b921518;1;1;;1;;;22;1789692880
1932;Solar Sofa;9265;Solar Sofa;1d28bf1bf0d1f14f43f982760bac9c6c;1;1;;1;;;22;1789692881
1933;Magma Skull;9266;Magma Skull;1f69ac13f18be399ef83c1938e87abb5;1;1;;1;;;22;1789692881
1934;Red's Leggings;9267;Red's Leggings;80a7416ff6c6ea674e1eb460b5093638;1;1;;1;;;22;1789692881
1936;Influx Waver;9271;Influx Waver;803779b67d585e7467a157b38505ffdb;1;1;;1;;;22;1789692881
1937;Plenty Satisfied;9273;Plenty Satisfied;c0f33642cbc28779caf472d055d1a265;1;1;;1;;;22;1789692881
1938;Grape Juice;9277;Grape Juice;babb646129d24bea7a7c5e4bf86d0a37;1;1;;1;;;22;1789692881
1939;Boreal Wood Chest;9276;Boreal Wood Chest;ce14fe4b377970e76629f7dc657f226c;1;1;1;1;;;30;1789692881
1940;Smooth Granite Block;9280;Smooth Granite Block;59e4c17214645b06bf6dce78d6a8fb23;1;1;;1;;;22;1789692881
1941;Trapped Locked Crimson Chest;9283;Trapped Locked Crimson Chest;4c78647ddec22d47907444f5e1c5c79a;1;1;;1;;;22;1789692881
1942;Dark Mage Trophy;9287;Dark Mage Trophy;69fd2588bd099cedb409578ff76d5db5;1;1;;1;;;22;1789692882
1943;Garden Gnome;9289;Garden Gnome;e3e9f1059c5a51e8abb7e24240ca6c48;1;1;;1;;;22;1789692882
1944;Hardened Pearlsand Block;9292;Hardened Pearlsand Block;41980a2e94abf095a35082e921bc8b6c;1;1;;1;;;22;1789692882
1946;Spooky Chandelier;9295;Spooky Chandelier;c3deb9df39a2186fba40f4553b460dd7;1;1;1;1;;;30;1789692882
1947;Red Husk;9284;Red Husk;2a72555a778cbbde1b18edee81ef5b31;1;1;1;1;;;30;1789692881
1948;Suspicious Grinning Eye;9297;Suspicious Grinning Eye;c2cf3b4295d57871c15c70647fc64cbc;1;1;;1;;;22;1789692882
1949;Dynasty Wall;9301;Dynasty Wall;a20d2a5348e37c17cb715133db59eb23;1;1;1;1;;;30;1789692882
1950;Lava Absorbant Sponge;9290;Lava Absorbant Sponge;2fc5efe8fc5fa05adcc528dfb7f68a79;1;1;;1;;;22;1789692882
1951;Meteorite Sofa;9302;Meteorite Sofa;c1704d6308feb2009067c89774445414;1;1;;1;;;22;1789692882
1952;Spider Candelabra;9303;Spider Candelabra;55926f91be286af7c0f5a3d59763c72b;1;1;;1;;;22;1789692882
1953;Pin Wheel;9304;Pin Wheel;c77b7f841f249d3400e10ba327056b33;1;1;;1;;;22;1789692882
1954;Gold Seahorse Cage;9307;Gold Seahorse Cage;b6170a579e1fbe170d15568acead83a3;1;1;;1;;;22;1789692882
1955;Red String;9308;Red String;aa95026b25bd709ee886b7063a9816cc;1;1;;1;;;22;1789692883
1956;Music Box (Temple);9312;Music Box (Temple);9791718dfca0b2ef97efeb91a8dfd79c;1;1;1;1;;;30;1789692883
1957;Granite Block;9310;Granite Block;1d4ba9099beaf18438bcb84257128123;1;1;;1;;;22;1789692883
1958;Pumpkin Lantern;9313;Pumpkin Lantern;81fa3687c0803c6e98db77a361d3544b;1;1;;1;;;22;1789692883
1959;Ghouls;9315;Ghouls;c647c63065fd577e46cbbfc9269d906e;1;1;;1;;;22;1789692883
1960;Pulse Bow;9309;Pulse Bow;1780fc326de88b5b55351c38b94efa3d;1;1;1;1;;;30;1789692883
1962;Jack 'O Lantern (light pet);9324;Jack 'O Lantern (light pet);c8f216ce2316df1bb6dc0a7825a643e9;1;1;;1;;;22;1789692883
1963;Power Menu;9327;Power Menu;f47535305b0423a544c0b353e2b831fe;1;1;;1;;;22;1789692884
1964;Hallowed Mimic;9333;Hallowed Mimic;24fcef4dc330099544c5c64e4d04c4f7;1;1;;1;;;22;1789692884
1965;Green Flame Dye;9330;Green Flame Dye;20a0b5c540cf67f2a41fed2e3bfa2bde;1;1;1;1;;;30;1789692884
1966;Royal Blouse;9335;Royal Blouse;482a4b37bf96b6515dca1ed0aa6377e4;1;1;;1;;;22;1789692884
1967;Spore Bat Banner;9340;Spore Bat Banner;ee8954e20d6e2fd089d7fdfb6941c7d5;1;1;;1;;;22;1789692884
1968;Flesh Clock;9341;Flesh Clock;78818f707b2d022309f6e196cda84a07;1;1;1;1;;;30;1789692884
1970;Nebula Hammer;9344;Nebula Hammer;437ef242be8806120a7b56c79638eacd;1;1;;1;;;22;1789692884
1971;Ogre Relic;9353;Ogre Relic;be577b8f70075ab9481ad7ccfe76de2b;1;1;;1;;;22;1789692884
1972;Rain armor;9338;Rain armor;071074282d5a7a7fbd6f13404095a902;1;1;;1;;;22;1789692884
1973;Phantasm Dragon Head;9345;Phantasm Dragon Head;b9383236d2e7578e4d18db01104f5abd;1;1;;1;;;22;1789692884
1974;Dynasty Toilet;9356;Dynasty Toilet;2688f93c765c294eadf24ba585b89461;1;1;;1;;;22;1789692885
1976;Meteorite Table;9359;Meteorite Table;04cd97b0ad1608513dac5111031644fc;1;1;;1;;;22;1789692885
1977;Flesh Cloning Vaat;9358;Flesh Cloning Vaat;699467b9f513bf279a5162a62e3750df;1;1;1;1;;;30;1789692885
1978;Ancient Chisel;9365;Ancient Chisel;75ac4228b55a07a9c95f7a25f5538299;1;1;;1;;;22;1789692885
1979;Shark Bait;9369;Shark Bait;a8813fa0de9f7eb263861b86f2ad158a;1;1;;1;;;22;1789692885
1981;Fancy Golf Club (Iron);9363;Fancy Golf Club (Iron);5ba3971f76018632ff4e4faad2649e8f;1;1;;1;;;22;1789692885
1983;Scaly Truffle;9377;Scaly Truffle;ec40fdd241ab65790bbdc8f753d7b2e9;1;1;1;1;;;30;1789692885
1984;Hanging Brazier;9378;Hanging Brazier;962bb4272a621255e69a20ce75511f9c;1;1;;1;;;22;1789692885
1985;Lava Moss;9383;Lava Moss;7ec58a9b8f8808a7607b4ea1b7218e6c;1;1;;1;;;22;1789692886
1986;Config.json;9386;Config.json;5dc3e0fe4954d4494b0ac8a77b61f705;1;;;1;;;18;1789692886
1987;Marble Dresser;9389;Marble Dresser;d4845ad70c0c1acaf2fb175f71dbc574;1;1;;1;;;22;1789692886
1988;Bone Bookcase;9394;Bone Bookcase;3b3ed95e3e69e92fe0465db709d7eafb;1;1;;1;;;22;1789692886
1989;Spiked Slime;9398;Spiked Slime;8358a17d3e43a1542e9ccdd51d44f018;1;1;;1;;;22;1789692886
1990;Bunny Pet;9393;Bunny Pet;de11fe7be769386e9c40e762b9b79cd5;1;;;1;;;18;1789692886
1991;Fairy;9399;Fairy;436db107774b95e069c62fd0bacab134;1;1;;1;;;22;1789692886
1992;Arch Wyvern Tail;9402;Arch Wyvern Tail;fba9c87cbea652f2306eee49aba5900a;;;1;;1;;40;1789692887
1994;Lighting modes;9406;Lighting modes;430ab85100517ff9b9cf8d0509da7f73;1;1;;1;;;22;1789692887
1995;Tropical Smoothie;9403;Tropical Smoothie;8b6b295fdd1942dc6d30b1bfa689194e;1;1;;1;;;22;1789692887
1996;Gato Egg;9408;Gato Egg;760efaa0d266c698643f26812b24d3b9;1;1;;1;;;22;1789692887
1997;Trap Door;9409;Trap Door;ecd37267f7114e51ca26d47369fda299;1;1;;1;;;22;1789692887
1998;Ballista sentry;9411;Ballista sentry;fdc76dc79fd776e74dba9c35ee5ccd67;1;1;;1;;;22;1789692888
1999;Layered Dirt Wall;9420;Layered Dirt Wall;97bca951bda17745d1f0caac51a96972;1;1;;1;;;22;1789692888
2000;Pink Dungeon Chest;9423;Pink Dungeon Chest;1cad9ad7cb3f6be22880230c1fe0940c;1;1;1;1;;;30;1789692889
2001;Trapdoor;9421;Trapdoor;eb2816517005f6721ad1286fc39c85ab;1;1;;1;;;22;1789692889
2002;Star Princess Dress;9425;Star Princess Dress;221b4aee4a4b81f747568ef719b4cc4f;1;1;;1;;;22;1789692889
2003;Sky Blue Paint;9426;Sky Blue Paint;4c64bfb7b96f6becd9ec35d6256d309a;1;1;1;1;;;30;1789692889
2004;Drum Set;9430;Drum Set;424eb2688c238f2f0689512894ea0a82;1;1;;1;;;22;1789692889
2005;Snowfall Block;9429;Snowfall Block;f3ac4d85d35078089bef495754d24710;1;1;;1;;;22;1789692889
2006;Hero Shield;9435;Hero Shield;131a96fa952ecc66b9ee0ba65948024e;1;1;;1;;;22;1789692889
2007;Mysterious Cape;9439;Mysterious Cape;4ff1f67538da258f8d07f6ed62a3f4f9;1;1;1;1;;;30;1789692889
2008;Music Box (Snow);9437;Music Box (Snow);8b616544ce9199f247dc896c5871c1f6;1;1;1;1;;;30;1789692889
2009;Possessed Skull;9448;Possessed Skull;a92575be02efaf6ab8de46ebfcdfaae0;1;1;;1;;;22;1789692890
2010;Skiphs' Mask;9451;Skiphs' Mask;8fa025cfde37a0db6540a25862aeb86f;1;1;;1;;;22;1789692890
2011;Bright Silver Dye;9454;Bright Silver Dye;2d7b892f3e1b1018cd15ef11ae3ab3e9;1;1;;1;;;22;1789692890
2012;Crowno's Leggings;9462;Crowno's Leggings;658ebab4e16f27d1359e27fca3639e3c;1;1;;1;;;22;1789692890
2013;Spider Clock;9472;Spider Clock;216771a7eb7a90a6a8a504397c0dbfc2;1;1;;1;;;22;1789692890
2014;Silly Tied Bundle of Balloons;9473;Silly Tied Bundle of Balloons;ddb47d13bf691ee54ad55d2bb583f41c;1;1;;1;;;22;1789692890
2015;Alien Hornet;9477;Alien Hornet;823a99240d9f05f9da2f89cbc1941109;1;1;;1;;;22;1789692890
2016;Gold Ladybug;9507;Gold Ladybug;c1aed2ab835326f438a0cc518a445f47;1;1;;1;;;22;1789692891
2017;Eyebrella;9488;Eyebrella;98301023d82854fe9d6298fd038c07df;1;1;;1;;;22;1789692891
2018;Crystal Assassin Pants;9501;Crystal Assassin Pants;b8d3b6d21ef8d242e48862aee5b2c754;1;1;;1;;;22;1789692891
2019;Sapphire Bunny Cage;9502;Sapphire Bunny Cage;787283f4793f840a5bd479316b5bb9cd;1;1;;1;;;22;1789692891
2020;Star Princess Crown;9508;Star Princess Crown;4c3b06f4c6262b9b2d0912e224c0a5b6;1;1;;1;;;22;1789692891
2021;Rich Mahogany Lamp;9516;Rich Mahogany Lamp;de3481d75cdb6a277f3ca04933482a0a;1;1;;1;;;22;1789692892
2022;Mechanical Wagon Piece;9513;Mechanical Wagon Piece;efee060f4f79cc65f2a26e2ada73e9d6;1;1;;1;;;22;1789692892
2023;Saucer Core;9518;Saucer Core;e2ec6246a2c18aa8d80ab26fbcf37aef;1;1;;1;;;22;1789692892
2024;Flameburst sentry summons;9519;Flameburst sentry summons;f2eaa65a1cbf2092465283596cb9c6e5;1;1;;1;;;22;1789692892
2025;Book Mount;9520;Book Mount;6c2b7bb47dcbb247d303ae8a09cdd664;1;1;;1;;;22;1789692892
2026;Hallowed Mimic Banner;9526;Hallowed Mimic Banner;c7b68e137dc818d84f1d23e9e78cefed;1;1;;1;;;22;1789692892
2027;Sandfall;9527;Sandfall;fee973704b1204e9146579bc4f5b166f;1;1;;1;;;22;1789692892
2028;Creative Shock;9530;Creative Shock;afdc18d41185aff46eac544f8034f605;1;1;;1;;;22;1789692892
2029;Phantasm Dragon Body 1;9534;Phantasm Dragon Body 1;b93c734f83418ded618cab490235e6da;1;1;;1;;;22;1789692892
2030;Ghostar's Soul Jar;9531;Ghostar's Soul Jar;bd8359acdc1643c584432f4b63a61b60;1;1;;1;;;22;1789692892
2031;Tax Collector's Suit;9538;Tax Collector's Suit;07179a823b62930ffcdf78a52e4f5a8d;1;1;;1;;;22;1789692892
2032;Mechanical Cart;9546;Mechanical Cart;6316d14dbdc773600ba7b8e8ca451edd;1;1;;1;;;22;1789692893
2033;Grapefruit;9543;Grapefruit;69ce6981943f22749bad0e7cd15327a6;1;1;;1;;;22;1789692893
2034;Deadly Spheres;9539;Deadly Spheres;603ff793866446bbc89fc1498ceccaa9;1;1;;1;;;22;1789692893
2035;Chum Bucket;9552;Chum Bucket;7d2ca820d79fcd7bc419db0eee24da48;1;1;;1;;;22;1789692893
2036;Soul of Flight in a Bottle;9554;Soul of Flight in a Bottle;a25a3a2361517628c7a737eef972e393;1;1;;1;;;22;1789692893
2037;Lawn Mower;9553;Lawn Mower;7685584167504c574cffeb15742a2130;1;1;;1;;;22;1789692893
2038;Solar Lantern;9557;Solar Lantern;403c6bdd74c3f61de36bdf91eaf70379;1;1;;1;;;22;1789692893
2039;Parka Coat;9561;Parka Coat;60d70dbf9fa9a533325da37d2a4127af;1;1;1;1;;;30;1789692893
2040;Soul of Light in a Bottle;9569;Soul of Light in a Bottle;7084bf594f4161d1bf1c5b810e226bc2;1;1;;1;;;22;1789692893
2041;Dynasty Bookcase;9574;Dynasty Bookcase;cae93f452095199e88e7d2dc6c6d9508;1;1;;1;;;22;1789692893
2042;Phase Dye;9570;Phase Dye;43aab691b996580025acdf91ec6280f0;1;1;;1;;;22;1789692894
2043;Buccaneer Tunic;9575;Buccaneer Tunic;3242b86b658554cdf59f0fc8e4145989;1;1;;1;;;22;1789692894
2044;Amphibian Boots;9576;Amphibian Boots;4dd3883dafa20b34358a466c6250917f;1;1;;1;;;22;1789692894
2045;Water Gun;9562;Water Gun;c899709d3c2d23c2a0ecff3b2bbcf825;1;1;1;1;;;30;1789692893
2046;Sapphire Squirrel;9577;Sapphire Squirrel;05aaa6f434ab9430d936928deada7774;1;1;;1;;;22;1789692894
2047;Ruby Gemcorn;9579;Ruby Gemcorn;50adc1cec9d2cce732607bf5c5b87ea9;1;1;;1;;;22;1789692894
2048;Stardust Table;9578;Stardust Table;8e299485239610579fa5366442384f15;1;1;;1;;;22;1789692894
2049;Stardust Cell Staff;9580;Stardust Cell Staff;32227d3824449e21ad42abeddbb885c3;1;1;;1;;;22;1789692894
2050;Stardust Chest;9581;Stardust Chest;8b0df99ab1094ac02dd9bb5632c37994;1;1;;1;;;22;1789692894
2051;Orange Phasesaber;9582;Orange Phasesaber;b1aab56c6c0d6f91fc149db26107773c;1;1;;1;;;22;1789692895
2052;Lesion Bathtub;9593;Lesion Bathtub;285e83e52546261d1c270648574bdfe2;1;1;;1;;;22;1789692895
2053;Twilight Hair Dye;9596;Twilight Hair Dye;4de9f60ea41ffad78456a97db9d32d30;1;1;;1;;;22;1789692895
2054;The Truth Is Up There;9599;The Truth Is Up There;4eadd0a7df0c57aac4b53bf31f576bb0;1;1;;1;;;22;1789692895
2055;Floret Protector Pants;9601;Floret Protector Pants;459ce2887939f512458ae4604a306133;1;1;;1;;;22;1789692895
2056;Lihzahrd Platform;9604;Lihzahrd Platform;308664a4d0b8c0a04380f7e9ddd7dcba;1;1;;1;;;22;1789692895
2057;Music Box (Frost Moon);9607;Music Box (Frost Moon);b1bda11f2850cba711edf1604c5d5031;1;1;1;1;;;30;1789692895
2058;Desert Campfire;9621;Desert Campfire;5b237f7e9323cd08ebce2c952e545c14;1;1;;1;;;22;1789692895
2059;Moon Leech Clot;9617;Moon Leech Clot;3fa9a227d8476f1577527db9f82c023b;1;1;;1;;;22;1789692895
2060;Ballista Panic;9623;Ballista Panic;6dbc98d8f19d09b00c0cf3fb30ee4184;1;1;;1;;;22;1789692895
2061;Solar Tablet;9618;Solar Tablet;5e4deff4a02713c6e24aa3a41a3bff63;1;1;;1;;;22;1789692895
2063;Dark Mage Mask;9626;Dark Mage Mask;b798234e139758a86b658b14a4eb7fed;1;1;;1;;;22;1789692896
2064;Empty Dropper;9627;Empty Dropper;83a92aaa36c393261cd8066bee309452;1;1;;1;;;22;1789692896
2065;White Team Platform;9628;White Team Platform;c2a2a3d961d6f657b3a124091bc383da;1;1;;1;;;22;1789692896
2066;Sink;9629;Sink;1eb558b5d865ebabb06575f5f0042599;1;1;;1;;;22;1789692896
2067;Betsy's Wings;9635;Betsy's Wings;e78cb7f0e2ab3f3e5fcd14595c3ff4aa;1;1;;1;;;22;1789692896
2068;Orange and Black Dye;9634;Orange and Black Dye;e44ea9f557cbf801b21f72626ed111ff;1;1;1;1;;;30;1789692896
2070;Diamond Squirrel Cage;9636;Diamond Squirrel Cage;d62514367afd2d3617de49fea99f909f;1;1;;1;;;22;1789692896
2071;Vortex Table;9637;Vortex Table;1273175c0cb8f3e60145db30d92bd1e1;1;1;;1;;;22;1789692896
2072;Music Box (Underground Crimson);9639;Music Box (Underground Crimson);0c694628ef85d6d099099ae4b4f5734c;1;1;1;1;;;30;1789692897
2073;Obsidian Toilet;9643;Obsidian Toilet;5e12a37ddf902f4e2edad2a461da7d38;1;1;;1;;;22;1789692897
2074;Heavy Assembler;9638;Heavy Assembler;5776019c906187a3ad965e8777d089c8;1;1;1;1;;;30;1789692896
2075;Magic Lantern (buff);9647;Magic Lantern (buff);82a2a97f0ca8921ad564f39ab0bc117f;1;1;;1;;;22;1789692897
2076;Silver Coin Pile;9648;Silver Coin Pile;81da55ad7c68d8effcc36bce38df5413;1;1;1;1;;;30;1789692897
2077;Monoliths;9644;Monoliths;e600f69d926019969b8e9221f0b741a8;1;1;;1;;;22;1789692897
2078;Potted Jungle Palm;9649;Potted Jungle Palm;5accb1d5934abe34a26cd36f507a30dc;1;1;;1;;;22;1789692897
2079;Expert Mode Accessories;9645;Expert Mode Accessories;74ac2ff80a80a766ff41a52b699523e5;1;1;;1;;;22;1789692897
2081;Moving;9651;Moving;defe967ad0373b2274fc298f19125ca7;1;1;;1;1;;54;1789692897
2082;Mushroom vine;9654;Mushroom vine;b283ed7558a337c08b7e1c66a4ea91df;1;1;;1;;;22;1789692897
2083;Corrupt Walls;9663;Corrupt Walls;9a7b13ae431ec74061f83d974507e132;1;1;;1;;;22;1789692898
2084;Scarab Bomb;9656;Scarab Bomb;d6b7b4e463f444293b250641810509da;1;1;;1;;;22;1789692898
2085;Grub Soup;9660;Grub Soup;beed21e34baa1639b50da60115a1974e;1;1;;1;;;22;1789692898
2086;Any Fruit;9665;Any Fruit;7dfcdae3934b82e052d138bb03247203;1;1;;1;;;22;1789692898
2087;Spooky Dresser;9666;Spooky Dresser;a11e64e847bdd8c7342762ffc28138c3;1;1;1;1;;;30;1789692898
2088;Rich Mahogany Sink;9678;Rich Mahogany Sink;12506645995285325397c40b4ddddba9;1;1;;1;;;22;1789692898
2089;Treasure Bag (Brain of Cthulhu);9675;Treasure Bag (Brain of Cthulhu);41c4041e0422410e57c93358363908c2;1;1;;1;;;22;1789692898
2090;Daybroken;9672;Daybroken;adab7932148da3e4f6bdd26bd1471b36;1;1;;1;;;22;1789692898
2091;1.3.4;9679;1.3.4;bc87d7a6f6e850ce2bc3521f26f38102;1;1;;1;;;22;1789692898
2092;Illuminant Bat Banner;9680;Illuminant Bat Banner;4eaba58f2f4a5d68c77a33ff49ef6d58;1;1;;1;1;;54;1789692898
2093;Mystic Snake Coil;9682;Mystic Snake Coil;d006b5401e11c6e10e2ffa9f9c2bbcec;1;1;;1;;;22;1789692899
2094;Shrimpy Truffle;9684;Shrimpy Truffle;66f6502e89865bc7751c2030cdb56e22;1;1;;1;;;22;1789692899
2095;Granite Bookcase;9685;Granite Bookcase;6c8272e92f82087a95708c5c81cf421a;1;1;;1;;;22;1789692899
2096;Sky Crate;9683;Sky Crate;e420884266587ebc653a00b16324d79e;1;1;;1;;;22;1789692899
2097;Crystal Sink;9686;Crystal Sink;f97a9b26dd849e792b9acfb068a43e9d;1;1;;1;;;22;1789692899
2098;Liquid rockets;9688;Liquid rockets;650561fc4100ba8e211bd4746c3642af;1;1;;1;;;22;1789692899
2099;Any Pylon;9687;Any Pylon;c2921cf7bf7214ac9d3ac1fc4d0d64fd;1;1;;1;;;22;1789692899
2100;Plantera Relic;9696;Plantera Relic;b8a98a7d2c61bd5fc443aa776043a084;1;1;;1;;;22;1789692899
2101;Gold Coin Pile;9689;Gold Coin Pile;0b7ded3bf2b8a7e553baa6e7ccd219fa;1;1;1;1;;;30;1789692899
2102;Basilisk Mount (buff);9704;Basilisk Mount (buff);64b2501ce9e87622653fe759ce0eecb7;1;1;;1;;;22;1789692899
2103;Bandage Boy;9710;Bandage Boy;1c9dd7df1c099d6f2506175f3e830a5e;1;1;;1;;;22;1789692899
2104;Blue Dungeon Piano;9712;Blue Dungeon Piano;8ec62a722db5e89c028761f28001c0db;1;1;1;1;;;30;1789692900
2105;Cinder Wall;9714;Cinder Wall;a64f5b137f2a155a4f85a45d282c8a0b;1;1;;1;;;22;1789692900
2106;Pink Team Platform;9711;Pink Team Platform;768ab6bf60731535b913e872b6188141;1;1;;1;;;22;1789692900
2107;Dragon Mask;9719;Dragon Mask;2510e66eb9c9b948956f8b87bcb34970;;;1;;1;;40;1789692900
2108;Lightning Whelk Shell;9720;Lightning Whelk Shell;431b43a52e9b47c27033795bfea87a8d;1;1;;1;;;22;1789692900
2109;Drakomire Rider Banner;9734;Drakomire Rider Banner;12fd378f357dd2921b218bcdddb0d501;1;1;;1;;;22;1789692900
2110;Sandstone Table;9727;Sandstone Table;8af04200ee3a0810974722150cfc97a2;1;1;;1;;;22;1789692900
2111;Mana Nebula;9728;Mana Nebula;da15c64b6422fb335eaacb632eeb6506;1;1;;1;;;22;1789692900
2112;Duplication;9732;Duplication;ff87d8b8f25360b80a23fc058dd2c1fe;1;1;;1;;;22;1789692900
2113;Meteorite Candle;9741;Meteorite Candle;e9f092cb19a86de8d72ea31cf84aed77;1;1;;1;;;22;1789692900
2114;Solar Lamp;9731;Solar Lamp;5b1bd032b295c3b93780667fb0fdcdcb;1;1;;1;;;22;1789692900
2115;Flying Imp;9743;Flying Imp;492d008cf377fa020725b1cdd60943ab;1;1;1;1;;;30;1789692900
2116;Sparkling Honey;9748;Sparkling Honey;c2cf0db66c3eed3613d8071beb007e50;1;1;;1;;;22;1789692900
2117;Shiren Shirt;9749;Shiren Shirt;b93a8e1906c6978903564571a16b48e8;;;;;;1;1;1789692900
2118;Otherworldly Music Box (Underground);9753;Otherworldly Music Box (Underground);121da1ffe884349e5bbc2bf644d8b672;1;1;;1;;;22;1789692901
2119;Artery;9754;Artery;5b50a8c7f1ee269adeb3493ebea7b098;1;1;;1;;;22;1789692901
2120;Drill Mount;9756;Drill Mount;2aff9531fa798c1cef7e162f5727c597;1;1;;1;;;22;1789692901
2121;Otherworldly Music Box (Desert);9766;Otherworldly Music Box (Desert);fda436c6b5b51f6ddedb0af5f0b6e394;1;1;;1;;;22;1789692901
2122;Flipper Potion;9746;Flipper Potion;51257b8c8edf256f996e3985fbc5cef0;1;1;1;1;;;30;1789692900
2123;Oasis Crate;9765;Oasis Crate;dc36ccb9d8652bfd8f8fa4f34a90bb27;1;1;;1;;;22;1789692901
2124;Shadowflame;9767;Shadowflame;208ec476f76887096d04ecda8b5b32e1;1;1;;1;;;22;1789692901
2126;Hallowed Crate;9776;Hallowed Crate;0d8acb236a7c1aeb3a0de9ed8765ccec;1;1;;1;;;22;1789692901
2127;Marble furniture;9780;Marble furniture;54bfe66e2fe997504714101b22978018;1;1;;1;;;22;1789692901
2128;Dirndl Skirt;9783;Dirndl Skirt;3104d018de39fb5983c4473f56f55a95;;;;;1;;32;1789692902
2129;Sandstone Dresser;9784;Sandstone Dresser;9d8d626479125a1dd598c8577362f7a9;1;1;;1;;;22;1789692902
2130;Tool Belt;9792;Tool Belt;dc45ebbb12aa690b56d8fce1d5b644a4;1;1;1;1;;;30;1789692902
2131;Scorpio Fish;9795;Scorpio Fish;87bf14b7157ea7820af1e66a144fff66;1;1;;1;;;22;1789692902
2132;Wormhole Potion;9797;Wormhole Potion;3d49c5ffe39cf07bf410be62237aecf9;1;1;;1;;;22;1789692902
2133;Pirate Crossbower Banner;9800;Pirate Crossbower Banner;23cbfca220fcf6a53f0474ff99e83326;1;1;;1;1;;54;1789692902
2134;Worn Stone Wall;9796;Worn Stone Wall;3e0a0a49cc3be6b12b2f03dc0db34aa1;1;1;;1;;;22;1789692902
2135;Bone Bathtub;9808;Bone Bathtub;0f36808728bc0827fbdbfe37ec7f10dd;1;1;;1;;;22;1789692902
2136;Cyan Paint;9809;Cyan Paint;95d42c7693de3241047f1d5befcda30b;1;1;1;1;;;30;1789692903
2137;Wine Glass;9810;Wine Glass;f9c7adb8f64a4f3cbdd93c934f0f1cc8;1;1;1;1;;;30;1789692903
2138;Sugar Cookie;9801;Sugar Cookie;3171c2114a9919a7c842dfc42a89748b;1;1;1;1;;;30;1789692902
2139;Granite Door;9819;Granite Door;48c65cc5e6e54f001b0c74ca6017f524;1;1;;1;;;22;1789692903
2140;Music Box (Pirate Invasion);9821;Music Box (Pirate Invasion);f8b18208185e3ca98c66a49fb32471d7;1;1;;1;;;22;1789692903
2142;Valhalla Knight's Greaves;9831;Valhalla Knight's Greaves;02700c354cb17a7a2ba1ff0fda08fb43;1;1;;1;;;22;1789692903
2143;Paint Scraper;9811;Paint Scraper;cd03b7e27688091d9db028817be1c37a;1;1;1;1;;;30;1789692903
2144;Ghost Wings;9836;Ghost Wings;cc6c900b2173e75cafa48a314957f73d;;;1;;1;;40;1789692903
2145;Purple Rain Wallpaper;9839;Purple Rain Wallpaper;f9600f7b0cfb7b30650f2661172d9850;1;1;1;1;;;30;1789692903
2146;Bundled Party Balloons;9841;Bundled Party Balloons;8b494134e84882610e9ec1052093d70b;1;1;;1;;;22;1789692904
2147;Housing Menu;9847;Housing Menu;c1d370555b6273a114a58d681b19fdc4;1;1;1;1;;;30;1789692904
2148;Hexxed Branch;9845;Hexxed Branch;34557fe7af73219824468ab08d327bdd;1;1;;1;;;22;1789692904
2149;Floret Protector Shirt;9846;Floret Protector Shirt;0e0c22195b5d750f8eb82b3be5bb2f9f;1;1;;1;;;22;1789692904
2151;Seaside Crate;9861;Seaside Crate;0d5b629415b41b3db1220f4ae398c971;1;1;;1;;;22;1789692904
2152;Fetid Baghnakhs;9860;Fetid Baghnakhs;92e8c9247113d5ee46245a461171e752;1;1;;1;;;22;1789692904
2153;Giant Cursed Skull Banner;9862;Giant Cursed Skull Banner;dc7568c4cf25243553c540d03bb34574;1;1;;1;1;;54;1789692904
2154;Bone Sink;9857;Bone Sink;8ea9330285719b6cd8d11a186d51f603;1;1;;1;;;22;1789692904
2155;Dynasty Dresser;9863;Dynasty Dresser;3fd7992113484f825c95eae8533d97e3;1;1;;1;;;22;1789692904
2156;Iron Brick;9867;Iron Brick;69831a877bfd10261fefe6272a9e913b;1;1;;1;;;22;1789692905
2157;Country Club Cap;9875;Country Club Cap;c92d93b290b30d8370aed73268b29c4b;1;1;;1;;;22;1789692905
2158;1.4.3.2;9877;1.4.3.2;2398e2204f1d23d9f53e19de3f6550e8;1;1;;1;;;22;1789692905
2159;Silly Green Balloon;9878;Silly Green Balloon;ea3a4295d038421346a8748786ef431b;1;1;;1;;;22;1789692905
2160;Scarecrow Banner;9883;Scarecrow Banner;e4d5fe942efcb881970f86fb7c4b9f4d;1;1;;1;1;;54;1789692905
2161;Gray Grunt;9884;Gray Grunt;85be59cf9fcea401c1017ba39fe597fb;1;1;;1;;;22;1789692906
2162;Bewitching Table;9887;Bewitching Table;efdaebfedcca2b798a5d14261baa3135;1;1;;1;;;22;1789692906
2163;Bright Orange Dye;9889;Bright Orange Dye;a5772a9736fa0e55df3dc178077e3d49;1;1;1;1;;;30;1789692906
2164;Stardust Piano;9894;Stardust Piano;2760a0e63a0d5264ac2e66bf28caa5be;1;1;;1;;;22;1789692907
2165;Gold Water Strider;9900;Gold Water Strider;c3374f85f4cee16971ee14df8be468a9;1;1;;1;;;22;1789692907
2166;Stardust Lantern;9902;Stardust Lantern;e99de0329f888053e9624d63ef8a643e;1;1;;1;;;22;1789692907
2167;Bone Dresser;9903;Bone Dresser;62aec91d037e9bf9c974309bae5608a9;1;1;1;1;;;30;1789692907
2168;Possessed Armor Banner;9905;Possessed Armor Banner;62de0374cdf21d933c08f1fba3ca5aca;1;1;;1;1;;54;1789692907
2169;Setting;9906;Setting;51ac4bf63a0c6a9cefa7ba69b4154ef1;1;1;;1;1;;54;1789692907
2170;Martian Hover Candle;9917;Martian Hover Candle;3f79662de6686092e0d070f48b398faf;1;1;;1;;;22;1789692907
2171;Balloon Pufferfish;9914;Balloon Pufferfish;09bd9a362116e08dedd1005b6a55e4d6;1;1;;1;;;22;1789692907
2172;Town pets;9909;Town pets;4da082d050215b0ec504e0b218b9a63c;1;1;;1;;;22;1789692907
2173;Demon Conch;9919;Demon Conch;771683a364434df3275d5da73426b6b3;1;1;;1;;;22;1789692907
2174;Lifeform Analyzer;9920;Lifeform Analyzer;279a9b0b8a1bbd1921d4378b14ff3767;1;1;;1;;;22;1789692907
2175;Pink and Silver Dye;9926;Pink and Silver Dye;499b9ddf3a6ed3b8283fe4a6d1168eca;1;1;1;1;;;30;1789692908
2176;Golf Whistle;9941;Golf Whistle;4688fc0d515f3a9cd9d67c9949e1182e;1;1;;1;;;22;1789692908
2177;Logic Gate (OR);9939;Logic Gate (OR);6b8d87fcef553f691d95d7a1029a00da;1;1;;1;;;22;1789692908
2178;Explosive sentry summons;9922;Explosive sentry summons;19c8d2eb69d7d8f24c8dce405b6d53d4;1;1;;1;;;22;1789692908
2179;Target Dummies;9944;Target Dummies;198fb1ff1ec0ba2171567cde01724c92;1;1;;1;;;22;1789692908
2180;Martian Platform;9947;Martian Platform;c458f162f7a3ca69e48a7857b04e2a33;1;1;;1;;;22;1789692908
2181;Golf Chest;9954;Golf Chest;1de1230cdbf2589a88b646f9cc0b56d4;1;1;;1;;;22;1789692908
2182;Mirage Dye;9958;Mirage Dye;d699522d6b73e6aedbb0e9dab674b540;1;1;;1;;;22;1789692908
2183;Explosive Trap Staff;9957;Explosive Trap Staff;281d1bbf40265a2fae4dd7d1ef64e377;1;1;;1;;;22;1789692908
2184;1.3.0.7;9960;1.3.0.7;18ea70aa25aecd60fede694be65325fc;1;1;;1;;;22;1789692908
2185;Vortex Chainsaw;9964;Vortex Chainsaw;e1b41d491ede455454ca4c619a3bf17c;1;1;;1;;;22;1789692909
2186;Lamia Mask;9961;Lamia Mask;350b8eec47c348bad6d2ea4941479767;1;1;;1;;;22;1789692909
2187;Shiverthorn;9948;Shiverthorn;b2d530b82e0b2f7d4e308d902d026b05;1;1;1;1;;;30;1789692908
2188;Marble biome;9970;Marble biome;b13fd5d209b3bc5c10a26a3a3bbc0b7c;1;1;;1;;;22;1789692909
2189;Otherworldly Music Box (Lunar Boss);9966;Otherworldly Music Box (Lunar Boss);9c151c46c475ce06432e3244951b9339;1;1;;1;;;22;1789692909
2190;Chef set;9971;Chef set;cc74d7062ab30910946809a5d9e94216;1;1;;1;;;22;1789692909
2191;FoodBarbarian's set;9980;FoodBarbarian's set;e1a240adf04dbd22af3ef26524404bd1;1;1;;1;;;22;1789692909
2192;Burning Spirit;9983;Burning Spirit;3362bdeee32f20ba8f6f1a01ae07d918;1;1;;1;;;22;1789692909
2194;Stardust Pillar;9976;Stardust Pillar;a758dde022d94e6629aa029463972555;1;1;;1;;;22;1789692909
2195;Yoraiz0r's Skirt;9990;Yoraiz0r's Skirt;b0bb2ddc1ccf5f1c70119885931214ad;1;1;;1;;;22;1789692909
2196;Wyvern Kite;9974;Wyvern Kite;5b64415b371f2ce647621935102e5a96;1;1;;1;;;22;1789692909
2197;Solar Cultist Robe;9993;Solar Cultist Robe;8473faa77acd9f3169c30d826c8d6fee;1;1;;1;;;22;1789692909
2198;Revolver;10015;Revolver;e450f76afe9b3844228bdf4846d6f301;1;1;1;1;;;30;1789692909
2199;Squirrel Hook;9991;Squirrel Hook;85ca3dadd3b9f8b998c9e8003be6a763;1;1;;1;;;22;1789692909
2200;Vortex Lantern;10000;Vortex Lantern;eca9911a357418c9077a2060bac4c112;1;1;;1;;;22;1789692909
2201;Princess 64;10018;Princess 64;e9d1a2c19309f4806ea48a0fbb6a79f8;1;1;;1;;;22;1789692909
2202;Green Flame and Silver Dye;10020;Green Flame and Silver Dye;8df4f770edc5249c14ffb011f545de2d;1;1;;1;;;22;1789692909
2203;Carpentry Rack;10022;Carpentry Rack;55e688746b32238f4dbf6d913b8f566d;1;1;1;1;;;30;1789692910
2204;Martian Engineer Banner;10024;Martian Engineer Banner;2956f1200e601077074fabf43a90051a;1;1;;1;;;22;1789692910
2206;Desert Chest;10031;Desert Chest;d93c5077ced751f2e43f49977bcb370b;1;1;;1;;;22;1789692910
2207;Bunny Stew;10033;Bunny Stew;2d700c65507f9746f8688377df25b594;1;1;;1;;;22;1789692910
2208;Magma Snail Cage;10035;Magma Snail Cage;8c7743737e2b8d799f15644b8dc72e7f;1;1;;1;;;22;1789692910
2209;Glass furniture;10042;Glass furniture;8a021a01b6f8b0041906ae1e61e24b71;1;1;1;1;;;30;1789692910
2210;Lavafly;10039;Lavafly;ddd5f8f8be786bc78af62a24ff2841da;1;1;;1;;;22;1789692910
2211;Martian Door;10044;Martian Door;bea78e1d37450a841c40d52ccfb85f1d;1;1;;1;;;22;1789692910
2212;Waterleaf Planter Box;10047;Waterleaf Planter Box;e7870d06c08e46d03e804af7a140f1d9;1;1;;1;;;22;1789692910
2213;Sand Stone Block;10053;Sand Stone Block;466a2a35c5180979aff239368e9ee010;1;1;;1;;;22;1789692910
2214;Crimsandstone Block;10057;Crimsandstone Block;bede3bd9aee71a15c3cad2dbc28b4aa1;1;1;;1;;;22;1789692911
2215;Bone Javelin;10066;Bone Javelin;8ac828955406cb312822a2dbe59a8aeb;1;1;;1;;;22;1789692911
2216;Infernal Wisp Dye;10060;Infernal Wisp Dye;c4a88dc1dd2a1403ad3ffbf1c5ed334a;1;1;;1;;;22;1789692911
2217;Buggy;10079;Buggy;01e3a933906494de42d7a1d6a09bbb3a;1;1;;1;;;22;1789692911
2218;Bee Hive;10082;Bee Hive;3d4d3c3b7a0bf4c5871651b1aa518a59;1;1;;1;;;22;1789692912
2219;Cosmic Car Key;10080;Cosmic Car Key;3016955b74ff662b40c8e7239b0f7376;1;1;;1;;;22;1789692912
2220;Pink Eskimo armor;10085;Pink Eskimo armor;9ed857c35042c8cfee1e1590ae27f152;;;1;;1;;40;1789692912
2221;Palm Wood Fence;10069;Palm Wood Fence;98277ce042116edfc9e5010959ef5cc8;1;1;1;1;;;30;1789692912
2222;Bubble Wallpaper;10088;Bubble Wallpaper;163221695a547efcca9d96d642e709c9;1;1;1;1;;;30;1789692912
2223;Soul of blight;10093;Soul of blight;e5ee7d35bf83e85e8428bec27e946dad;;;1;;1;;40;1789692912
2224;Storm Diver Banner;10086;Storm Diver Banner;fdb299eedc5caab0b8a3a28e0df4c17f;1;1;;1;;;22;1789692912
2225;Gold Mouse;10109;Gold Mouse;83a1980fbf8f62816f0cf6cf7d88ddde;1;1;;1;;;22;1789692912
2227;Obsidian Wall;10114;Obsidian Wall;e151a9610a2023e32b9a43f26979a5c8;1;1;;1;;;22;1789692913
2228;Stylist;10112;Stylist;3ff3eb908a43febe466188fcd8846853;1;1;1;1;;;30;1789692912
2229;Palm Wood Wall;10117;Palm Wood Wall;bb7901d2bf785afeb8a46625138912c0;1;1;1;1;;;30;1789692913
2230;Painted Arrow Sign;10116;Painted Arrow Sign;9437f59bccb0f0ec4d3c0ec90a05879c;1;1;;1;;;22;1789692913
2231;Milkyway Weaver;10120;Milkyway Weaver;d5d804d8025835975a7bfedf65415656;1;1;;1;;;22;1789692914
2233;Nebula Door;10131;Nebula Door;b50cfdc842f85dc8850eeaede4681a69;1;1;;1;;;22;1789692914
2234;Salamander Banner;10128;Salamander Banner;e06bc8f4e09c9ee886a8a62058c68fe2;1;1;;1;;;22;1789692914
2235;Vortex Dye;10132;Vortex Dye;36e96bbf6a0c80846e1adaa9bbdc6539;1;1;;1;;;22;1789692915
2236;Treasure Bag (Dark Mage);10133;Treasure Bag (Dark Mage);d954c8c7c07d6ec13fe227dcbb73453d;1;1;;1;;;22;1789692915
2237;Nebula Candelabra;10135;Nebula Candelabra;eac350bea5f5ef3d72423edcab6a697f;1;1;;1;;;22;1789692915
2238;Maid Dress;10136;Maid Dress;3bd1fad80a30c60353f73c0e472b39e8;1;1;;1;;;22;1789692915
2239;Grinch Finger Wallpaper;10140;Grinch Finger Wallpaper;b461e0e4a69214f26b94c5eb850c3972;1;1;1;1;;;30;1789692915
2240;Otherworldly Music Box (Night);10142;Otherworldly Music Box (Night);ef77db76cb154f7e28c3b0813f150000;1;1;;1;;;22;1789692916
2241;Arcane Rune Wall;10148;Arcane Rune Wall;04ca3d1ec61cdf8b5ac4f13bc1d28a8c;1;1;1;1;;;30;1789692916
2242;Horn of Plenty;10149;Horn of Plenty;e694b739c4cc96c809b79b5fbed83b8a;;;;;1;;32;1789692916
2243;Phantasmal Bolt;10152;Phantasmal Bolt;a6eee016313a2f622638208b2ee240a7;1;1;;1;;;22;1789692916
2244;Monk's Shirt;10155;Monk's Shirt;09149c1ebe828429fad2db757a393741;1;1;;1;;;22;1789692916
2245;Nebula Pillar;10158;Nebula Pillar;d5ffe675c2fa261924b81de3182e6170;1;1;;1;;;22;1789692917
2246;Martian Costume set;10161;Martian Costume set;ede5d95dc95855b505cf1ae54fec05d4;1;1;;1;;;22;1789692917
2247;Maid set;10160;Maid set;86733b2f437978ca4042fe46246297a5;1;1;;1;;;22;1789692917
2249;Dragon Armor;10165;Dragon Armor;8648a8aa9a1567942bad03cb991f6b49;;;1;;1;;40;1789692917
2250;Fallen Tuxedo Shirt;10166;Fallen Tuxedo Shirt;5e773506f3e381d69377047ab34556bb;1;1;;1;;;22;1789692917
2251;Large Dynasty Candle;10163;Large Dynasty Candle;bb6eca11e9b04ed5c18a87ed48456656;1;1;1;1;;;30;1789692917
2252;Gold Goldfish;10168;Gold Goldfish;c50787103018bc48b146bd99e01596a3;1;1;;1;;;22;1789692917
2253;Cenx's Dress clothes;10180;Cenx's Dress clothes;bba0ec62431ceefa6ad61a36a770547f;1;1;;1;;;22;1789692917
2254;Hanging Crimson Deathweed;10183;Hanging Crimson Deathweed;e56cb527302571a10644bb3129bf74a4;1;1;;1;;;22;1789692917
2255;Spider Bed;10184;Spider Bed;1ce824a3aacbbf1a7300f11a1768d374;1;1;;1;;;22;1789692917
2257;The Possessed;10194;The Possessed;f101510accd381fad79152d3e0555c1b;1;1;;1;;;22;1789692917
2258;Lihzahrd Dresser;10197;Lihzahrd Dresser;2a7a39d2f295c4c792f345417606181a;1;1;1;1;;;30;1789692918
2259;Green Streamer;10192;Green Streamer;db0de7e9be86353407df647b9a635d01;1;1;;1;;;22;1789692918
2260;Funeral Coat;10200;Funeral Coat;1939ada63deb67859c094e509b80ea5f;1;1;;1;;;22;1789692918
2261;Electrified;10205;Electrified;43d6219f3a37d57da5cfe3c66663f9d1;1;1;;1;;;22;1789692918
2262;Sandcastles;10211;Sandcastles;aa260e403b6f084f221a52b0a3ca2957;1;1;;1;;;22;1789692918
2263;Martian Conduit Wall;10217;Martian Conduit Wall;002fc92d296745cb50dbd82295a0bf7b;1;1;;1;;;22;1789692918
2264;Dark Horse Mount;10212;Dark Horse Mount;0f91ea75c94b91afd517286c6a427e6c;1;1;;1;;;22;1789692918
2266;Nebula Chainsaw;10222;Nebula Chainsaw;4444f978e0c4e779d83b297a265eb3db;1;1;;1;;;22;1789692918
2267;Marble Platform;10224;Marble Platform;7151348e5043a5f2b62347d5d7fd785d;1;1;;1;;;22;1789692918
2268;Painted Horse Mount;10226;Painted Horse Mount;1d2f5154f5a91435134d9e8d808abeda;1;1;;1;;;22;1789692918
2269;Empress of Light Relic;10221;Empress of Light Relic;68d24fef9e7a0d6b2e752eed3d5581d1;1;1;;1;;;22;1789692918
2272;Ruler;10225;Ruler;eada4723af6f51cf2391d85b5fde49b0;1;1;1;1;;;30;1789692918
2273;Gentleman's Beard;10231;Gentleman's Beard;3818039cbbcbba7034be2386b00a484b;1;1;;1;;;22;1789692919
2274;Martian Conduit Plating;10235;Martian Conduit Plating;a3f222c998ff1727ee2cccd3f588cba3;1;1;;1;;;22;1789692919
2275;Jim's Wings;10237;Jim's Wings;94f1e1616f8296a05855e25d38dc2944;1;1;;1;;;22;1789692919
2276;Carton of Milk;10240;Carton of Milk;acde1061eeddb21b7656283f88dda1b8;1;1;;1;;;22;1789692919
2277;Soul of Night in a Bottle;10246;Soul of Night in a Bottle;cc90b9c20130426c2833f5ab954bc4ac;1;1;;1;;;22;1789692919
2279;Meteorite Candelabra;10250;Meteorite Candelabra;7fe581e19ec435cfebf78e77df29c24a;1;1;;1;;;22;1789692919
2280;Sandcastle Bucket;10253;Sandcastle Bucket;23222c74dfebb150cc02f210da59de40;1;1;;1;;;22;1789692919
2281;Spider Fang;10255;Spider Fang;0597b0d63672a331898924399ac258c5;1;1;1;1;;;30;1789692919
2282;Music Box (Town Night);10257;Music Box (Town Night);8aa20e294132dac426561c33d6f94545;1;1;;1;;;22;1789692920
2283;Steampunk Toilet;10256;Steampunk Toilet;ae2661ec7d3fbe6e375618a999103e92;1;1;;1;;;22;1789692920
2284;Logic Sensor (Night);10263;Logic Sensor (Night);48985525f814d2bb66c6c901c5264b85;1;1;;1;;;22;1789692920
2285;Training Dummy;10260;Training Dummy;c46b1af6819ca40adca8cad3b3fd1eec;1;1;;1;;;22;1789692920
2286;Mrs. Claus Heels;10264;Mrs. Claus Heels;79e7cc3c6ae53f894f87092d625280fc;1;1;1;1;;;30;1789692920
2287;Sunflower Minecart;10265;Sunflower Minecart;c4b20b0ce53034c616f5a299acb4a53a;1;1;;1;;;22;1789692920
2288;Leather Whip;10267;Leather Whip;0391d55ca94e15020364c812de894417;1;1;;1;;;22;1789692920
2289;Music Box (The Hallow);10268;Music Box (The Hallow);6938551b112d34cefd07c8af0ec910d3;1;1;1;1;;;30;1789692920
2290;Blue Dragonfly;10274;Blue Dragonfly;5d930df24f964c4dabe7d8cd2b1b92ca;1;1;;1;;;22;1789692920
2291;Shiver thorn;10270;Shiver thorn;7325ac3ee8ffe698c05d269d44705128;1;1;1;1;;;30;1789692920
2292;Martian Brain Scrambler Banner;10281;Martian Brain Scrambler Banner;76b9ca1db0402f89c2229189f03199bb;1;1;;1;;;22;1789692921
2293;Dynasty Platform;10291;Dynasty Platform;cceac7e2ec9f2ccc83804230a66b74a9;1;1;;1;;;22;1789692921
2294;Blue Dynasty Shingles;10276;Blue Dynasty Shingles;4cd3b0f26ddfa6cf912f59b0313d3f3a;1;1;1;1;;;30;1789692921
2295;Celestial Shell;10286;Celestial Shell;73c55b8ef754b28aaa923b4254a5994f;1;1;;1;;;22;1789692921
2296;Geyser;10294;Geyser;53f5278fa0a0ec30eb20185f268f0560;1;1;;1;;;22;1789692921
2298;Ducky Wallpaper;10292;Ducky Wallpaper;a5fb74d92b6938eb2239d11282eecc0e;1;1;1;1;;;30;1789692921
2299;Mouse Statue;10297;Mouse Statue;68a95fee2e54bd8fec3cdabf74bf0ff8;1;1;;1;;;22;1789692921
2300;Granite Chest;10299;Granite Chest;858e5d90c8f1209ecf6eb92124c6ef87;1;1;;1;;;22;1789692921
2301;Otherworldly Music Box (Rain);10301;Otherworldly Music Box (Rain);f5cf5375783f8d70c546a5219e5f3b90;1;1;;1;;;22;1789692921
2302;Christmas Decorations;10304;Christmas Decorations;509261c6111d191acc8c5bea3d99db8c;1;1;1;1;;;30;1789692921
2303;Mystic Robe;10300;Mystic Robe;d6c37962d74f1151f9c9ea8adce14d80;1;1;1;1;;;30;1789692921
2305;Ghostar's Garb;10306;Ghostar's Garb;e03d2f412862639398cb573ac00cb169;1;1;;1;;;22;1789692922
2306;Lihzahrd Bathtub;10307;Lihzahrd Bathtub;bdcb3728a07bda03affa0284167f2b3b;1;1;1;1;;;30;1789692922
2307;Fireplace;10309;Fireplace;d71de05e57a87612fe60f7fe57f0d88e;1;1;;1;;;22;1789692922
2308;Crimson Torch;10310;Crimson Torch;5b2a343b2ab9f2f792f7f8798d06aa44;1;1;;1;;;22;1789692922
2309;Rabbit Perch;10317;Rabbit Perch;0f09a630d3605e27413ff885760f0518;1;1;;1;;;22;1789692922
2310;Slime Lamp;10326;Slime Lamp;e1e958f3f0a93c3c2fcc49fbf658cb8e;1;1;1;1;;;30;1789692922
2311;Seedler;10328;Seedler;a9c3932ed243edcc064d579602c2e8e3;1;1;;1;;;22;1789692923
2312;Stardust Chandelier;10327;Stardust Chandelier;452eed0b742e2e82127b22963d30e737;1;1;;1;;;22;1789692923
2313;Music Box (Graveyard);10331;Music Box (Graveyard);8b4eece8a628ca690ca25ba28e4e13a7;1;1;;1;;;22;1789692923
2314;Vortex Work Bench;10333;Vortex Work Bench;3ba06e46dfe90e394d2b2e0f74a65e0d;1;1;;1;;;22;1789692923
2315;Mottled Stone Wall;10334;Mottled Stone Wall;85c4b14cab8bb80fe276477258f221d0;1;1;;1;;;22;1789692923
2316;Gem Lock;10335;Gem Lock;a3f9011d8a2bdaada55382235450a576;1;1;;1;;;22;1789692923
2317;Go Windowed;10339;Go Windowed;d1f7008f46f9c60bf287000ddc63b2e9;1;1;;1;1;;54;1789692923
2318;Toxic Flask;10347;Toxic Flask;4474eeb007940c4740f595b2b31ede79;1;1;;1;;;22;1789692924
2319;Vortex Bathtub;10350;Vortex Bathtub;2ceae3771f74147e28ce9a35bfe272b5;1;1;;1;;;22;1789692924
2320;Fancy Gray Wallpaper;10352;Fancy Gray Wallpaper;5c6fc581016c4c62c7734110f954c65a;1;1;1;1;;;30;1789692924
2321;Steampunk Bookcase;10354;Steampunk Bookcase;6e4de90ff50eb087f3c889a63bfbfbd4;1;1;;1;;;22;1789692924
2322;Solar Chest;10349;Solar Chest;60f2603c13fd68982605f0d38e847606;1;1;;1;;;22;1789692924
2323;Stardust Sofa;10355;Stardust Sofa;65d9f3ed4e0254bb6831ff08422c858c;1;1;;1;;;22;1789692924
2324;Bee Greaves;10359;Bee Greaves;c1c31e6410c7b3e705b01dc8e1a95fbc;1;1;1;1;;;30;1789692924
2325;Trapped Locked Green Dungeon Chest;10362;Trapped Locked Green Dungeon Chest;6755a98222af00778031c6aab21abcb9;1;1;;1;;;22;1789692924
2326;Treasure Bag (Queen Bee);10358;Treasure Bag (Queen Bee);820a22339403c10bba8f9ae4adf53681;1;1;;1;;;22;1789692924
2327;Stardust Candelabra;10364;Stardust Candelabra;51ac55edfbe6af76df859a0e173d80fd;1;1;;1;;;22;1789692924
2328;Desert Torch;10378;Desert Torch;888c91a38c26baf6551728cd63d95739;1;1;;1;;;22;1789692924
2329;Etherian Javelin;10374;Etherian Javelin;dae3d93ee328172caa20841b2b4ea4f0;1;1;;1;;;22;1789692924
2330;Enchanted Sword Shrines;10373;Enchanted Sword Shrines;6f3bbba86001258a780231d371596505;1;1;;1;;;22;1789692924
2331;Engineering Helmet;10375;Engineering Helmet;2763085fd0226b1cb46b9323eb8a12fa;1;1;;1;;;22;1789692924
2332;Gemspark Walls;10380;Gemspark Walls;2536c1743b7e0cb0446ea02a7ceb0531;1;1;1;1;;;30;1789692925
2333;D-Town's Breastplate;10383;D-Town's Breastplate;f7923204c12167a4ba8505001e95a068;1;1;;1;;;22;1789692925
2334;Title messages;10386;Title messages;d5d0ee6722320c7b9a4a94d6a044e08b;1;;;;;;2;1789692925
2335;Yellow Wrench;10382;Yellow Wrench;dd322391f0fa66f12f0ec4c728f35245;1;1;;1;;;22;1789692925
2337;Black Graduation Cap;10387;Black Graduation Cap;27ffeab879b60ebbd69f88fafcf533f7;1;1;;1;;;22;1789692925
2338;Decay Chamber;10388;Decay Chamber;5c18c2b7873b2aa7f922249c14884390;1;1;;1;;;22;1789692925
2339;Red Dye;10397;Red Dye;922b236cb3e615c270a3fbddfe45098c;1;1;1;1;;;30;1789692925
2340;Glass Work Bench;10403;Glass Work Bench;671b0251860da0188abaa93bb21d901a;1;1;1;1;;;30;1789692925
2341;Solar furniture;10411;Solar furniture;89f8edecf6a15620dec34bdc2bcca070;1;1;;1;;;22;1789692925
2343;Pedguin's Hood;10415;Pedguin's Hood;5442775abb4c1b2ddb5ffdb69bd3612d;1;1;;1;;;22;1789692925
2344;Royal Gel;10417;Royal Gel;3ecd2afc32554db5f3ef4c6a46e325d5;1;1;;1;;;22;1789692925
2345;Webbed;10420;Webbed;d67f84eefb99608ca4c764d2abab2fe6;1;1;;1;;;22;1789692925
2346;Star Cell;10416;Star Cell;fa55ce8e30e4dbe3c968880efb17bcf4;1;1;;1;;;22;1789692925
2347;1.3.0.3;10421;1.3.0.3;050aa4e1771111a415b2829bb977d9ad;1;1;;1;;;22;1789692925
2348;Stardust Wings;10425;Stardust Wings;748f1ade8821a4d6cbbe276010e0f464;1;1;;1;;;22;1789692926
2349;Vortex Pillar;10427;Vortex Pillar;00e0aff73f038565f55a57e45402ef84;1;1;;1;;;22;1789692926
2350;Stardust Guardian;10436;Stardust Guardian;7e2b30f2df79e42977831b2ba5d9c5f4;1;1;;1;;;22;1789692926
2353;Mod;10443;Mod;7aeb0277500c86e4aa6bd23f9a737942;1;;;;;;2;1789692926
2354;Fairy Princess (buff);10445;Fairy Princess (buff);88e6ac4ae1eb6f1e15842f1f318bc2e1;1;1;;1;;;22;1789692927
2355;Solar Flare armor;10449;Solar Flare armor;fb999d632dae9c242c67efb95cd59a1e;1;1;;1;;;22;1789692927
2357;Owl;10444;Owl;fee26bbdfe5ee3fd5214a5ab45547349;1;1;;1;;;22;1789692927
2358;Slice of Hell Cake;10454;Slice of Hell Cake;801191ffc3e94830bbce9a1f2341d565;1;1;;1;;;22;1789692927
2359;Cream Soda;10456;Cream Soda;1f2e12910291ee1cbba65ab106348cad;1;1;;1;;;22;1789692927
2360;Marble Work Bench;10453;Marble Work Bench;f21df02e18dfd9df5b106c667335f107;1;1;;1;;;22;1789692927
2361;Blood Eel;10461;Blood Eel;a82fcafe8c9ea05baace7a6dda7c3248;1;1;;1;;;22;1789692927
2362;Mana Booster;10462;Mana Booster;2c9fcead36e27baae78304d1f044919c;1;1;;1;;;22;1789692927
2363;Palm Wood Chandelier;10464;Palm Wood Chandelier;66d328e28a829e2e6abb24f5dd118342;1;1;;1;;;22;1789692927
2364;Otherworldly Music Box (Ocean);10467;Otherworldly Music Box (Ocean);cb08d74be82a193a1507f9bb5826e00f;1;1;;1;;;22;1789692928
2365;Red's armor;10465;Red's armor;d17082438e4d2ee732192b9c00192672;1;1;;1;;;22;1789692928
2366;Apprentice armor;10469;Apprentice armor;5eb93ee1e624bb716a75f475e29051cf;1;1;;1;;;22;1789692928
2367;Marble Column;10472;Marble Column;20cd0125294f163c25defed9e7317f15;1;1;;1;;;22;1789692928
2368;Frog Flipper;10473;Frog Flipper;c75cbc1fdfcbd2705826d8f233dff1d8;1;1;;1;;;22;1789692928
2369;Onyx Blaster;10477;Onyx Blaster;2ef2a845e00f23175b42af81e224cfa8;1;1;;1;;;22;1789692928
2370;Shell Pile;10474;Shell Pile;2e7d08207ba86049f751be82e29927ee;1;1;;1;;;22;1789692928
2371;Gray Paint;10480;Gray Paint;3c085efdb892a2b366cbb6d426e05376;1;1;1;1;;;30;1789692928
2372;Solar Work Bench;10478;Solar Work Bench;3b02f1b5bb61449ad46368d20a4c586d;1;1;;1;;;22;1789692928
2373;1.3.4.3;10482;1.3.4.3;6badd5f7e841b6a535ba82f32746c0f0;1;1;;1;;;22;1789692929
2374;Life Above the Sand;10490;Life Above the Sand;aebf85f637891fae4f80c10ad5d16e5d;1;1;;1;;;22;1789692929
2375;Nevermore;10493;Nevermore;e81e78d854d86edc38ba45c443662aee;1;1;;1;;;22;1789692929
2376;Plantera Seedling (pet);10492;Plantera Seedling (pet);f9e495ee2befe9aa899e28c4d8ed4046;1;1;;1;;;22;1789692929
2377;Corruptor Banner;10497;Corruptor Banner;32d6ef78dd4230655b1b56c29d84e299;1;1;;1;1;;54;1789692929
2378;Silly Green Balloon Wall;10498;Silly Green Balloon Wall;b243e2944912a5635c1e713d2c6ba660;1;1;;1;;;22;1789692929
2380;Pink Eskimo Coat;10502;Pink Eskimo Coat;8f87d505b224185961e90df8c62a6679;;;1;;1;;40;1789692929
2381;Skyware Dresser;10500;Skyware Dresser;32e0f8902b22eb3e13b37891dc56d9fc;1;1;1;1;;;30;1789692929
2382;Ichor Campfire;10504;Ichor Campfire;fc3e2d709a62fe74e51f0c503f8f2107;1;1;;1;;;22;1789692930
2383;Bone Toilet;10506;Bone Toilet;151c3e2a16e5b36f625b47609d88f1e1;1;1;;1;;;22;1789692930
2384;Chocolate Chip Cookie;10509;Chocolate Chip Cookie;4d274fce5abc2477f8fcf8c57ffd2aab;1;1;;1;;;22;1789692930
2385;Strange Plant (orange);10507;Strange Plant (orange);82a68422bfb2b68995ffb1e36edcde88;1;1;;1;;;22;1789692930
2386;Ghostar’s Tights;10511;Ghostar’s Tights;b8c0c8d4356b7b24131c127e18a5537e;1;1;;1;;;22;1789692930
2387;Trapped Chests;10517;Trapped Chests;fde774d017f0d0b94622ce83d202b1a7;1;1;;1;;;22;1789692930
2388;Petri Dishes;10515;Petri Dishes;71c2b2d5d270f7601dbe66e83eda3785;;;1;;1;;40;1789692930
2389;Turkor Neck;10514;Turkor Neck;996058f13edc2062a2dff3baa5e42834;;;;;1;;32;1789692930
2390;Xenopopper;10518;Xenopopper;5b61625da8aacaac3660db792ecb69d0;1;1;;1;;;22;1789692930
2391;Crumbling Dirt Wall;10520;Crumbling Dirt Wall;80783f4acf342db9107bbbec1f5cf0b5;1;1;;1;;;22;1789692930
2392;Music Box;10524;Music Box;c7b9a1f442c4a2952ee4b18715e0471f;1;1;1;1;;;30;1789692930
2393;Alien Skater;10537;Alien Skater;08a433c181d5112d5254d8e5f45299d1;1;1;;1;;;22;1789692930
2394;Frozen Chandelier;10525;Frozen Chandelier;0356e5bf693c62161e6e214487639a29;1;1;1;1;;;30;1789692930
2395;Fairy Glowstick;10533;Fairy Glowstick;659bc12cf4ced20cea94f4a01813c8ea;1;1;;1;;;22;1789692930
2396;Dynasty Chair;10550;Dynasty Chair;52ae490681054a6472a156a62d0f7d22;1;1;;1;;;22;1789692930
2397;Sky Dragon's Fury;10542;Sky Dragon's Fury;bfef6ea43075a45ce37bddf3728baa90;1;1;;1;;;22;1789692931
2398;Skiphs' Skin;10548;Skiphs' Skin;9cdf48b0bd1a65e46d7a988db3afc0e4;1;1;;1;;;22;1789692930
2399;Star Fruit;10554;Star Fruit;c6bfb1a2d3e30aacfbdad83cec2e4e51;1;1;;1;;;22;1789692931
2400;Amber Tree;10557;Amber Tree;64c9fb4d115b086a0aabe5529d94c33b;1;1;;1;;;22;1789692931
2401;Chlorophyte Brick Wall;10561;Chlorophyte Brick Wall;c185df0b083176ba344214d4fce1a3bb;1;1;;1;;;22;1789692931
2402;Pine Door;10563;Pine Door;2201bc52fcdda6f3dd2da032a7d0dea7;1;1;1;1;;;30;1789692931
2403;Frozen Work Bench;10568;Frozen Work Bench;a23dd34b0b5b28690df048dd2a2f2605;1;1;1;1;;;30;1789692931
2404;Critter Shampoo;10569;Critter Shampoo;f37948e5654df2fb659b296dddb5e9de;1;1;;1;;;22;1789692931
2405;Turtle Cage;10571;Turtle Cage;2af8cb84bf9130cbb71b812e0574f5bb;1;1;;1;;;22;1789692931
2406;Weather Pain;10572;Weather Pain;6ad6df29c6dee8312167919a1ea06c49;1;1;;1;;;22;1789692932
2407;Resonance Scepter;10579;Resonance Scepter;d01040f17e71a304a83364d787895fda;1;1;;1;;;22;1789692932
2408;Announcement Box;10581;Announcement Box;3ff0fae08036c2057597d3edab7774e7;1;1;;1;;;22;1789692932
2409;Banana;10582;Banana;e6f9c347672daae5a2557ae118f44a1e;1;1;;1;;;22;1789692932
2410;Spore Bat;10583;Spore Bat;e290111dd415c012e68e76ce2b5c7ad2;1;1;;1;;;22;1789692933
2411;Desert Tiger (buff);10584;Desert Tiger (buff);0f060b5599f2fb4732be8c9f3aabb187;1;1;;1;;;22;1789692933
2412;Sandfall Wall;10585;Sandfall Wall;6dda31a0968b245c1762ccf17f5a37a0;1;1;;1;;;22;1789692934
2413;Etherian Goblin Bomber;10587;Etherian Goblin Bomber;33a499b5976f13c4b8a0e7ff51cb6039;1;1;;1;;;22;1789692934
2414;Purple thread;10586;Purple thread;3421dd895824f319f91bffd2eb5305c0;;;1;;1;;40;1789692934
2415;Martian Sofa;10595;Martian Sofa;b20d725baafa8ce89efcf49adc4f3f19;1;1;;1;;;22;1789692934
2416;Bone Piano;10601;Bone Piano;adbca00bc8b4cfd11fde00f35838b971;1;1;1;1;;;30;1789692934
2417;Spider Mask;10604;Spider Mask;55b0360e5331d26d35716f9f3cb3efc1;1;1;1;1;;;30;1789692934
2418;Spider Sink;10597;Spider Sink;8ab2cfb63a521dd6ba8576fd43c09c96;1;1;;1;;;22;1789692934
2419;Sharpening Station;10605;Sharpening Station;2b2a76b6413c19212bcc7a08baf30a1d;1;1;;1;;;22;1789692935
2421;Bamboo Table;10606;Bamboo Table;2de2c8b86c7d7317b3f1d256cdb520d1;1;1;;1;;;22;1789692935
2422;Boreal Wood Sofa;10602;Boreal Wood Sofa;914b486624f6255715432987e75b7c56;1;1;1;1;;;30;1789692935
2423;Nebula Bed;10613;Nebula Bed;4211dea5e1dcd98a918f799300167044;1;1;;1;;;22;1789692935
2425;Giant Bat Banner;10611;Giant Bat Banner;ddf228d0c73cc42735629fe4d2f06802;1;1;;1;1;;54;1789692935
2427;Green Dungeon Dresser;10618;Green Dungeon Dresser;f9ce99d8a8ab0120c2e2d4786ae7ffb9;1;1;1;1;;;30;1789692935
2428;Release Lantern;10623;Release Lantern;0195697a3503cc6521c118dba16dc168;1;1;;1;;;22;1789692935
2429;Locked Green Dungeon Chest;10624;Locked Green Dungeon Chest;9d45d7a733a38d0875a1965c0aa3eace;1;1;1;1;;;30;1789692935
2430;Tax Collector's Hat;10643;Tax Collector's Hat;18f4f64d81a4033cd94b4857523c6e18;1;1;;1;;;22;1789692935
2431;Mushroom Platform;10648;Mushroom Platform;7347e36b042cfe58b5de5eb3f3fa682a;1;1;1;1;;;30;1789692935
2432;Music Box (The Towers);10650;Music Box (The Towers);daab8abcd3a011e9436bb8a825d36f74;1;1;;1;;;22;1789692936
2433;Lamia Tail;10651;Lamia Tail;37337f07b1e57db12f9178c03431454e;1;1;;1;;;22;1789692936
2434;Pink Fairy Jar;10652;Pink Fairy Jar;01c9c3c7d17f36d612aba910e769904e;1;1;;1;;;22;1789692936
2435;Martian Lamppost;10655;Martian Lamppost;099913017fe7d3b9b4cf2779244f1fa6;1;1;;1;;;22;1789692936
2436;Funeral Hat;10660;Funeral Hat;31c536669477caee6556fb1d48f76597;1;1;;1;;;22;1789692936
2437;Stardust armour;10657;Stardust armour;dac1c69827a69e622896f50ce7528828;1;1;;1;;;22;1789692936
2438;Expert Mode;10661;Expert Mode;7af9a0cd2b10d3e93e5c712f0d61bc45;1;1;;1;;;22;1789692936
2439;Shroomite Digging Claw;10653;Shroomite Digging Claw;1ed2fb006a7b02b2a1de9d3e9bbcc267;1;1;1;1;;;30;1789692936
2440;Strange Plants;10677;Strange Plants;e01e110f2fb884f8caf7e3eb5941241e;1;1;;1;;;22;1789692937
2441;Bright Pink Dye;10675;Bright Pink Dye;21ce6f011457c9e547b79b865c8c88eb;1;1;1;1;;;30;1789692937
2442;Fruitcake Chakram;10672;Fruitcake Chakram;913cf90a864c5c8dffd92df4de282e25;1;1;1;1;;;30;1789692936
2443;Spider Greaves;10679;Spider Greaves;03b74975aace966d7130d49609fae2de;1;1;1;1;;;30;1789692937
2444;Capricorn Hooves;10686;Capricorn Hooves;81103ad2801fb61f1b9e7c5019f64719;1;1;;1;;;22;1789692937
2446;Lazure's Valkyrie Circlet;10687;Lazure's Valkyrie Circlet;3f6f4e9369de114559c7d772f89b4eef;1;1;;1;;;22;1789692937
2447;Hornet (summon);10693;Hornet (summon);f50e270e92850e5ea29a7453b115759c;1;1;1;1;;;30;1789692937
2448;Solar Brick;10698;Solar Brick;a92c148dd2c6a7670da29dc74d59f134;1;1;;1;;;22;1789692937
2449;Lamia clothes;10696;Lamia clothes;bde99f333000ca5ddf4215ceddd91d0e;1;1;;1;;;22;1789692937
2450;Blue Dynasty Wall;10703;Blue Dynasty Wall;23d973c1a30c4d90ab590304b465beee;1;1;1;1;;;30;1789692937
2452;Milkyway Weaver (Tail);10699;Milkyway Weaver (Tail);3493626a3353e7bbf68b2c0f10b08eeb;1;1;;1;;;22;1789692937
2453;Solar Flare Hammer;10705;Solar Flare Hammer;3c2a8de3dd80df84aa0760d22802a768;1;1;;1;;;22;1789692938
2455;Compound Dyes;10710;Compound Dyes;166f4e60b60366020d9eb1c8a876c209;1;1;1;1;;;30;1789692938
2456;Martian furniture;10713;Martian furniture;aadcc046f2bf15518ae65380c5cb6c3c;1;1;;1;;;22;1789692938
2457;Beetle Minecart;10725;Beetle Minecart;f20a636d6c8cb6268e0f08f9319bf0fb;1;1;;1;;;22;1789692938
2458;Floret Protector set;10712;Floret Protector set;54c74817286e693ad73c253968cde19a;1;1;;1;;;22;1789692938
2459;Lucky (buff);10720;Lucky (buff);409fca851065fc3637786f02c5436d5e;1;1;;1;;;22;1789692938
2460;Angry Dandelion;10730;Angry Dandelion;7f581a20de2b8bd7ed537f54f5db7e9c;1;1;;1;;;22;1789692938
2461;Sandstone Lantern;10736;Sandstone Lantern;bf8252d784a30e41475a804359c8043c;1;1;;1;;;22;1789692938
2462;Royal Scepter;10744;Royal Scepter;834253735fd56ab20c44b760fb6152b0;1;1;;1;;;22;1789692938
2464;Lunatic Cultist Relic;10749;Lunatic Cultist Relic;1429392125040a7226766b569b3b8a49;1;1;;1;;;22;1789692939
2465;Iron Brick Wall;10737;Iron Brick Wall;aab72b08bbf38c596df9cc3f22ef9487;1;1;;1;;;22;1789692939
2466;Rainbow Campfire;10752;Rainbow Campfire;167a00b2985a0a2985541cfca3fe2d97;1;1;;1;;;22;1789692939
2467;Reflective Metal Dye;10750;Reflective Metal Dye;03163650cdf15d55dbe53b41d3955779;1;1;;1;;;22;1789692939
2468;Marble Sink;10753;Marble Sink;e48a98158d07a49f275a5f1df90836b3;1;1;;1;;;22;1789692939
2469;Xmas decorations;10754;Xmas decorations;cafba54345eb41063f5cae9596843502;1;1;1;1;;;30;1789692939
2470;Headless Horseman Banner;10761;Headless Horseman Banner;2fe519316af64ac35b20f13251d591b5;1;1;;1;1;;54;1789692940
2472;Magic Hat;10757;Magic Hat;6f5903ca7c3fd28a0b1097456c345f63;1;1;1;1;;;30;1789692939
2473;Gender Change Potion;10763;Gender Change Potion;17a472f216899e861971ef245b50b57c;1;1;;1;;;22;1789692940
2474;FoodBarbarian's Savage Greaves;10765;FoodBarbarian's Savage Greaves;0866a94ff7818fb148d79cd921e6fd52;1;1;;1;;;22;1789692940
2475;Golf Club (Iron);10764;Golf Club (Iron);8b3ed67c8018d6d612676a1c9f6d4457;1;1;;1;;;22;1789692940
2476;Prince set;10767;Prince set;d8e3971c1ad9c81199b7df190d819d3d;1;1;;1;;;22;1789692940
2477;Angry Tumbler;10769;Angry Tumbler;af2d34c74ec30e48439a9d32b2cbf3c8;1;1;;1;;;22;1789692941
2478;Sinks;10773;Sinks;75a09efcb82de21c7a0da51b297667f1;1;1;;1;;;22;1789692941
2479;Lazer Blazer;10776;Lazer Blazer;259f167d449f64291434eb82b9fbdc8c;1;1;;1;;;22;1789692941
2480;Scutlix Banner;10777;Scutlix Banner;d9dfe6ae263ec013d25188907e3cb3db;1;1;;1;;;22;1789692941
2481;Deep Violet Paint;10783;Deep Violet Paint;172325e75068aa6d87a2738316db7d30;1;1;1;1;;;30;1789692941
2483;Dragonfly;10787;Dragonfly;48f63cb503df1d50950dbdf8c3b84e0c;1;1;;1;;;22;1789692941
2484;Rainbow Piece;10784;Rainbow Piece;07b378a0dfda669ba03cb8a16622c50a;;;;;1;;32;1789692941
2485;Honey Toilet;10788;Honey Toilet;6d88de447b185bfac766b37ca84710bc;1;1;;1;;;22;1789692941
2486;Scythe;10792;Scythe;ba29015816109e1654fa7dedd0ef5e08;;;;;1;;32;1789692942
2487;Granite Sofa;10794;Granite Sofa;ce99356693716a905def012b50ec86ee;1;1;;1;;;22;1789692942
2488;Smooth Marble Block;10797;Smooth Marble Block;c1c8b1ff8594889ca4175465ab1c617a;1;1;;1;;;22;1789692942
2489;Living Ocean Dye;10795;Living Ocean Dye;19fba0421bb1f20d285897118f41b4e0;1;1;;1;;;22;1789692942
2490;Zoologist;10796;Zoologist;dc745cfc3a17915b3591f45fe06144c1;1;1;;1;;;22;1789692942
2491;Rek;10802;Rek;20f06f62ce2999024e6ee68f78cd3b50;1;1;;1;;;22;1789692942
2492;Cenx's Leggings;10807;Cenx's Leggings;7968c720591488c012c98133b5b9f246;1;1;;1;;;22;1789692942
2493;Marble Wall;10809;Marble Wall;e1f0be5c3bdf26ab9c2f455ec90e0503;1;1;;1;;;22;1789692942
2494;Imp (buff);10812;Imp (buff);45bf4af9c21efd15d836a4de59c7ca8b;1;1;1;1;;;30;1789692943
2495;Junonia Shell;10810;Junonia Shell;d26467978c10c97ca3d972cc91c0f48f;1;1;;1;;;22;1789692943
2496;Fire Moss;10814;Fire Moss;b86943802e38020ee9430b0c607de7eb;1;1;;1;;;22;1789692943
2497;Candy Cane Sword;10800;Candy Cane Sword;768facf4a4814ff8c12fd8494b739002;1;1;1;1;;;30;1789692942
2499;Meteorite Platform;10826;Meteorite Platform;e4b18d15dcb8d0b5d6c87268ee94bb25;1;1;;1;;;22;1789692943
2501;Winter Cape;10838;Winter Cape;79ebcae32878622bc5504f802a4aea54;1;1;1;1;;;30;1789692943
2502;Chester;10832;Chester;2074fbf44ff6179f59b43c491cc06b62;1;1;;1;;;22;1789692943
2503;Can Of Worms;10841;Can Of Worms;f75f6ba8a37a9ce302f3941a41ebf7ca;1;1;;1;;;22;1789692944
2505;Teal Golf Ball;10847;Teal Golf Ball;f4a96b3a4a449571c5c00c4f89d7e4fe;1;1;;1;;;22;1789692944
2506;Ice Queen (pet);10855;Ice Queen (pet);0d8603ae60ddd469c0f73f2b3051a4ee;1;1;;1;;;22;1789692944
2507;Horned God Headpiece;10862;Horned God Headpiece;7d55994eef70fbaaf1981d7441222047;;;1;;;;8;1789692944
2508;Spectre Paint Scraper;10856;Spectre Paint Scraper;3d5e543aa6ef2a6165683428b614e186;1;1;1;1;;;30;1789692944
2509;Yellow and Green Lights;10863;Yellow and Green Lights;e22073cfe2559f68aee5962d8a34ac29;1;1;1;1;;;30;1789692944
2510;Palm Wood Breastplate;10865;Palm Wood Breastplate;e6086bca36f0735b4a5467527eac0758;1;1;1;1;;;30;1789692944
2511;1.4.0.1;10864;1.4.0.1;e196c816f7f5a9bb2fa2d6203edbf376;1;1;;1;;;22;1789692944
2512;Yellow Lights;10869;Yellow Lights;be3ba70f0e61eb9e9cfd6ce8e0eb358b;1;1;1;1;;;30;1789692945
2513;Cerebral Mindtrick;10867;Cerebral Mindtrick;cbdaf8bd012557791f3d15071c63c420;1;1;;1;;;22;1789692945
2514;Town;10866;Town;c16dac173aa8377a1c07aed8e0472f7c;1;1;;1;;;22;1789692945
2515;Block Swap;10881;Block Swap;aaed0e52d16ed57bfb5d739b8a9156e5;1;1;;1;;;22;1789692945
2516;Steampunk Lantern;10878;Steampunk Lantern;0a540bc348fb542d97c848fc17bec82d;1;1;;1;;;22;1789692945
2518;Lavafly in a Bottle;10883;Lavafly in a Bottle;a8962bbb375415fc52d2e539d25506e2;1;1;;1;;;22;1789692945
2519;Inner Tube;10886;Inner Tube;95cb89845f7a9196704303a842e115b3;1;1;;1;;;22;1789692945
2520;Corites;10892;Corites;24a3df2091d4ef783f05698f5c60c95f;1;1;;1;;;22;1789692945
2521;Enchanted Nightcrawler Cage;10895;Enchanted Nightcrawler Cage;a5af47f124a5d384326844d27659c29a;1;1;;1;;;22;1789692945
2522;Geode;10894;Geode;d34254a75b8a381514c3b4aeaf634519;1;1;;1;;;22;1789692945
2523;Maid Shoes;10898;Maid Shoes;12ecd483a07258ef9bd1a49621a19b2e;1;1;;1;;;22;1789692946
2524;Mining;10902;Mining;efdd60c5f1997dc427101df42ff74cf2;1;1;1;1;;;30;1789692946
2525;Sandstone Bed;10905;Sandstone Bed;e85792b33a63607fd4f82bac6b1497ff;1;1;;1;;;22;1789692946
2526;Slimy Saddle;10903;Slimy Saddle;d2a398ca3d939ae06afe3a489c38dd21;1;1;1;1;;;30;1789692946
2528;Hellstone Crate;10912;Hellstone Crate;a8234dfdfa124a23783a77a0378dd868;1;1;;1;;;22;1789692946
2529;Autosave On;10915;Autosave On;2439c9d6a0e41e730d29a48e872ab932;1;1;;1;1;;54;1789692946
2530;Slime is falling from the sky!;10919;Slime is falling from the sky!;6a072b6712f7dd68129033ad21e9dcd6;1;1;;1;;;22;1789692946
2531;Brown and Silver Dye;10920;Brown and Silver Dye;4dd7e5071343512637d91b2e2c973e6f;1;1;;1;;;22;1789692947
2532;Obsidian Sink;10930;Obsidian Sink;4d402795174a03e02e73422bed93604a;1;1;;1;;;22;1789692947
2533;Shinobi Infiltrator's Helmet;10927;Shinobi Infiltrator's Helmet;3232718b85aaa495bc114bcbaa775daa;1;1;;1;;;22;1789692947
2534;Horn 'o' Plenty;10931;Horn 'o' Plenty;33ef422d3b2728195ccb7f05eadaf76a;;;;;1;;32;1789692947
2535;Martian Walker;10934;Martian Walker;04faf3ac3851383f3761b168cb00e88f;1;1;;1;;;22;1789692947
2536;Forest Pylon;10932;Forest Pylon;25de18586c43fc2a7b3c1fc6a9fd4cdc;1;1;;1;;;22;1789692947
2537;Orange Pressure Plate;10936;Orange Pressure Plate;3838b2444fe1b76780ff9418db0998a6;1;1;;1;;;22;1789692947
2538;Prince Pants;10944;Prince Pants;3bc33246e07da99025066b3e5963f4b7;1;1;;1;;;22;1789692947
2539;Distorted;10942;Distorted;a1c039d3bd27a102d2f9135a16e04786;1;1;;1;;;22;1789692947
2540;Lightning Aura;10950;Lightning Aura;97b6bb70e97e59ff729491d518e6adae;1;1;;1;;;22;1789692947
2541;Bright Brown Dye;10954;Bright Brown Dye;8886097013dd90ede501a01630977b25;1;1;;1;;;22;1789692947
2542;Fairy Boots;10960;Fairy Boots;1a0f4eaad72b48a5a0dac82b6f9f28c4;1;1;;1;;;22;1789692947
2544;Blue Golf Ball;10962;Blue Golf Ball;e8bb8216412da22d8655e413da1eab75;1;1;;1;;;22;1789692948
2545;Diamond Gemspark Wall;10969;Diamond Gemspark Wall;a46939f04a6a3a2c24e11ba28f8cea25;1;1;1;1;;;30;1789692948
2546;Worn Golf Club (Putter);10963;Worn Golf Club (Putter);2ed57c454518cb1f2f39be5d90e823e7;1;1;;1;;;22;1789692948
2547;Flesh Chest;10972;Flesh Chest;a46e8dbc715f6e57a08d1783088a4574;1;1;;1;;;22;1789692948
2548;Solar Flare Axe;10968;Solar Flare Axe;52be8a929570600bd38aef0bcb81db08;1;1;;1;;;22;1789692948
2549;Corrupt Mass Wall;10975;Corrupt Mass Wall;e0f73000a378764bcdde9dbbc6d27109;1;1;;1;;;22;1789692948
2550;Malaise;10971;Malaise;0a330aa29aa4feb2dc237cfa4cf7cf87;1;1;;1;;;22;1789692948
2551;Lesion Chandelier;10976;Lesion Chandelier;43a7f0911c7a1bcede5f6002b7918c25;1;1;;1;;;22;1789692948
2552;Boreal Wood Hammer;10978;Boreal Wood Hammer;057afa8210a9639390f1318ffaba3a26;1;1;1;1;;;30;1789692948
2553;Golden Lamp;10979;Golden Lamp;42d666185844e66328132b292e28559b;1;1;1;1;;;30;1789692948
2554;King Slime Relic;10980;King Slime Relic;b627fd161a9f0ccd73e628a2e3d2cfe1;1;1;;1;;;22;1789692948
2555;Boreal Wood Work Bench;10986;Boreal Wood Work Bench;c9aa1198b9eb1d390fcd98bcc038aaee;1;1;1;1;;;30;1789692948
2556;Explosive Trap;10981;Explosive Trap;b56055e0f831174da2977ee1b1162258;1;1;;1;;;22;1789692948
2557;Mirage Crate;10989;Mirage Crate;bf78372c360339088db2f1df229ad581;1;1;;1;;;22;1789692948
2558;Maroon Graduation Gown;10993;Maroon Graduation Gown;a3420adfe82eafe6f03d2aa67811cc3b;1;1;;1;;;22;1789692948
2559;Logic Gate;10994;Logic Gate;c58bbd8c7a6859e52bac33203b04f184;1;1;;1;;;22;1789692949
2561;Yoraiz0r's Uniform;10998;Yoraiz0r's Uniform;21df1a9c8213eb006ceefc10d3f56a26;1;1;;1;;;22;1789692949
2562;505 Topper;11002;505 Topper;b1dba3f079d7183ab5790ef1409ebdf8;;;1;;;;8;1789692949
2563;Potted Hallow Tree;11004;Potted Hallow Tree;5ae671591e59769b8f86eb239ae28e3b;1;1;;1;;;22;1789692949
2564;Potted Crystal Spiral;11007;Potted Crystal Spiral;c1d49254bedf43cbc5e6cf15abc7805e;1;1;;1;;;22;1789692949
2565;Spectre Goggles;11012;Spectre Goggles;8166b8f271c20af6181c93164db15b27;1;1;;1;;;22;1789692949
2567;Lamia Banner;11016;Lamia Banner;44377e5272d4a994bd145e311f62d694;1;1;;1;;;22;1789692949
2568;Stardust furniture;11018;Stardust furniture;c4a34a014ef48e688b27884aa288f6d1;1;1;;1;;;22;1789692949
2569;Crimson Crate;11013;Crimson Crate;472b626c5cfce3ac31428f13a7a3e3c6;1;1;;1;;;22;1789692950
2570;Creeper Egg;11020;Creeper Egg;1d9b3fdad50be4173356359a2aff52dc;1;1;;1;;;22;1789692950
2571;Heart Hairpin;11023;Heart Hairpin;40857144292a3ea9489625b0405b5209;1;1;;1;;;22;1789692950
2572;Spooky Bed;11027;Spooky Bed;7cc37c883e08933e737ecd77692828d3;1;1;1;1;;;30;1789692951
2573;Potted Hallow Cedar;11024;Potted Hallow Cedar;e54709ce202463e364e72c8c47b6a948;1;1;;1;;;22;1789692951
2574;Vile Ghoul;11030;Vile Ghoul;8ccc210036959ea5d91f733ca89672d5;1;1;;1;;;22;1789692951
2575;Violet Flower Seeds;11034;Violet Flower Seeds;47698e49e90674228a4ab147706760bf;1;1;;1;;;22;1789692951
2576;Moon Lord Relic;11032;Moon Lord Relic;9c09c9b74d4f4173fa2080f271d8e6df;1;1;;1;;;22;1789692951
2577;Music Box (Storm);11036;Music Box (Storm);bb103dc58325dabf88224d0d477b8b7d;1;1;;1;;;22;1789692951
2578;Cherry;11038;Cherry;7b75d91d2856e9e74fe7cfbb857dcf2f;1;1;;1;;;22;1789692951
2579;Skyware Chandelier;11042;Skyware Chandelier;836c9eea81b22bed990b969cb9407537;1;1;;1;;;22;1789692951
2580;Blue and Black Dye;11041;Blue and Black Dye;4f7fa831a5775fbf4e48f0042895ab0b;1;1;1;1;;;30;1789692951
2581;Drakin Banner;11043;Drakin Banner;aca11ba2e89053d5fcbf0e2187a1012f;1;1;;1;;;22;1789692952
2582;P.D.A.;11051;P.D.A.;c18719a2efd216e90fe8cd4e1f64e86d;1;1;;1;;;22;1789692952
2583;Diseaster Bunnies;11052;Diseaster Bunnies;cf979094637cd4f737f57b1e27c707c2;;;;;1;;32;1789692952
2584;Void Dye;11055;Void Dye;75cc4296932440885a563a69e197fccb;1;1;;1;;;22;1789692952
2585;Stardust Bookcase;11057;Stardust Bookcase;e13ed095ad69403f1c3f9fcceefd1aa2;1;1;;1;;;22;1789692952
2586;Dead Man's Sweater;11066;Dead Man's Sweater;d907e354758d5c524c8a57f39ddbbcf3;1;1;;1;;;22;1789692952
2587;Vile Crystal Shard;11083;Vile Crystal Shard;a35d8d2df93568a8520a28f9727fa29f;1;1;;1;;;22;1789692952
2589;Spiked Jungle Slime Banner;11093;Spiked Jungle Slime Banner;935b6a5111ca73ffb7e5f884af6917c2;1;1;;1;;;22;1789692953
2590;Paint Roller;11094;Paint Roller;07efb1f6ce899612c8867263574de010;1;1;1;1;;;30;1789692953
2591;Hand Warmer;11097;Hand Warmer;300fc191e4ad15a3dfdf15ec39358e58;1;1;1;1;;;30;1789692953
2592;Void Vault;11098;Void Vault;80789bc42ab4fbd43939d19005a7386d;1;1;;1;;;22;1789692953
2593;Basilisk Banner;11102;Basilisk Banner;62ff09f915d69972e6fc4f49ca5e68d3;1;1;;1;;;22;1789692953
2594;Lead Brick;11109;Lead Brick;ed6e50b3ac7b0ab1e3d613cd38af8a4a;1;1;;1;;;22;1789692953
2595;Slime Sink;11104;Slime Sink;437d75072de7f528a0431d577e0cc13a;1;1;;1;;;22;1789692954
2598;Campsite;11117;Campsite;e421433458c813de096a4876461db285;1;1;;1;;;22;1789692954
2599;Old One's Skeleton Banner;11120;Old One's Skeleton Banner;496dfcbb4d845455a9e4254fb8242af6;1;1;;1;;;22;1789692954
2600;Itsy Betsy;11122;Itsy Betsy;7c2ba811b03989487ea69a69fb1f17f2;1;1;;1;;;22;1789692954
2601;Magic Conch;11123;Magic Conch;f93b3c0b2e4fc72e7067de5c5efe67eb;1;1;;1;;;22;1789692955
2602;Nebula Helmet;11126;Nebula Helmet;b511400da68657669e17d3b3583ec3f3;1;1;;1;;;22;1789692955
2603;Pet Bat;11124;Pet Bat;6924d64e47b8138ec048a7dd0f5ed351;;;1;;1;;40;1789692955
2604;Moon God;11132;Moon God;b29a8899b1f4d8430a5028c98edcc5d3;1;1;;1;;;22;1789692955
2605;Settings;11129;Settings;f4f70727dc34561dfde1a3c529b6205c;1;1;;1;1;;54;1789692955
2606;Bouncy Slime;11130;Bouncy Slime;5ad743dcf171f853d2e8277de378d728;1;1;;1;;;22;1789692955
2607;Ragged Caster Banner;11133;Ragged Caster Banner;2429363356bddc399ff310bd6a890933;1;1;;1;;;22;1789692955
2608;Crawdad Banner;11128;Crawdad Banner;12ee178ca004ef4bb330203f87eceebb;1;1;;1;;;22;1789692955
2609;The Groom Banner;11137;The Groom Banner;8faca1825d9c86f8a215955026954ed9;1;1;;1;;;22;1789692955
2610;Magic Water Dropper;11139;Magic Water Dropper;fb77c9360d567f9c999bf837ede362a5;1;1;;1;;;22;1789692956
2611;Pet Turkey (buff);11141;Pet Turkey (buff);87a13eb1036ebea8662d18eb11d70d37;;;;;1;;32;1789692956
2612;Sand Poacher Banner;11145;Sand Poacher Banner;f752c6de8036f89410b4b914a8e72d0d;1;1;;1;;;22;1789692956
2613;Web Rope Coil;11146;Web Rope Coil;f4e1be34c10a1b8c11fb43b38da71e24;1;1;;1;;;22;1789692956
2614;Spooky Candelabra;11150;Spooky Candelabra;68733c2443e0e38a0a3e5158a2852b74;1;1;1;1;;;30;1789692956
2615;Sturdy Fossil;11158;Sturdy Fossil;3a33e529493c0b47b0352d0487b57037;1;1;;1;;;22;1789692956
2616;Yellow and Black Dye;11152;Yellow and Black Dye;4d6d58bc581434bcd45165b52b3a36cb;1;1;1;1;;;30;1789692956
2617;Sandcastle;11151;Sandcastle;9f1c1c6a4e87adde4d48db3bae2640f7;1;1;;1;;;22;1789692957
2618;Music Box (Underground Hallow);11162;Music Box (Underground Hallow);a38cfd362509e858d5914aeaaa170e3d;1;1;1;1;;;30;1789692957
2619;Amethyst Tree;11163;Amethyst Tree;8d1a09fcbd86e886afe6cdc11bcfd9fb;1;1;;1;;;22;1789692957
2620;Hallowed Underground Desert;11166;Hallowed Underground Desert;b4910dfd816ca02e87639f4ac12b4124;1;1;;1;;;22;1789692957
2621;Dark Side of the Hallow;11167;Dark Side of the Hallow;89e2f03064b806d34f871bf0dbfac154;1;1;;1;;;22;1789692957
2622;Bonus drops;11170;Bonus drops;3b16dba4b9b4a4297bab9317e96902d1;1;1;;1;1;;54;1789692957
2623;Map Enabled;11173;Map Enabled;82ff8a5f7a817041f9929c49a9addfd6;1;1;;1;1;;54;1789692957
2624;Grapes;11175;Grapes;af9d7c5a9abb28d05ac503a846ab3d3a;1;1;;1;;;22;1789692957
2625;Ancient Light;11174;Ancient Light;666b718d71fcc17dbfc30ef70c28ad1a;1;1;;1;;;22;1789692957
2626;Music Box (Empress Of Light);11172;Music Box (Empress Of Light);12241a927e51373ecedd4431c0452596;1;1;;1;;;22;1789692957
2627;Titanium Crate;11178;Titanium Crate;74606dcdc4151d2a65285e47dd174d62;1;1;;1;;;22;1789692957
2628;Trapped Locked Jungle Chest;11179;Trapped Locked Jungle Chest;0c34af699a839b186ac36aa6f65e1ebb;1;1;;1;;;22;1789692957
2629;Star Hairpin;11180;Star Hairpin;1b3b47ce8c824803674ec82d51d9e434;1;1;;1;;;22;1789692957
2630;Spider Candle;11181;Spider Candle;1e0df5de23d03765dcc42486595a49c9;1;1;;1;;;22;1789692958
2631;Dynasty Chest;11194;Dynasty Chest;88da34406de722474fdb0ad7bb745f70;1;1;;1;;;22;1789692958
2632;Solar Blaze;11195;Solar Blaze;a7e49b13288cceeb32e699bd2a104083;1;1;;1;;;22;1789692958
2633;Capricorn set;11193;Capricorn set;68e823771006a15722828c53b6c3b9d1;1;1;;1;;;22;1789692958
2634;Corrupt Pustule Wall;11199;Corrupt Pustule Wall;8cb6879ac9cb9546bb068d1608e8d5dc;1;1;;1;;;22;1789692958
2635;Spirit Flame;11201;Spirit Flame;59951d72b26040089ab23c6e663f7b6c;1;1;;1;;;22;1789692958
2637;Golf Trophy;11202;Golf Trophy;ebe529ad6d99f3bbdf8747ba79deae89;1;1;;1;;;22;1789692958
2638;Stone Platform;11210;Stone Platform;3c461ef91d3ff708872914fa9206ce55;1;1;;1;;;22;1789692958
2639;Nebula armour;11204;Nebula armour;049f79045f63110b99810e8c09039045;1;1;;1;;;22;1789692958
2640;1.3.3.3;11221;1.3.3.3;892368a07abdb5fa401f9716a045bbe9;1;1;;1;;;22;1789692958
2641;1.2.2;11223;1.2.2;bf701dae9aff5bb22b8f000dc9bf6199;1;1;1;1;;;30;1789692958
2642;Saucer Turret;11224;Saucer Turret;057b264f1d8b7bd64b95be6542f0d2d6;1;1;;1;;;22;1789692959
2643;Gold Fish Bowl;11229;Gold Fish Bowl;d3bb62e662aaf5fbb0386ba056d2e562;1;1;;1;;;22;1789692959
2644;Liquid Sensor (Water);11230;Liquid Sensor (Water);9b288cac5081d7bba391d62b5793ab5a;1;1;;1;;;22;1789692959
2646;Yellow and Green Bulb;11235;Yellow and Green Bulb;4d3a8690a661005fc74c7877d5f807a8;1;1;1;1;;;30;1789692959
2647;Sponges;11241;Sponges;5d1aabcb4a6a91c7bb867d24c30dd74a;1;1;;1;;;22;1789692959
2648;Snowfall;11236;Snowfall;2e7e160d777547dc8fb7fbc591e7b975;1;1;;1;;;22;1789692959
2649;Golden Work Bench;11244;Golden Work Bench;d0034d9db2279f4550bc0ed545e55e6b;1;1;;1;;;22;1789692959
2650;Pedguin's set;11238;Pedguin's set;a96827002eb0cd8a627cff0264fcff25;1;1;;1;;;22;1789692959
2651;Parka Outfit;11247;Parka Outfit;0147f4dc2a911a9c9ace0d78ff85625a;1;1;1;1;;;30;1789692960
2652;Santank Mount;11249;Santank Mount;f017ff4b3ac8ee3714b0b8eddc18fda4;1;1;;1;;;22;1789692960
2653;Boreal Wood Table;11251;Boreal Wood Table;8418f2ad1c08a7e9e28ceda3bfc1668c;1;1;1;1;;;30;1789692960
2654;Hallow Wall;11252;Hallow Wall;83fc2570339ec2088d2936e0eba3cddc;1;1;;1;;;22;1789692960
2655;Phantasmal Dragon;11253;Phantasmal Dragon;0965a6f545fea436f43a589dd3dc98e1;1;1;;1;;;22;1789692960
2656;Forbidden Fragment;11255;Forbidden Fragment;a043341a17d547fb49462b803727ccd8;1;1;;1;;;22;1789692960
2657;Rainbow String;11258;Rainbow String;6675daa3ec343535222aff34dac148de;1;1;;1;;;22;1789692960
2658;Nebula Drill;11259;Nebula Drill;d3e3fcf44d349fc81ad3a63782b82790;1;1;;1;;;22;1789692960
2659;Defender Medal;11260;Defender Medal;f9294559ec013f38c48c23fbc012b04f;1;1;;1;;;22;1789692960
2660;Fallen Tuxedo set;11266;Fallen Tuxedo set;671e36871b5d233c1a6ae3e18c582275;1;1;;1;;;22;1789692960
2661;Otherworldly Music Box (The Towers);11269;Otherworldly Music Box (The Towers);2c56b5afb4794690a2643c665bf81876;1;1;;1;;;22;1789692960
2662;Deep Sky Blue Paint;11262;Deep Sky Blue Paint;8e3e7797713806838a4d5a5da6075340;1;1;1;1;;;30;1789692960
2664;White Garland;11267;White Garland;edbf96b819eb648552a9dc8fd316975a;1;1;1;1;;;30;1789692961
2665;Green Fairy;11270;Green Fairy;242f5bbd42a90e31380a4ba0c941146e;1;1;;1;;;22;1789692961
2666;Steam Workshop;11271;Steam Workshop;52630f138149ce80da0a5fb870034667;1;;;;;;2;1789692961
2667;Grey Paint;11280;Grey Paint;44a28550eb5dce3b8567baba532ba1fb;1;1;1;1;;;30;1789692961
2668;Rain set;11278;Rain set;80b1b6ae8c4248fd78e483d57dd88cbf;1;1;;1;;;22;1789692961
2669;Cup;11286;Cup;234782fd089cf4486e960fa0c570f590;1;1;1;1;;;30;1789692961
2670;Hair Dyes;11276;Hair Dyes;43b3b309c8b201487a91a76fadd922f9;1;1;1;1;;;30;1789692961
2671;Frost Core;11277;Frost Core;7e082b73de07d253dcdab81c35f6f16e;1;1;1;1;;;30;1789692961
2672;White String;11287;White String;c0732bddebab86d70aa7ef4080ff0b82;1;1;;1;;;22;1789692961
2673;Cenx's set;11283;Cenx's set;70c2a9c8a5e91c0724a770e1b42b6d28;1;1;;1;;;22;1789692961
2674;S.D.M.G.;11275;S.D.M.G.;6b3f7f203068b1ac88e5df9f7aba674a;1;1;;1;;;22;1789692961
2675;Stardust Helmet;11288;Stardust Helmet;86da5d24e1ac4fed8c2b728742e7acbd;1;1;;1;;;22;1789692961
2676;Blue Fairy Jar;11293;Blue Fairy Jar;86668daaf60ec67261ac70ab9c0f003f;1;1;;1;;;22;1789692961
2678;Jims clothes;11291;Jims clothes;982b284ddc45e4aa1c5e069d9c7c401d;1;1;;1;;;22;1789692961
2679;Music Box (Ice);11297;Music Box (Ice);ff410ee53e63453464b42f7e29cba5d9;1;1;1;1;;;30;1789692961
2680;Deerclops Mask;11309;Deerclops Mask;dca75e6a5a3c3c99b1fdf58ed79eda73;1;1;;1;;;22;1789692962
2681;Pearlwood Toilet;11305;Pearlwood Toilet;ce7a17d3b4e149242a941eece737c5c9;1;1;;1;;;22;1789692962
2682;Withered Weapon;11300;Withered Weapon;3f658df46d9840d95d87219c16328507;1;1;;1;;;22;1789692962
2683;Living Wood Toilet;11315;Living Wood Toilet;3a146ce9a484385622508c95408924ef;1;1;;1;;;22;1789692962
2684;Rolling Cactus;11320;Rolling Cactus;87c5c65604188545f5d22153b2ab517d;1;1;;1;;;22;1789692962
2685;Celestial Tower;11324;Celestial Tower;35e16ed599a826c6ecbbfeb2f419b9d0;1;1;;1;;;22;1789692962
2686;Purity;11322;Purity;e0be9845c9467a0ff4f906b754fc532d;1;1;;1;;;22;1789692962
2687;Dragon Greaves;11329;Dragon Greaves;5217a7c0444df07799ff0efa1fcd433b;;;1;;1;;40;1789692962
2689;Logic Gate Lamp;11338;Logic Gate Lamp;eebad4de52159563f8601107c956253b;1;1;;1;;;22;1789692962
2690;Lesion Lantern;11341;Lesion Lantern;9e919ced51a50ab5c3a415415849cf22;1;1;;1;;;22;1789692962
2691;Purple Mucos;11339;Purple Mucos;540ee5949526cd04c426c3bdcdf081c4;1;1;1;1;;;30;1789692962
2692;Loki's Greaves;11344;Loki's Greaves;0f1bca0470c4ab07185c4e83b6f345c3;1;1;;1;;;22;1789692962
2693;Golden Candle;11351;Golden Candle;5e6363090141a1dba9993b86764bcd3d;1;1;1;1;;;30;1789692962
2694;Dungeon Crate;11352;Dungeon Crate;632798d147f0b6e327da6c31d4cbc39f;1;1;;1;;;22;1789692962
2695;Golden Bathtub;11356;Golden Bathtub;ccc11fdc544393a2f061ecdb3d3587d1;1;1;1;1;;;30;1789692963
2696;Shark Pup;11355;Shark Pup;4912a4245b88dc72c6832f54c3dec21e;1;1;;1;;;22;1789692963
2697;Walking Stick;11350;Walking Stick;5fb2cff608b1623035c070e43c9f40de;;;;;1;;32;1789692963
2698;Crimsandstone;11357;Crimsandstone;409fd736b747517d610bee575efaeac6;1;1;;1;;;22;1789692963
2699;Giant Flying Fox Banner;11366;Giant Flying Fox Banner;89d98072429d11cc88de82732500fcc4;1;1;;1;;;22;1789692963
2700;Boreal Wood Bed;11369;Boreal Wood Bed;c8a55e008826791e167692b885bf23a9;1;1;1;1;;;30;1789692963
2701;Mushroom Bookcase;11375;Mushroom Bookcase;56fdf5c59b5f85ee5b0a91ca87ebd30b;1;1;1;1;;;30;1789692963
2702;Marble Chandelier;11380;Marble Chandelier;e10ecb637271b61789435220b9fffc0a;1;1;;1;;;22;1789692963
2703;Stardust Door;11379;Stardust Door;e09587f32f26d77a72979507276cc3e6;1;1;;1;;;22;1789692963
2704;1.3.1;11370;1.3.1;54acb57afb70110fb7f8e1de35e176b4;1;1;;1;;;22;1789692963
2705;Silver and Black Dye;11386;Silver and Black Dye;55c81ae7073e5aca218c2b6ccfdda50d;1;1;;1;;;22;1789692963
2706;Wandering Geta;11389;Wandering Geta;f884920494dcab5d439896ab03b54b1a;1;1;;1;;;22;1789692963
2707;Tavernkeep;11392;Tavernkeep;6a63f16ee42142af7ebc56ec7975a577;1;1;;1;;;22;1789692964
2708;Enchanted Nightcrawler;11396;Enchanted Nightcrawler;4cf429dceb99100a1224ea0be43ce03a;1;1;;1;;;22;1789692964
2709;Blood Water;11397;Blood Water;520b3f0b477563499eaae04c604b22b4;1;1;;1;;;22;1789692964
2710;Silly Sunflower set;11391;Silly Sunflower set;599ee243510329ff8273ff4e11da0900;1;1;;1;;;22;1789692964
2711;Steampunk Minecart;11401;Steampunk Minecart;52f04e2f9969b828496b92387d3e58cf;1;1;;1;;;22;1789692964
2713;Fireworks Box;11409;Fireworks Box;ec80053ea689685e7ee318ac9e7ab99c;1;1;1;1;;;30;1789692965
2714;Green Paint;11411;Green Paint;af1278e4fc9128f8d751b5c866874e2e;1;1;1;1;;;30;1789692965
2715;Pedguin's Jacket;11419;Pedguin's Jacket;4194c730ca5045b058eb09bfe019bb01;1;1;;1;;;22;1789692965
2716;George's Hat;11417;George's Hat;bfe251140914a1ef868e3704f2c39066;;;1;;1;;40;1789692965
2717;Bunny Kite;11416;Bunny Kite;32b5b80601895b5b3dd0bbbb0347a987;1;1;;1;;;22;1789692965
2718;Martian Drone Banner;11423;Martian Drone Banner;045e5c2dae25d55667f534d405907b48;1;1;;1;;;22;1789692965
2719;Guide to Critter Companionship;11424;Guide to Critter Companionship;eadafdf99c941012b377bb362130d603;1;1;;1;;;22;1789692965
2721;Skiphs' set;11431;Skiphs' set;f5d850ccb4be586adff676b4c8391952;1;1;;1;;;22;1789692966
2722;Team Platforms;11433;Team Platforms;9c6c63416174465e5e06e2fee25abc2b;1;1;;1;;;22;1789692966
2723;Purple String;11429;Purple String;39532b1ef1bdb159e1f8ec42d3b0a7e7;1;1;;1;;;22;1789692966
2724;Silly Sunflower Tops;11435;Silly Sunflower Tops;2293ba7227e759344e146f1b2aa39a07;1;1;;1;;;22;1789692966
2725;Souls of Blight;11432;Souls of Blight;09e6e3420175eff63ed9e95c12f1f0e5;;;1;;1;;40;1789692966
2726;Titan;11437;Titan;e2bb3f9679fec6d4836fcf8abcc3eeac;1;1;1;1;;;30;1789692966
2727;Jim's Breastplate;11439;Jim's Breastplate;5c7ed1770d4e25126deb251b2b4e7e24;1;1;;1;;;22;1789692966
2728;Cape;11441;Cape;679355c6c670c65aeddd96d9724159f2;1;1;1;1;;;30;1789692966
2729;Solar Flare Chainsaw;11443;Solar Flare Chainsaw;1094d2cc017fa5e0c757a42643a369e3;1;1;;1;;;22;1789692966
2730;Ice Floe Wallpaper;11446;Ice Floe Wallpaper;f3ebfb8865eccefaaa3957532fa6196e;1;1;1;1;;;30;1789692966
2731;Slime Toilet;11452;Slime Toilet;5817ed19b2dd2daf4148d41c9a9a816b;1;1;;1;;;22;1789692966
2732;Hallowed Wall;11451;Hallowed Wall;3bd6af4724507d6aa0209f08dfd1ca5a;1;1;;1;;;22;1789692966
2733;Bee Minecart;11453;Bee Minecart;a7aa192305a86d4c171380422c95e411;1;1;;1;;;22;1789692966
2734;Music Box (Eerie);11454;Music Box (Eerie);0d6a77c51292c1193f7ff4be3561d1f1;1;1;1;1;;;30;1789692966
2735;Granite Golem Banner;11455;Granite Golem Banner;c03b480637b6c604aa12b2ba064c509f;1;1;;1;;;22;1789692966
2736;Stardust Work Bench;11460;Stardust Work Bench;dcbfc47e86433aebb032fe1c89c8459d;1;1;;1;;;22;1789692967
2737;Elfa;11457;Elfa;870bbd09327571fd4c16ac4fed9d042c;;;;;1;;32;1789692967
2738;Sitting Duck's Fishing Pole;11459;Sitting Duck's Fishing Pole;45d72ec25de06b5bc066b4b8f3db9438;1;1;1;1;;;30;1789692967
2739;Autosave;11461;Autosave;0cc5d0ddd0ea34a8490e6e7fdb2cf924;1;1;;1;1;;54;1789692967
2740;Hallow Pylon;11467;Hallow Pylon;a535e190ba1417a5d9c123644631dc52;1;1;;1;;;22;1789692967
2741;Storm Diver;11465;Storm Diver;6aa501054964fe4ef65b8b9e30424d73;1;1;;1;;;22;1789692967
2742;Magic Honey Dropper;11474;Magic Honey Dropper;1c0520201da62a7174171f34e0ca8c32;1;1;;1;;;22;1789692967
2743;Dragon Hornet;11476;Dragon Hornet;3886693473dcb65f171e9007159d75cb;;;1;;1;;40;1789692967
2745;Meteorite Chest;11477;Meteorite Chest;a58d4155769a6374321477c9adcf3327;1;1;;1;;;22;1789692967
2746;Lightning Aura Staff;11482;Lightning Aura Staff;2b0c17bebe20e55e8e9aec565f04c8bc;1;1;;1;;;22;1789692967
2747;Destroyer Relic;11483;Destroyer Relic;61066e7140031e11ff66577b3fd5a46b;1;1;;1;;;22;1789692967
2749;Blue Fairy;11489;Blue Fairy;01a005f9f1ebbe4730bb0c5f1dc2a846;1;1;;1;;;22;1789692967
2750;Streamer items;11490;Streamer items;016a2dd7efde354943028cc057631e81;1;1;;1;;;22;1789692967
2751;Ninja armor;11473;Ninja armor;53401674ca593f224f218eff22a6d164;1;1;;1;;;22;1789692967
2752;Silk Rope Coil;11493;Silk Rope Coil;9549e05dd02a9db327a6c8e179eb38cf;1;1;;1;;;22;1789692968
2753;Fancy Picnic Table;11494;Fancy Picnic Table;6c59fda214ecdf3f012aa0593ae10585;1;1;;1;;;22;1789692968
2754;Stylish Scissors;11497;Stylish Scissors;f179d57f7f509625a9015804d0b9fa3f;1;1;;1;;;22;1789692968
2755;Team Block;11505;Team Block;55e6413cfb3750436d967ad2c5d02f6f;1;1;;1;;;22;1789692968
2756;Glass Chest;11512;Glass Chest;279140b9dc3444780058168a5827fef6;1;1;;1;;;22;1789692968
2757;Albino Antlion Banner;11511;Albino Antlion Banner;4ed1125f79548dc64022a380568685c2;;;1;;;;8;1789692968
2758;Steak;11510;Steak;e6a0ec03e2438e4b0d269f90a2d43e8b;1;1;;1;;;22;1789692968
2759;Granite Bed;11513;Granite Bed;0b4590e96b4bd2aaa57464cda33abc62;1;1;;1;;;22;1789692968
2760;Hardcore;11515;Hardcore;1c800aa97116d9afd83204d65d50199a;1;1;1;1;;;30;1789692968
2761;Green Counterweight;11517;Green Counterweight;2f2029b9cf7a88785f97382945f84167;1;1;;1;;;22;1789692968
2762;Bone Clock;11518;Bone Clock;8c6bd070a3a9f216401b78b361e9fe73;1;1;1;1;;;30;1789692968
2763;Ebonwood Sink;11519;Ebonwood Sink;cf80edea3f5bd0a9283b1efb48359c11;1;1;;1;;;22;1789692969
2764;Otherworldly Music Box (Ice);11522;Otherworldly Music Box (Ice);83571bff8850b2a663606d11e6f05f53;1;1;;1;;;22;1789692969
2765;Rough Dirt Wall;11525;Rough Dirt Wall;ed48aecefcc80f4a7d86bc6ff07e4a15;1;1;;1;;;22;1789692969
2766;Blood Rain Bow;11523;Blood Rain Bow;d51c43056defffb52e77d2474ebee282;1;1;;1;;;22;1789692969
2767;Mushroom Piano;11533;Mushroom Piano;28da16c9eb158b761a5ebfae150d3eb0;1;1;1;1;;;30;1789692969
2768;Happiness;11534;Happiness;edccf286ccd738e8c4fc1ed56e10aced;1;1;;1;;;22;1789692969
2769;Vortex Candelabra;11538;Vortex Candelabra;761ccf1c0cfd472d86a169d96356d3ab;1;1;;1;;;22;1789692969
2770;Shiren Pants;11539;Shiren Pants;4304c6ba1c18281c49db2f4a09bf6331;;;;;;1;1;1789692969
2771;Spectre Bar;11549;Spectre Bar;fa782bc1f9e4a441e1e41cbb2ba2a85b;1;1;;1;;;22;1789692969
2772;Conveyor belts;11547;Conveyor belts;a7bd0552cea26cfead99259778d45c81;1;1;;1;;;22;1789692969
2773;Music Box (Space Day);11545;Music Box (Space Day);518d24ec35acad358cef74bb15e82cb3;1;1;;1;;;22;1789692970
2774;White and Red Bulb;11550;White and Red Bulb;7e15026bf3183563f226a18820e1341f;1;1;1;1;;;30;1789692970
2775;Pogo Stick Mount;11551;Pogo Stick Mount;6280c550831d68bd38d554944c1f9703;1;1;;1;;;22;1789692970
2776;Spectre Paint Roller;11555;Spectre Paint Roller;59221db256c1e1a0e80f316f1693a33a;1;1;1;1;;;30;1789692970
2777;Dune Splicer (Head);11556;Dune Splicer (Head);146f7ab9ebdc59629694cef3da1e5ede;1;1;;1;;;22;1789692970
2778;Deadly Sphere Banner;11560;Deadly Sphere Banner;9e2a7aa93bf7a325fa4ae0b58ba3f0f6;1;1;;1;;;22;1789692970
2779;Bamboo;11564;Bamboo;515128d4d2783fc476a5680a22fb7fb1;1;1;;1;;;22;1789692970
2780;Thunder Zapper;11561;Thunder Zapper;0146804ed54b0e76166a6a811d609555;1;1;;1;;;22;1789692970
2781;Sea Snail Banner;11566;Sea Snail Banner;a7dfbe7637aa65e309d94b4459d8eda1;1;1;;1;;;22;1789692970
2782;Honeyed Goggles;11573;Honeyed Goggles;ed5fb1e4c6a87b048e4b4e32ea3727d4;1;1;1;1;;;30;1789692971
2783;Titan (buff);11575;Titan (buff);b6e0d6031412f7568476a79bce4aef6b;1;1;1;1;;;30;1789692971
2784;Minecart Mount (Mech);11580;Minecart Mount (Mech);8c5dd0e2831c51b19beb90f7351ff9e3;1;1;;1;;;22;1789692971
2785;Blue Lights;11581;Blue Lights;8f3193afefd3f1b4103335996e6e16ad;1;1;1;1;;;30;1789692971
2786;Lihzahrd Sofa;11588;Lihzahrd Sofa;b0c5ab0c74fbc89d168978f38a607c61;1;1;1;1;;;30;1789692971
2787;Titan Helmet;11586;Titan Helmet;1f23b26c447c4033a2c45cb6f1fc9e91;;;1;;1;;40;1789692971
2788;Raven Banner;11599;Raven Banner;c17766250fb73d0f8f9b20273bfa7172;1;1;;1;;;22;1789692971
2789;Sandstone Candle;11600;Sandstone Candle;883cd1e240519552c0d25199f098c3ee;1;1;;1;;;22;1789692972
2790;Lunar Event;11589;Lunar Event;569134f3a4db1448eccf1363232acc6f;1;1;;1;;;22;1789692972
2791;Nebula Fragment Block;11605;Nebula Fragment Block;f761a4851884c7f95876a5770a9fbc06;1;1;;1;;;22;1789692972
2792;Bast Statue;11604;Bast Statue;ab9d223d2245b4d3b3abee46d8d0f3ff;1;1;;1;;;22;1789692972
2793;Gem critter;11606;Gem critter;6f1801318a8903d17dc7f5bf0c1cc85c;1;1;;1;;;22;1789692972
2794;Planter Box;11607;Planter Box;c988f415005f666f5f14cfe922596d21;1;1;;1;;;22;1789692972
2795;Mechanical Minecart;11609;Mechanical Minecart;f87c883d796f953497781a2a7abbbfeb;1;1;;1;;;22;1789692972
2796;Alien Queen;11610;Alien Queen;7612993d5af554ab4df65a840961512d;1;1;;1;;;22;1789692972
2797;Music Box (Queen Slime);11611;Music Box (Queen Slime);e6fb27342e6839be161c2e140a69c1dc;1;1;;1;;;22;1789692972
2798;Pocket Mirror;11617;Pocket Mirror;33b0b1e6ac846f2100b765a81bc95fdf;1;1;;1;;;22;1789692973
2799;Gladiator Leggings;11614;Gladiator Leggings;c5d8e34fce538f4d18230601a31b2c72;1;1;;1;;;22;1789692973
2800;Dragon Snatcher;11618;Dragon Snatcher;c9e4ff16d71ea4c6049b79ede5006312;;;1;;1;;40;1789692973
2801;Jungle Key Mold;11625;Jungle Key Mold;202feec0a2587b65710887db5bb0f40d;;;1;;1;;40;1789692973
2802;Timeless Traveler's Hood;11627;Timeless Traveler's Hood;c0437717036c153c47ab1285be0fd6af;1;1;;1;;;22;1789692973
2803;Dragon armour;11633;Dragon armour;2d36bbc03f30124b155181b13b6da678;;;1;;1;;40;1789692974
2804;1.3.2.1;11637;1.3.2.1;bba11c3cc1d9f861364576bc485c05d1;1;1;;1;;;22;1789692974
2806;Candy Cane Pickaxe;11631;Candy Cane Pickaxe;c785d52ba282ba2b97eb650d3a781171;1;1;1;1;;;30;1789692974
2807;Martian Uniform set;11643;Martian Uniform set;201ab51fca00bc5eeffdf377344b96f1;1;1;;1;;;22;1789692974
2809;Shield of Cthulhu;11657;Shield of Cthulhu;3cc65ddf3c24eddfa5344a19eb4e9fe4;1;1;;1;;;22;1789692974
2811;Titan Leggings;11655;Titan Leggings;3ba611c18d41f85601c6a41de481f662;;;1;;1;;40;1789692974
2812;Monolith;11662;Monolith;a06d2f108ce6fb94253dd1294d7aae8e;1;1;;1;;;22;1789692974
2813;Goat Skull;11680;Goat Skull;c7708c65ad50a935aa8a2b20ecd91c0a;1;1;;1;;;22;1789692974
2814;Granite Wall (natural);11684;Granite Wall (natural);1477da766f37a9a0f1c20805e3d8b7d5;1;1;;1;;;22;1789692974
2815;Tree set;11688;Tree set;e2d30408fc60b05c0697567c28a77ca1;1;1;1;1;;;30;1789692975
2816;Sandstone Platform;11695;Sandstone Platform;45e111e99fd050e6a02685fa3cc0f7a6;1;1;;1;;;22;1789692975
2817;Stardust Hammer;11686;Stardust Hammer;4c9906b01691c548782160cfb3713e79;1;1;;1;;;22;1789692974
2818;Sticky Grenade;11689;Sticky Grenade;15292ea70535b44b609029a98b0280df;1;1;1;1;;;30;1789692975
2819;Silly Balloons;11696;Silly Balloons;0b1d66df103ca3d9912d168c06842939;1;1;;1;;;22;1789692975
2820;Destroyer-Lite;11697;Destroyer-Lite;397a28a1a84c4d8070c3a009f5931b4f;1;1;;1;;;22;1789692975
2821;Lesser Luck Potion;11698;Lesser Luck Potion;a85dfce7bf2320314a7bd80e6924b65f;1;1;;1;;;22;1789692975
2822;Language;11699;Language;4994a8ffeba4ac3140beb89e8d41f174;1;1;;1;1;;54;1789692976
2823;Skeletron Jr.;11700;Skeletron Jr.;e825d3e52a1a0e547bc2def830fc7388;1;1;;1;;;22;1789692976
2824;Bone Biter;11704;Bone Biter;511c33546b6b8663e120ebb851061efb;1;1;;1;;;22;1789692976
2825;Demon Heart;11702;Demon Heart;42f6c7772b9ded7b7c53e6b5d89119e4;1;1;;1;;;22;1789692976
2827;Skyware Work Bench;11708;Skyware Work Bench;2f0b524552c5d3985b447298e36986b0;1;1;1;1;;;30;1789692976
2828;Sleeping;11711;Sleeping;bddd4f44136f466c065a2c7a4c53e75b;1;1;;1;;;22;1789692976
2829;Shadewood Sink;11712;Shadewood Sink;ada8767d507e28e55d9a55ba27744416;1;1;;1;;;22;1789692976
2830;Mud Bud;11713;Mud Bud;edd054d90c673079eaf75a201be686d2;1;1;;1;;;22;1789692976
2831;D-Towns clothes;11717;D-Towns clothes;bd6656ce0d61335ab0823405f8af982d;1;1;;1;;;22;1789692977
2832;Honeyfall Block;11718;Honeyfall Block;e21152bbdf670936c9c0cd44f947051f;1;1;;1;;;22;1789692977
2833;Leinfors's clothes;11726;Leinfors's clothes;623e76a882771fd68374142864c3259b;1;1;;1;;;22;1789692977
2834;Vortex Toilet;11722;Vortex Toilet;55982597a93264d0648bcc31e695a993;1;1;;1;;;22;1789692977
2835;Magenta Flower Seeds;11734;Magenta Flower Seeds;3eedfd5e294d8397023cdfe91e5f39ee;1;1;;1;;;22;1789692977
2837;Nutcracker Banner;11736;Nutcracker Banner;9801d3dde92d0182c1e55e1b7ab90f10;1;1;;1;1;;54;1789692977
2838;Chlorophyte Brick;11737;Chlorophyte Brick;4bf3b1cfc207ae4a612f9216af15603c;1;1;;1;;;22;1789692977
2839;Angel Halo;11738;Angel Halo;9c4da7ea4cbc78e729f548c204b619b4;1;1;1;1;;;30;1789692977
2840;Water Strider;11740;Water Strider;e10fa14f8118ac58bcfb10961eef1a36;1;1;;1;;;22;1789692977
2841;Antlion Charger;11741;Antlion Charger;8cb52a18c1d229655ab54d1902a83f5e;1;1;;1;;;22;1789692977
2842;Hotdog;11739;Hotdog;03c50ae484d8f3090c944aafd7d35162;1;1;;1;;;22;1789692977
2843;Hardened Sand Block;11748;Hardened Sand Block;bf2d21b4e9a9a859a74feef9db3b19bc;1;1;;1;;;22;1789692979
2844;Bamboo Lantern;11745;Bamboo Lantern;7df850a1dc5db8ee6cbef9810c5832c8;1;1;;1;;;22;1789692979
2845;Gem Trees;11750;Gem Trees;a283449e98a3117e49bb2cad41ca54d0;1;1;;1;;;22;1789692980
2846;Gold Butterfly;11751;Gold Butterfly;7cad0ca558a155637d292609bd141eb5;1;1;;1;;;22;1789692980
2847;Flying Dutchmen;11755;Flying Dutchmen;9056bcbae5f87ab585f12296484191a8;1;1;;1;;;22;1789692980
2848;Red Pin Flag;11757;Red Pin Flag;d3cb72ca2b9cd46bf8baa4d6c6e3562c;1;1;;1;;;22;1789692980
2850;Soul of Might in a Bottle;11765;Soul of Might in a Bottle;e0a1cfa1e1d37be8553fae1a7fe31adb;1;1;;1;;;22;1789692980
2851;Toy Tank;11767;Toy Tank;2e068a833118ae1b19fe586f8055cce4;1;1;;1;;;22;1789692980
2852;Gold Bunny Cage;11768;Gold Bunny Cage;93d7befdccb23d4eb2b6dccac21fc07a;1;1;;1;;;22;1789692980
2853;Orcam;11769;Orcam;ad4034e511cdf18e70a38103ca4a2038;;;1;;1;;40;1789692981
2854;Crystal Block Wall;11770;Crystal Block Wall;82d6b151f958e0ead56ae3e8b65a0481;1;1;;1;;;22;1789692981
2855;Large Amber;11775;Large Amber;ff859750a474c0a3444642a170371c4e;1;1;;1;;;22;1789692981
2856;Pogo Stick;11776;Pogo Stick;ff3a1a0c35d79230f028d5476bb20de0;1;1;;1;;;22;1789692981
2858;Venom;11786;Venom;071dbd416520d14b2e3688145801de41;;;1;;1;;40;1789692981
2859;Blue Dungeon Sofa;11791;Blue Dungeon Sofa;a4da807a934425e9f2df24ad2427895d;1;1;1;1;;;30;1789692981
2860;Milkyway Weaver Banner;11801;Milkyway Weaver Banner;6f7d2c203811ba32dd5840664a1b1aeb;1;1;;1;;;22;1789692982
2861;Red Lights;11802;Red Lights;80e4c1092ba43e89348fc2adfff4e3ae;1;1;1;1;;;30;1789692982
2862;Tomb Crawler;11806;Tomb Crawler;ae6e8720cfee378c691cd49448e75e95;1;1;;1;;;22;1789692982
2864;Gold Lock Box;11811;Gold Lock Box;080a559a325765a4ed4811cce9daa0b2;1;1;;1;;;22;1789692982
2865;Dynasty Sink;11813;Dynasty Sink;e50481f599f86e4a59a195abd64333d2;1;1;;1;;;22;1789692982
2866;Granite Elemental;11820;Granite Elemental;2e2154392101970c45db1d1c8544ca75;1;1;;1;;;22;1789692982
2867;Golden Sofa;11828;Golden Sofa;2d450c46eceec0e4b026287265521d78;1;1;1;1;;;30;1789692982
2868;Crimson Penguin;11832;Crimson Penguin;6da2ce8b848afc5c1223fb3e4d62f65a;1;1;;1;;;22;1789692983
2869;Granite Piano;11830;Granite Piano;2fd91bdca15a5eac7d06904d57aa9002;1;1;;1;;;22;1789692983
2870;Defiled Crate;11837;Defiled Crate;b6be1ed3d0add3bbfa74c293e58ca72a;1;1;;1;;;22;1789692983
2871;Wet Rocket;11833;Wet Rocket;e8fbc69e02594ee0e9c5061ae35217e1;1;1;;1;;;22;1789692983
2872;Bottomless Water Bucket;11838;Bottomless Water Bucket;ff6ee46d5b20fbab2e98d5d4c28e5e17;1;1;;1;;;22;1789692983
2873;Yellow Team Block;11845;Yellow Team Block;08c6e1552caf29cfc70e255c72fc7d8e;1;1;;1;;;22;1789692983
2874;Corrupt Bunny Kite;11840;Corrupt Bunny Kite;5cd3f8b762a8cbda0b223ed19b868cca;1;1;;1;;;22;1789692983
2875;Teacup;11850;Teacup;1ab8fc8de3ed8093b6121194098391d9;1;1;;1;;;22;1789692983
2876;Solar Brick Wall;11847;Solar Brick Wall;a9c9e04019268b88af9b189df010bf8a;1;1;;1;;;22;1789692983
2877;Crystal Dart;11855;Crystal Dart;3fdf71f7eb69b7ff080abbbe2317f3dc;1;1;;1;;;22;1789692983
2879;Dazed;11859;Dazed;f232c91d9b7b881028e69d696a746e5e;1;1;;1;;;22;1789692983
2880;Martian Tesla Turret Banner;11857;Martian Tesla Turret Banner;677cbbeab4ea918800097d69b60894b3;1;1;;1;;;22;1789692983
2881;Yellow Flower Seeds;11865;Yellow Flower Seeds;1946752a0622f353c5362d9fee1d1203;1;1;;1;;;22;1789692984
2882;Golf Ball Accessories;11866;Golf Ball Accessories;4feff4827b6929fca9c5453c1d00f774;1;1;;1;;;22;1789692984
2883;Bladetongue;11860;Bladetongue;4aeabd3d4dafa03d8d1fa640d6e70ed0;1;1;;1;;;22;1789692984
2884;Unicorn Mount (buff);11867;Unicorn Mount (buff);c82b2340f743d83896a49216e81c03dd;1;1;;1;;;22;1789692984
2885;Snowfall Wall;11874;Snowfall Wall;c5fcae1c4b638434148d18d8bcda7e9c;1;1;;1;;;22;1789692984
2886;Marble Bookcase;11873;Marble Bookcase;715a57ef71658933e7db3afda3d744fe;1;1;;1;;;22;1789692984
2887;Twinkle;11876;Twinkle;026b83374e8dc652f07dc85a8b522b2e;1;1;;1;;;22;1789692984
2888;Lava Bat Banner;11877;Lava Bat Banner;90c856a6e41b803d12f32830fe4a6e87;1;1;;1;;;22;1789692984
2889;Blue Acid Dye;11880;Blue Acid Dye;ee20d7b342b1571177a97e331a5ae65b;1;1;;1;;;22;1789692984
2890;Potted Lava Bulb;11883;Potted Lava Bulb;c24cb2076ca42613b528a0091224bb5b;1;1;;1;;;22;1789692985
2891;Titan Mail;11881;Titan Mail;a28901f282a99d1f880ed772eb410254;;;1;;1;;40;1789692985
2892;1.4.3;11885;1.4.3;ce4c72d73e8b7b3c2bd84f389213133c;1;1;;1;;;22;1789692985
2893;Duke Fishron Mount;11886;Duke Fishron Mount;9c26764aa159eb297c46b8588e116c52;1;1;;1;;;22;1789692985
2894;Strange Plant (red);11893;Strange Plant (red);caaabf9c430efecc05c0f47d668aa9e9;1;1;;1;;;22;1789692985
2896;Grox The Great's Chestplate;11896;Grox The Great's Chestplate;2e1009d43212a48e3c8f4790cc46d1a7;1;1;;1;;;22;1789692985
2897;Glommer;11902;Glommer;0c73af4a8e6ab4cb51d778433069b9b6;1;1;;1;;;22;1789692985
2898;Explosive Trap Rod;11899;Explosive Trap Rod;1576e487ea4b1aa2fb31fcffe7578d14;1;1;;1;;;22;1789692985
2899;Drakomire;11898;Drakomire;0e5acc37d5ea6b128f2e78f9bcd3eb93;1;1;;1;;;22;1789692985
2900;Logic Gate Lamp (Faulty);11911;Logic Gate Lamp (Faulty);a3b7704e23cdb46c811cfa26e2788cdd;1;1;;1;;;22;1789692985
2901;Treasure Bag (Lunatic Cultist);11913;Treasure Bag (Lunatic Cultist);09d3a4b4c7485387bf69994d6f41fc35;1;1;;1;;;22;1789692986
2902;1.4.1.2;11912;1.4.1.2;1e11c731ce4ba3f86e6a0db89203327c;1;1;;1;;;22;1789692986
2903;Rich Mahogany Beam;11914;Rich Mahogany Beam;167e8675815f06cd5e7d3a89af52870f;1;1;;1;;;22;1789692986
2904;Sandstone Bookcase;11918;Sandstone Bookcase;075efd619afd8af48130966a6389a12c;1;1;;1;;;22;1789692986
2905;Corrupt Growth Wall;11917;Corrupt Growth Wall;df75736a59746993bffb70671ba6cf45;1;1;;1;;;22;1789692986
2906;Lihzahrd Toilet;11920;Lihzahrd Toilet;a24330698427d30c71f7210e41f2e5b9;1;1;;1;;;22;1789692986
2907;Meteorite Chandelier;11921;Meteorite Chandelier;05188328420e5292ee659fdcf0cf78e5;1;1;;1;;;22;1789692986
2908;Bone Chest;11922;Bone Chest;31878b1b4159f1ac074c94be9d4c9367;1;1;;1;;;22;1789692986
2909;The Bride Banner;11924;The Bride Banner;aa8dd62e4a3175b557152895700e236a;1;1;;1;;;22;1789692986
2910;Drippler;11933;Drippler;682d2671645446ef8ffee7b056a573c9;1;1;;1;;;22;1789692986
2911;Workshop;11936;Workshop;8e5d9dbc85b2f11b4b8bed57cadf53e5;1;;;;;;2;1789692986
2912;Blue Cultist Archer Banner;11938;Blue Cultist Archer Banner;cbbc6ebdbc17a17092a1c6dfae01f761;1;1;;1;;;22;1789692987
2913;Yellow Paint;11940;Yellow Paint;d3db3a2449fd6ddf7378c202d35d80d0;1;1;1;1;;;30;1789692987
2914;Rainbow Hair Dye;11942;Rainbow Hair Dye;43d78e2064542f64167c4f76bf1c65dd;1;1;1;1;;;30;1789692987
2915;Solar Cultist Clothes;11943;Solar Cultist Clothes;6589a40dada171720b8f334788542940;1;1;;1;;;22;1789692987
2916;Wandering Eye Fish;11950;Wandering Eye Fish;89a50100ae72a06e1c747c95875d109e;1;1;;1;;;22;1789692987
2917;Oyster;11951;Oyster;7da119e602e89ff424d962db46094a40;1;1;;1;;;22;1789692987
2918;Happy Grenade;11956;Happy Grenade;a87c9d3a7c7c3dbd4ad95c7e89441cb3;1;1;;1;;;22;1789692987
2919;Dr. Man Fly Banner;11957;Dr. Man Fly Banner;29cbf18ca82f78110719e89cfecb3c8a;1;1;;1;;;22;1789692987
2920;Butcher Banner;11962;Butcher Banner;1a1da53db31ae8745a53343bccf43a3b;1;1;;1;;;22;1789692987
2921;Hallowed Prism Wall;11966;Hallowed Prism Wall;d190d42743c00bc27b92bfa3294f8b15;1;1;;1;;;22;1789692987
2922;Hair Dye Remover;11967;Hair Dye Remover;8f14913caf526aee94578a526adf917f;1;1;1;1;;;30;1789692987
2923;Sanguine Staff;11969;Sanguine Staff;fa53367993791386fb5eac7f16260641;1;1;;1;;;22;1789692987
2924;Tall Grass Seeds;11972;Tall Grass Seeds;4cf852e48b633110c5496171d0004726;1;1;;1;;;22;1789692987
2925;Psycho;11975;Psycho;de8b2a2eecbbb2cf028be819d697ce4b;1;1;;1;;;22;1789692987
2926;Severed Hand;11971;Severed Hand;6dd6c6264e46778a4e81bda34bc1ac2d;1;1;;1;;;22;1789692988
2927;Negative Paint;11980;Negative Paint;142b2381b5db8651cbed60abd8216206;1;1;1;1;;;30;1789692988
2928;Eternia Crystal (NPC);11977;Eternia Crystal (NPC);fe52e71605f26a56dceb2a09064d2722;1;1;;1;;;22;1789692988
2930;Desert Fossil Wall;11982;Desert Fossil Wall;1cb856b66b9a0ac6268695e4a5e2644c;1;1;;1;;;22;1789692988
2931;Gold Frog;11983;Gold Frog;f4d677e5a5224ddb43e7684dc00b3b9f;1;1;;1;;;22;1789692988
2932;Fogbound Dye;11984;Fogbound Dye;9a4a48772b048c346133ab030a4c34b5;1;1;;1;;;22;1789692988
2933;Color Only Dye;11985;Color Only Dye;fa866b7342c00b86bd4a215ac84b34ca;1;1;;1;;;22;1789692988
2934;Dirndl Blouse;11987;Dirndl Blouse;740bf4fd30ebb2062348f1b66d722f66;;;;;1;;32;1789692988
2935;Apple Pie Slice;11989;Apple Pie Slice;4000a4b54b01dcca0cef6648a6418497;1;1;;1;;;22;1789692988
2936;Steampunk Platform;12006;Steampunk Platform;20034bb8956d3fd43f853e04a9252a0a;1;1;1;1;;;30;1789692989
2937;Treasure bags;11997;Treasure bags;43c8ce184af9ad6342de567620e537e0;1;1;;1;;;22;1789692989
2938;Bunny License;11998;Bunny License;a97d06413470fa18ed2030318640084e;1;1;;1;;;22;1789692989
2939;Solar Flare Hamaxe;12016;Solar Flare Hamaxe;9acc991e170dff2c42b41aa1d8a9b4eb;1;1;;1;;;22;1789692989
2940;Luminite Chainsaws;12011;Luminite Chainsaws;7aa0eba3a0069953a89e845408744fe9;1;1;;1;;;22;1789692989
2941;Corrupt Torch;12015;Corrupt Torch;6571fb72c04e5e13557b78e78f0e686d;1;1;;1;;;22;1789692989
2942;Yoraiz0r's set;12025;Yoraiz0r's set;de780a3fc1072d2027c1c02cb86bb5c1;1;1;;1;;;22;1789692989
2943;Music Box (Morning Rain);12028;Music Box (Morning Rain);fc5a09c8985fcf796f421ef08c4e68cb;1;1;;1;;;22;1789692989
2944;Diamond Bunny Cage;12026;Diamond Bunny Cage;ffcb52953cb7c4084079413392b2d2c4;1;1;;1;;;22;1789692989
2945;Hanging herbs;12029;Hanging herbs;6d30f54079ea0618d8b3a81c2a2e3594;1;1;;1;;;22;1789692989
2946;Red Squirrel Cage;12031;Red Squirrel Cage;4ef34c146afdc53b91abbbf03e08feb3;1;1;;1;;;22;1789692990
2947;Frog Statue;12037;Frog Statue;4b00461022c66fcf1cc6be31ec142267;1;1;;1;;;22;1789692990
2948;Dr. Man Fly Mask;12041;Dr. Man Fly Mask;d69e526e6980afd9f69a123d492b2598;1;1;;1;;;22;1789692990
2949;Milkyway Weaver (Head);12044;Milkyway Weaver (Head);1d76fdcec15807beb733448abc0f2db0;1;1;;1;;;22;1789692990
2950;Cellphone;12052;Cellphone;4e186c431f7c016c761c722debb9768e;1;1;;1;;;22;1789692990
2951;Molotov Cocktail;12043;Molotov Cocktail;ae29a1fef24ac434722c819a139da8a0;1;1;1;1;;;30;1789692990
2952;Obsidian Lamp;12053;Obsidian Lamp;d78298d4561f5f9e733a297ceb3b8f28;1;1;1;1;;;30;1789692990
2953;Yellow Team Platform;12055;Yellow Team Platform;724fa6df57474db100f9586545eec851;1;1;;1;;;22;1789692990
2954;Moon Lord's Hand;12057;Moon Lord's Hand;d0aa5caee020b47442d576d694081312;1;1;;1;;;22;1789692991
2955;Topaz Stone Block;12062;Topaz Stone Block;bb174b5843739a8e4591845d546051f1;1;1;;1;;;22;1789692991
2956;Unicorn Mount;12067;Unicorn Mount;9fd1e3317772820876a19dfbfbc928aa;1;1;;1;;;22;1789692991
2957;Mysterious Tablet;12063;Mysterious Tablet;a4e1f7a7c010806ccce368365b1f93df;1;1;;1;;;22;1789692991
2958;Nebula Chandelier;12068;Nebula Chandelier;6ab53bb2de69c6eaf6350dc51abae8bc;1;1;;1;;;22;1789692991
2959;Funeral Pants;12072;Funeral Pants;305d5aaa7737e797e3320df95abb8380;1;1;;1;;;22;1789692991
2960;Scutlix Mount;12059;Scutlix Mount;e7e03177566fca3dff45bb24de915e43;1;1;;1;;;22;1789692991
2962;Deerclops (pet);12070;Deerclops (pet);4b448dad978dd5d75afc3ac63b5d0236;1;1;;1;;;22;1789692991
2963;Otherworldly Music Box (Hallow);12079;Otherworldly Music Box (Hallow);a0b338324c1320d0850ff24974c18791;1;1;;1;;;22;1789692991
2964;Vortex Hamaxe;12081;Vortex Hamaxe;f56de3f1537e3fe858f0520bc755a0ca;1;1;;1;;;22;1789692991
2965;1.3.0.8;12082;1.3.0.8;4e08b88ba6efad98ac104d314947e9de;1;;;;;;2;1789692991
2966;Money Trough;12083;Money Trough;e022a80780d32b690a811462750ae36d;1;1;;1;;;22;1789692991
2967;Dynasty Bowl;12085;Dynasty Bowl;2158be640663bb2830cd82c67f711fb7;1;1;1;1;;;30;1789692991
2968;Tionza;12088;Tionza;1b8fa244600050c865ccfb790ab33e50;;;1;;1;;40;1789692991
2969;Ancient Vision;12089;Ancient Vision;fbf39c35ddc0dd49570044fdeac4483a;1;1;;1;;;22;1789692991
2970;Violet String;12090;Violet String;9219de459e8a7e018b0d5b86a883c8a5;1;1;;1;;;22;1789692991
2971;Spider Brain;12097;Spider Brain;05c12088b114d3ede69563d8405e5b30;1;1;;1;;;22;1789692992
2972;Luminite Hammers;12100;Luminite Hammers;85da62901ce334e5c28145d303bb594c;1;1;;1;;;22;1789692992
2973;Armed Twiggy Zombie;12105;Armed Twiggy Zombie;9ba776d77c205a10a7eba5df8bb30ece;1;1;;1;;;22;1789692992
2974;Jungle Bat Banner;12101;Jungle Bat Banner;5c21277c1a14e3950f0e50a7ede834a3;1;1;;1;;;22;1789692992
2976;Phantasm Dragon Tail;12102;Phantasm Dragon Tail;4f99778e1454d573925fb005a277223a;1;1;;1;;;22;1789692992
2977;Cursed Campfire;12107;Cursed Campfire;43e1b7f850d1bc89c91fd5db32938310;1;1;;1;;;22;1789692992
2978;Brain Scrambler (item);12109;Brain Scrambler (item);b3cb4a03f3f3e639b36a752c43ded1cc;1;1;;1;;;22;1789692992
2979;Crawltipede (Body);12111;Crawltipede (Body);305352cbd26d6a01da60c378113a8258;1;1;;1;;;22;1789692992
2981;Undead Viking Statue;12114;Undead Viking Statue;9a0c1924550d8c64837f9f45f7df37ed;1;1;;1;;;22;1789692992
2982;Shiverthorn Planter Box;12116;Shiverthorn Planter Box;5c6fcb60bb9c54cbda6c5e3e6e3d0b62;1;1;;1;;;22;1789692992
2983;Lihzahrd Piano;12117;Lihzahrd Piano;12bf106b8ac38aeaf95843206eb15430;1;1;1;1;;;30;1789692992
2984;Crystal Chair;12120;Crystal Chair;680f65bc7867bb8ea27ad7bf791edb7f;1;1;;1;;;22;1789692992
2985;Gentleman's Trousers;12122;Gentleman's Trousers;bb715a0878f431fba83c10d22083a130;1;1;;1;;;22;1789692992
2986;Jungle Vine Wall;12126;Jungle Vine Wall;14848beb783e2a489d61d05b3266ba6a;1;1;;1;;;22;1789692993
2987;Lunar Cultist Robe;12124;Lunar Cultist Robe;f6dd6e44f76b108f86e46c760dc0930b;1;1;;1;;;22;1789692993
2988;Mining Potion;12115;Mining Potion;cf062813c98b273d2ae5d67a4d59b555;1;1;1;1;;;30;1789692992
2989;Vortex Brick Wall;12125;Vortex Brick Wall;e8ab5db821d774646b76552e8f8f0228;1;1;;1;;;22;1789692993
2990;Tin Plating Wall;12127;Tin Plating Wall;60ac089463e6e74195204fd9902460bf;1;1;1;1;;;30;1789692993
2991;Key of Night;12128;Key of Night;bb2104679172db67a3bbff407150f0b5;1;1;;1;;;22;1789692993
2992;Solar Fragment (NPC);12129;Solar Fragment (NPC);f56a1ef2fb2fb19585ef4e655a0e8dd9;1;1;;1;;;22;1789692993
2993;Seagull;12130;Seagull;fbb1197d07f0fb4fb4b5c2947c2cb089;1;1;;1;;;22;1789692993
2994;Stardust Chainsaw;12137;Stardust Chainsaw;44478b236bb34b01870eb05702fb2dc4;1;1;;1;;;22;1789692993
2995;Orange Dragonfly;12141;Orange Dragonfly;39be4e99db26e8938db99f247c0b9cbc;1;1;;1;;;22;1789692993
2996;Queen Bee Relic;12142;Queen Bee Relic;33116f79c5ae3976e41496f2ba89d99b;1;1;;1;;;22;1789692994
2997;Flesh Knuckles;12148;Flesh Knuckles;3e765aba47701f69db7b5dbd12b98d02;1;1;;1;;;22;1789692994
2998;Diamond Minecart;12143;Diamond Minecart;1342baa1e5e0cc6b16bfc23c16983127;1;1;;1;;;22;1789692994
2999;Teal Pressure Pad;12157;Teal Pressure Pad;6829a63e4785dd67320c22c2db599f4b;1;1;;1;;;22;1789692994
3000;Ruby Tree;12158;Ruby Tree;7c9d072b6eed8af8f8d6b586e20e721f;1;1;;1;;;22;1789692994
3001;Vortex Monolith;12153;Vortex Monolith;96590560e532a0d6ad370cc72cf701a2;1;1;;1;;;22;1789692994
3002;Strange Plant (purple);12160;Strange Plant (purple);3f5408eed28e5e1865e4a905f819d4d5;1;1;;1;;;22;1789692994
3003;Diamond Ring;12163;Diamond Ring;43ac0a9368ce39071e2d4c8d849c8c61;1;1;1;1;;;30;1789692994
3004;Shadow Mimic (pet);12170;Shadow Mimic (pet);9aa6ca0b57d75329af286c842cafba97;1;1;;1;;;22;1789692994
3005;Emerald Minecart;12165;Emerald Minecart;9c4913be5a23877d5d68f8f356b6f9bc;1;1;;1;;;22;1789692994
3006;Sapphire Minecart;12172;Sapphire Minecart;9783d07ef1eefdd107dca0a648cbff48;1;1;;1;;;22;1789692994
3007;Palm;12161;Palm;5ff7107fd0d193e37b4d64f2bfc11be7;1;1;1;1;;;30;1789692994
3008;Black String;12173;Black String;a4ef0fe0862a903e81ea5fcc5ec0e7d0;1;1;;1;;;22;1789692995
3009;Hoplite;12176;Hoplite;f382385e10bb6312524a53c70ff55f08;1;1;;1;;;22;1789692995
3010;Sandstone Bathtub;12175;Sandstone Bathtub;73bf2c3e1341b5d4554624f7b966b51d;1;1;;1;;;22;1789692995
3011;Any Turtle;12177;Any Turtle;b06b8f1b957a72768249100f1d1c934e;1;1;;1;;;22;1789692995
3012;Corruption Key Mold;12181;Corruption Key Mold;910c3e9d73f8a7681390843e43c488fd;;;1;;1;;40;1789692995
3013;Black Pearl;12182;Black Pearl;67268c0d3f4acfa8d82a00e0f1d1f497;1;1;;1;;;22;1789692995
3014;Golf Cart Keys;12174;Golf Cart Keys;6a65385cd0043086ffaafd8ccc481cc7;1;1;;1;;;22;1789692995
3015;Damage Nebula;12186;Damage Nebula;34ada0e157bfdd489be6f1a01a15ea63;1;1;;1;;;22;1789692995
3016;GingerBread;12183;GingerBread;cee633209fc0fa087ee2c15bab8b123b;1;1;1;1;;;30;1789692995
3017;Lunar Cultist set;12194;Lunar Cultist set;6126e3652f3907450f58f7e046dd3ea6;1;1;;1;;;22;1789692995
3018;Cupid;12195;Cupid;c59fdcefd9c65f5471cdee9acbeb3c10;;;;;1;;32;1789692995
3019;Gray Bricks Moss;12197;Gray Bricks Moss;6d3985e173c77c906136f0bc40bed55d;1;1;;1;;;22;1789692995
3020;Glowing moss biome;12200;Glowing moss biome;c91b8e78d764fbb6234cfbe9ff558319;1;1;;1;;;22;1789692995
3021;1.4.0.4;12201;1.4.0.4;62620d2b9f27b8990639c1a1d5f74e04;1;1;;1;;;22;1789692995
3023;Propeller Gato (buff);12203;Propeller Gato (buff);2b1e9bd7c0d3db45cee3887e4e66bf40;1;1;;1;;;22;1789692995
3024;Silly Sunflower Bottoms;12202;Silly Sunflower Bottoms;578396821ba834755150fb22b7edc661;1;1;;1;;;22;1789692995
3025;Orange Phaseblade;12206;Orange Phaseblade;51bff49cec8b2890c5dcfe4954edbb1c;1;1;;1;;;22;1789692995
3027;Palm Wood Chair;12211;Palm Wood Chair;43c2afe45ecff0a70d086617c86d6136;1;1;;1;;;22;1789692996
3028;Potted Lava Plants;12217;Potted Lava Plants;15f3c3123be51f61f26a4edd23b0a1c8;1;1;;1;;;22;1789692996
3029;Solar Flare Helmet;12216;Solar Flare Helmet;dcf6b10f18b95c4f4bfb8845abb8a2d8;1;1;;1;;;22;1789692996
3030;Lac Beetle Banner;12208;Lac Beetle Banner;7a1bf83e09509a8a1eb08b9b963e8d0e;1;1;;1;;;22;1789692996
3031;Skutlix;12215;Skutlix;34831275796ae8d9fecd7c7f74f3a4aa;1;1;;1;;;22;1789692996
3032;Small Star Cell Banner;12219;Small Star Cell Banner;0f932d85c697c16bd8ffce3dd13a771b;1;1;;1;;;22;1789692996
3033;Bluegreen Wallpaper;12230;Bluegreen Wallpaper;4c4ee7b39289135c911008607a6981c5;1;1;1;1;;;30;1789692996
3034;Music Box (Eclipse);12235;Music Box (Eclipse);c6cdc883dc1277f7712ef6beff1773cc;1;1;1;1;;;30;1789692996
3035;Crystal Block;12238;Crystal Block;151ea2ee1b54ca567c41cac9c2cd13d2;1;1;;1;;;22;1789692996
3036;Reflective Copper Dye;12240;Reflective Copper Dye;ec5f228216420aa44c235b88c622325a;1;1;;1;;;22;1789692996
3037;Gold Bunny;12236;Gold Bunny;df47b57acdafd2e09b5844cd3c7684c7;1;1;;1;;;22;1789692996
3038;World seed;12242;World seed;8092e1186ab7982fe884451cdfacb737;1;1;;1;;;22;1789692996
3039;Suspicious Looking Tentacle;12243;Suspicious Looking Tentacle;53baf5b8086b555594bcbb52057b11d0;1;1;;1;;;22;1789692996
3040;Snow Hat;12247;Snow Hat;cfa3ab9d091bb39f3c78106f1194b6f2;1;1;1;1;;;30;1789692996
3041;Flameburst sentry;12248;Flameburst sentry;f57a0d28586b4eba46dba77a76e5aed2;1;1;;1;;;22;1789692996
3044;Shark Tooth Necklace;12253;Shark Tooth Necklace;82f1308aca1faa7a29cddf9d9c986877;1;1;;1;;;22;1789692997
3045;Magma Snail;12249;Magma Snail;2a561846616ad133e1f7563a17043ec7;1;1;;1;;;22;1789692997
3046;Fruit Salad;12255;Fruit Salad;3023e8481bc85233082d58929daf3941;1;1;;1;;;22;1789692997
3047;Seashells;12239;Seashells;85a1f473439315a3a74a284e7eeddfb1;1;1;1;1;;;30;1789692996
3048;Nebula furniture;12250;Nebula furniture;8e106d80334f3cacd889233d4733c3c0;1;1;;1;;;22;1789692997
3049;Granite Golem;12259;Granite Golem;bde089910e402b2d8094e0981026bf48;1;1;;1;;;22;1789692997
3050;Armed Zombie;12260;Armed Zombie;8c18bd5b189e3e3024dd15bd8ece997b;1;1;;1;;;22;1789692997
3051;Fossil Greaves;12262;Fossil Greaves;b6cd54c283b77099bf88fd95b9f58bc4;1;1;;1;;;22;1789692997
3052;Christmas Tree decorations;12267;Christmas Tree decorations;3339218ad09f3436774299da35dcfe8e;1;1;1;1;;;30;1789692997
3053;Truffle Worm Cage;12269;Truffle Worm Cage;162c07ddf466c5dc8d6eee9f9e8ee68e;1;1;;1;;;22;1789692998
3054;Vicious Penguin Banner;12277;Vicious Penguin Banner;087e4632e1a3578069d3f72a4a6929b4;1;1;;1;;;22;1789692998
3055;Yoraiz0r's Scowl;12272;Yoraiz0r's Scowl;ce8148024b26b5f5300dae5f2d60c36a;1;1;;1;;;22;1789692998
3056;LMG;12280;LMG;c6acc5eb0596138dc4ae5a2c3108bbb6;1;1;;1;;;22;1789692999
3058;Red and Black Dye;12284;Red and Black Dye;0881b3b83e424e6bbcc9ff2af4b98ba7;1;1;1;1;;;30;1789692999
3059;Flameburst Staff;12289;Flameburst Staff;81dec683f0c3d7398e69556490367288;1;1;;1;;;22;1789692999
3060;Bright Purple Dye;12291;Bright Purple Dye;e1011af433d2c760ce269fb2e7d8ff86;1;1;1;1;;;30;1789692999
3062;Mother Slime Banner;12300;Mother Slime Banner;cc7a77d988782b52a7bacc2ecda22115;1;1;;1;;;22;1789693000
3063;Silly Sunflower costume;12305;Silly Sunflower costume;bc7faac3b7ab48e296fe72e242aa1ce3;1;1;;1;;;22;1789693000
3064;Grilled Squirrel;12304;Grilled Squirrel;1f4b50c9b72ae31a3c634e2d49fa7922;1;1;;1;;;22;1789693000
3065;Yoyo;12303;Yoyo;7eebb65ba3f2d0b0d5ca4135a1291800;1;1;;1;;;22;1789693000
3066;Hardened Ebonsand Block;12307;Hardened Ebonsand Block;b64b41e6c8b1a83316a07b5ccbe54144;1;1;;1;;;22;1789693000
3067;Chlorophyte Dye;12308;Chlorophyte Dye;c5d1cb1a7c13990c2e767c9aa8595697;1;1;;1;;;22;1789693000
3068;Disaster Bunny;12313;Disaster Bunny;5d94e4680966f4fac2f7b697936b2732;;;;;1;;32;1789693000
3069;Coin Ring;12310;Coin Ring;9cc07aedd251ab8728cfa93b274b64eb;1;1;;1;;;22;1789693000
3070;Black Ink;12302;Black Ink;cfc8742b90654351defdca8d7a556c94;1;1;1;1;;;30;1789693000
3071;Solar Chandelier;12314;Solar Chandelier;3eaf0fd00e73802a5d16361d4f326fa9;1;1;;1;;;22;1789693000
3072;Stardust Cell;12318;Stardust Cell;5f68c4661079f659d8a53e97d599ba58;1;1;;1;;;22;1789693001
3073;Decrease Transparency;12320;Decrease Transparency;ddea7ab23c2ecb8e7ea015dffe7d19d7;1;1;;1;1;;54;1789693001
3074;Suspicious Eye;12323;Suspicious Eye;d3ac0b8d6f799478b572d5353fb0efd4;1;1;;1;;;22;1789693001
3075;Grate;12322;Grate;d76e15f87cfb97b013b060e39bd65f2a;1;1;;1;;;22;1789693001
3076;Ruby Gemspark Wall;12339;Ruby Gemspark Wall;91652daaba09ce2608db886c2d083312;1;1;1;1;;;30;1789693001
3077;Yeti Banner;12338;Yeti Banner;e0bab9c066452a0bea91f9d756f4234a;1;1;;1;1;;54;1789693001
3078;Multicolored Wrench;12325;Multicolored Wrench;a5c2d9e8c567ed032424d377527bd80c;1;1;;1;;;22;1789693001
3079;Stardust Chair;12343;Stardust Chair;a731de457a81c8fb818be0c0ae9aa3a0;1;1;;1;;;22;1789693001
3081;Empress Wings;12341;Empress Wings;2bcf1bcb94808d5dd0dfd51502c921d8;1;1;;1;;;22;1789693001
3082;Molten Charm;12342;Molten Charm;8e3f775f3252fa1fc0a9d7be3a60f9bf;1;1;;1;;;22;1789693001
3083;Spider Sofa;12340;Spider Sofa;2a12aa16e4b9d49d85cb029b3c471c7e;1;1;;1;;;22;1789693001
3084;Lunar Flare;12347;Lunar Flare;453c1eb467a9411524a6998453eb5d95;1;1;;1;;;22;1789693001
3085;Crystal Thresher Banner;12348;Crystal Thresher Banner;36e931821065f11c668ca7987a20fd11;1;1;;1;;;22;1789693002
3086;Glass Chair;12357;Glass Chair;121c6ff22fcdf700f8b7deefebe406de;1;1;;1;;;22;1789693002
3087;Shrimp Po' Boy;12363;Shrimp Po' Boy;488710bd2b5a09a7a86c15b7d6b9814a;1;1;;1;;;22;1789693002
3088;Duck Statue;12365;Duck Statue;7b443f47ae2eb6e3e3d3cd5db082494a;1;1;;1;;;22;1789693002
3089;String;12373;String;27118326006d3829667a400ad23d5d98;1;1;;1;;;22;1789693002
3090;Martian Saucer;12375;Martian Saucer;97cd813f6470645804ea3f0ea7b4297d;1;1;;1;;;22;1789693002
3091;Dark Mummy Banner;12376;Dark Mummy Banner;fa80f06f8892d7cf9b8cab9d9eb065d2;1;1;;1;;;22;1789693002
3092;Bouncy Dynamite;12368;Bouncy Dynamite;3272c37e082001b1d01fd49063bbfac2;1;1;;1;;;22;1789693002
3093;Snow Pylon;12377;Snow Pylon;a3dc95e7b945388791ed7b5eba8da33d;1;1;;1;;;22;1789693002
3094;Skyware Candelabra;12379;Skyware Candelabra;62b1dc8b61ec5259990e691de8390bb7;1;1;1;1;;;30;1789693002
3095;Yellow Dragonfly;12382;Yellow Dragonfly;4c00ee8f896070d3aa2d2e6429cc553f;1;1;;1;;;22;1789693002
3096;Desert Tiger;12384;Desert Tiger;d3989516a25b474d2e200cf14236224e;1;1;;1;;;22;1789693002
3097;Drakanian;12389;Drakanian;e1dacafc5db521e20e74a08e6ca80e8a;1;1;;1;;;22;1789693003
3098;Festive Top Hat;12397;Festive Top Hat;61d6932d45db5e2352cf3fb16ecb0f15;;;;;1;;32;1789693003
3099;Betsy's Egg;12398;Betsy's Egg;12440f846cd3086805e6aec5500f5a75;1;1;;1;;;22;1789693003
3100;Research;12393;Research;f027f27d0d548351e4d362e9b90678a9;1;1;;1;;;22;1789693003
3102;Plantera Seedling;12400;Plantera Seedling;960b04050b15b14b98c0b1c937a59f2e;1;1;;1;;;22;1789693003
3103;Will's clothes;12401;Will's clothes;2ad750848755d912d85e934068baf24b;1;1;;1;;;22;1789693004
3104;Skeletron Relic;12402;Skeletron Relic;785be5c5e478237ac545220a308a1faa;1;1;;1;;;22;1789693004
3105;Frozen furniture;12403;Frozen furniture;cdf5cb298a2910e6a699dab460bedd7b;1;1;1;1;;;30;1789693005
3106;Yellow Gradient Dye;12409;Yellow Gradient Dye;f845edd3d769b4261d535a32c5677b43;1;1;1;1;;;30;1789693005
3108;Yoraiz0rs clothes;12412;Yoraiz0rs clothes;5dcbb61b807bad54161836a159c599a2;1;1;;1;;;22;1789693005
3109;DPS Meter;12418;DPS Meter;a988cf66a95f7ecaaf78c3872c15d3a5;1;1;;1;;;22;1789693005
3110;Vortex Dresser;12425;Vortex Dresser;d6004c7f6fb921ff9cd9fa23cf2aec0d;1;1;;1;;;22;1789693005
3111;Boreal Wood Sword;12416;Boreal Wood Sword;ce612e7dce06c209fc46ed6674a8d694;1;1;1;1;;;30;1789693005
3112;1.4.3.1;12428;1.4.3.1;9cdb31e214e79f77c3d5e6f7451922da;1;1;;1;;;22;1789693005
3113;Stardust Candle;12417;Stardust Candle;a87b3e57fcb995b543465bce7a0483c6;1;1;;1;;;22;1789693005
3114;The Black Spot;12429;The Black Spot;27ceeb295aba22babf1d8a7c8771ed82;1;1;;1;;;22;1789693006
3115;Lightning Vortex;12430;Lightning Vortex;bc002c4afb202d631ec17dbbbe7a2171;1;1;;1;;;22;1789693006
3117;Zombie Pet;12439;Zombie Pet;0741905fde1d81f4472d5547a9e4efc0;;;1;;1;;40;1789693006
3118;Sandstone Door;12432;Sandstone Door;289ea4763410c20fcefa978d5058bb00;1;1;;1;;;22;1789693006
3119;Lesion Bed;12442;Lesion Bed;f98af4b50a178d047ada7e1adcb04a41;1;1;;1;;;22;1789693006
3120;Antlion Larva;12444;Antlion Larva;ca1a8de55b826d4daff5612de13776bc;1;1;;1;;;22;1789693006
3121;Purple Dye;12448;Purple Dye;22cbc96c357492d81c68dedc3de3b76f;1;1;1;1;;;30;1789693006
3122;Huntress's Wig;12451;Huntress's Wig;3c5b908ab3678a45abf8ee63dd7514a0;1;1;;1;;;22;1789693007
3123;Ebonsandstone Block;12450;Ebonsandstone Block;dc7451d08019a1681466712544d45656;1;1;;1;;;22;1789693007
3124;Prismatic Lacewing Jar;12454;Prismatic Lacewing Jar;17bf4503814f9a5eef43c959acd56ccd;1;1;;1;;;22;1789693007
3125;Monk armor;12456;Monk armor;e74bd7dddaed4418faffb78a62b12ced;1;1;;1;;;22;1789693007
3126;Ghostar's Infinity Eight;12457;Ghostar's Infinity Eight;1637ae6203055c4d8fe01cb62e31937a;1;1;;1;;;22;1789693007
3128;Rich Mahogany Bookcase;12480;Rich Mahogany Bookcase;c3daf1b6f976e3636f87143826db7b1e;1;1;1;1;;;30;1789693007
3129;REK 3000;12464;REK 3000;cd6c531f708b3a7787918aacb2c468fd;1;1;;1;;;22;1789693007
3130;1.3.4.4;12465;1.3.4.4;0759e1b87361320f6fd6dc735a59b6d4;1;1;;1;;;22;1789693007
3131;Celebration Mk2;12484;Celebration Mk2;ac8218df852e9bdd70be70d0f358cb21;1;1;;1;;;22;1789693007
3132;Hanging Waterleaf;12491;Hanging Waterleaf;d3da177908af654bcc4be3e9c8e64acc;1;1;;1;;;22;1789693007
3133;Purple and Silver Dye;12492;Purple and Silver Dye;c1b40f25e7da2a54dee0071626d45f6e;1;1;1;1;;;30;1789693007
3134;Dragon Egg;12494;Dragon Egg;989df82f0a915823e2d7863cdefbd98b;1;1;;1;;;22;1789693008
3135;Boreal Wood Wall;12499;Boreal Wood Wall;84edb3b38c6bd10434c4977c8d97ee2f;1;1;1;1;;;30;1789693008
3136;Tattered Wood Sign;12500;Tattered Wood Sign;21d61086cc3873eb7689fbf0681f53b0;1;1;;1;;;22;1789693008
3137;Spider Table;12501;Spider Table;1676dd4800b4164ad370361700fb2371;1;1;;1;;;22;1789693008
3138;Trapped Locked Hallowed Chest;12502;Trapped Locked Hallowed Chest;5950f5d3eb640745da3791b25480bc22;1;1;;1;;;22;1789693008
3139;Plate;12503;Plate;bc9a8055ff921d3d9c876ff6eb02fddb;1;1;;1;;;22;1789693008
3141;Bamboo Work Bench;12524;Bamboo Work Bench;382856df8e23665aedc84de8d99567f8;1;1;;1;;;22;1789693008
3142;Fossil Pickaxe;12505;Fossil Pickaxe;6a1166ff2fbb75c3098b71d1c5618d91;1;1;;1;;;22;1789693008
3143;Red Riding Dress;12506;Red Riding Dress;98f01a8d13fb1d6668bec9906705ade8;1;1;;1;;;22;1789693009
3144;Intense Green Flame Dye;12528;Intense Green Flame Dye;378650a32fc895b4aa3831b6db6ba82f;1;1;1;1;;;30;1789693009
3145;Corrupt Campfire;12529;Corrupt Campfire;dde5bc6f5cc848a720ed6e2eb7ce6edd;1;1;;1;;;22;1789693009
3146;Otherworldly Music Box (Boss 1);12530;Otherworldly Music Box (Boss 1);b7e6f896190700fe6f228f1ce68225f4;1;1;;1;;;22;1789693009
3147;Giant Antlion Charger;12535;Giant Antlion Charger;910f67fb9ab4f9d09fa163a566654019;1;1;;1;;;22;1789693009
3148;Huntress's Buckler;12537;Huntress's Buckler;d2e86c9aa3f1251682f7e588bc6411a4;1;1;;1;;;22;1789693009
3149;Config.json settings;12540;Config.json settings;c67bc6ee8527e6039e14755c85569e8a;1;;;1;;;18;1789693009
3150;Warmth;12538;Warmth;dbd44e8855ed5d44ee13568d6c8eaba3;1;1;1;1;;;30;1789693009
3151;Solar Wings;12549;Solar Wings;a76ba5455fac503df3b2aca7e09cf8cf;1;1;;1;;;22;1789693009
3152;Gentleman's Magnificent Beard;12557;Gentleman's Magnificent Beard;69aac5e8b2ee3aaf21142f74ad8c6871;1;1;;1;;;22;1789693009
3153;Frozen Sofa;12559;Frozen Sofa;a951d6b773903b946fdda4a1600e6185;1;1;1;1;;;30;1789693009
3154;Flounder;12558;Flounder;9f8bf34305c8e64d28a086edff56196d;1;1;;1;;;22;1789693009
3155;Shadowflame Hades Dye;12547;Shadowflame Hades Dye;871c9bacf3933f85b3f25ffe3e53f95f;1;1;;1;;;22;1789693009
3156;Sand Shark Banner;12560;Sand Shark Banner;1ee32b0228bcb396ee98927836c9c59c;1;1;;1;;;22;1789693009
3157;Will's Wings;12561;Will's Wings;ee3ddad0b444adee565521bc11c1150e;1;1;;1;;;22;1789693010
3158;Drumstick;12564;Drumstick;d0a32b64b0a317ef2e93c978c37e8626;1;1;;1;;;22;1789693010
3159;Ballista sentry summons;12568;Ballista sentry summons;7e20517d11b1016f8e0c22dc5509d66c;1;1;;1;;;22;1789693010
3160;Jungle's Fury;12569;Jungle's Fury;bbf21116be7712684ed35acb00b9284d;1;1;;1;;;22;1789693010
3161;Armed Torch Zombie;12573;Armed Torch Zombie;444fe8e4be67fed18d5e78111925418f;1;1;;1;;;22;1789693010
3162;Ornate Shadow Key;12578;Ornate Shadow Key;fa91a08803b8b2161db9953c27348919;1;1;;1;;;22;1789693010
3163;Wither Beast;12579;Wither Beast;35c5d8e1f46275c587308671baa88348;1;1;;1;;;22;1789693010
3164;Gold Squirrel Cage;12580;Gold Squirrel Cage;9a09dd0afe20671ae49c36168ee145ed;1;1;;1;;;22;1789693011
3165;Ghastly Glaive;12584;Ghastly Glaive;51b38cce9b690446ebb921456ff48e5b;1;1;;1;;;22;1789693011
3166;Steampunk Work Bench;12587;Steampunk Work Bench;875657ebb8f9d0b83c6a0c701dd4cef6;1;1;;1;;;22;1789693011
3167;Frame Skip On;12588;Frame Skip On;c99afc0be20b627929b900e73c8ebba2;1;1;;1;1;;54;1789693011
3168;Desert Pylon;12592;Desert Pylon;70ddb59b2c1c4723f76c199b04f2b698;1;1;;1;;;22;1789693011
3169;Turkor Head;12595;Turkor Head;9c97f29a4df007f7b9eda3f842cdf20b;;;;;1;;32;1789693012
3170;Crimson thorns;12597;Crimson thorns;87b5a48aabe0305b6d1b135600f1e0fe;1;1;;1;;;22;1789693012
3171;Safeman's Sun Dress;12599;Safeman's Sun Dress;f1ac2c9d15d16872fbde0f075bca488b;1;1;;1;;;22;1789693012
3172;Fairies;12608;Fairies;0befa101112f7f20deaa67d2d134a330;1;1;;1;;;22;1789693012
3173;Godmode;12616;Godmode;d7df152302005be72b3aef15600bd10c;1;1;;1;;;22;1789693012
3174;Mrs. Claus Hat;12617;Mrs. Claus Hat;3a3e5960024ccb07a4334b75d061f83b;1;1;1;1;;;30;1789693012
3176;Wooden Yoyo;12619;Wooden Yoyo;f5ea5383dad900996affed6d7e5b62fe;1;1;;1;;;22;1789693012
3177;Nailgun;12621;Nailgun;ea6e612d585bc2eaecaf4612d3a6fcf2;1;1;;1;;;22;1789693012
3178;Strange Plant;12630;Strange Plant;959a3f714f937634f0bf4d3ec888f7cf;1;1;;1;;;22;1789693012
3179;Flying Dutchman Trophy;12632;Flying Dutchman Trophy;88ea9cd6382a274f72fb153d1e478beb;1;1;;1;;;22;1789693012
3180;Hair Dye;12633;Hair Dye;2ddaf85e9e3c66df920d57661bbcd68a;1;1;1;1;;;30;1789693013
3181;Arch Wyvern Body 2;12641;Arch Wyvern Body 2;36f3b879eb7deacd7a2bb4de27a39e14;;;1;;1;;40;1789693013
3182;1.4.0.3;12650;1.4.0.3;b3e00c8576e650abf683b3181ca2dd63;1;1;;1;;;22;1789693013
3183;Lead Brick Wall;12648;Lead Brick Wall;16cb00b79356de3d074694889c3e88b8;1;1;;1;;;22;1789693013
3184;Study of a Ball at Rest;12651;Study of a Ball at Rest;d09f572427dffd5b200b810af6d0c783;1;1;;1;;;22;1789693013
3185;1.4.2.2;12655;1.4.2.2;e3bbe4ef48004600495b20a15df5d5c0;1;1;;1;;;22;1789693013
3186;Diamond Gemspark Block;12657;Diamond Gemspark Block;469d9266d438b4348a56a4f9d990cdf4;1;1;1;1;;;30;1789693013
3187;Cyan Husk;12644;Cyan Husk;fc9f2c5ff4ba974dda160f9f4f264a83;1;1;1;1;;;30;1789693013
3188;Crimson Campfire;12658;Crimson Campfire;7de91cca9544e9cd28a583b01a6b6833;1;1;;1;;;22;1789693013
3189;Lunatic Cultist Trophy;12662;Lunatic Cultist Trophy;bbe30e07b99347255e924025a69491e8;1;1;;1;;;22;1789693013
3190;Penguin Statue;12665;Penguin Statue;fa2ce7ed003a0b3b9be3ce96f6266737;1;1;;1;;;22;1789693013
3191;Music Box (Goblin Invasion);12667;Music Box (Goblin Invasion);f029817aae4625c1c5f98f7ed160a8cb;1;1;;1;;;22;1789693014
3192;Teal Dye;12671;Teal Dye;6201d7164feb79d8b2373c7d9d7eed06;1;1;1;1;;;30;1789693014
3193;Emerald Squirrel Cage;12669;Emerald Squirrel Cage;69bea61929dba7181d868bffb5d14015;1;1;;1;;;22;1789693014
3194;Star Topper 1;12666;Star Topper 1;113a4d8b9f29eb46ec98293ad96a8732;1;1;1;1;;;30;1789693014
3195;Lesion Sink;12672;Lesion Sink;6b782a208101aeae3fb73dffd4ec396f;1;1;;1;;;22;1789693014
3196;NOR Gate;12673;NOR Gate;3b24967e9091dfceddae980d12f0011b;1;1;;1;;;22;1789693014
3197;Living Flame Dye;12674;Living Flame Dye;5f234ed5bfa602823609835a000043af;1;1;;1;;;22;1789693014
3198;Silly Purple Balloon;12675;Silly Purple Balloon;20aa4f478d95ac1fd20d43b9b5d71db7;1;1;;1;;;22;1789693014
3199;Sluggy;12677;Sluggy;5045a5c86c4cda9171740ec1a0aaa35e;1;1;;1;;;22;1789693014
3200;Nebula Mantle;12682;Nebula Mantle;0a2a799d17462cfebf2d2367826f711e;1;1;;1;;;22;1789693014
3201;Sandstone Blocks;12683;Sandstone Blocks;3c2ceed40decb4bcfd7e1712ce45a055;1;1;;1;;;22;1789693014
3202;Blue Dungeon Lamp;12676;Blue Dungeon Lamp;04bf5188cda399805122a8973bd1f273;1;1;1;1;;;30;1789693014
3203;Starlit Heaven Wallpaper;12678;Starlit Heaven Wallpaper;aac3b3236512e9b8a7a4bf7fdeb4ea90;1;1;1;1;;;30;1789693015
3204;Spider Breastplate;12699;Spider Breastplate;1ef7f5189adb750012edb7700a51c5b4;1;1;1;1;;;30;1789693015
3205;Pink Slime Block;12704;Pink Slime Block;259f3c4a7174391b9c1ee0e22a8501cd;1;1;;1;;;22;1789693015
3206;Blue Flame and Black Dye;12705;Blue Flame and Black Dye;414ed9f2df639b4bffe1101c1672d862;1;1;1;1;;;30;1789693015
3207;Pupfish;12706;Pupfish;1847b3dd0e32a00d3c73630be560d2f3;1;1;;1;;;22;1789693015
3208;Flower Vine;12707;Flower Vine;384e10386d5e3889d2bfb34651ef49e0;1;1;;1;;;22;1789693015
3209;Thorn Hook;12708;Thorn Hook;581569eb281a9e2ef4b5a294c13d2be7;1;1;;1;;;22;1789693015
3210;Nebula Piano;12710;Nebula Piano;f868b0623fa60e12138ef9f2b2556c2a;1;1;;1;;;22;1789693016
3211;Credits;12712;Credits;948a2e3548aaf7f9941a3192fa607d51;1;1;;1;;;22;1789693016
3212;Planter Boxes;12713;Planter Boxes;4e5a2e22c30217dac3979011e5c39010;1;1;;1;;;22;1789693016
3213;Blood Moon Monolith;12715;Blood Moon Monolith;6f59da98d37fcc55f690432b76d1a5dc;1;1;;1;;;22;1789693016
3214;Blue Flame and Silver Dye;12723;Blue Flame and Silver Dye;6e95cd305f3bf1c051977fa708b1e6a2;1;1;;1;;;22;1789693017
3215;Solar Tablet Fragments;12725;Solar Tablet Fragments;9b14980813ec37c9a64be83023cdb183;1;1;;1;;;22;1789693017
3216;Volt Bunny;12730;Volt Bunny;ca41b87de686307e353a558dde18321c;1;1;;1;;;22;1789693017
3217;Lightning Aura Rod;12745;Lightning Aura Rod;651d11d8f3831ef692215da5f0777bd7;1;1;;1;;;22;1789693017
3218;Music Box (Boss 1);12746;Music Box (Boss 1);9128d4feff2c41a84ea9a9e3d0a064ca;1;1;1;1;;;30;1789693017
3219;Obsidian Bathtub;12747;Obsidian Bathtub;8e63e5b5d6beb51012d6eece86ee3ac1;1;1;;1;;;22;1789693017
3220;Ice Queen Relic;12748;Ice Queen Relic;afa82650d5508257bc2583f9f3e60694;1;1;;1;;;22;1789693017
3221;Womannequin;12743;Womannequin;b49c0a0e3c5f2a41ff381f519387077f;1;1;1;1;;;30;1789693017
3222;Ruby Minecart;12749;Ruby Minecart;46b19a979d7fa3ac6e5ec78fa3a4b7d8;1;1;;1;;;22;1789693017
3223;Snakes, I Hate Snakes;12755;Snakes, I Hate Snakes;888cc8e48c5b1df2b26d6ca1ad254633;1;1;;1;;;22;1789693017
3224;Lunar Events;12759;Lunar Events;9e190ce1a10604167fc395d2408610b0;1;1;;1;;;22;1789693018
3225;Steampunk Bathtub;12762;Steampunk Bathtub;c292ec3624e052458fcd1c5aad23a850;1;1;;1;;;22;1789693018
3226;Golf Clubs;12769;Golf Clubs;420de21731c480213562ad44c2af59d0;1;1;;1;;;22;1789693018
3227;Bestiary;12766;Bestiary;1ddb7a5531483027d772134ff2df3d84;1;1;;1;;;22;1789693018
3228;Firefly Statue;12754;Firefly Statue;62252dbb8010963290781e3a749243d1;1;1;;1;;;22;1789693018
3229;Cyan Golf Ball;12783;Cyan Golf Ball;c6accdb81e54401b5f1a85630e837552;1;1;;1;;;22;1789693018
3230;Sand Slime;12771;Sand Slime;506cec0bfb83550be41d313969f9e3b0;1;1;;1;;;22;1789693018
3232;Rack;12785;Rack;f7f46bc3b21d7b0e6d4e82cb318dfee0;1;1;1;1;;;30;1789693018
3233;Crawltipede Banner;12778;Crawltipede Banner;ff9329a952b54170807a3aeb0d88744e;1;1;;1;;;22;1789693018
3234;Dart Rifle;12788;Dart Rifle;183da5e801b9f3c12316f2ce9ca081bd;1;1;;1;;;22;1789693018
3235;Ocram Trophy;12790;Ocram Trophy;dbeccecfe8b1d9c205c066ad6cf4a90f;;;1;;1;;40;1789693018
3236;Night Vision Helmet;12787;Night Vision Helmet;9a3cbe410686bfe73b4ac6ebbecc4bc7;1;1;;1;;;22;1789693018
3237;Wraith Statue;12791;Wraith Statue;c28a02a2169cd973c6add579c2330214;1;1;;1;;;22;1789693018
3238;Frozen Key Mold;12794;Frozen Key Mold;a5380855f8df87624c21169aa1043d8a;;;1;;1;;40;1789693018
3239;Moon Lord Mask;12799;Moon Lord Mask;a41686e458e7da97b645b4496aabc8ea;1;1;;1;;;22;1789693019
3240;Walking;12800;Walking;db6ea77c7cd8a86b17014c3b688fd1a1;1;1;;1;1;;54;1789693019
3241;Blue Dungeon Bathtub;12818;Blue Dungeon Bathtub;ff98e3795ffd0897db02fad05ff1b0d7;1;1;;1;;;22;1789693019
3242;Bone Skeleton Statue;12812;Bone Skeleton Statue;4cdc560de0ddd36a5d2e74c10ca7971e;1;1;;1;;;22;1789693019
3243;Gold Water Strider Cage;12819;Gold Water Strider Cage;c5d3e7882ad32a8dfc977408c586620a;1;1;;1;;;22;1789693019
3244;Pylon Network;12832;Pylon Network;d3e527689f7786cd86fb6a04fc7ef766;1;1;;1;;;22;1789693019
3245;Meteor Staff;12831;Meteor Staff;40dc42153784b6a3c7e474aa946545da;1;1;;1;;;22;1789693019
3247;White and Green Bulb;12833;White and Green Bulb;cacbdd3854c39f475472a24a24eb5e0c;1;1;1;1;;;30;1789693019
3248;Ornament Wallpaper;12841;Ornament Wallpaper;3bee3069d5c05365e0ff18cb6cfafe92;1;1;1;1;;;30;1789693019
3249;Ninja set;12847;Ninja set;00d90458b19e2a284e3d2ecd30319809;1;1;;1;;;22;1789693019
3250;Martian Astro Clock;12849;Martian Astro Clock;b7de72c5733ae3b5e43d3c7efab67b15;1;1;;1;;;22;1789693019
3252;Sanguine bat;12853;Sanguine bat;4e209b0f9df5dc694e38bba22556ac9e;1;1;;1;;;22;1789693019
3253;Granite Platform;12859;Granite Platform;334c334e406a313071b74eee35dc568c;1;1;;1;;;22;1789693019
3254;Key mold;12860;Key mold;f9a65a19a1b78bbb12599d499a06f052;;;1;;1;;40;1789693019
3255;Golden Headstone;12862;Golden Headstone;dfed1da6ddce7a447a29cee1c284f3c3;1;1;;1;;;22;1789693019
3256;Crystal Table;12863;Crystal Table;f01cc8d7e579017cc86295d0dab05702;1;1;;1;;;22;1789693020
3257;Phantasmal Eye;12866;Phantasmal Eye;ce0706877243b2c804f69d8679f1ccca;1;1;;1;;;22;1789693020
3258;Green String;12858;Green String;8421724bb0ca53ed4d788aa0510364d1;1;1;;1;;;22;1789693020
3259;Red Garland;12871;Red Garland;2e51fc11482c7481c2ce7098de09183e;1;1;1;1;;;30;1789693020
3260;Smoothie of Darkness;12872;Smoothie of Darkness;4d7fb09eb85400f539f8f703acd40a67;1;1;;1;;;22;1789693020
3261;Steampunk Chest;12878;Steampunk Chest;7c87f35496991d5181ec360887d6b950;1;1;;1;;;22;1789693020
3262;Sapphire Gemspark Block;12870;Sapphire Gemspark Block;c62d030678edb6300e2e7e30699cb11a;1;1;1;1;;;30;1789693020
3263;Oasis Water Fountain;12876;Oasis Water Fountain;f5d629b4e59db693ee2d3a1d062c814e;1;1;;1;;;22;1789693020
3264;Frozen Door;12879;Frozen Door;e6b90637a765e7bd6e2804f9a3cc8a3d;1;1;1;1;;;30;1789693020
3265;Turkey Feather;12881;Turkey Feather;2ef74f924b37329048165cf633ee2108;;;;;1;;32;1789693020
3267;Predictor;12884;Predictor;df83e48167939874409f455fc246a96d;1;1;;1;;;22;1789693020
3268;Diamond Toilet;12891;Diamond Toilet;2d828dd893c1327e7f4a439393770202;1;1;;1;;;22;1789693020
3269;Sea Oats;12889;Sea Oats;78a0b5c6cc5e1ba375b5b51c24f43619;1;1;;1;;;22;1789693020
3270;Picnic Table;12893;Picnic Table;e6672dc19caa5e3458e6f4474eac4585;1;1;;1;;;22;1789693020
3271;Multicore Lighting;12896;Multicore Lighting;8300ad4ec593f725e2d9bab7e0466bd7;1;1;;1;1;;54;1789693020
3272;Cochineal Beetle Banner;12897;Cochineal Beetle Banner;7fa3b2f8c913ad6414f4549205aa5dc5;1;1;;1;;;22;1789693020
3273;Purple Counterweight;12899;Purple Counterweight;34d01d0297f94cc1f5b7ee573e9afae5;1;1;;1;;;22;1789693020
3274;Pink Dungeon Bathtub;12906;Pink Dungeon Bathtub;b5ab6aabb95b6513a109a422bdff4654;1;1;;1;;;22;1789693020
3275;Fox Ears;12905;Fox Ears;b8a6b932fdc6fda24ccc291a2a27bc69;1;1;;1;;;22;1789693021
3276;Fallen Tuxedo Pants;12915;Fallen Tuxedo Pants;ff88e2915f7c67457910fbfa177dfe08;1;1;;1;;;22;1789693021
3277;Cracked Dirt Wall;12919;Cracked Dirt Wall;6773e936908544a86ede488781ad09f1;1;1;;1;;;22;1789693021
3278;Squirrel Statue;12907;Squirrel Statue;8793e9ca8c08075cf3b7ff9e9be2c0c1;1;1;;1;;;22;1789693021
3279;Amber Staff;12929;Amber Staff;667fd29b72618e8648185f704513f70e;1;1;;1;;;22;1789693021
3280;Silly Tied Balloons;12926;Silly Tied Balloons;0180f295d175b0a256d40d1a7767c462;1;1;;1;;;22;1789693021
3281;Portal Gun Station;12930;Portal Gun Station;92e4d368aa432755cb6ddb0546330d1e;1;1;;1;;;22;1789693021
3282;Slime Pet;12946;Slime Pet;8c806a5ac2eb39c7b55581edabf59fe3;;;1;;1;;40;1789693021
3283;Trapped Locked Blue Dungeon Chest;12938;Trapped Locked Blue Dungeon Chest;cf6914fb93d1fabfa3511d7c16e0d8c5;1;1;;1;;;22;1789693021
3284;Predictor Banner;12950;Predictor Banner;b81d7d0a1679e8c62167e39e07a91f1e;1;1;;1;;;22;1789693021
3285;D-Town's clothes;12922;D-Town's clothes;0c56da17af3f1ccd226d20990031d7fc;1;1;;1;;;22;1789693021
3286;Maggot Zombie;12951;Maggot Zombie;efda22a1a0f0bef32c238143ad7a904a;1;1;;1;;;22;1789693021
3287;White Pin Flag;12957;White Pin Flag;cd024c2277225da6344ad740692ae48b;1;1;;1;;;22;1789693021
3288;Rocky Dirt Wall;12955;Rocky Dirt Wall;9578750bdfb3674b8bbd5b22cc1e6ed2;1;1;;1;;;22;1789693021
3289;Seahorse;12979;Seahorse;e4bc0823e7bc2fb8bbd1656f51ea58ab;1;1;;1;;;22;1789693021
3290;Twilight Dye;12965;Twilight Dye;55381a583b1c49d11bd4ebb2f5930796;1;1;;1;;;22;1789693021
3291;TShock;12985;TShock;e24de157eb7c95e165bfe9cee5ca63af;1;;;;;;2;1789693021
3292;Mothron Wings;12981;Mothron Wings;3b94d053c1a51009d151027265b666cc;1;1;;1;;;22;1789693021
3293;Red Dragonfly Jar;12984;Red Dragonfly Jar;ec319c959336c3a0f4b6a61b15d37b0d;1;1;;1;;;22;1789693021
3294;Bones McGee;12971;Bones McGee;dc700fc23d850ff7ff536d9a8e670bc7;1;1;;1;;;22;1789693021
3295;Toro's costume;12988;Toro's costume;1ff239706920afd639837789c1932e45;;;;;;1;1;1789693021
3296;Large Dynasty Lantern;12992;Large Dynasty Lantern;447d7ceffbe3c96f017604d9c68baad6;1;1;;1;;;22;1789693021
3297;Meteorite Bathtub;12995;Meteorite Bathtub;3510d1a94c8bc89a100349416f820fcf;1;1;;1;;;22;1789693022
3298;Sergeant United Shield;12998;Sergeant United Shield;7d9fe14fd95f82d87c113138229a8510;1;1;;1;;;22;1789693022
3299;Superheated Blood;13000;Superheated Blood;b43c39a0a8c863faf4edf878a3af7b7d;1;1;;1;;;22;1789693022
3301;Dragon Snatcher Banner;13001;Dragon Snatcher Banner;2f5ddf8bc0893731dc87807a78e411f9;;;1;;;;8;1789693022
3302;Jim's armor;13009;Jim's armor;01caf1535ae272469e5e672a6b226a40;1;1;;1;;;22;1789693022
3303;Betsy;13003;Betsy;e21ff8ebe6db1bc3d148d9d5895be7b6;1;1;;1;;;22;1789693022
3304;Monokuma costume;13011;Monokuma costume;5010dfe854e236166634e60a27a86507;;;;;;1;1;1789693022
3305;Oktober Locks;13013;Oktober Locks;f4c26391b4409dcdf336ed32f03c81ab;;;;;1;;32;1789693022
3306;Weather Vane;13015;Weather Vane;c9143d7c4fbae19175c4f555ed3fb79b;1;1;;1;;;22;1789693022
3308;Boreal Wood Piano;13020;Boreal Wood Piano;90c7640a664f411dcfc92bc08b42ed15;1;1;1;1;;;30;1789693023
3309;White Paper Airplane;13025;White Paper Airplane;394fdf384a1d6dea93ed4496fadcb8cd;1;1;;1;;;22;1789693023
3310;Strange Dyes;13027;Strange Dyes;bf2073439646548d50bcec5ba2233e2d;1;1;1;1;;;30;1789693023
3311;Cactus Sink;13029;Cactus Sink;8aba932f2ce73e89fed216731e119ca8;1;1;;1;;;22;1789693023
3312;Dungeon Key Mold;13032;Dungeon Key Mold;40c32f90a48fb7babf885756231b15e2;;;1;;1;;40;1789693023
3313;Pigron Minecart;13033;Pigron Minecart;9f4a6a08a118792b00f87ed07460dce4;1;1;;1;;;22;1789693023
3314;Boreal Wood Platform;13034;Boreal Wood Platform;7b807df46b427fd8938c416e46ca2e2f;1;1;1;1;;;30;1789693023
3315;Vortex Brick;13036;Vortex Brick;41065aee835ce3c608923eb4ac1f6623;1;1;;1;;;22;1789693024
3316;Plasma Lamp;13040;Plasma Lamp;ed99c80ccdb201c3cd23325043cbb6a7;1;1;;1;;;22;1789693024
3317;Crimson Heart (light pet);13045;Crimson Heart (light pet);cccdc8fdea103aa04555c73572363994;1;1;;1;;;22;1789693024
3318;Crimtane Brick Wall;13047;Crimtane Brick Wall;0c11d7dc9d97f0ca8dd6334ce269e91c;1;1;;1;;;22;1789693024
3319;Servants of Ocram;13065;Servants of Ocram;25408203bf67b015d3191ed498950d5c;;;1;;1;;40;1789693024
3320;Spooky Lantern;13061;Spooky Lantern;75ffe3649d21117f1425ba9d298ebe92;1;1;1;1;;;30;1789693024
3321;Locked Blue Dungeon Chest;13069;Locked Blue Dungeon Chest;f7690c09f86b06151ef631e1f96df804;1;1;1;1;;;30;1789693024
3322;Rich Mahogany Clock;13070;Rich Mahogany Clock;f4eae771db99cdd2d19ce3650235a952;1;1;1;1;;;30;1789693024
3323;Sandstone Piano;13079;Sandstone Piano;b4b53b5093cb0cbb53cf9e785f72f9bc;1;1;;1;;;22;1789693024
3324;Lime Paint;13083;Lime Paint;21cd58a3fc161de32d08b30487e90186;1;1;1;1;;;30;1789693025
3325;Lunar Portal Staff;13089;Lunar Portal Staff;d76d3ffaa93bd270df286a05a716a673;1;1;;1;;;22;1789693025
3326;Golden Bug Net;13090;Golden Bug Net;9686ccfba3102ad1c4cd51cb9a74ba3d;1;1;;1;;;22;1789693025
3327;Dragon Staff;13091;Dragon Staff;84603c258ef19d3f87939ba85241e540;1;1;;1;;;22;1789693025
3328;Hematic Crate;13093;Hematic Crate;bcba29654eda0d147ad3d8a63497a1f1;1;1;;1;;;22;1789693025
3329;Living Leaf Wall;13092;Living Leaf Wall;20995dee7977828e1aac35260ca1303a;1;1;;1;;;22;1789693025
3330;Skiphs' Blood;13095;Skiphs' Blood;a4970ebe5b869e86bc742106061ae259;1;1;;1;;;22;1789693025
3331;Martian Walker Banner;13096;Martian Walker Banner;abb6d63727012fecec918eece8283972;1;1;;1;;;22;1789693026
3332;Dye Trader's set;13102;Dye Trader's set;15de96fe41feb63779044b95b0d797d4;1;1;1;1;;;30;1789693026
3333;Bubble Shield;13105;Bubble Shield;a6c6fc304440942526384dd5f7efdbf6;1;1;;1;;;22;1789693026
3334;Crowno's clothes;13107;Crowno's clothes;3200ed3ed21e277cb487cb31b4b4106f;1;1;;1;;;22;1789693026
3335;Oiled;13108;Oiled;30933535c41b333cd762211f731ac797;1;1;;1;;;22;1789693026
3336;Obsidian Sofa;13106;Obsidian Sofa;ea20b2ebac3e71ffa5d274d0911e7f38;1;1;1;1;;;30;1789693026
3337;Pearlsandstone Block;13117;Pearlsandstone Block;2b34b3fdf24893dcb2b982608f79bf33;1;1;;1;;;22;1789693026
3338;Frog Gear;13109;Frog Gear;39585a5c18c0a3509427ddc1d03f2065;1;1;;1;;;22;1789693026
3339;Red and Green Bulb;13118;Red and Green Bulb;8dc7ee57dde6d53e1450e97bee417fd8;1;1;1;1;;;30;1789693027
3340;Pumpkin Candelabra;13119;Pumpkin Candelabra;d02a17b8a6ad3ea18aa61ce94a6d4def;1;1;1;1;;;30;1789693027
3341;Martian Dresser;13126;Martian Dresser;a50511d0c53ce79dcb2c01d43a1ccf39;1;1;;1;;;22;1789693027
3342;Morning Star;13124;Morning Star;fa9f777a0b08bba8a8e1d64f85df05eb;1;1;;1;;;22;1789693027
3343;Party;13123;Party;094a173d3b32f44f5b5c996e8710ae28;1;1;;1;;;22;1789693027
3344;Lihzahrd Sink;13130;Lihzahrd Sink;6e45b6baab9d8326a64a9cfe5b1e9bcf;1;1;;1;;;22;1789693027
3345;Spaghetti;13131;Spaghetti;1c1ad4ae57a528c98c80666849f4eeec;1;1;;1;;;22;1789693027
3346;Snow Balla Banner;13137;Snow Balla Banner;78af0123a4c1360c36ae975f2ff5ba8f;1;1;;1;;;22;1789693027
3347;Blood Mummy Banner;13132;Blood Mummy Banner;8e79d8b1762e3ea94bc62ef848b3ced0;1;1;;1;;;22;1789693027
3348;Gold Grasshopper;13144;Gold Grasshopper;966bcdb737a3f2599c1eca64e285fd8e;1;1;;1;;;22;1789693027
3349;Cloak;13148;Cloak;2cbd779a6d41d9715d259a5d7e8bb93d;1;1;1;1;;;30;1789693027
3350;Bright Blue Dye;13155;Bright Blue Dye;e2e5eee5783d9a7c5c78f4f768966c23;1;1;1;1;;;30;1789693028
3351;Lightning Aura Sentry;13162;Lightning Aura Sentry;157bcb33cc3ca9df0629ca50112be375;1;1;;1;;;22;1789693028
3352;Sandstone Sofa;13163;Sandstone Sofa;185230227701f5ad1ce61bf4cb00363a;1;1;;1;;;22;1789693028
3353;Rez and Spaz;13164;Rez and Spaz;01501ce23773fcde34fc5cb07ed0b145;1;1;;1;;;22;1789693028
3354;Diamond Bunny;13165;Diamond Bunny;1c882ff5ef671c8928c10adbd9479a49;1;1;;1;;;22;1789693028
3355;Suspicious Looking Eye (buff);13170;Suspicious Looking Eye (buff);6dabebc75e3a549bdd2100cc4762cc7c;1;1;;1;;;22;1789693028
3356;1.3.5.3;13169;1.3.5.3;bc5ac266fd37d15d71a6631877cc9446;1;1;;1;;;22;1789693028
3357;Oozed;13181;Oozed;ecce5d83862ce23cf06f6bad2552bed2;1;1;;1;;;22;1789693029
3358;Sharpened;13179;Sharpened;af7d6b9a8821e7523ad64edb3b415ef8;1;1;;1;;;22;1789693029
3359;Nail;13175;Nail;7c379a25a4da61a2da1121dba5fa0106;1;1;;1;;;22;1789693029
3360;Blood Eel Banner;13182;Blood Eel Banner;015e6e8f969e4263fcd4cc0ce811ef57;1;1;;1;;;22;1789693029
3361;White Cultist Caster Banner;13183;White Cultist Caster Banner;9566ce56694fb0e9f97cc6281d74b388;1;1;;1;;;22;1789693029
3362;Meowmur;13185;Meowmur;dc953869407c090537a4bf63d496cd31;1;1;;1;;;22;1789693029
3363;Mobile Phone;13186;Mobile Phone;5020eaae41baf0caa37bcb73b4a12934;1;1;;1;;;22;1789693029
3364;Brain Suckler;13192;Brain Suckler;637f5ce99fcd51c38763074f7ce48201;1;1;;1;;;22;1789693029
3365;Tortured Soul;13190;Tortured Soul;c573e51dd9368b7510b3ba41dcfae7cf;1;1;;1;;;22;1789693029
3366;Pumpkin Bathtub;13189;Pumpkin Bathtub;bca9245c130b328271ea897086415b45;1;1;1;1;;;30;1789693029
3367;Bamboo Piano;13187;Bamboo Piano;ccced23bd562946efc4f5d6d699dc99f;1;1;;1;;;22;1789693029
3368;Black Paint;13199;Black Paint;b667b97023fbfa5d410dc371030c3e61;1;1;1;1;;;30;1789693029
3369;Living Loom;13166;Living Loom;086e9b91c4207f9f832d98f5474d7a77;1;1;1;1;;;30;1789693028
3370;Lizard set;13203;Lizard set;ae71622671e5acb749815ea811f7a34b;1;1;;1;;;22;1789693029
3371;Developer;13204;Developer;672caf27f5363dc833bda5099775e891;1;1;;1;;;22;1789693029
3372;Bamboo Toilet;13206;Bamboo Toilet;8ae83c6e5a2d96425f855f1c0bf15530;1;1;;1;;;22;1789693029
3373;Cluster Rocket II;13211;Cluster Rocket II;8de420796eec0f2a8ff111f1fbeb4867;1;1;;1;;;22;1789693029
3374;Treasure Bag (Plantera);13215;Treasure Bag (Plantera);dfd2b961dcba45a8d7e83d17f6ae3c73;1;1;;1;;;22;1789693029
3375;Pink Snow Pants;13216;Pink Snow Pants;9bb88d7f95541150fdf7ed224ecc474f;1;1;;1;;;22;1789693030
3377;Upbeat Star;13217;Upbeat Star;c9ed72c6135527f8fb7fad521aa286ab;1;1;;1;;;22;1789693030
3378;Bone Serpent Kite;13226;Bone Serpent Kite;4a6a4d151394f376bd7e91792fc3f719;1;1;;1;;;22;1789693030
3379;DCU;13242;DCU;cfdd4ff5513b37c98b8fb2c24c00a42b;1;1;;1;;;22;1789693030
3380;Ebonwood Sofa;13246;Ebonwood Sofa;dbafd507b2e0f1f4a0209f7d829cd89f;1;1;1;1;;;30;1789693030
3381;Tomb Crawler Banner;13234;Tomb Crawler Banner;a6b1061b2bc5e087c774e5406ed8b060;1;1;;1;;;22;1789693030
3382;Bright Cyan Dye;13249;Bright Cyan Dye;9f58842b0ce737bf7535b5a1bbc09eab;1;1;1;1;;;30;1789693030
3383;Magic Lantern;13244;Magic Lantern;5e5f77142b9c076e5733395ecf9a2703;1;1;;1;;;22;1789693030
3384;Sparkle Stone Wallpaper;13253;Sparkle Stone Wallpaper;76802d31edfc924174681c3e188b5062;1;1;1;1;;;30;1789693030
3385;Armed Bald Zombie;13267;Armed Bald Zombie;fa34a3291693db71d153a14805f4ba80;1;1;;1;;;22;1789693030
3386;Chalice;13264;Chalice;7372a523dc53273b52fc33669dc3edcd;1;1;1;1;;;30;1789693030
3387;Cups;13255;Cups;ee6267d9b200ebd16818d0737e20f2ed;1;1;1;1;;;30;1789693030
3388;Moon Bite;13268;Moon Bite;93e31af7639538dfc2ef7cad49b6af21;1;1;;1;;;22;1789693030
3390;Shadow Jousting Lance;13274;Shadow Jousting Lance;24f5b0a3892f77d4b7b8fdb7ba4e1fee;1;1;;1;;;22;1789693030
3391;Golf score;13280;Golf score;cb8bc9c335a9b340995afc6b17d1884d;1;1;;1;;;22;1789693031
3393;Flesh Reaver;13290;Flesh Reaver;14f5def12a64980b6a260c3fe5e61e0a;1;1;;1;;;22;1789693031
3394;Crystal Work Bench;13294;Crystal Work Bench;d4370f4dcadad0083564428c4b6bec45;1;1;;1;;;22;1789693031
3395;Rain armour;13296;Rain armour;9cea0fa1482b37fc1f7abae8ac9eb871;1;1;;1;;;22;1789693031
3396;Radar;13303;Radar;dc1f6c5aadf26f4db06184cef0c2aa24;1;1;;1;;;22;1789693032
3397;Martian Dye;13316;Martian Dye;1b8238586e1d1949e4d043c01e8aff9f;1;1;;1;;;22;1789693032
3398;Pink Dungeon Sofa;13300;Pink Dungeon Sofa;c2094e61592a79c22f3f90a1ebfa3e50;1;1;1;1;;;30;1789693032
3399;Lantern Night;13318;Lantern Night;c9a26fe0296823ccc2b45fc30e67b44b;1;1;;1;;;22;1789693032
3400;Palm Wood Chest;13319;Palm Wood Chest;7ea5662b9a6a7499d59eebf0b945c766;1;1;;1;;;22;1789693032
3401;Silly Balloon Walls;13320;Silly Balloon Walls;ecfc72694d661070e5b3bbaee8f053d5;1;1;;1;;;22;1789693032
3402;1.4.2.3;13325;1.4.2.3;effc9af268921d62643fab64f73074db;1;1;;1;;;22;1789693032
3403;Lighting mode;13322;Lighting mode;9d6fdba7c14ef16d268ea93ec20ff3cd;1;1;;1;;;22;1789693033
3404;Pumpkin Bed;13330;Pumpkin Bed;20b7df2aa19af8d13f0e6593b6b9c210;1;1;1;1;;;30;1789693033
3405;Worn Golf Club (Iron);13328;Worn Golf Club (Iron);6353f88201f3cafad30d1d80ac73d5fd;1;1;;1;;;22;1789693033
3406;Fossil Plate;13331;Fossil Plate;3625eebc6b6b8db8d51d423f7be1e5b4;1;1;;1;;;22;1789693033
3407;Sluggy Cage;13336;Sluggy Cage;9b0616cbca7e9077266dedb3f3be063a;1;1;;1;;;22;1789693033
3408;Cursed Skull Banner;13332;Cursed Skull Banner;ed6df8d2a497f2bd4f000ac68d37cdc9;1;1;;1;;;22;1789693033
3409;Boreal Wood Chandelier;13338;Boreal Wood Chandelier;9c72058a181efb07fbe7928b2a609985;1;1;1;1;;;30;1789693033
3410;Money Hair Dye;13343;Money Hair Dye;cced616155f14dce2e6bc706918e02ec;1;1;1;1;;;30;1789693033
3411;Dynasty Piano;13350;Dynasty Piano;0e1f1db395ae6a6dff9894053eeff805;1;1;;1;;;22;1789693034
3412;Palm Wood Bed;13354;Palm Wood Bed;c7f9a517353ae52d29559203620ea41d;1;1;1;1;;;30;1789693034
3413;Maroon Graduation Cap;13352;Maroon Graduation Cap;fda965c57fc82336f3acca4d08bc22ff;1;1;;1;;;22;1789693034
3414;Cursed Stuffing;13355;Cursed Stuffing;a92035c3a89a581e264d7e9e2aa986f7;;;;;1;;32;1789693034
3415;Biome torch swap;13359;Biome torch swap;b70344d95ff29e6c11149b10d5a1552d;1;1;;1;;;22;1789693034
3416;Shinobi Infiltrator's Torso;13360;Shinobi Infiltrator's Torso;cd583288d9e66e87812d86e4acb7b802;1;1;;1;;;22;1789693034
3417;Old One's Skeleton;13365;Old One's Skeleton;31ce9aa7c12b1a0bef0bcc29d19750fd;1;1;;1;;;22;1789693034
3418;Mushroom Bench;13369;Mushroom Bench;a7cc30890fe8a729ea090106aa877c43;1;1;1;1;;;30;1789693034
3419;Cement Mixer;13371;Cement Mixer;2de1ba5b3ff4befe9b487476580e9ee0;1;1;1;1;;;30;1789693034
3420;Music Box (Night);13362;Music Box (Night);6a964bf7c003f681d2bf626eb9689d10;1;1;1;1;;;30;1789693034
3421;Fisherman's Pocket Guide;13376;Fisherman's Pocket Guide;a0277d89f5903cacb8f7aca66222db15;1;1;;1;;;22;1789693034
3422;Black Graduation Gown;13380;Black Graduation Gown;1cdbafe43cbad5ce9fadd5cf4b4e14a4;1;1;;1;;;22;1789693034
3423;Tomb Crawler (Tail);13387;Tomb Crawler (Tail);1dfd5b0e67443a265cf8482687379352;1;1;;1;;;22;1789693034
3424;Goat Mount;13388;Goat Mount;93c413f959388c67d5076870798b6b3d;1;1;;1;;;22;1789693034
3425;Gel Dye;13393;Gel Dye;9e3246ed8de266ab3b6d234e9ecd4a8b;1;1;;1;;;22;1789693035
3426;Corite;13402;Corite;38345003bedf9e5ad2bffcc1cce51e6d;1;1;;1;;;22;1789693035
3427;Marble Cave;13399;Marble Cave;24decc449cfa5d074ad1b868088dee03;1;1;;1;;;22;1789693035
3428;Martian Gigazapper Banner;13403;Martian Gigazapper Banner;b053a53727a2b827f295eb8310c2ff78;1;1;;1;;;22;1789693035
3429;Roasted Bird;13410;Roasted Bird;651d786f733b0366a0acc6fb3a6d3b3d;1;1;;1;;;22;1789693035
3430;Spider armour;13372;Spider armour;0778f71696681a56031df0396a6784bc;1;1;1;1;;;30;1789693035
3431;Water Strider Cage;13414;Water Strider Cage;7c113c78e3880a5e3b6585ed783b59a5;1;1;;1;;;22;1789693035
3432;Smooth Sandstone;13419;Smooth Sandstone;d25c9007a3422ac710ad85721105b36c;1;1;;1;;;22;1789693035
3433;Will's Breastplate;13415;Will's Breastplate;e5f8a3aa267e2a9038f8ddca7cdf3589;1;1;;1;;;22;1789693035
3434;Lesion Work Bench;13420;Lesion Work Bench;3b602e010aa354d23c1281b8f3661666;1;1;;1;;;22;1789693035
3436;Safeman's Sunny Day;13429;Safeman's Sunny Day;e41417578d8332db61e6436dd61bc9dd;1;1;;1;;;22;1789693035
3437;Armor penetration;13433;Armor penetration;cc0879078b7ba8a1a51fcb57b1d9f720;1;1;;1;;;22;1789693035
3438;Midnight Rainbow Dye;13434;Midnight Rainbow Dye;e64903abc17fed72bea50018df24a675;1;1;;1;;;22;1789693035
3440;Martian Hair Dye;13438;Martian Hair Dye;65a3505466d841dca84670b16d9e70e7;1;1;;1;;;22;1789693036
3441;Yoyo Glove;13439;Yoyo Glove;66d173a45237526fbbd839a6a8a8523c;1;1;;1;;;22;1789693036
3442;Kites;13440;Kites;ce26cd6d057fef8e3125d0f30fec6420;1;1;;1;;;22;1789693036
3443;Yellow Counterweight;13441;Yellow Counterweight;e9d8ee36e755690de679b243e1c2a269;1;1;;1;;;22;1789693036
3444;Slime Gun;13430;Slime Gun;faf1f7e608d9fb2e7535685a11f0cf34;1;1;1;1;;;30;1789693035
3445;Crystal Toilet;13447;Crystal Toilet;4065e8aec80a3e67bfd26b64a66811de;1;1;;1;;;22;1789693036
3446;Timeless Traveler's set;13458;Timeless Traveler's set;0dfc3552489a2e5d52b7f0be4ecc4b9d;1;1;;1;;;22;1789693036
3447;Spore Skeleton;13461;Spore Skeleton;bef59b39a7f33e048e8c0bc0bde983c8;1;1;;1;;;22;1789693037
3448;Eternia Crystal;13466;Eternia Crystal;29f8c224fa55046bcd54a361bf2224d1;1;1;;1;;;22;1789693037
3449;Huntress's Jerkin;13464;Huntress's Jerkin;f50cc8049c9f5fb42a935013b474db46;1;1;;1;;;22;1789693037
3450;Plaguebringer's Treads;13468;Plaguebringer's Treads;b2a0f4851ea4289e9a533a607a86381c;1;1;;1;;;22;1789693037
3451;Phantasm Dragon Body 3;13471;Phantasm Dragon Body 3;e8f4ba501953d2625b14c30017326ecf;1;1;;1;;;22;1789693037
3452;Otherworldly Music Box (Corruption);13472;Otherworldly Music Box (Corruption);92bca65422749e17c91c529f674af538;1;1;;1;;;22;1789693037
3453;Treasure Bag (Deerclops);13473;Treasure Bag (Deerclops);019dfb8d46f2b7a4eaa55c7294716568;1;1;;1;;;22;1789693037
3454;Owl Statue;13478;Owl Statue;26362941fc9cd522d60b91f69bd67f81;1;1;;1;;;22;1789693037
3456;Blue Pin Flag;13482;Blue Pin Flag;10f62fffc850308237a20be80b4e4f88;1;1;;1;;;22;1789693038
3457;Red's set;13481;Red's set;5f38c0eed839a2f92cfa83cafe6e4c4e;1;1;;1;;;22;1789693038
3458;Bloody Goblet;13487;Bloody Goblet;4b21ad3c933292cce9762bb236f8e721;1;1;;1;;;22;1789693038
3459;Classy Cane;13488;Classy Cane;3fe90ea09f611acee2bda602b893ee09;1;1;;1;;;22;1789693038
3460;Nebula Monolith;13489;Nebula Monolith;c126d206c75e0cc5f37c177973bf8cd4;1;1;;1;;;22;1789693038
3462;Rider;13494;Rider;95116ecd84c8e4e43c29629b68775bbd;1;1;;1;;;22;1789693039
3463;Red and Yellow Bulb;13495;Red and Yellow Bulb;fe2d5f753c22e51a12135f802cefb914;1;1;1;1;;;30;1789693039
3464;Mrs. Claus costume;13496;Mrs. Claus costume;42e8649c356c10fe011ab01c4124ca0e;1;1;1;1;;;30;1789693039
3465;Flocko Banner;13506;Flocko Banner;ef599d2c90d92d8b9e1adf58aedc3518;1;1;;1;1;;54;1789693039
3466;Dynasty Lamp;13504;Dynasty Lamp;a447d07d019adde2361b999ad0def193;1;1;1;1;;;30;1789693039
3467;Smart Cursor Mode: Hold;13508;Smart Cursor Mode: Hold;69b929d174b8cac426c58f9f1c8cbd52;1;1;;1;1;;54;1789693039
3470;Sand Sharks;13516;Sand Sharks;972a3d8403c4d0da5a4dd77e19ec0c79;1;1;;1;;;22;1789693039
3471;Violet Golf Ball;13519;Violet Golf Ball;87548e551569c47b87596e8bfbea2086;1;1;;1;;;22;1789693039
3472;Prismatic Dye;13520;Prismatic Dye;c71f1bd91c7180f10e957514c51ece5f;1;1;;1;;;22;1789693040
3473;Enchanted Dagger;13522;Enchanted Dagger;dc3804f0b468554bfe4e63d22e05b0dc;1;1;;1;;;22;1789693040
3475;Pixie Dye;13528;Pixie Dye;6b0f68fb8b9ac92176323a5e123466d4;1;1;;1;;;22;1789693040
3476;Desert Spirit Lamp;13532;Desert Spirit Lamp;f58231f85b02acc71dd7e4d08ecda3d3;1;1;;1;;;22;1789693040
3477;Options;13534;Options;dae8ace18bdcbcc6ae5aece263e14fe8;1;1;;1;1;;54;1789693040
3479;Silver Watch;13536;Silver Watch;12b46107b2858c046e0a52a4e17cb150;1;1;1;1;;;30;1789693040
3481;Coral Torch;13542;Coral Torch;4f1773ade3b02901ab24ff55d9954143;1;1;;1;;;22;1789693041
3482;Spectral Mummy;13540;Spectral Mummy;1515082d4d1ccfd5b61b3ba23337b7ed;;;1;;1;;40;1789693041
3483;Chef Pants;13543;Chef Pants;9ca698b7db1251af4bafe13dd3d196f1;1;1;;1;;;22;1789693041
3484;Wither Beast Banner;13552;Wither Beast Banner;0f236a023a7d96849c17f27b6c6e2dae;1;1;;1;;;22;1789693041
3485;Otherworldly Music Box (Underworld);13549;Otherworldly Music Box (Underworld);d6af9b9cb65919a09653832c65c5a3d4;1;1;;1;;;22;1789693041
3487;Valhalla Knight's Breastplate;13557;Valhalla Knight's Breastplate;c321df1b9e6b3c2d8e8a6619b572d4a3;1;1;;1;;;22;1789693041
3488;Monster Meat;13563;Monster Meat;9525c912dfaa75d9a11f85befcfc0e90;1;1;;1;;;22;1789693041
3489;Gold Squirrel;13564;Gold Squirrel;8af9c1a65664a07ba5c037dacb6c88e5;1;1;;1;;;22;1789693041
3490;1.3.0.4;13569;1.3.0.4;3f624e83fc5ae2ce3d614be94c562fd8;1;1;;1;;;22;1789693041
3491;Crystal Bookcase;13575;Crystal Bookcase;7e415e3b4c938148dba50b7d435b4b19;1;1;;1;;;22;1789693041
3492;Bone Biter Banner;13582;Bone Biter Banner;71229866fc5310164d9e88453d13dfb8;1;1;;1;;;22;1789693041
3493;Boreal Wood Lamp;13584;Boreal Wood Lamp;44f649b5a0325e41cf9457c8372770c5;1;1;1;1;;;30;1789693042
3494;Hell Butterfly Jar;13585;Hell Butterfly Jar;5e7e919c6f1e9e57e750500425aef1a3;1;1;;1;;;22;1789693042
3495;Crimson Bunny;13586;Crimson Bunny;349c4d2c0d43d2efd7949a872f3d7f0e;1;1;;1;;;22;1789693042
3496;Topaz Bunny;13588;Topaz Bunny;5b0c7bc4f28a2e4aa4cc4d9303f8655e;1;1;;1;;;22;1789693042
3497;Pink Maid Shoes;13590;Pink Maid Shoes;39f409b2737383e55d848df4c203be9f;1;1;;1;;;22;1789693042
3498;Drill Mount (buff);13592;Drill Mount (buff);cd5e569ec9d7540e39c76aeb09786093;1;1;;1;;;22;1789693042
3499;Teal and Silver Dye;13595;Teal and Silver Dye;ebb34196b7326248ae175d8691091738;1;1;1;1;;;30;1789693042
3500;Wandering set;13596;Wandering set;6adb7e3c4c6fc1b79ffd6348c3c2902b;1;1;;1;;;22;1789693042
3501;Mechanical Ruler;13597;Mechanical Ruler;9daf690eac537c7b78645e4808e61cfb;1;1;;1;;;22;1789693042
3502;Dynasty Bed;13598;Dynasty Bed;dca5d09b273e4c19ef67e4d01c6dc287;1;1;1;1;;;30;1789693042
3504;Treasure Bag (Empress of Light);13606;Treasure Bag (Empress of Light);50ac02ef6ce29a11f189ee8ac7cc3f0b;1;1;;1;;;22;1789693043
3505;Fossil Helmet;13607;Fossil Helmet;66c430abd1c9ae13b04313387839cfa7;1;1;;1;;;22;1789693043
3506;Background Off;13622;Background Off;8f7fd73150219ffe01f3323586dd9022;1;1;;1;1;;54;1789693043
3507;Grox The Great's set;13615;Grox The Great's set;a7955b73474a011b09d12dcf9d75158f;1;1;;1;;;22;1789693043
3508;Gingerbread Cookie;13603;Gingerbread Cookie;950147e7d431d0a70c6180b8b8fd78ef;1;1;1;1;;;30;1789693043
3509;Lepus Egg;13624;Lepus Egg;0a740cb7e7fd3c5065741ed620f5f87b;;;;;1;;32;1789693043
3510;Candy Cane Hook;13626;Candy Cane Hook;059cbf78e10b6d5e7f5f979aebf0ab65;1;1;1;1;;;30;1789693043
3511;Music Wallpaper;13629;Music Wallpaper;910ad786097721c1f76c37614b78185d;1;1;1;1;;;30;1789693044
3512;Pink Sakura;13633;Pink Sakura;b20773bc53b16575850489fa5d741b01;1;1;;1;;;22;1789693044
3513;Mahogany Leaf Block;13641;Mahogany Leaf Block;11a9ccd4b6a90addbf67bc84e719ab45;1;1;;1;;;22;1789693044
3514;Shucked Oyster;13642;Shucked Oyster;0896bc0f8cb9e13179931508e1f3a43b;1;1;;1;;;22;1789693044
3515;Star Anise;13643;Star Anise;ab8a44c186eae39a1007df95358c2316;1;1;1;1;;;30;1789693044
3516;Marble;13644;Marble;7fb26875c639817a59912a87be6f7386;1;1;;1;;;22;1789693044
3517;Treasure Bag (Eye of Cthulhu);13648;Treasure Bag (Eye of Cthulhu);254cf4a40e0bb7a479b7c21f4c5cac3e;1;1;;1;;;22;1789693044
3518;Gold Golf Trophy;13649;Gold Golf Trophy;c730187c10569f3d459ef5c09254ead6;1;1;;1;;;22;1789693045
3519;Blue Starry Block;13651;Blue Starry Block;8e7b5656fe30d5a9a3155d9ad3e347db;1;1;;1;;;22;1789693045
3520;Mini Nuke I;13654;Mini Nuke I;e0f53cec143f47f1bb758478863d6734;1;1;;1;;;22;1789693045
3521;Cactus Lamp;13658;Cactus Lamp;d0e3e40d9d41c61d8a40d6c181e1a0f9;1;1;1;1;;;30;1789693045
3522;Relic;13660;Relic;95bacd099548cd6ef0c33642a7a43ccf;1;1;;1;;;22;1789693045
3523;Ivy;13662;Ivy;f372e525ec64552ba2344da7e3ba0465;1;1;;1;;;22;1789693045
3524;Treasure Bag (Ogre);13663;Treasure Bag (Ogre);90a6a8298b4dbca4e7f2dfe17066853b;1;1;;1;;;22;1789693045
3526;Herb Bag;13670;Herb Bag;75448ce3d9a6fad62e1b87e17188153a;1;1;;1;;;22;1789693046
3527;Shinobi Infiltrator's Pants;13672;Shinobi Infiltrator's Pants;898882dc64e6e390576ba0c5a6e09f21;1;1;;1;;;22;1789693046
3528;Shiren costume;13675;Shiren costume;ab099e69a0668ba5fa4acf7084757fc0;;;;;;1;1;1789693046
3529;Mushroom Pants;13678;Mushroom Pants;b4af400be2a27cc1ecc3fffb920724a8;1;1;;1;;;22;1789693046
3530;Meowmere Minecart;13679;Meowmere Minecart;0e8f59711faede70f17865fe5e0bf387;1;1;;1;;;22;1789693046
3531;Pink Dungeon Dresser;13681;Pink Dungeon Dresser;51e0d7194f307f0111faa1cd1c714df8;1;1;1;1;;;30;1789693046
3532;Full Moon Squeaky Toy;13682;Full Moon Squeaky Toy;1effad80642d5cbb7155b7cfc86934ad;1;1;;1;;;22;1789693047
3533;Stardust Drill;13687;Stardust Drill;a72810107274b85bcb7bdb269fef7f3f;1;1;;1;;;22;1789693047
3534;Celestial Starboard;13689;Celestial Starboard;411379c8fb31557b74c5f3460effdea7;1;1;;1;;;22;1789693047
3535;Presserator;13690;Presserator;29b851058dedbb03d83f37b517c63f63;1;1;;1;;;22;1789693047
3536;Boreal Wood Helmet;13693;Boreal Wood Helmet;4d397b1fd820b3f409aaf4f2ad2e30fc;1;1;1;1;;;30;1789693048
3537;Ladybug;13695;Ladybug;03d4abb9e3c8ad77819bdcc8e7bf8f43;1;1;;1;;;22;1789693048
3538;Otherworldly Music Box (Dungeon);13699;Otherworldly Music Box (Dungeon);14c080c945bf1f08473ab3ad627c9fc6;1;1;;1;;;22;1789693048
3539;Dungeon Spirit Banner;13705;Dungeon Spirit Banner;0ec5c61df793095575a5bc4a1394e619;1;1;;1;1;;54;1789693049
3540;Medusa;13709;Medusa;68e064a1e7c8e7eeea682a09049a1400;1;1;;1;;;22;1789693049
3541;Cattail;13713;Cattail;869c6636be04b9f79e8c526ced7f9e57;1;1;;1;;;22;1789693049
3542;Desert Minecart;13711;Desert Minecart;85537669bd61030b1bcca7b2432ff4ad;1;1;;1;;;22;1789693049
3543;Etherian Wyvern;13715;Etherian Wyvern;7683abd47ce6e627f7bc4e2a35c1fcc2;1;1;;1;;;22;1789693049
3545;Nebula Brick;13720;Nebula Brick;ae7aac26b176276048490d31a212f2d7;1;1;;1;;;22;1789693049
3546;Deep Red Paint;13723;Deep Red Paint;6a44e3c727d1d963284ab244e70fc07f;1;1;1;1;;;30;1789693049
3547;Sparky;13734;Sparky;f29457218c074b02035cc96ea01e6b36;1;1;;1;;;22;1789693050
3548;Queen Slime Relic;13731;Queen Slime Relic;8c77cc7162d9d4e99a6208fbe75872f6;1;1;;1;;;22;1789693050
3549;Crystal Chest;13737;Crystal Chest;3d05f889f94cc1eaaa68b489eaf918eb;1;1;;1;;;22;1789693050
3550;Hellstone Brick Wall;13738;Hellstone Brick Wall;ebb351860cd6cfccc6369deac0458ce3;1;1;;1;;;22;1789693050
3551;Resolution;13739;Resolution;b5a4b64b2aa505bd7c11f79b8a9f458d;1;1;;1;1;;54;1789693050
3552;Alchemy Table;13736;Alchemy Table;a26e533210943dcf4ba43190a710edb0;1;1;;1;;;22;1789693050
3553;Dribbler;13747;Dribbler;384cd94be6f3a60c2b4194cb2e20534d;1;1;;1;;;22;1789693051
3555;Dragonfly Jar;13754;Dragonfly Jar;e26d0f4be1f3f49c0c53c260e025e458;1;1;;1;;;22;1789693051
3556;Glass Candelabra;13756;Glass Candelabra;5ed503870ed575caca6f621706c98f37;1;1;1;1;;;30;1789693051
3557;Demonic Hellcart;13759;Demonic Hellcart;5ec3471157f6b2245877b86fd2de4fff;1;1;;1;;;22;1789693051
3560;Holly;13761;Holly;c75c2126061533bfc8ab3ae291e7e849;1;1;1;1;;;30;1789693051
3561;Crimson Mimic Banner;13775;Crimson Mimic Banner;5485d93f61d11e6c36c7130f8dcea16a;1;1;;1;;;22;1789693051
3562;Steampunk Boiler;13768;Steampunk Boiler;88446f299f1596623129a798ad12f104;1;1;1;1;;;30;1789693051
3563;Old Woman;13766;Old Woman;688864ac0af039e02367781c14732a0e;;;;;1;;32;1789693051
3564;True Eye of Cthulhu;13769;True Eye of Cthulhu;b79819651c99e1baaa043cff1e56e2f2;1;1;;1;;;22;1789693051
3566;Attacker AI;13780;Attacker AI;e39933f95620b6c575b8a74c609fe1ab;1;1;;1;;;22;1789693051
3567;Windy Balloon;13784;Windy Balloon;84da743c3aff2508cdef4cb01409e61a;1;1;;1;;;22;1789693051
3568;Cenx's Dress Pants;13785;Cenx's Dress Pants;4a4bc4eb9200e030c49c9212734c2e75;1;1;;1;;;22;1789693051
3569;Red Team Platform;13788;Red Team Platform;14e11a9b375828986fd98c9a27f7364d;1;1;;1;;;22;1789693052
3570;Spectrum Kite;13786;Spectrum Kite;848be1e0dfd16c33023e3963f5114638;1;1;;1;;;22;1789693052
3571;Royal Tiara;13790;Royal Tiara;93057a4805dbf3269b8be72836df89a8;1;1;;1;;;22;1789693052
3572;Crimson Heart (buff);13789;Crimson Heart (buff);dfb6ecddbcaa6755b8fbd43987953395;1;1;;1;;;22;1789693052
3573;Pine Chair;13799;Pine Chair;6067374ea882afe7c289e66d4ab085ef;1;1;1;1;;;30;1789693052
3574;George's Tuxedo Pants;13794;George's Tuxedo Pants;0454c974e9fe35900d807f455ae27d29;;;1;;1;;40;1789693052
3575;Corrupt Penguin Banner;13801;Corrupt Penguin Banner;0f58d4aeec456c5e43bb37968513a841;1;1;;1;;;22;1789693052
3576;Rat;13802;Rat;ecd331596f91ddaac07c6e600ed166f1;1;1;;1;;;22;1789693052
3577;Lunatic Cultist;13811;Lunatic Cultist;62f7074ec75ec18b55be53f5e4bec62e;1;1;;1;;;22;1789693053
3579;Meteorite Piano;13814;Meteorite Piano;a0ee184862e0cb49bb1d5e5dae531f74;1;1;;1;;;22;1789693053
3580;Leinfors' Fancypants;13820;Leinfors' Fancypants;619a1bcc26345eed195acbac832cbab7;1;1;;1;;;22;1789693053
3582;Ballista;13821;Ballista;d0a2e600040b35b7d25c1a1bd343889c;1;1;;1;;;22;1789693054
3583;Frozen Bed;13826;Frozen Bed;f59288e0b9d59d105cd2eae86b45341b;1;1;1;1;;;30;1789693054
3584;Pin Flag;13830;Pin Flag;b5b2441dfc361373479dd57d09854c4c;1;1;;1;;;22;1789693054
3585;Mahogany Living Tree;13828;Mahogany Living Tree;5b949cde70f264a0df8e46b6df2c3a49;1;1;;1;;;22;1789693054
3586;Hel-Fire;13832;Hel-Fire;a7f10a109ab17165e51023fcf764c02c;1;1;;1;;;22;1789693054
3587;Companion Cube (buff);13831;Companion Cube (buff);708ae48af0a685531cc134f8c9c775d4;1;1;;1;;;22;1789693054
3588;Pumpking Relic;13840;Pumpking Relic;1b67f1826788276bd184edf8fa630f71;1;1;;1;;;22;1789693054
3589;Haemorrhaxe;13843;Haemorrhaxe;ca94426d172980bc55bb7a995d35bb87;1;1;;1;;;22;1789693055
3590;Purple Thread;13844;Purple Thread;27068da0bd0dc036a0e672590d653759;;;1;;1;;40;1789693055
3591;Golf trophies;13845;Golf trophies;ce1297789392eb78a847ae0ce6f67126;1;1;;1;;;22;1789693055
3592;Blue Armored Bones Banner;13849;Blue Armored Bones Banner;4d6418cbe430ef8193a3f08b36000fac;1;1;;1;1;;54;1789693055
3593;Blue Dungeon Sink;13853;Blue Dungeon Sink;9ca7adb7930324968cb1ca8cf94b3c5f;1;1;;1;;;22;1789693055
3594;Wild Flower Seeds;13854;Wild Flower Seeds;527393292216b8ba15eb5569ab480f5b;1;1;;1;;;22;1789693055
3595;Huntress's Pants;13846;Huntress's Pants;e1b22481cf766e1a4432e61dc405965a;1;1;;1;;;22;1789693055
3596;Worm Pet;13856;Worm Pet;2b591c4263e92393ebbb0d4120d1fc45;;;;;1;;32;1789693055
3597;White Cultist Archer Banner;13857;White Cultist Archer Banner;77a76371b871571d2a76e092566ab56c;1;1;;1;;;22;1789693055
3599;Black Dragonfly Jar;13863;Black Dragonfly Jar;9054e34cf4c65a72013f74afa21d7c9a;1;1;;1;;;22;1789693055
3600;Leinfors' Prehensile Cloak;13865;Leinfors' Prehensile Cloak;ecfdbb186ff20d8d45483290d56ba33e;1;1;;1;;;22;1789693055
3601;Blue Flame Dye;13867;Blue Flame Dye;9042e76efc68f530362a8927f34a86ad;1;1;1;1;;;30;1789693056
3602;Tim Banner;13871;Tim Banner;20e7c2de998e78577631e23db1f0b88a;1;1;;1;;;22;1789693056
3603;Frozen Bookcase;13873;Frozen Bookcase;5b8bb0104dde28489379d7007e77b456;1;1;1;1;;;30;1789693056
3604;Pearls;13875;Pearls;82b75c472ba146b7106579b9e5c1c2d9;1;1;;1;;;22;1789693056
3605;Tax Collector's clothes;13879;Tax Collector's clothes;a17931d73fe0c975b7fafb19adfc22aa;1;1;;1;;;22;1789693056
3606;Slime Rain;13882;Slime Rain;d7e3c28948c76729faa8620cea161889;1;1;;1;;;22;1789693056
3607;Pumpkin Scented Candle;13883;Pumpkin Scented Candle;cb29637ae84ef4204224a6b78baca051;1;1;;1;;;22;1789693056
3608;Hoplite Banner;13890;Hoplite Banner;a8464612c43f49519b39c70da95161bf;1;1;;1;;;22;1789693056
3609;Gold Frog Cage;13881;Gold Frog Cage;bb31a5aa7ddbd35d6bcf12100204c225;1;1;;1;;;22;1789693056
3610;Obsidian Piano;13893;Obsidian Piano;058894d828e747b13deca96e11d46ee2;1;1;1;1;;;30;1789693056
3611;Glowing Moss;13896;Glowing Moss;6c27311d43f36361c675dd0cf40283af;1;1;;1;;;22;1789693056
3612;Music Box (Underground Corruption);13899;Music Box (Underground Corruption);695bf1ff089086934317c0f734694fe1;1;1;1;1;;;30;1789693056
3613;Lunar Portal;13898;Lunar Portal;d5a19d9965f0a4cb55e546164bc5f3fe;1;1;;1;;;22;1789693056
3614;Crystal Clock;13902;Crystal Clock;9db4f29e4ec40bbdb05c05a5926eca12;1;1;;1;;;22;1789693056
3615;Brain Scrambler;13907;Brain Scrambler;37cbc8247e69386717e491a9149c7bf0;1;1;;1;;;22;1789693056
3616;Sandstone Lamp;13913;Sandstone Lamp;78010c9dfae728510b38c1ae8bd44787;1;1;;1;;;22;1789693056
3617;Gladiator Breastplate;13910;Gladiator Breastplate;da7adab34150b001d8ee5684b7aa9000;1;1;;1;;;22;1789693057
3618;Palm Wood Bench;13915;Palm Wood Bench;9cc8acecea024675b83737f6c1767e2b;1;1;1;1;;;30;1789693057
3620;Roasted Duck;13919;Roasted Duck;e41a6c5fef33d25d90c2ef858811cf17;1;1;;1;;;22;1789693057
3621;Steampunk Candelabra;13916;Steampunk Candelabra;cf0f2872d47ab545898ffc338e0f5317;1;1;1;1;;;30;1789693057
3622;Imp (summon);13925;Imp (summon);0b7c7dc7df8d2c2ea6e87179f5e31c10;1;1;1;1;;;30;1789693057
3623;Green and White Garland;13926;Green and White Garland;d2dd849a22c8d3fd9842129cd2f805b5;1;1;1;1;;;30;1789693057
3624;Baby Finch;13921;Baby Finch;4c05cbf5b60af837efc252b998ae355b;1;1;;1;;;22;1789693057
3625;Marble Toilet;13914;Marble Toilet;6a507ebe9f60b6ea2d9877efc2f79da2;1;1;;1;;;22;1789693057
3626;Otherworldly Music Box (Boss 2);13928;Otherworldly Music Box (Boss 2);fd38bc3d57709aa56a1a24b2c8f45b07;1;1;;1;;;22;1789693057
3627;Sofas;13939;Sofas;e60da4eb72aeacf423330393a9bedd27;1;1;1;1;;;30;1789693057
3628;Sapphire Bunny;13927;Sapphire Bunny;e9a239c480c5e97524ee7ac5f220206d;1;1;;1;;;22;1789693057
3629;Dragonfly Statue;13943;Dragonfly Statue;763d749fcd72b6b48c66b6a06243a180;1;1;;1;;;22;1789693057
3630;Dynasty Candle;13944;Dynasty Candle;aa67b073dd271e20c30f1a6b3b6d654f;1;1;;1;;;22;1789693057
3631;Spider Lantern;13946;Spider Lantern;c8cf229e053ba018d3243a97adaa71ef;1;1;;1;;;22;1789693058
3632;Cyan and Black Dye;13949;Cyan and Black Dye;216de4e00435ac44b3ee0f0c6153dae1;1;1;1;1;;;30;1789693058
3633;Marble Door;13954;Marble Door;b45e9a34895ec5b3da59e24669f1e065;1;1;;1;;;22;1789693058
3634;Honey Cup;13955;Honey Cup;427d75706b204257e16bcd977afabdcd;1;1;;1;;;22;1789693058
3635;Zombie Eskimo;13956;Zombie Eskimo;a90a337d0bf8e887e03faa78102d01c9;;;1;;1;;40;1789693058
3636;Squiggles Wallpaper;13958;Squiggles Wallpaper;85a1447a807cd802c98033e43262757c;1;1;1;1;;;30;1789693058
3637;Logic Gate Lamp (On);13961;Logic Gate Lamp (On);97831456e98021a6d8cb57f201fba50f;1;1;;1;;;22;1789693058
3638;1.3.3.1;13963;1.3.3.1;c7f3660b5ed37549d74e21dc029f13e4;1;1;;1;;;22;1789693058
3639;Boreal Crate;13957;Boreal Crate;8ab6429e070686c784d7dfc9800e7f48;1;1;;1;;;22;1789693058
3640;Valhalla Knight armor;13964;Valhalla Knight armor;9db7323a9e27a211e1ab1eecc4fbb2b1;1;1;;1;;;22;1789693058
3641;Echo Block;13974;Echo Block;a8ed8840a65d2cdbe3da422b91a0df45;1;1;;1;;;22;1789693058
3642;Mothron Banner;13969;Mothron Banner;f8d653c24d17188cf12bdb1deff8131f;1;1;;1;;;22;1789693058
3643;Red Acid Dye;13966;Red Acid Dye;da28f5d63a76c5c86c7ec1f097dad9d6;1;1;;1;;;22;1789693058
3644;Light modes;13983;Light modes;f01aa00b0d99ef15ed0728b4f359591d;1;1;;1;;;22;1789693059
3645;Vortex Platform;13986;Vortex Platform;cc0147bfdb604e271eac49184ecc70d9;1;1;;1;;;22;1789693059
3646;Dog Ears;13987;Dog Ears;373368e947970c8ddd6e0e43e17c86b4;1;1;;1;;;22;1789693059
3647;Grox The Great's Horned Cowl;13996;Grox The Great's Horned Cowl;1b9edb522d4a462439606e1a2bb951cf;1;1;;1;;;22;1789693059
3649;Obsidian Chandelier;13997;Obsidian Chandelier;e63507d85782d64c41ce9711c3876aa3;1;1;;1;;;22;1789693059
3650;Bamboo Sofa;14003;Bamboo Sofa;dc2c465fa02fbefb7d5f17f7de717465;1;1;;1;;;22;1789693059
3651;Sextant;14005;Sextant;032bc0bfecaf4f96c7af4e29a6c05b07;1;1;;1;;;22;1789693059
3652;Granite Chandelier;14008;Granite Chandelier;408bdc9bfcaba53d1fb9793d5a689f0a;1;1;;1;;;22;1789693059
3653;Fairy Princess (light pet);14009;Fairy Princess (light pet);0e4e48fcfd3a773584e2cb7dfc8aeb08;1;1;;1;;;22;1789693059
3654;Solar Flare armour;14012;Solar Flare armour;6fc7d7844ad68fad5f9ea9682d005cda;1;1;;1;;;22;1789693060
3655;Phantasm;14014;Phantasm;0759744df4c20c4cfc29aae76120c441;1;1;;1;;;22;1789693060
3656;Fried Egg;14013;Fried Egg;459d8f09a45cb474fa6e96fa7198ee27;1;1;;1;;;22;1789693060
3657;Mushroom Vest;14017;Mushroom Vest;2453cc310e03d140ae521ed5e0d8cac7;1;1;;1;;;22;1789693060
3658;Crimstone Brick Wall;14033;Crimstone Brick Wall;46c035a25cffff83927caf9cdf607e80;1;1;;1;;;22;1789693060
3659;Tiphia;14032;Tiphia;007e6eebdd828092f26cf75046bc2d29;;;1;;1;;40;1789693060
3660;Granite Clock;14024;Granite Clock;361fedc6def0dea96f98834370bd4816;1;1;;1;;;22;1789693060
3661;Hungry;14020;Hungry;3263c2c1523a44cad4d2916c1d9d3e73;1;1;;1;;;22;1789693060
3662;Monomi Body;14042;Monomi Body;72f3e1406474e804ab9183fdc2f3c07d;;;;;;1;1;1789693061
3663;Steampunk Piano;14045;Steampunk Piano;f24607f7bdb754588df465d19c019699;1;1;;1;;;22;1789693061
3664;Pink Torch;14043;Pink Torch;411d5400946501d4b75e87769e6e4b0e;1;1;;1;;;22;1789693061
3665;Fries;14044;Fries;db720b3728e0536963d8841422b04dbb;1;1;;1;;;22;1789693061
3666;Black Counterweight;14037;Black Counterweight;161931640055729fd6b88c91404d7310;1;1;;1;;;22;1789693061
3667;Animal skins;14051;Animal skins;ae3a79fb738cee5beae1b277f16fbce2;1;1;1;1;;;30;1789693061
3668;Bright Sky Blue Dye;14059;Bright Sky Blue Dye;a92e28c090194bd36a206a4aaec8e948;1;1;1;1;;;30;1789693061
3669;Living Frost Fire Block;14056;Living Frost Fire Block;3b38d8713bf36161bbcd5d819d7464b1;1;1;;1;;;22;1789693061
3670;Frozen Toilet;14062;Frozen Toilet;53e4af4445174e1f4d2a3a65220d48ab;1;1;;1;;;22;1789693061
3671;Any Bug;14064;Any Bug;0c09f46ff57c407d719d299a0ada408a;1;1;;1;;;22;1789693061
3672;Coin Portal;14066;Coin Portal;a6437e2ae159d71380a049a63f1c74b0;1;1;;1;;;22;1789693061
3673;Tree Mount;14069;Tree Mount;10249c79651dc504e6ebf3c0be56b48a;1;1;;1;;;22;1789693062
3674;Unicorn Kite;14068;Unicorn Kite;aecc6debd49f28ebf779dd3bde003597;1;1;;1;;;22;1789693062
3675;Flower patch;14070;Flower patch;e50afa77519285bab3d6b4cd8f1269ad;1;1;;1;;;22;1789693062
3676;Slime (debuff);14067;Slime (debuff);1080744afe32468cdc3a3940364d752f;1;1;1;1;;;30;1789693061
3677;Chain Guillotines;14072;Chain Guillotines;cfcdf005bf3c07e65d847cd2d4f559af;1;1;;1;;;22;1789693062
3678;Poisonous Spore Banner;14073;Poisonous Spore Banner;b4961c186d6d5e107503d8689edd3f4f;1;1;;1;;;22;1789693062
3679;Stardust Toilet;14074;Stardust Toilet;917c4772bc933de01ff00156e13ee346;1;1;;1;;;22;1789693062
3680;Puppy (buff);14080;Puppy (buff);fedbefe109c81bb0fd1dce7878fd1b3d;1;1;1;1;;;30;1789693062
3681;Slime Hook;14085;Slime Hook;8353ed8c32bdf2b8bfdb7c44d0eab56c;1;1;1;1;;;30;1789693062
3682;Red Rider;14081;Red Rider;9fc2a56037c38670b4005148aa3dd467;1;1;1;1;;;30;1789693062
3683;Milkshake;14087;Milkshake;dc5164650a00726c93f1f9d766d8b33f;1;1;;1;;;22;1789693062
3684;Reborn;14089;Reborn;429d7d597163397cc89ce8bc49cd6973;1;1;;1;;;22;1789693062
3685;Basilisk;14094;Basilisk;a07a7c0bb58903544ef7a0f0b080f4f5;1;1;;1;;;22;1789693062
3686;Santa-NK1 Relic;14098;Santa-NK1 Relic;9993ab8049fb26c6a265c476185b8a7f;1;1;;1;;;22;1789693062
3687;Seashell;14099;Seashell;d3027eff8d2b1e45c8357151581d6a2d;1;1;1;1;;;30;1789693063
3688;Bright Red Dye;14100;Bright Red Dye;0edb39a2a2406c91236d7d1713ac8be6;1;1;1;1;;;30;1789693063
3689;Miner's Wobble;14106;Miner's Wobble;78a736d194829a2634daeaaf21745c2d;1;1;;1;1;;54;1789693063
3690;Green Dungeon Candelabra;14110;Green Dungeon Candelabra;ceae2bc497bc1ba5680f95eff8dd2aa2;1;1;1;1;;;30;1789693063
3691;Corite Banner;14112;Corite Banner;093f2a24182fb2887e8d8e890505d511;1;1;;1;;;22;1789693063
3692;Hoardagron (buff);14118;Hoardagron (buff);f88d7005bc3190d7c04a1df9e6414c03;1;1;;1;;;22;1789693063
3693;Red and Silver Dye;14120;Red and Silver Dye;bc95dbb635eb023291e0b17725fd0fc1;1;1;1;1;;;30;1789693063
3694;Tin Plating;14109;Tin Plating;80f91af8e1490834e11612f417c8a875;1;1;1;1;;;30;1789693063
3695;Apprentice's Scarf;14136;Apprentice's Scarf;b905ce7cc31e0a9f5aee1c73ea002867;1;1;;1;;;22;1789693064
3696;Coal;14131;Coal;ff8cfc4e6a79e6514be2533a5f5506ad;1;1;;1;;;22;1789693064
3697;Tulip Shell;14122;Tulip Shell;d6ff97cf7abe161de5c90266e3c47fc0;1;1;;1;;;22;1789693064
3698;Spiked Ice Slime Banner;14140;Spiked Ice Slime Banner;8e3edd4a58d48dfc5bbe95c3e17d8d48;1;1;;1;;;22;1789693064
3699;Forbidden Mask;14138;Forbidden Mask;8db4d67679db0765b1dc6fbe55e79776;1;1;;1;;;22;1789693064
3701;Will's Leggings;14141;Will's Leggings;1adc0ef362b800485f355943c824bd99;1;1;;1;;;22;1789693064
3702;Ghostar’s Infinity Eight;14147;Ghostar’s Infinity Eight;1f100718e5e28c4445bdd5f4b918036c;1;1;;1;;;22;1789693064
3703;Blood Eel Tail;14151;Blood Eel Tail;260ec1cd34caa82ab5cf5c0cfdad63b8;1;1;;1;;;22;1789693065
3704;Yo-yo;14148;Yo-yo;bc8fd39eed19989284cf2304625bb803;1;1;;1;;;22;1789693065
3705;Vortex Bookcase;14155;Vortex Bookcase;66d786d78c010ea2c8182e98cb154898;1;1;;1;;;22;1789693065
3706;Solar Toilet;14157;Solar Toilet;483d0a77ae6760246754a2acf3b0c891;1;1;;1;;;22;1789693065
3707;Golden Dresser;14156;Golden Dresser;fc812665dcadb210228ba7d7dbc2c6d3;1;1;1;1;;;30;1789693065
3708;Red Devil Banner;14158;Red Devil Banner;ec07af96478e350073ad79fbfda4ff8d;1;1;;1;;;22;1789693065
3709;Royal Gilded Saddle;14153;Royal Gilded Saddle;e4b92824b4f45477612a26db6072f501;1;1;;1;;;22;1789693065
3710;Phasic Warp Ejector;14160;Phasic Warp Ejector;c4e62e59a3305701102b1af6d8620384;1;;;1;;;18;1789693065
3711;Queen Slime Mask;14165;Queen Slime Mask;c3a19af25340f3654d17254579fb02ec;1;1;;1;;;22;1789693065
3712;Lobster Tail;14166;Lobster Tail;00e0ba4a530ae897fde47c33ad345c98;1;1;;1;;;22;1789693065
3713;Lesion Candelabra;14170;Lesion Candelabra;7e53d22900181b246ac0dd6789d680de;1;1;;1;;;22;1789693065
3714;Deerclops Eyeball;14167;Deerclops Eyeball;c62ecd8dd0e590483011e5ad3bad81e4;1;1;;1;;;22;1789693065
3715;Ebonwood Clock;14172;Ebonwood Clock;9a02e0016c4d96c8c54fe3e06e595fc9;1;1;1;1;;;30;1789693065
3716;Pet Tiphia;14175;Pet Tiphia;294ca9c0752d8e210e431e03ebb851e3;;;1;;1;;40;1789693066
3717;Gelatinous Pillion;14179;Gelatinous Pillion;ae331d1761d077e4e827cd53c79030c0;1;1;;1;;;22;1789693066
3718;Hardened Crimsand;14183;Hardened Crimsand;ba0a0db96e57673aeb07881b1c8e7c52;1;1;;1;;;22;1789693066
3719;Flame and Black Dye;14188;Flame and Black Dye;67a097c38d1ddf730330abcb779d37cb;1;1;1;1;;;30;1789693066
3720;Violet Paint;14189;Violet Paint;7354046f15167d194e04b605259051c0;1;1;1;1;;;30;1789693066
3721;Universal Pylon;14195;Universal Pylon;870f641b700a4df2ab854babffb5715d;1;1;;1;;;22;1789693066
3722;Gold Starry Block;14199;Gold Starry Block;e7451092c298f03734fc2129eccf3e9c;1;1;;1;;;22;1789693066
3723;Nebula Toilet;14197;Nebula Toilet;b3acb2b692e7438ff373c02e60d72728;1;1;;1;;;22;1789693066
3724;Painting of a Lass;14200;Painting of a Lass;e6f2e4b1555f26cf78da641de7a0e80a;1;1;;1;;;22;1789693067
3725;Fancy Dishes;14204;Fancy Dishes;2ab0cbf33ae7f256ddffdf45afc257a3;1;1;1;1;;;30;1789693067
3726;Golden Sink;14207;Golden Sink;148d802fa6415f6bc65477e05d1f4144;1;1;;1;;;22;1789693067
3727;Bright Yellow Dye;14210;Bright Yellow Dye;5f99c47a0b349f7d43e3842794194740;1;1;1;1;;;30;1789693067
3728;Mph;14208;Mph;aa7aba14cc52b014b1f69cc736f1d5d6;1;1;;1;;;22;1789693067
3729;Will's armor;14212;Will's armor;06c795d9c627281bca1f42620ad815d2;1;1;;1;;;22;1789693067
3731;Tesla Turret;14217;Tesla Turret;73b04316d8e24d691ff59b57f1f460ab;1;1;;1;;;22;1789693067
3732;Bee armor;14202;Bee armor;c866750cc4fcdb1ecd6f398cc727540a;1;1;1;1;;;30;1789693066
3733;Nebula Lamp;14218;Nebula Lamp;2a5911816d0c1ccb2ffac21849f5ce9a;1;1;;1;;;22;1789693067
3734;Living Mahogany Block;14219;Living Mahogany Block;275ca15b0565d56fe0fdb8d8e1be9677;1;1;;1;;;22;1789693067
3735;Rock Golem Head;14220;Rock Golem Head;af35717a6d5b2e77062b950464e57756;1;1;;1;;;22;1789693067
3736;XNOR Gate;14224;XNOR Gate;a89e4955da7c55f385a218906d61adf3;1;1;;1;;;22;1789693067
3737;Sandstone Work Bench;14222;Sandstone Work Bench;87cb0354eaccb92c3d51539b6d222178;1;1;;1;;;22;1789693067
3738;Solar Monolith;14223;Solar Monolith;3b91e51c8153c1fb8c2d12f4ee633350;1;1;;1;;;22;1789693068
3739;Vortex Clock;14225;Vortex Clock;300f12843c0b07fa2c5bb66a4e9a80cb;1;1;;1;;;22;1789693068
3740;Boring Bow;14226;Boring Bow;9da7935d5ca7d1de68fb01dbaf995c9d;1;1;;1;;;22;1789693068
3741;Arkhalis' set;14230;Arkhalis' set;0ec68b3d45030840d65b87ec37addb2c;1;1;;1;;;22;1789693068
3742;Flameburst Cane;14239;Flameburst Cane;1ad68c4b66135585422ed2be23fb9d8c;1;1;;1;;;22;1789693068
3743;Baby Face Monster (buff);14232;Baby Face Monster (buff);50b3a3de7cc2a2c5de52d276db0c3511;1;1;;1;;;22;1789693068
3744;Red Riding Hood;14241;Red Riding Hood;8e63f5be53261a7b8c1d8fbc873f8a07;1;1;;1;;;22;1789693068
3745;Sail;14242;Sail;8e186b0baca79ffd79eab25c9e181793;1;1;1;1;;;30;1789693068
3746;Vortex Leggings;14246;Vortex Leggings;5e0336749c096c345a67b211f4ce0d2c;1;1;;1;;;22;1789693068
3747;Format C;14244;Format C;d32ce46b327c6a548beaf4cc4dd5c851;1;1;;1;;;22;1789693068
3748;Spider Nest Block;14249;Spider Nest Block;3f42e06818d724205be7975677723cb3;1;1;;1;;;22;1789693068
3749;Turtle Statue;14252;Turtle Statue;378831533b0f5eab157545e11a840e20;1;1;;1;;;22;1789693068
3750;Rat Cage;14257;Rat Cage;bc06f2b814ea54dade04c3653ed29077;1;1;;1;;;22;1789693068
3751;Lunar Hook;14247;Lunar Hook;f1fe94086f4fbb101f249a661bd19b4f;1;1;;1;;;22;1789693068
3752;Tungsten Watch;14259;Tungsten Watch;e8f8345d3291200507bcb868ca53e076;1;1;1;1;;;30;1789693068
3753;Ladybug Minecart;14260;Ladybug Minecart;89cadaea707765139b0e2b1c9dc7ee08;1;1;;1;;;22;1789693068
3754;Pigronata;14261;Pigronata;b184fc48704e5e227035cbc7c72dfda1;1;1;;1;;;22;1789693068
3755;Star Wrath;14263;Star Wrath;241e25237de1d1f355dfcf40986c50c6;1;1;;1;;;22;1789693068
3756;Mushroom set;14266;Mushroom set;1098bcc99e15b06a8a6f3598d82831c5;1;1;;1;;;22;1789693069
3757;Vortex Bed;14267;Vortex Bed;9bca23dc7871939829cfae5753e1bf77;1;1;;1;;;22;1789693069
3758;Mushroom Vine;14268;Mushroom Vine;c8af22d6b742f2affc2dde7a939d89fb;1;1;;1;;;22;1789693069
3759;Celebration;14274;Celebration;3c896ab1d9c4f9cb99d3faf83fba8554;1;1;;1;;;22;1789693069
3760;Lime String;14279;Lime String;25eea4ca4556f28243c039220df84beb;1;1;;1;;;22;1789693069
3761;Diamond Gemcorn;14280;Diamond Gemcorn;69c4e2e380c6057299b5f0575e6280f4;1;1;;1;;;22;1789693070
3762;Clothier's Jacket;14284;Clothier's Jacket;5ca82d4daf064c58efa18dde88007d2d;1;1;;1;;;22;1789693070
3763;Golden Candelabra;14286;Golden Candelabra;8276c98f2cc736665bff1c68a5a11839;1;1;1;1;;;30;1789693070
3764;Snapthorn;14291;Snapthorn;c484f7d1fcac5d114cb8589f0e91a7a5;1;1;;1;;;22;1789693070
3765;Glyphs;14297;Glyphs;2e3851abac0bdfa9a7a0bc5073d6d664;1;1;;1;;;22;1789693070
3766;Katana;14289;Katana;a542482c08a8fdcbf2eb8afd219aeca3;1;1;1;1;;;30;1789693070
3767;Guinea Pig;14298;Guinea Pig;a3ea320db9c35beb0f48d145e3e367ab;;;1;;1;;40;1789693070
3768;Skyware Clock;14301;Skyware Clock;20b8e2458293edf97a9e366552bf7c5d;1;1;1;1;;;30;1789693071
3769;Turtle;14306;Turtle;06deba5908b007eb6f32d8d95f3f61b5;1;1;;1;;;22;1789693071
3770;Go Fullscreen;14304;Go Fullscreen;97ae1147c0ccb2a816eaee11e2b397d2;1;1;;1;1;;54;1789693071
3771;Capricorn Tail;14308;Capricorn Tail;aebcfc15a384f718f337e80036e809c7;1;1;;1;;;22;1789693071
3772;Glass Lantern;14309;Glass Lantern;20773394234f97e837cfa38135e4997f;1;1;;1;;;22;1789693071
3773;Purple and Black Dye;14317;Purple and Black Dye;ed305580a58780716a8bde089532cbe5;1;1;1;1;;;30;1789693071
3774;Nebula Floater;14319;Nebula Floater;9f358f70cd57bc506196e7f9471a7fc9;1;1;;1;;;22;1789693072
3775;Solar Chair;14320;Solar Chair;28c4a0a7bd8225dd2d4dfb9d621f1f29;1;1;;1;;;22;1789693072
3776;Bedazzled Nectar;14322;Bedazzled Nectar;65c27a33f8288bcf5163f6625fec16b2;1;1;;1;;;22;1789693072
3777;Dark Mage;14326;Dark Mage;49fd9f42466e3dbadf4c2fd9af62fa53;1;1;;1;;;22;1789693072
3778;Worn Golf Club (Driver);14321;Worn Golf Club (Driver);6e40dbec241afe611151641881a22b38;1;1;;1;;;22;1789693072
3779;Strange Looking Tombstone;14330;Strange Looking Tombstone;1da07f28c6ae0c301349c20317bcf99b;;;;;1;;32;1789693072
3780;Palm Wood Sofa;14335;Palm Wood Sofa;59f44b2d790f2460e4e0fe78e7237547;1;1;1;1;;;30;1789693072
3781;Ultrabright Torch;14336;Ultrabright Torch;482a7b53cb0543a43e69b34bdf4a8f30;1;1;1;1;;;30;1789693073
3782;Snake Charmer's Flute;14342;Snake Charmer's Flute;eac7d0c18207aa9c5bf7fae5fce38514;1;1;;1;;;22;1789693073
3783;Potato Chips;14347;Potato Chips;c8a95886688ebed0783913d8f3f6d20f;1;1;;1;;;22;1789693073
3784;Offline Sapphire Gemspark Wall;14337;Offline Sapphire Gemspark Wall;f112c349d4ded77ad062d732feb1b3f8;1;1;1;1;;;30;1789693073
3785;Spore Skeleton Banner;14350;Spore Skeleton Banner;ed6b504ca11aa9503c3bcf025a93037e;1;1;;1;;;22;1789693073
3786;Sky Blue Golf Ball;14355;Sky Blue Golf Ball;fd271177d4f0e2408fa901aa5e19e356;1;1;;1;;;22;1789693073
3787;Tazona;14358;Tazona;6fcd6b5d8023f3d30606ebd45c3bdc32;;;1;;1;;40;1789693073
3788;Meteorite Brick Wall;14368;Meteorite Brick Wall;25f515f58cdba20d3bf402171bfdda2e;1;1;;1;;;22;1789693073
3789;Ice Sink;14361;Ice Sink;b619e56339a00187dd9d04ca3ac65f36;1;1;;1;;;22;1789693073
3790;Obstructed;14375;Obstructed;11d2b6741acad8cb69767d00147f57a5;1;1;;1;;;22;1789693074
3791;Tungsten Bullet;14376;Tungsten Bullet;25f0220af4cd6db4511b6fe65e8169d6;1;1;;1;;;22;1789693074
3792;Gladiator armor;14379;Gladiator armor;4d2af2a6b920ddab72f4732bf11711cc;1;1;;1;;;22;1789693074
3793;Flinx Fur;14383;Flinx Fur;3ef1e3796b311789fd270a83552aceb8;1;1;;1;;;22;1789693074
3794;Apple;14384;Apple;9f6290f4436e5a2351f12e03b6433c3c;1;1;;1;;;22;1789693074
3795;Queen Spider;14391;Queen Spider;31114a2e81388e9557dc8fa905586655;1;1;1;1;;;30;1789693075
3796;Boreal Wood Candelabra;14392;Boreal Wood Candelabra;5d11e75c1c45159574269d7e007df311;1;1;1;1;;;30;1789693075
3797;Aaron's armor;14395;Aaron's armor;c360df6cf68b4cc1ecf7181995f50dde;1;1;;1;;;22;1789693075
3798;Ancient Doom;14394;Ancient Doom;eae282ffbbbcac899268348303430da2;1;1;;1;;;22;1789693075
3799;Emerald Gemcorn;14397;Emerald Gemcorn;8243ab4be5917a8330b4780a1e937fcd;1;1;;1;;;22;1789693075
3800;Yoraiz0r's Recolored Goggles;14401;Yoraiz0r's Recolored Goggles;da20ab242a5c4dcd7cf35bf684df6588;1;1;;1;;;22;1789693075
3801;Mushroom Dresser;14404;Mushroom Dresser;c97f9817bfeacb53e8d6275d12b42af2;1;1;1;1;;;30;1789693075
3802;Nachos;14409;Nachos;9b173701e7f489098d6622b7cb43194a;1;1;;1;;;22;1789693076
3803;Deep Blue Paint;14413;Deep Blue Paint;db2090d090dceed8055f3592c75503fc;1;1;1;1;;;30;1789693076
3804;Shadowflame Knife;14414;Shadowflame Knife;ed8bb9f5cf000608576c5c9aec8d9bc1;1;1;;1;;;22;1789693076
3805;Tin Watch;14418;Tin Watch;2eeb8ad1d71d68d2d85ea8ccf345c332;1;1;1;1;;;30;1789693076
3806;Corrupt Mimic Banner;14423;Corrupt Mimic Banner;3ff7270dad6fb69b5ba977adbc233beb;1;1;;1;;;22;1789693076
3807;Wet;14407;Wet;ae789b866db2fac36cf644f4cdba1267;1;1;1;1;;;30;1789693075
3808;FoodBarbarian's Horned Helm;14424;FoodBarbarian's Horned Helm;00924ce5b1a42b65371875fae6c98eb8;1;1;;1;;;22;1789693076
3809;Shadowflame Arrows;14429;Shadowflame Arrows;7e41c8a6f1e76e0584d09bd3c453f0e3;1;1;;1;;;22;1789693077
3810;Koi Kite;14430;Koi Kite;f0794177b51a7b725328e8225f9e3372;1;1;;1;;;22;1789693077
3811;Solar Cultist Hood;14433;Solar Cultist Hood;d16c424d49cc35880ab3c819b6146d37;1;1;;1;;;22;1789693077
3812;Tall Gate;14438;Tall Gate;8bec4ec5c5f1cef8f3a332061156ef67;1;1;;1;;;22;1789693077
3813;Treasure Bag (Betsy);14439;Treasure Bag (Betsy);70a56f1c3604ccf3131a789a0dfdcece;1;1;;1;;;22;1789693077
3814;Potted Jungle Cedar;14448;Potted Jungle Cedar;162a4cc6e8a99a2a6fd0751300f67085;1;1;;1;;;22;1789693077
3815;Obsidian Clock;14449;Obsidian Clock;2af7e7fbcf3f37725da87213e8397bf5;1;1;1;1;;;30;1789693077
3816;Otherworldly Music Box (Jungle);14456;Otherworldly Music Box (Jungle);31c0e73f6ad46963aecde28a9c11a173;1;1;;1;;;22;1789693078
3818;Vampire Miner;14450;Vampire Miner;7efd43b5975fe687b4a46d25a643911b;;;1;;1;;40;1789693078
3819;Gravity Globe;14457;Gravity Globe;c8bffa1927f7a16ab183501b77a87724;1;1;;1;;;22;1789693078
3820;Dreadnautilus;14460;Dreadnautilus;1c282d7f0dc517da51dccf7365c4f8dd;1;1;;1;;;22;1789693078
3821;Frozen Clock;14465;Frozen Clock;b0436cd077c10f410843f8aeb98a01c5;1;1;1;1;;;30;1789693078
3822;Cyan Gradient Dye;14455;Cyan Gradient Dye;b012c7d1b3ee09b02a571a3226bafb3a;1;1;1;1;;;30;1789693078
3823;AND Gate;14463;AND Gate;f6254a695123543796ec6374c902291a;1;1;;1;;;22;1789693078
3824;Granite furniture;14462;Granite furniture;8db49966790b6508416d5906ad688d19;1;1;;1;;;22;1789693078
3826;Slime Princess;14473;Slime Princess;98bd68d48ed4b47d38ff65fd9ddb2d4b;1;1;;1;;;22;1789693078
3827;Steampunk Wings;14482;Steampunk Wings;9178288a7850304ae5136779e927f125;1;1;;1;;;22;1789693079
3828;Laser Machinegun;14484;Laser Machinegun;4b9b3e0af7fb9b4ca9fb3e5c127dc16a;1;1;;1;;;22;1789693079
3829;Eskimo armor;14477;Eskimo armor;791f5f93865c8be161856bfb7c9df8dc;;;1;;1;;40;1789693079
3830;Demon Campfire;14491;Demon Campfire;9392e7318a961879e60c3f4e5c8fcdab;1;1;;1;;;22;1789693079
3831;Toxicarp;14489;Toxicarp;c5a6a79469d598ceee1570a9fc9a0c79;1;1;;1;;;22;1789693079
3832;Nebula Arcanum;14494;Nebula Arcanum;3a7a0ec38c58b7b8602305c3bbd314b8;1;1;;1;;;22;1789693079
3833;Squire armour;14493;Squire armour;fbbeefab337c27cc803bbe9388381cfd;1;1;;1;;;22;1789693079
3834;Owl Cage;14497;Owl Cage;ec9e1a205107d09cabd56b9fa334217b;1;1;;1;;;22;1789693079
3835;Slice of Cake;14502;Slice of Cake;a9a67a90c903fafd5ce2b86a44482dae;1;1;;1;;;22;1789693079
3836;Marble Clock;14507;Marble Clock;29ddc5677eaf893f2ac5f706b01a00a2;1;1;;1;;;22;1789693079
3838;Cultist set;14513;Cultist set;bb28c0cd1c5f5655a4e3deffdf9d577f;1;1;;1;;;22;1789693079
3840;Armed Frozen Zombie;14521;Armed Frozen Zombie;965983149d20d0f0fb2221f6a913bf4a;1;1;;1;;;22;1789693079
3841;Steampunk Sink;14527;Steampunk Sink;7870adecb90fa7824f96e11249dc7b6b;1;1;;1;;;22;1789693080
3842;Nebula Hamaxe;14528;Nebula Hamaxe;a1bd30cd8d9cb1d6e90408913a383fb8;1;1;;1;;;22;1789693080
3843;Meteorite Lamp;14526;Meteorite Lamp;32ae99da81b1176c93265b208ba9f014;1;1;;1;;;22;1789693080
3844;Spider Chair;14522;Spider Chair;8d14d865f040c52c0e42978c7a2602ef;1;1;;1;;;22;1789693080
3845;Towns;14531;Towns;0edd523d13dd109722453df873485d21;1;1;;1;;;22;1789693080
3846;Drakin;14535;Drakin;c40614de291eb45fd38824a1dcde3859;1;1;;1;;;22;1789693080
3847;Lava Bomb;14537;Lava Bomb;392356882715dfbe2acbfd971a485c7e;1;1;;1;;;22;1789693080
3848;Green Dungeon Chest;14536;Green Dungeon Chest;68aaf4fe08b32fe60f40e4b2f07f2a82;1;1;1;1;;;30;1789693080
3849;Pink Streamer;14538;Pink Streamer;27af579663ae075c668667d0b918cff5;1;1;;1;;;22;1789693080
3850;Frog Webbing;14542;Frog Webbing;68a34068c660adcc113b957bb47d362c;1;1;;1;;;22;1789693080
3852;Pretty Pink Ribbon;14555;Pretty Pink Ribbon;84ab04246a8ad3dbd5877adb58e7fcaf;1;1;;1;;;22;1789693080
3853;Duke Fishron Relic;14556;Duke Fishron Relic;bf71e69553cc260629ce7aa94b1ec537;1;1;;1;;;22;1789693080
3854;Vortex Beater;14564;Vortex Beater;bed74a9976a1b2c7f4ff828a72bcc933;1;1;;1;;;22;1789693080
3855;Bramble Crate;14565;Bramble Crate;20af59bde559869f620563952b737596;1;1;;1;;;22;1789693080
3856;Volatile Gelatin;14558;Volatile Gelatin;a52f1bb46b66c5bcae9b6a2dad95914b;1;1;;1;;;22;1789693080
3857;Betsy's Curse;14566;Betsy's Curse;652fd38cf2ac5d4606e66152b40d77f1;1;1;;1;;;22;1789693081
3858;Meteorite Work Bench;14567;Meteorite Work Bench;843ac1645d6dd9b0aed7a7f8f1510813;1;1;;1;;;22;1789693081
3859;Counterweights;14569;Counterweights;974660e5bdda669f158b0ef475fc2892;1;1;;1;;;22;1789693081
3860;Boreal Wood Candle;14577;Boreal Wood Candle;b1bb109a89d84eb89dfc60deea83fcdd;1;1;1;1;;;30;1789693081
3861;Obsidian Longcoat;14572;Obsidian Longcoat;aeb64063750210697ea3d16e3960627a;1;1;;1;;;22;1789693081
3862;Jim's clothes;14587;Jim's clothes;d3c5552e0f93d7399cb3a28c797fae90;1;1;;1;;;22;1789693081
3863;Red Bulb;14585;Red Bulb;5193fba499c688104977955ae4be5e1d;1;1;1;1;;;30;1789693081
3864;Potted Trees;14590;Potted Trees;374b342bceef8374dce5e3918c693a4f;1;1;;1;;;22;1789693081
3866;Mrs. Claus Shirt;14592;Mrs. Claus Shirt;bb1eff8c7adecb1eec2dabfb733b37b5;1;1;1;1;;;30;1789693081
3867;Squid Banner;14594;Squid Banner;92f95f159d15b34564ecf7f586036fc8;1;1;;1;;;22;1789693081
3868;Lunar Fragment;14597;Lunar Fragment;fc91785304746aae2485e1b21430840c;1;1;;1;;;22;1789693081
3869;Magiluminescence;14601;Magiluminescence;4adf2b63fb381806bc4b2afffb59e2a9;1;1;;1;;;22;1789693082
3870;Shifting Sands Dye;14618;Shifting Sands Dye;3b1186a4b80e355fe3750b16acaae3f5;1;1;;1;;;22;1789693082
3871;Music Box (Deerclops);14616;Music Box (Deerclops);c5c5e49fb18744be56792351ad352e53;1;1;;1;;;22;1789693082
3872;Otherworldly Music Box (Underground Corruption);14625;Otherworldly Music Box (Underground Corruption);4f53c42e92484bb9ab21b67f0954d715;1;1;;1;;;22;1789693082
3873;Otherworldly Music Box (Plantera);14631;Otherworldly Music Box (Plantera);9f5db0e8e9c101e0ec551d1aa004a581;1;1;;1;;;22;1789693082
3874;Red and Blue Lights;14630;Red and Blue Lights;79f959d97f1d6d1f723c081aa912d3fe;1;1;1;1;;;30;1789693082
3876;Warmth Potion;14619;Warmth Potion;5915e01a695d3c57d9d924ac899f2078;1;1;1;1;;;30;1789693082
3877;Step Stool;14634;Step Stool;9d3f6621e7a2230fea9f034d123db8f8;1;1;;1;;;22;1789693082
3879;Bat Bat;14637;Bat Bat;03c02444b4ff39d64d077dedfadb5162;1;1;;1;;;22;1789693082
3880;S.D.M.G;14641;S.D.M.G;f3195127c42d93775f4c2ff35689cf96;1;1;;1;;;22;1789693083
3881;Light Mode;14643;Light Mode;370104a87f84d72ef9a9a525fc3296fb;1;1;;1;;;22;1789693083
3882;Lesion Lamp;14645;Lesion Lamp;8e0f3da598b20c8770ee46fda9c5c0c2;1;1;;1;;;22;1789693083
3883;Static Hook;14646;Static Hook;116fa474d95111d5c2a0a1b01cd32d0a;1;1;;1;;;22;1789693083
3884;Crimson Key Mold;14647;Crimson Key Mold;65195a615665d8fe94e0a705910d660d;;;1;;1;;40;1789693083
3885;Granite Golem Statue;14648;Granite Golem Statue;08b51a3a33e3dbe00488b05502beb625;1;1;;1;;;22;1789693083
3886;Violet and Black Dye;14655;Violet and Black Dye;93bc743ba092cad53c1de3eed4094fe1;1;1;1;1;;;30;1789693083
3888;Eternia Crystal Stand;14658;Eternia Crystal Stand;e1ebcff3d48c447168e1bf0a68eacec4;1;1;;1;;;22;1789693083
3889;Town Cat;14657;Town Cat;dfebc87f977cb1f6393c54640e6e7106;1;1;;1;;;22;1789693084
3890;Skyware Piano;14665;Skyware Piano;b118801fdfb67059ac0bbd01d3f61a08;1;1;1;1;;;30;1789693084
3891;Crystal Piano;14666;Crystal Piano;40c36bab107fdf6b86a5f2050f9779f2;1;1;;1;;;22;1789693084
3892;Lesion Chest;14667;Lesion Chest;beb8508108eeebd0b401f3941bba8175;1;1;;1;;;22;1789693084
3893;Tax Collector's set;14668;Tax Collector's set;a9ab415cedd5a2fb4e1894b985f915c0;1;1;;1;;;22;1789693084
3894;Nebula armor;14676;Nebula armor;fa7fe2498597275ebf8b13bd71fd6ffe;1;1;;1;;;22;1789693085
3895;Holy Protection;14680;Holy Protection;9110e9ea924e3085c34f24e8631079d6;1;1;;1;;;22;1789693085
3896;Guardian Golem;14673;Guardian Golem;fee49968f12a774b5bc52102454855fe;1;1;;1;;;22;1789693085
3897;Bone Welder;14681;Bone Welder;7634d531419a12f8f2fb2e22e99ffbb5;1;1;1;1;;;30;1789693085
3898;Valentine;14686;Valentine;c00a35ddba52071d452455238b12b616;;;;;1;;32;1789693085
3899;Encumbering Stone;14689;Encumbering Stone;9809482e2a782c0ccbc83e6165f758fe;1;1;;1;;;22;1789693085
3900;Hell Butterfly;14692;Hell Butterfly;5e9ca1ca7c207c570feff996c41a38d8;1;1;;1;;;22;1789693086
3901;Treasure Magnet;14693;Treasure Magnet;775d0e68255828615cebc2eaacccf922;1;1;;1;;;22;1789693086
3902;Flesh Dresser;14694;Flesh Dresser;54ac9a14481d925e3d13068212b0f302;1;1;1;1;;;30;1789693086
3903;Hat Rack;14696;Hat Rack;f1afc06af21631b2ccfbe0be010555b9;1;1;;1;;;22;1789693087
3904;Wandering Eye Banner;14695;Wandering Eye Banner;46b6161750f940b3cad2b1b9a91ba942;1;1;;1;;;22;1789693087
3905;Lemonade;14703;Lemonade;68c2ed4b4a01c980421f0b83a4876ebc;1;1;;1;;;22;1789693087
3906;Maid Bonnet;14704;Maid Bonnet;25366a6222c0c9a15fdcd8336e6aa059;1;1;;1;;;22;1789693087
3907;Lederweste;14711;Lederweste;90003d9e4aa699295c1145ab811028f2;;;;;1;;32;1789693087
3908;Solar Dye;14712;Solar Dye;ee62ad0596dc8c4fba4222deb1b0a14e;1;1;;1;;;22;1789693087
3909;Celestial Wand;14713;Celestial Wand;782a6ef74d7e814619c0d83cdf84fdc1;1;1;;1;;;22;1789693088
3910;Honey Rocket;14714;Honey Rocket;71bbc7d066a02a1d1f899f4762bf4ed9;1;1;;1;;;22;1789693088
3911;Scarab Fishing Rod;14715;Scarab Fishing Rod;a8a6db1b817815c7dd86fc80e033c113;1;1;;1;;;22;1789693088
3912;Logic Gate (XNOR);14717;Logic Gate (XNOR);e3931b358739e98f61f4155ae27ccffb;1;1;;1;;;22;1789693088
3913;1.4.1;14720;1.4.1;1e6dbfaaa068a191cfd257c013ddd699;1;1;;1;;;22;1789693088
3914;Red's Breastplate;14725;Red's Breastplate;9b62a9c30dce8507030b4623470fa34b;1;1;;1;;;22;1789693088
3915;Golf Club;14742;Golf Club;8855c060d6185db731885122ee9c53a7;1;1;;1;;;22;1789693088
3916;Lock on;14743;Lock on;309b68fbf00dddd2ec722314dc10395f;1;1;;1;1;;54;1789693088
3917;Hardened Ebonsand;14745;Hardened Ebonsand;3ebe86fbf91364bcee39b279740b33ae;1;1;;1;;;22;1789693089
3918;Green Dungeon Sink;14751;Green Dungeon Sink;b1571ac1566995c87907a5aa05cac872;1;1;;1;;;22;1789693089
3919;Undead Miner Banner;14749;Undead Miner Banner;d04cc6cb11588bef6d389d202b1644b9;1;1;;1;;;22;1789693089
3920;Rain Song;14748;Rain Song;d71aec84d807b862cb44835b5d78bd85;1;1;;1;;;22;1789693089
3921;Goblin Tech;14752;Goblin Tech;9df68eed589e8a7484c7a83b8e9cda70;1;1;;1;;;22;1789693089
3922;Team Hair Dye;14754;Team Hair Dye;c538f0e744125924d36fa9d0987ec689;1;1;1;1;;;30;1789693089
3923;Brain of Confusion;14757;Brain of Confusion;a96e33b026cefc154bfba78860a988cc;1;1;;1;;;22;1789693089
3924;Green Dungeon Lamp;14759;Green Dungeon Lamp;52e25e29e0473dc3fa37686356443eb8;1;1;1;1;;;30;1789693089
3925;Sofa;14762;Sofa;528f274c304a5bad6e5147d9c26774f5;1;1;1;1;;;30;1789693090
3926;The Strongman;14765;The Strongman;7b7cd9d413fc48d765c56cc1ac6fd2da;1;1;;1;;;22;1789693090
3927;Celestial Pillar;14770;Celestial Pillar;cfc759f582e17d69a17f6e7e4cc8452a;1;1;;1;;;22;1789693090
3928;Betsy Relic;14766;Betsy Relic;5924ec1dd28387c6fc16f31f1d0e6e3a;1;1;;1;;;22;1789693090
3929;Liquid bombs;14776;Liquid bombs;998e0135b6f47fc9b2518d829cf252b5;1;1;;1;;;22;1789693090
3930;Gem critters;14782;Gem critters;91b89583ced0913ffd9d3eb6b53dd3cc;1;1;;1;;;22;1789693090
3931;Blue Kite;14777;Blue Kite;caafcc01d99d53dbf423f570c79cc1ff;1;1;;1;;;22;1789693090
3932;Glass Piano;14786;Glass Piano;9dd3b58533e4e2bd0758510f651533b8;1;1;;1;;;22;1789693090
3933;Crystal Dresser;14784;Crystal Dresser;76f49f4c08826d95cd28f0604cc4b5d9;1;1;;1;;;22;1789693090
3934;Radio Thing;14793;Radio Thing;0721650be838ada9c8cf01f3ef7e507d;1;1;;1;;;22;1789693090
3935;Logic Gate (NXOR);14795;Logic Gate (NXOR);0e2747ad2af87925ac9d4d5b34f191c7;1;1;;1;;;22;1789693091
3936;Ghoul Banner;14797;Ghoul Banner;81da0667d6973cc4619ce2d2eb8001ea;1;1;;1;;;22;1789693091
3937;Nightglow;14798;Nightglow;3dbc479f34771709b253c9ecdd4c8c90;1;1;;1;;;22;1789693091
3938;Spider Platform;14811;Spider Platform;c4cdfa3e7c3f091a7e093037da62972b;1;1;;1;;;22;1789693091
3939;Visiting the Pyramids;14814;Visiting the Pyramids;cda886f8be12289c7a5d7c72766ab686;1;1;;1;;;22;1789693091
3940;Crimslime Banner;14803;Crimslime Banner;be814b1bad1e6d42f93b5c7da8d0259f;1;1;;1;;;22;1789693091
3941;Bone Torch;14813;Bone Torch;bb978e8fdcfe04256b5700518cb6262c;1;1;;1;;;22;1789693091
3943;Ruby Squirrel Cage;14818;Ruby Squirrel Cage;a91dd1f59a11c09a6d49e60caf3c6fbc;1;1;;1;;;22;1789693091
3944;Lesion Chair;14823;Lesion Chair;576e5b41a321cd7fe37ba1ea99a9c334;1;1;;1;;;22;1789693091
3945;Blue and Silver Dye;14828;Blue and Silver Dye;12a9e8254ddf57bcebc0a1baa6dd506c;1;1;1;1;;;30;1789693091
3946;Gemspark Block;14821;Gemspark Block;0ce22d775b42f641217749eac9bf5883;1;1;1;1;;;30;1789693091
3947;Lihzahrd Lantern;14829;Lihzahrd Lantern;e6e387e7cf0beae50519f02e196eb014;1;1;1;1;;;30;1789693091
3948;Icemourne;14832;Icemourne;96dd5cb4b73868bcd9c1583224f77423;;;;;1;;32;1789693091
3949;D-Town's Leggings;14833;D-Town's Leggings;020e61d4dc745b5f1b1ce575d7363075;1;1;;1;;;22;1789693091
3950;Logic Sensor (Day);14835;Logic Sensor (Day);f0a23dc7a80a4f1b5c47f7aa2bf217c6;1;1;;1;;;22;1789693091
3951;Crawdad;14836;Crawdad;de7cf28a1edc6affe09302c518eae562;1;1;;1;;;22;1789693091
3953;Luminite Brick;14837;Luminite Brick;ea729bb134cb7fdcd97a3e470809a473;1;1;;1;;;22;1789693091
3954;Etherian Wyvern Banner;14848;Etherian Wyvern Banner;d1032030c35a76a7ae8215469e3bb5a8;1;1;;1;;;22;1789693091
3955;Blood Zombie Statue;14847;Blood Zombie Statue;6c95eedd74e0288af5cbe12070eb30c1;1;1;;1;;;22;1789693091
3956;Cultist clothes;14853;Cultist clothes;f4c305e2b3fc55b7ea656cf82d2db0e8;1;1;;1;;;22;1789693091
3957;Paladin Banner;14850;Paladin Banner;12311b87af2058904484a5cae3bcf595;1;1;;1;;;22;1789693091
3958;Crystal Door;14856;Crystal Door;0bb97880d828d884e25e3366e42d5da5;1;1;;1;;;22;1789693092
3959;Capricorn Helmet;14861;Capricorn Helmet;25fe7dfb29e7bc0cba385542d0874bd7;1;1;;1;;;22;1789693092
3960;Music Box (Boss 4);14862;Music Box (Boss 4);35af589d086c913f0a6d602ca948f529;1;1;1;1;;;30;1789693092
3961;Red Squirrel;14871;Red Squirrel;bd56b50a5691de68794d9863bd587637;1;1;;1;;;22;1789693092
3963;Tendon Hook;14870;Tendon Hook;f2c68c00a4a500caba80ed059f88f26e;1;1;;1;;;22;1789693092
3964;Stardust Dresser;14874;Stardust Dresser;b6ed168978e748e761a4f9ccd0ea2b3c;1;1;;1;;;22;1789693092
3965;Dummy;14873;Dummy;bcf036b6f33e182d4705f4f5b1af13ac;1;1;;1;;;22;1789693092
3966;Conveyor Belt (Clockwise);14885;Conveyor Belt (Clockwise);d83759510644268165100f9bcd72e30b;1;1;;1;;;22;1789693092
3967;Lazure's set;14884;Lazure's set;b6f856fe652e5bd4ee3ba982d6826fc4;1;1;;1;;;22;1789693092
3968;Cyan String;14888;Cyan String;8aeb2ef55989403870b9cea8529ef884;1;1;;1;;;22;1789693092
3969;Nebula Pickaxe;14891;Nebula Pickaxe;8f92c944ac9a9157b5cb3fea63cd0757;1;1;;1;;;22;1789693092
3970;Luminite Brick Wall;14889;Luminite Brick Wall;1d6400923f726e17dfb6df322f5eab9b;1;1;;1;;;22;1789693092
3971;Vicious Penguin;14896;Vicious Penguin;faa30b5692c29615ee9850a44c00b7bc;1;1;;1;;;22;1789693092
3972;Firework Fountain;14895;Firework Fountain;62fe3d5fce0a5d4bc77281d6626c0c27;1;1;1;1;;;30;1789693092
3973;Test Dummy;14898;Test Dummy;6d3bac52cb67390aba75dde373490e09;1;1;;1;;;22;1789693092
3974;Dark Mage Relic;14908;Dark Mage Relic;e38058f586f617874f2829040b9b6ae4;1;1;;1;;;22;1789693093
3975;Stargazer;14899;Stargazer;5e929920f89440a9e4bd39d2395a71a0;1;1;;1;;;22;1789693093
3976;Goblin Mask;14911;Goblin Mask;b0e8dfbb6ec84993810422c56d118e70;1;1;;1;;;22;1789693093
3977;Vortexian;14909;Vortexian;f98b17d4fa66296fdd255eddcaea615c;1;1;;1;;;22;1789693093
3978;Crystal Sofa;14914;Crystal Sofa;8cdf0691449938df88c5dd52e5215264;1;1;;1;;;22;1789693093
3979;Lesion furniture;14916;Lesion furniture;8258668110b3013b8a23bb82d8eaff31;1;1;;1;;;22;1789693093
3980;R.E.K. 3000;14917;R.E.K. 3000;ba44535af3ea993716688d67a2b8b44d;1;1;;1;;;22;1789693093
3982;Monk's Bushy Brow Bald Cap;14923;Monk's Bushy Brow Bald Cap;2cda3bd078a3e5a67562c0b6a8001d32;1;1;;1;;;22;1789693094
3983;Coffin Minecart;14924;Coffin Minecart;3bed7e4108199aacd9e3315840ac0dd7;1;1;;1;;;22;1789693094
3984;Otherworldly Music Box (Wall of Flesh);14925;Otherworldly Music Box (Wall of Flesh);53f92f92a50029e95f29195011f71e64;1;1;;1;;;22;1789693094
3985;Martian Uniform Torso;14927;Martian Uniform Torso;75c460d0cd42a4ebd42ff44323b508bc;1;1;;1;;;22;1789693094
3986;Elder Crystal;14930;Elder Crystal;e4e5dd0f75e84cd233d89ba19dd2f18d;1;1;;1;;;22;1789693094
3987;Music Box (Town Day);14945;Music Box (Town Day);7048e0799d20dd6ea8c35b1a5e835c4a;1;1;;1;;;22;1789693094
3988;Valhalla Knight's Helm;14947;Valhalla Knight's Helm;a57b1c53d3ea6018a3e467d28f7571d8;1;1;;1;;;22;1789693094
3989;Music Box (Journey's Beginning);14949;Music Box (Journey's Beginning);2bc098065e0cce51a82a56f4b2796d06;1;1;;1;;;22;1789693094
3990;Cyan Dye;14951;Cyan Dye;5b8772df0edbd7960410b96d0b139171;1;1;1;1;;;30;1789693095
3991;Crystal Bed;14953;Crystal Bed;c2578a3470dfd80fbc62d92f34440753;1;1;;1;;;22;1789693095
3992;Sky Blue and Black Dye;14954;Sky Blue and Black Dye;012edc25e7f0d5dbdfd5a842df0d3fa4;1;1;1;1;;;30;1789693095
3993;Premium Golf Club (Putter);14955;Premium Golf Club (Putter);28fb0cbfedad6af7977be9b9e6ca9d94;1;1;;1;;;22;1789693095
3994;Moon Mask;14952;Moon Mask;95871406c089feb5a1e9790b95593e36;1;1;;1;;;22;1789693095
3995;Flickerwick (buff);14956;Flickerwick (buff);1d574eceb1a0db079189f864657e0e97;1;1;;1;;;22;1789693095
3996;Shadow Paint;14957;Shadow Paint;4961a6dfa2bb061bb69e09ee590286bc;1;1;1;1;;;30;1789693095
3997;Autopause On;14960;Autopause On;ec2696e8cd4b708b6fc0a34000977fce;1;1;;1;1;;54;1789693095
3999;Celestial Sigil;14961;Celestial Sigil;65cfb3692c3e721660cf71d3973577fe;1;1;;1;;;22;1789693095
4000;Meowmere;14969;Meowmere;83d20962464e5c95b7db8c9f02f1a126;1;1;;1;;;22;1789693095
4002;Withered Armor;14977;Withered Armor;44b901113da0c7386f595dc9b207953e;1;1;;1;;;22;1789693096
4003;Nebula Dresser;14983;Nebula Dresser;527c67c7cb01932ca0eaca07954576a9;1;1;;1;;;22;1789693096
4004;Funeral set;14985;Funeral set;750b6fa9f7e0b1c6b7fdedcdbca67db2;1;1;;1;;;22;1789693096
4006;Goblin Archer Banner;14996;Goblin Archer Banner;a1af6eb6cb0a929c594e22174a1bbe5e;1;1;;1;;;22;1789693096
4007;Trapped Locked Corruption Chest;14993;Trapped Locked Corruption Chest;9d8457fa77f3b6fe19f55516f101432d;1;1;;1;;;22;1789693096
4008;Berserker's Glove;14998;Berserker's Glove;ffb024f839d2fa1dd7202cafc57e8487;1;1;;1;;;22;1789693096
4009;Mini Nuke II;15003;Mini Nuke II;7f180474efa8d8256b2c704f8b3b6504;1;1;;1;;;22;1789693096
4010;Text Statue;15000;Text Statue;9d8fdefd16beab543611efe883660451;1;1;1;1;;;30;1789693096
4011;Shadowflame Apparition;15013;Shadowflame Apparition;05a8b3cdd072a50c2aee5362df9f9881;1;1;;1;;;22;1789693097
4012;Emotes;15018;Emotes;f0b139272119f05b83a88efb277831f6;1;1;;1;;;22;1789693097
4013;Pumpkin Sink;15020;Pumpkin Sink;4a476c38e392d07204c561fc7a8870c6;1;1;;1;;;22;1789693097
4014;Phantasm Dragon;15027;Phantasm Dragon;dad7d79460d7803dc1926307c6a7f932;1;1;;1;;;22;1789693097
4015;Dynasty Walls;15033;Dynasty Walls;187b8f2e460d13c32328ba36fe939978;1;1;1;1;;;30;1789693097
4016;Fancy Grey Wallpaper;15028;Fancy Grey Wallpaper;aa0832b9f9092e7adf7c7ab83bbe4660;1;1;1;1;;;30;1789693098
4017;Ultrabright Helmet;15030;Ultrabright Helmet;14f999bd91e282cd880c8e55d13c772e;1;1;;1;;;22;1789693097
4018;Vicious Goldfish;15035;Vicious Goldfish;aa91b52175abbc26a10c198a77cdb77a;1;1;;1;;;22;1789693098
4019;Firecracker;15041;Firecracker;fead03d05d62002696a9b443cf42a62c;1;1;;1;;;22;1789693098
4020;Sparkly Wings;15037;Sparkly Wings;7b434098acb9b7361e44b7fcc5c652c2;;;1;;1;;40;1789693098
4021;Jewel of Light;15048;Jewel of Light;29df3cdc507e1a74b5a07596f21134e8;1;1;;1;;;22;1789693098
4023;Honey Platform;15050;Honey Platform;5f19f59e5b361540871119c733ee9346;1;1;1;1;;;30;1789693098
4024;Blue Graduation Cap;15052;Blue Graduation Cap;9648d2dd59a6c387cc9daae9028e2d9b;1;1;;1;;;22;1789693099
4025;Logic Sensor;15055;Logic Sensor;b2b3b28f5b5f8466f01809380de3cad5;1;1;;1;;;22;1789693099
4026;Nebula Breastplate;15057;Nebula Breastplate;e03b4920e4a8501bd82628056363f446;1;1;;1;;;22;1789693099
4027;Vortex Drill;15062;Vortex Drill;9165d7f2d4829bac691c46d6d57fda2f;1;1;;1;;;22;1789693099
4028;Moonglow Planter Box;15065;Moonglow Planter Box;deb15e2f476a624f61f6e8d68dc041db;1;1;;1;;;22;1789693099
4029;Moon Lord Core;15066;Moon Lord Core;6ed54016bf19f6f3e50cdb8acd954bf0;1;1;;1;;;22;1789693099
4030;PDA;15071;PDA;00bd658f08e144a20fa99d011cd0b9a6;1;1;;1;;;22;1789693099
4031;Granite Candle;15069;Granite Candle;f7987b4b428749cb539d6a6bbedfae16;1;1;;1;;;22;1789693099
4032;Weather Radio;15074;Weather Radio;eceb8153d34058530d01c76203936f21;1;1;;1;;;22;1789693100
4033;Pumpkin Piano;15075;Pumpkin Piano;6ab92275d07edbf14d4a026e64e5ef1d;1;1;1;1;;;30;1789693100
4034;Boss Bag;15076;Boss Bag;6bee74bc3ede3f0b50fbfd62874f82af;1;1;;1;;;22;1789693100
4036;Cave Dirt Wall;15081;Cave Dirt Wall;ba69d83efe80d180d88a7927c97dfa4c;1;1;;1;;;22;1789693100
4037;Glass Bathtub;15089;Glass Bathtub;0f8b9d8472f1a4c81ae700a79f779fd4;1;1;;1;;;22;1789693100
4038;Tiger Skin;15078;Tiger Skin;7adac700f214cd12fccea7fbe4a6fb80;1;1;1;1;;;30;1789693100
4039;Red Golf Ball;15087;Red Golf Ball;1c5e03902c3ea10344ad4ace5aa5880c;1;1;;1;;;22;1789693100
4040;Granite Toilet;15093;Granite Toilet;3ca6f7124f86cbb80f3321423233428f;1;1;;1;;;22;1789693100
4041;Spooky Sofa;15101;Spooky Sofa;37ae22be0d70ba3b2f973d1e65279d17;1;1;1;1;;;30;1789693100
4042;Glittery Butterfly;15094;Glittery Butterfly;f073b649107ae002e1b4e07fe567bf26;1;1;;1;;;22;1789693101
4043;Jungle Campfire;15096;Jungle Campfire;94f09df655f361994e1b14a32f14f1ca;1;1;;1;;;22;1789693101
4044;Offline Gemspark Wall;15102;Offline Gemspark Wall;caf3d5c52643fe289c4135dd268a86da;1;1;1;1;;;30;1789693101
4045;Martian Toilet;15103;Martian Toilet;b85b7da23a9004dcda0aa54527c73c44;1;1;;1;;;22;1789693101
4046;Pink Gel;15110;Pink Gel;e06202473759762c3c8c1d7b91be8f87;1;1;;1;;;22;1789693101
4047;Gold Bird;15123;Gold Bird;332316a918c7bb7ff16d7db242531daf;1;1;;1;;;22;1789693101
4048;Loki's clothes;15119;Loki's clothes;849785bff8be0028ccd6f1c7b60e6fdb;1;1;;1;;;22;1789693101
4049;Luck Potion;15111;Luck Potion;5fd5da6bc5bf832ddf78325fc7b649fd;1;1;;1;;;22;1789693101
4050;Flipper (buff);15090;Flipper (buff);fd7cbc7ef50c4ef9830e238c8a5c4288;1;1;1;1;;;30;1789693101
4051;Brain of Cthulhu Relic;15127;Brain of Cthulhu Relic;8fb4eaa30f7ff006e01bbc0884fab365;1;1;;1;;;22;1789693101
4052;Safeman's set;15126;Safeman's set;3d4d9118723b6a946b717d25260270df;1;1;;1;;;22;1789693101
4053;Hardened Sand Wall;15131;Hardened Sand Wall;4291d24c1f9f733412047adbc9a1c2ee;1;1;;1;;;22;1789693101
4054;Purple Mucus;15112;Purple Mucus;eed7f8423087287fb33203a3beaa496e;1;1;1;1;;;30;1789693101
4055;Flesh Toilet;15135;Flesh Toilet;b74517b3ec0a550a977ad1392c6b4269;1;1;;1;;;22;1789693101
4056;Dripper;15129;Dripper;fd10957ba5cc449ba9e474994b700520;1;1;;1;;;22;1789693101
4057;Amber Robe;15136;Amber Robe;13632dd5c380aa9d427769f48bac05ef;1;1;;1;;;22;1789693101
4058;Pet Elfa;15138;Pet Elfa;4dda82bc98ee883b5c550a430832006b;;;;;1;;32;1789693101
4059;Alien Larva;15148;Alien Larva;492676c5f105c117ca5cfc7692ba0938;1;1;;1;;;22;1789693101
4060;Sharkron Balloon;15141;Sharkron Balloon;2839242c0449130159758fcf3c6ac03a;1;1;;1;;;22;1789693101
4061;Cavern Water Fountain;15147;Cavern Water Fountain;0f1cd4102b148db89f99f8b9dd434094;1;1;;1;;;22;1789693101
4062;Elderberry;15149;Elderberry;431240105c5cd08bb5386a2f47d34d33;1;1;;1;;;22;1789693101
4063;Divine Crate;15152;Divine Crate;25075bc833fb125ae126a48cfd00d8e2;1;1;;1;;;22;1789693101
4064;Hallowed Torch;15153;Hallowed Torch;3a720600cefc189538d161e524fa4d09;1;1;;1;;;22;1789693102
4065;Ancient Cultist Trophy;15159;Ancient Cultist Trophy;2e9bb1346472a0230ee7d79986a01aba;1;1;;1;;;22;1789693102
4066;Nebula Sink;15154;Nebula Sink;62f4c4891ea2bf346b54fc6a313b1b13;1;1;;1;;;22;1789693102
4067;Fallen Tuxedo;15166;Fallen Tuxedo;41c0b81ed2bf9a758914dcb25d6e9fc4;1;1;;1;;;22;1789693102
4069;Lesion Platform;15171;Lesion Platform;013aac0028d796f8eabbbb161695b82c;1;1;;1;;;22;1789693102
4070;Splinterling Banner;15173;Splinterling Banner;94856bd0d30f0c67d2d0780d15aba5e2;1;1;;1;1;;54;1789693102
4071;Glass Sink;15172;Glass Sink;f67a146a7194ee59220d0a51289b06fa;1;1;;1;;;22;1789693102
4072;Orange String;15174;Orange String;e1878eb9d4eebc4ee6f2d805787dcdde;1;1;;1;;;22;1789693102
4073;Frozen Crown;15176;Frozen Crown;e2f6593a6a31996e9f3b799e5232a31b;1;1;;1;;;22;1789693103
4074;Hellfire Treads;15183;Hellfire Treads;7fcb2b5745c19c6024fc71b8abf0f0b1;1;1;;1;;;22;1789693103
4075;Lightning Aura summon weapons;15177;Lightning Aura summon weapons;36e13100a624cf73c664b7e2d27c23cd;1;1;;1;;;22;1789693103
4076;Arch Wyvern Body;15184;Arch Wyvern Body;f8d44552c148aedf343085306d1f990c;;;1;;1;;40;1789693103
4077;Mowed Hallowed grass;15187;Mowed Hallowed grass;2d891f432f3ecb82f627df0f3d6f55fa;1;1;;1;;;22;1789693103
4078;Spooky Bathtub;15188;Spooky Bathtub;2f1b86095de5831bdae6609b65aff3a4;1;1;1;1;;;30;1789693103
4079;Titanium Barrier;15190;Titanium Barrier;2c07b5ccd9bd27720a776c99cab9b8be;1;1;;1;;;22;1789693103
4081;Bloody Tear;15202;Bloody Tear;81eefe55d9dc201fc1497117c8820c62;1;1;;1;;;22;1789693103
4082;Topaz Squirrel;15203;Topaz Squirrel;c9c2e94c88d0b87ce399095dd23e969f;1;1;;1;;;22;1789693103
4083;Aaron's set;15205;Aaron's set;fd7429944bee584a2c4b1b06d9f19cdd;1;1;;1;;;22;1789693104
4084;Eggnog;15206;Eggnog;a0b7c33855a8d060160bd4ce4d1ef0c8;1;1;1;1;;;30;1789693104
4086;Snowflake Wallpaper;15209;Snowflake Wallpaper;fb5fd1082c8f70222c6fcca0d3c2d8c1;1;1;1;1;;;30;1789693105
4087;Fake Unicorn Horn;15213;Fake Unicorn Horn;e2d7728f4c1ff9a46b7be29e836f7af3;1;1;;1;;;22;1789693105
4088;Baby Red Panda;15214;Baby Red Panda;cbd02c603ad117e9107ad2f0de455a5b;1;1;;1;;;22;1789693105
4089;Mods;15217;Mods;198df8d2a6272a08d3ec7895faa76713;1;;;;;;2;1789693106
4090;Gravedigger Coat;15216;Gravedigger Coat;24fb3df4381d25717bd25135a8b56fb5;1;1;;1;;;22;1789693106
4091;Solar Piano;15219;Solar Piano;04b56606402f0a0448b9bd6977915c7d;1;1;;1;;;22;1789693106
4092;True Eyes of Cthulhu;15225;True Eyes of Cthulhu;9a4c12876f0e45de3eeb600003bbb70c;1;1;;1;;;22;1789693106
4093;Kobold Dynamite Backpack;15227;Kobold Dynamite Backpack;189ad7507de92e6211966ef2a4c381dd;1;1;;1;;;22;1789693106
4095;Music Box (Boss 3);15234;Music Box (Boss 3);8515e834eefa0314739886e69d4a79bb;1;1;1;1;;;30;1789693106
4096;Lava Shark Mount;15233;Lava Shark Mount;d664df2827296881a1b675a8487a3752;1;1;;1;;;22;1789693106
4097;Shadow Mummy Banner;15235;Shadow Mummy Banner;f3551e97f9e5505e2759218ac77aac2b;;;1;;;;8;1789693106
4098;Dynasty Door;15244;Dynasty Door;89ea9dcac98867bc9fc080228d68595d;1;1;;1;;;22;1789693106
4099;Boreal Wood Clock;15249;Boreal Wood Clock;626017ea88163c4e16273dd2a5f2c230;1;1;1;1;;;30;1789693107
4100;Baby Imp;15247;Baby Imp;bb1e78095be5e89be4f9f090cb9ebbca;1;1;;1;;;22;1789693107
4102;Nebula Chest;15253;Nebula Chest;e6328c6a602a4e18b5ec7ba2c492163f;1;1;;1;;;22;1789693107
4103;Fruits;15257;Fruits;a36ef47851e2b0fce36c1148d152749a;1;1;;1;;;22;1789693107
4104;Rusty Armored Bones Banner;15267;Rusty Armored Bones Banner;783ccc136ea3a41b198dff8af2246d95;1;1;;1;1;;54;1789693107
4105;Biome Mimic;15261;Biome Mimic;2f54853a6f8c44bc9c2af1db1d285b29;1;1;;1;;;22;1789693107
4106;Water Sensor;15268;Water Sensor;9c9e8d96a8ea4f54d1551501cb0fe139;1;1;;1;;;22;1789693107
4107;Palm Wood Helmet;15280;Palm Wood Helmet;740c7f21d5c52f076f223da37466861c;1;1;1;1;;;30;1789693108
4108;Ivy Stone Wall;15277;Ivy Stone Wall;c4e80281db02a3aea1a987488f52394b;1;1;;1;;;22;1789693108
4109;Gold Starry Wall;15269;Gold Starry Wall;f77d03b3e9e83044511128242a0c1b96;1;1;;1;;;22;1789693108
4110;Frozen Candelabra;15284;Frozen Candelabra;51f738412f5ff3b1173dd441668fd85c;1;1;1;1;;;30;1789693108
4111;Constant;15292;Constant;cb17869fe51048b5a5c4c6106551a255;1;1;;1;;;22;1789693108
4112;Martian Costume;15297;Martian Costume;03ea2924cd323b399020f2e429555512;1;1;;1;;;22;1789693108
4114;Purple Golf Ball;15301;Purple Golf Ball;d4f434154641f3c119b73ab1d6394056;1;1;;1;;;22;1789693108
4115;Antlion Swarmer;15302;Antlion Swarmer;3b50c8121b934bca9de792e1ab26c206;1;1;;1;;;22;1789693108
4116;Martian Scutlix Gunner Banner;15308;Martian Scutlix Gunner Banner;032405951af9621b17ac680838c156a1;1;1;;1;;;22;1789693108
4117;Green Dye;15318;Green Dye;4b7b4bea0c91e76711add07be4396fcc;1;1;1;1;;;30;1789693108
4118;Lovestruck;15320;Lovestruck;2b67d518c1a05df8b498abb7c6180366;1;1;1;1;;;30;1789693108
4119;Elf Copter Banner;15323;Elf Copter Banner;a326a52e7dacf846d854c4a0d4f228f0;1;1;;1;1;;54;1789693108
4120;Treasure Bag (Golem);15309;Treasure Bag (Golem);7e26b826a86252ea4c4649107366a7e3;1;1;;1;;;22;1789693108
4121;1.3.5.1;15319;1.3.5.1;ee1a5a230e98fcf096964facff0e0043;1;1;;1;;;22;1789693108
4123;Doctor Bones Banner;15335;Doctor Bones Banner;1e28cd1cd3823a61d4cb676acf941706;1;1;;1;;;22;1789693109
4124;Music Box (Crimson);15336;Music Box (Crimson);bf08bf9aa80ca34e7d428aa5c0a5a931;1;1;1;1;;;30;1789693109
4125;Ladybug Cage;15341;Ladybug Cage;57142e2e2ee918d2b96e443f6afefce1;1;1;;1;;;22;1789693109
4126;Void Monolith;15331;Void Monolith;9febc1f93576b7af2dd52cc9d126cca4;1;1;;1;;;22;1789693109
4127;Blue Streamer;15350;Blue Streamer;f5b4903a8baca8177a1de87518ab8256;1;1;;1;;;22;1789693109
4128;Frozen Lamp;15349;Frozen Lamp;ee24ced8e9aa75e53a2c549d95914fd1;1;1;1;1;;;30;1789693109
4129;Spooky Bookcase;15360;Spooky Bookcase;2771562264084366b6624f0d07a2f239;1;1;1;1;;;30;1789693109
4130;Treasure Bag (Moon Lord);15373;Treasure Bag (Moon Lord);6a261e337ed06f4f635ea0023494af3b;1;1;;1;;;22;1789693109
4131;Dart Pistol;15353;Dart Pistol;2bf34d89817685c19bfb718836e445e9;1;1;;1;;;22;1789693109
4132;Banana Split;15342;Banana Split;6b4e4dd5207463c560ce651ce47a4652;1;1;;1;;;22;1789693109
4133;Chef Hat;15362;Chef Hat;a90c7aa84874e54b073a6635abf23edd;1;1;;1;;;22;1789693109
4134;Dynasty Shingles;15376;Dynasty Shingles;1721bdaa171ce5cbed83311ae7772ad9;1;1;1;1;;;30;1789693109
4135;Gold Mouse Cage;15366;Gold Mouse Cage;a09ac9275217d58dfbb3af4885ce3ed5;1;1;;1;;;22;1789693109
4136;Royal Delight;15379;Royal Delight;bcd6cced8c4b4dbeb82b852ac69794fb;1;1;;1;;;22;1789693109
4137;Cosmic Skateboard;15378;Cosmic Skateboard;887795f0365de5b7d271a204f95e7626;1;1;;1;;;22;1789693109
4138;Cyan Beetle Banner;15363;Cyan Beetle Banner;d24454ae50c6625f95ef6a120cc35746;1;1;;1;;;22;1789693109
4139;Ichor Sticker Banner;15381;Ichor Sticker Banner;43e4b6d77e47579f53e05020da5fbdcf;1;1;;1;1;;54;1789693109
4140;Magic Sand Dropper;15382;Magic Sand Dropper;bff6d8e11c7e7ac16b8e02778268d996;1;1;;1;;;22;1789693109
4141;Stone Slab Wall;15386;Stone Slab Wall;19c9ea83c1167a3696fc67a54395e0db;1;1;1;1;;;30;1789693109
4142;Steampunk Clock;15395;Steampunk Clock;b88725fe82019230c661f1dbf585786e;1;1;1;1;;;30;1789693109
4143;Skyware Candle;15408;Skyware Candle;6050f4e472d5f710dd9de7db2d25a05c;1;1;;1;;;22;1789693109
4144;Spider Work Bench;15388;Spider Work Bench;f0a0b0ce986b27595acb15eaa2d5b441;1;1;;1;;;22;1789693109
4145;Golf Club (Putter);15412;Golf Club (Putter);6a7b02494efdf8e01dd43dfcbef92e91;1;1;;1;;;22;1789693110
4146;Paper Airplane;15411;Paper Airplane;71e4449760fb2e78e2b3046965a09387;1;1;;1;;;22;1789693110
4147;Companion Cube (pet);15417;Companion Cube (pet);ef3c062bf122fab9795c24989b2710b5;1;1;;1;;;22;1789693110
4148;Marble Table;15418;Marble Table;09f195e1298a0988ca214fa6e8f16fe8;1;1;;1;;;22;1789693110
4149;Ballista Panic!;15424;Ballista Panic!;87bca16ee26b5a75d9fb9d6e897abeff;1;1;;1;;;22;1789693110
4150;Jungle Pylon;15414;Jungle Pylon;777dcebc289cd89135f5b0256cfae140;1;1;;1;;;22;1789693110
4151;Torch God's Favor;15426;Torch God's Favor;9f8f4073626f1b9a3735143a4f4b6865;1;1;;1;;;22;1789693110
4152;Sky Blue Dye;15427;Sky Blue Dye;c0d29d7245675e76a86c9c6487a2b9d0;1;1;1;1;;;30;1789693110
4153;Tentacle Spike;15429;Tentacle Spike;30f261f4d65252a4d3a902a5ba5477ab;1;1;;1;;;22;1789693110
4154;Desert Spirit Banner;15432;Desert Spirit Banner;b6c91584b4c1596eb89156a29093c849;1;1;;1;;;22;1789693110
4155;Stardust Bathtub;15433;Stardust Bathtub;19fe0331225520396c0686da9a487336;1;1;;1;;;22;1789693110
4156;Baby Face Monster;15443;Baby Face Monster;fd2d76f7fe9dde9a51fa76c90fd03dea;1;1;;1;;;22;1789693110
4157;Music Box (Title);15447;Music Box (Title);cda1fc79cfa1a24c2f6423e55bc204df;1;1;1;1;;;30;1789693110
4158;Red's Wings;15451;Red's Wings;d8f6024ff6460e4c8fa6b1e79f315330;1;1;;1;;;22;1789693110
4159;Otherworldly Music Box (Invasion);15454;Otherworldly Music Box (Invasion);545ab966c39797ccfba701ae886d17db;1;1;;1;;;22;1789693110
4160;Brown and Black Dye;15455;Brown and Black Dye;e221b422908f091b329b7b9239dedd09;1;1;;1;;;22;1789693110
4161;Violet Gradient Dye;15457;Violet Gradient Dye;3dbea6d4061650ad2afddd7a10a7df6e;1;1;1;1;;;30;1789693110
4163;Mowed grass;15460;Mowed grass;855da916c87ceeedab9da0682f195de2;1;1;;1;;;22;1789693110
4164;Royal set;15467;Royal set;25acee01ce0544ee9e27b4b231e70b88;1;1;;1;;;22;1789693110
4165;Offline Gemspark Walls;15468;Offline Gemspark Walls;158102e19a92f19c3afb4b33470a6838;1;1;1;1;;;30;1789693111
4166;Pew-matic Horn;15475;Pew-matic Horn;c9cceac5df5c37086c841243b5f95f7c;1;1;;1;;;22;1789693111
4167;Jim's set;15469;Jim's set;8902c4b205b557e024abda7b925ef2e9;1;1;;1;;;22;1789693111
4168;Shadow Hammer;15477;Shadow Hammer;3e54ac98bdda7981b50ecfb1ba439c37;;;1;;1;;40;1789693111
4169;Golden Grandfather Clock;15478;Golden Grandfather Clock;6942a0d330c362bdb01c422d1c382652;1;1;;1;;;22;1789693111
4170;Blue Jellyfish Kite;15479;Blue Jellyfish Kite;b0a79dddc293d909f0d8d169000a4e24;1;1;;1;;;22;1789693111
4171;Steampunk Sofa;15481;Steampunk Sofa;4bb3a605d590dcc09e7500d75b2e3815;1;1;1;1;;;30;1789693111
4172;Greedy Ring;15480;Greedy Ring;ecaa1ce86f95127b78715dcffeafb516;1;1;;1;;;22;1789693111
4173;Hearty Meal;15483;Hearty Meal;e15d1aaf1ed1ad81fd2c382475e87961;1;1;;1;;;22;1789693111
4174;Dark Artist armor;15482;Dark Artist armor;1e89ffd9b5723102308fbc3c4f7a0762;1;1;;1;;;22;1789693111
4175;Sand storm;15484;Sand storm;630ae0c406557c8e5239d73fa8e08703;1;1;;1;;;22;1789693112
4176;Dutchman Cannon;15485;Dutchman Cannon;a94cb6c9765c8e78b9ace6f27bc45791;1;1;;1;;;22;1789693112
4177;Granite Work Bench;15491;Granite Work Bench;4646e25e007f9eeec306c4e704a9e957;1;1;;1;;;22;1789693112
4178;Glass Bookcase;15497;Glass Bookcase;850ccc7677552b599e146eea4af23259;1;1;;1;;;22;1789693112
4179;Giant Shelly Banner;15494;Giant Shelly Banner;c2ffbb30028dcedfc697089a6d40e260;1;1;;1;;;22;1789693112
4181;Palm Wood Clock;15503;Palm Wood Clock;b4c774b7d8fbb70368ad46b2c49e4e30;1;1;1;1;;;30;1789693112
4182;Gem Squirrel;15509;Gem Squirrel;037b8e688db8b3263d15fecc8ae617f9;1;1;;1;;;22;1789693113
4183;Pin Flags;15505;Pin Flags;c84499474dff5984e977a8ac262f6b3e;1;1;;1;;;22;1789693113
4184;Ebonsandstone;15517;Ebonsandstone;82273e44f13228a745b63bca08289d4f;1;1;;1;;;22;1789693113
4185;Treasure Bag (Skeletron);15522;Treasure Bag (Skeletron);1967236638b5ff2730507cf23ce53a18;1;1;;1;;;22;1789693113
4186;Palm Tree;15524;Palm Tree;7843ffca5e16af2f783ca7728ab060a8;1;1;1;1;;;30;1789693113
4187;Dune Splicer (Body);15528;Dune Splicer (Body);c042ad8bf79f4877cb817af505a6ac4e;1;1;;1;;;22;1789693114
4188;Boreal Beam;15531;Boreal Beam;4eb7d5de2992b7bd0b0da4cd810dc7be;1;1;;1;;;22;1789693114
4190;Witch's Broom;15538;Witch's Broom;77c60d96084103ff28ec8ff1abdd2b2a;1;1;;1;;;22;1789693114
4191;Lil' Harpy;15543;Lil' Harpy;e094f88a1ec79a2a507c0e5d4360601a;1;1;;1;;;22;1789693114
4192;Plantero;15542;Plantero;a522ea5f121ad5507561cffacae6dc55;1;1;;1;;;22;1789693114
4193;Martian Drone;15546;Martian Drone;100dee0933e8c13dc8fcf4ea2e12b291;1;1;;1;;;22;1789693114
4194;Bound Stylist;15551;Bound Stylist;b9aeee9801a1bb2b602940c61f68e502;1;1;1;1;;;30;1789693114
4195;Music Box (Mushrooms);15549;Music Box (Mushrooms);629e3a25af25ca684919c8c1a0c30e9e;1;1;1;1;;;30;1789693114
4196;Hallowed Cavern Wall;15553;Hallowed Cavern Wall;6b531333c373dc3d6d1dacb83e8d6016;1;1;;1;;;22;1789693115
4197;Treasure Bag (Wall of Flesh);15556;Treasure Bag (Wall of Flesh);6a36c71ce78d5810ea35daddcabc9a9c;1;1;;1;;;22;1789693115
4198;Companion Cube Buff;15564;Companion Cube Buff;53585ea66fc186559f28a682bdc976b0;1;1;;1;;;22;1789693115
4199;Kobold Banner;15573;Kobold Banner;add5ac00a15d9817ad8f3a489e635c66;1;1;;1;;;22;1789693115
4200;Vortex Helmet;15575;Vortex Helmet;2854b4bf3af455bd92f77773708a787a;1;1;;1;;;22;1789693115
4201;FoodBarbarian's Tattered Dragon Wings;15585;FoodBarbarian's Tattered Dragon Wings;f357266913b8ba252c9ef16a03b3b433;1;1;;1;;;22;1789693115
4202;Potted Forest Cedar;15584;Potted Forest Cedar;0fd3d82f3336719a9b2d86d4d8f32d25;1;1;;1;;;22;1789693115
4203;Liquid Sensor (Lava);15580;Liquid Sensor (Lava);7b045d971846441c4aa657dac4e05af7;1;1;;1;;;22;1789693115
4204;Brick Layer;15574;Brick Layer;b7bf952e6f9a45c12d31bd28b410080b;1;1;1;1;;;30;1789693115
4205;Silly Pink Balloon Wall;15587;Silly Pink Balloon Wall;b17f7ca467d5c10f603927a1d34e5cfb;1;1;;1;;;22;1789693115
4206;Pink Fairy;15590;Pink Fairy;5969b8a82951b0667058c7a630088d7f;1;1;;1;;;22;1789693115
4207;Kobold;15604;Kobold;8e8cfc2afa0a573bd43df60ad458d19d;1;1;;1;;;22;1789693115
4208;Red and Green Garland;15597;Red and Green Garland;ea19d42351d9961d23ad6ec3db999d73;1;1;1;1;;;30;1789693116
4209;Wandering Jingasa;15608;Wandering Jingasa;2934b83e1324d64b25904f9c93729a4c;1;1;;1;;;22;1789693116
4210;Mace;15598;Mace;17d2c299e4d02f7b375eec3f057a5b50;1;1;;1;;;22;1789693116
4211;Crystal Bathtub;15612;Crystal Bathtub;390f15c02217a9af400c055d5a93e650;1;1;;1;;;22;1789693116
4212;Blue Counterweight;15615;Blue Counterweight;5c3bea17f9d4b8baaec70ac154898573;1;1;;1;;;22;1789693116
4213;Enchanted Sword Shrine;15616;Enchanted Sword Shrine;9b61e366764052127547e5f7e8871f82;1;1;;1;;;22;1789693116
4214;Wisp Dye;15620;Wisp Dye;7935a12620958d706167ba7541bf7d07;1;1;;1;;;22;1789693116
4215;The Bee's Knees;15621;The Bee's Knees;a5e1995d8d8abcecc4bac21e9a23f782;1;1;;1;;;22;1789693116
4216;Ocean Crate;15625;Ocean Crate;fb58f258a448898cbaf85febac802bb3;1;1;;1;;;22;1789693116
4217;World Feeder Kite;15627;World Feeder Kite;46faf3000da1ff0a2291dd33ab3bd260;1;1;;1;;;22;1789693116
4218;Martian Saucer Cannon;15631;Martian Saucer Cannon;9a1bd3fc1470f8df8d921c360025050c;1;1;;1;;;22;1789693117
4219;Skyware Platform;15635;Skyware Platform;c0b869ca4e31dcaf38fd799d695f9cee;1;1;1;1;;;30;1789693117
4220;White Tuxedo;15640;White Tuxedo;18b31632d1dd654bdba8af2aaf1e1eba;1;1;;1;;;22;1789693117
4221;Orange and Silver Dye;15637;Orange and Silver Dye;662b46f3bba0d30da77da0a1903053d8;1;1;1;1;;;30;1789693117
4222;Smooth Marble;15641;Smooth Marble;43902900a11ca806750479199b36017c;1;1;;1;;;22;1789693117
4223;Obsidian Skull Rose;15642;Obsidian Skull Rose;52d22d18878cff48f859884bd07f6c2a;1;1;;1;;;22;1789693117
4224;Apple Pie;15647;Apple Pie;cd9d607079544e951cac51c2248b2fe4;1;1;;1;;;22;1789693117
4225;Sroller Banner;15651;Sroller Banner;72637e9c21e983434d7dd31cc1f83546;1;1;;1;;;22;1789693118
4226;Travelling Merchant;15654;Travelling Merchant;9befe33a72dae0db7b9a551a3c503840;1;1;1;1;;;30;1789693118
4227;Magic Lantern (light pet);15650;Magic Lantern (light pet);2b63dd3bb6bf0402d8a5402187d95d89;1;1;;1;;;22;1789693118
4228;Flamingo;15665;Flamingo;1c55b68e7477a0e0ff47c3b0ba23c0d6;1;1;;1;;;22;1789693118
4229;Cute Fishron;15663;Cute Fishron;ed9a726c6e41a94a87b040160e33430e;1;1;;1;;;22;1789693118
4230;Underground Deserts;15659;Underground Deserts;bf098137cd7602476a6fc2c38d7ae7a5;1;1;;1;;;22;1789693118
4231;Grim Dye;15673;Grim Dye;41c4e14e3a70f5caa9090b229e5b92cb;1;1;;1;;;22;1789693118
4233;Pink Paint;15678;Pink Paint;d62dd080168339c64f43a2d5bb720d0a;1;1;1;1;;;30;1789693118
4234;Huntress armour;15680;Huntress armour;eb82bb513a8663a3c0aa399400c7bc66;1;1;;1;;;22;1789693119
4235;Arrow Signs;15683;Arrow Signs;7374a0a8ef8ccc0801405ae20c616ff2;1;1;;1;;;22;1789693119
4236;Dynasty Blocks;15681;Dynasty Blocks;effe0c97e6642d2a59e37b795afe19d8;1;1;1;1;;;30;1789693119
4237;Oasis Plants;15688;Oasis Plants;5c1bb09c11ca7d5390cd19d01ada0c0e;1;1;;1;;;22;1789693119
4238;Martian Lantern;15690;Martian Lantern;81c1590dd365a85e45045ff3faee8d05;1;1;;1;;;22;1789693119
4239;Yellow Dragonfly Jar;15692;Yellow Dragonfly Jar;14803d4a05f3374791f40f610b8c38f2;1;1;;1;;;22;1789693119
4240;Gold Seahorse;15698;Gold Seahorse;d78a0200c28b1a3999a92a2a78b9d3f9;1;1;;1;;;22;1789693119
4241;Flameburst;15696;Flameburst;e02244b4de389d555a15091398fd41b5;1;1;;1;;;22;1789693119
4242;Deep Yellow Paint;15693;Deep Yellow Paint;745acc6f49f2655bc4bb795c0ca44cb5;1;1;1;1;;;30;1789693119
4243;Metal Sink;15702;Metal Sink;4016ecea05366662ae9518f6d0ad5bd4;1;1;;1;;;22;1789693120
4244;Martian Bed;15705;Martian Bed;7dcd1c9d64584aab21c6a6d6ab527fcc;1;1;;1;;;22;1789693120
4245;Hallowed Shard Wall;15703;Hallowed Shard Wall;878302615bf4761cbe9c1a5cbd066829;1;1;;1;;;22;1789693120
4246;Blue Starry Wall;15712;Blue Starry Wall;a4d75c571587320bd70e7c2791dae492;1;1;;1;;;22;1789693120
4247;Premium Golf Club (Driver);15711;Premium Golf Club (Driver);17aade92c35adcd97486c8c00d52d4e0;1;1;;1;;;22;1789693120
4249;Phantom Phoenix;15717;Phantom Phoenix;f8052a3e91a91a268536adf532fa622c;1;1;;1;;;22;1789693120
4250;Cactus Sofa;15715;Cactus Sofa;b4c90274047b04e0b2ede2534d1e0fb5;1;1;1;1;;;30;1789693120
4251;Eye4aneye;15720;Eye4aneye;94bdbdad70ddf69a0743bdcd623d9b6a;1;1;;1;;;22;1789693121
4252;Stardust Fragment Block;15718;Stardust Fragment Block;c57f2a534927a1df557b846dd3ca98c3;1;1;;1;;;22;1789693121
4253;Granite Sink;15727;Granite Sink;68c08ad4161579ae8cda458e8221e403;1;1;;1;;;22;1789693121
4254;Puppy;15728;Puppy;936c653149c0fbcb331b8e343887e739;1;1;1;1;;;30;1789693121
4255;Mushroom Beam;15734;Mushroom Beam;75ce58dbd0365e90abecaa8af21577af;1;1;;1;;;22;1789693121
4256;Granite Column;15729;Granite Column;2adadef420e6adc9037a2b64cfc51b19;1;1;;1;;;22;1789693121
4257;Flaming Mace;15736;Flaming Mace;d767e4debf6b3eca0f4995ad529dc338;1;1;;1;;;22;1789693121
4259;Granite Elemental Banner;15738;Granite Elemental Banner;bee53cee763baabf2d3faa9843e89b86;1;1;;1;;;22;1789693122
4260;Teal and Black Dye;15747;Teal and Black Dye;b4368b7b82b1adf5dc81aff15c4bfd3f;1;1;1;1;;;30;1789693122
4261;Grox The Great's Greaves;15740;Grox The Great's Greaves;edc633427b0e03f795f71cabf24c1c3b;1;1;;1;;;22;1789693122
4262;Crimson Blister Wall;15752;Crimson Blister Wall;eb74babcd1fc3a6c22a8eea17b0f2ceb;1;1;;1;;;22;1789693122
4263;Psycho Banner;15749;Psycho Banner;5b2c363dac8a0bfd84652d27dbdbbece;1;1;;1;;;22;1789693122
4264;Ghostar’s Soul Jar;15754;Ghostar’s Soul Jar;37e9aadef8878ab33f3084e19f46cabd;1;1;;1;;;22;1789693122
4265;Lesion Block;15759;Lesion Block;dde502bd837614d0aab175b15c2397eb;1;1;;1;;;22;1789693122
4266;Mrs. Claus set;15761;Mrs. Claus set;17aa35b80d25ddf2be877461855bf67c;1;1;1;1;;;30;1789693122
4267;Explosive Trap sentry;15758;Explosive Trap sentry;d75d3f5b5023351ceb742c5903c8aff6;1;1;;1;;;22;1789693122
4268;Fish Finder;15764;Fish Finder;8677cfc5cbae61a2929fa131201663d2;1;1;;1;;;22;1789693123
4269;Ancient set;15767;Ancient set;dccffb391c336e8604f4030f4235dcb2;1;1;;1;;;22;1789693123
4270;Gravedigger set;15766;Gravedigger set;80865bf646c8d7deed350e926723c5ab;1;1;;1;;;22;1789693123
4271;Rock Golem;15768;Rock Golem;0f0aac28e242bd41c54b16476f35b99e;1;1;;1;;;22;1789693123
4272;Shadow Dye;15771;Shadow Dye;a6d17c78f1ee8de823e67ab011b08158;1;1;;1;;;22;1789693123
4273;Shroomite Plating Wall;15772;Shroomite Plating Wall;a7532133c75c262cd3d138affd1c4735;1;1;;1;;;22;1789693123
4274;Copper Pipe Wallpaper;15774;Copper Pipe Wallpaper;a6234e9f880db79f5ce7531b58bcdb03;1;1;1;1;;;30;1789693124
4275;Obsidian Pants;15775;Obsidian Pants;083d0f3baff2ae05c6b26e38b493eddf;1;1;;1;;;22;1789693124
4276;Glass Dresser;15773;Glass Dresser;c6c382f33c161208da466909109333be;1;1;1;1;;;30;1789693124
4277;Housing menu;15776;Housing menu;6042a7df4a92ce1d24dc12aea7310e56;1;1;1;1;;;30;1789693124
4278;Pink Eskimo Pants;15777;Pink Eskimo Pants;28892c0db85029159430e0f2ac64cfd4;;;1;;1;;40;1789693124
4279;Cat License;15778;Cat License;9680315d0fd3380de0d3fd4edb21c644;1;1;;1;;;22;1789693124
4280;Pirate Deadeye Banner;15780;Pirate Deadeye Banner;ee1d6aea15b82047d897a26bb8409609;1;1;;1;1;;54;1789693124
4281;Lava Slime Banner;15779;Lava Slime Banner;24692c26730fcf6f39f00eb8af746589;1;1;;1;;;22;1789693124
4282;Pedguin's suit;15787;Pedguin's suit;f45062979af223b212b22790632eee5e;1;1;;1;;;22;1789693124
4283;Crimson Cloak;15792;Crimson Cloak;141b000bd71f15e32829fa78e16dbcda;1;1;1;1;;;30;1789693124
4284;Not a Kid, nor a Squid;15788;Not a Kid, nor a Squid;7bd49b1d95c55f7b398250402749549e;1;1;;1;;;22;1789693124
4285;Crowno's Breastplate;15795;Crowno's Breastplate;cb7b5c92eace6643997e52618e4b7d64;1;1;;1;;;22;1789693125
4286;Music Box (Tutorial);15809;Music Box (Tutorial);7f5adc60f47eb3053612b23372f544be;;;1;;;;8;1789693125
4287;Celestial Fragment;15816;Celestial Fragment;3238c916163bbd2a5eeb88a22d4070ac;1;1;;1;;;22;1789693125
4288;Carrot;15800;Carrot;1ed10d1bb14ff1b1bf02aad5a5cdb052;1;;;1;;;18;1789693125
4289;Ice Mirror;15821;Ice Mirror;87cecac3cc72fa16f88187dfe21f98f3;1;1;;1;;;22;1789693125
4290;Sun Mask;15820;Sun Mask;67f1aab3a5f4fc426359726042e005c7;1;1;;1;;;22;1789693125
4291;Giant Shelly;15819;Giant Shelly;956ad8bd7d0db99efc4d0ee906c6c8c6;1;1;;1;;;22;1789693125
4292;Sandstone Block;15833;Sandstone Block;ead2ce52dde66116eb68487bb0e75219;1;1;;1;;;22;1789693125
4293;Gray Zapinator;15840;Gray Zapinator;ebf9477c7112e132e4d4579f96b649a7;1;1;;1;;;22;1789693125
4294;Fabulous Ribbon;15841;Fabulous Ribbon;1736b16897ba165c5f0ea2b2846e8ede;;;1;;1;;40;1789693125
4295;Boulder Statue;15843;Boulder Statue;5d2cde445d70aff059cf837b0583d864;1;1;;1;;;22;1789693126
4296;Badger's Hat;15837;Badger's Hat;81614ea44a2275d6aed6f52374c319c2;1;1;;1;;;22;1789693126
4297;Drakomire Rider;15844;Drakomire Rider;0ce4a5c02311f66809936bb7af1b77c0;1;1;;1;;;22;1789693126
4298;Pink Dungeon Clock;15848;Pink Dungeon Clock;01881a4042ad3731309ea0449025a445;1;1;;1;;;22;1789693126
4299;Shiren Hat;15850;Shiren Hat;eaf0ba552480828a5e3961dcf3c4ed24;;;;;;1;1;1789693126
4300;Stardust Platform;15851;Stardust Platform;5c50efc3b558bb8e18a4bed417c5929b;1;1;;1;;;22;1789693126
4301;Smooth Granite;15852;Smooth Granite;a89ad7b7de1dff37fcdc860b867e3589;1;1;;1;;;22;1789693127
4302;White Pearl;15856;White Pearl;b595e83663402e6af7c04d48a93a551e;1;1;;1;;;22;1789693127
4303;Pink Eskimo Hood;15855;Pink Eskimo Hood;dfe2c745db1cab14f5c77786328f2c50;;;1;;1;;40;1789693127
4304;1.3.0.5;15857;1.3.0.5;b16b1db367b1b9b90cdac251dd3e8232;1;1;;1;;;22;1789693127
4305;Solar Candle;15854;Solar Candle;9ac99434362d9b39feaf84892835e7e0;1;1;;1;;;22;1789693127
4306;Logic Sensor (Player Above);15863;Logic Sensor (Player Above);6d4d1a3b831cee567e5a8eb29d505bdf;1;1;;1;;;22;1789693127
4307;Living Wood Platform;15869;Living Wood Platform;fdd92eabbe830cc3c075f231b93ea3d8;1;1;1;1;;;30;1789693127
4309;Pumpkin Sofa;15877;Pumpkin Sofa;3e531d8919ce0fc61dcc65e8d516976c;1;1;1;1;;;30;1789693127
4310;Sand Shark Kite;15874;Sand Shark Kite;88b2bd3a2aefe077f1a583eac96f71ac;1;1;;1;;;22;1789693127
4311;Durendal's Blessing;15871;Durendal's Blessing;6342dec0a344ce40fb54719536c54c80;1;1;;1;;;22;1789693127
4312;Music Box (Jungle Night);15879;Music Box (Jungle Night);b0807d80e429c02e45963ea297b4b5e4;1;1;;1;;;22;1789693127
4313;Wrought Iron Fence;15886;Wrought Iron Fence;d9030cb52c55185897c3180d471df241;1;1;;1;;;22;1789693128
4314;Martian Invasion;15880;Martian Invasion;27b5afb1c71fead0d1d2e9948400169c;1;1;;1;;;22;1789693128
4315;Aaron's clothes;15889;Aaron's clothes;720b13b042417c85ed09b508e629168d;1;1;;1;;;22;1789693128
4316;Life Nebula;15894;Life Nebula;f06c10c1199f47631de831af31524b26;1;1;;1;;;22;1789693128
4317;Jungle Torch;15893;Jungle Torch;bebfee9b0a2ebd6a1fef3b26c9c67de8;1;1;;1;;;22;1789693128
4318;Luminite Pickaxe;15895;Luminite Pickaxe;56758e11cbbc3b7f2e056fbecc642c1c;1;1;;1;;;22;1789693128
4319;Platinum Coin Pile;15897;Platinum Coin Pile;da6bb2cc796893ce245c20b82047d856;1;1;1;1;;;30;1789693128
4320;Hanging Blinkroot;15896;Hanging Blinkroot;cf829c2453dcc5827fdb8c6781d4e55c;1;1;;1;;;22;1789693128
4321;The Sands of Slime;15902;The Sands of Slime;6d0fb15fb9adb0255cb70c6e01dd7da3;1;1;;1;;;22;1789693128
4322;Safeman's Pink Leggings;15904;Safeman's Pink Leggings;9d88bed2e95d76155df0042f765812cd;1;1;;1;;;22;1789693128
4324;Squire's Great Helm;15908;Squire's Great Helm;7a8cb8fbaf3868fed78727b987ca914a;1;1;;1;;;22;1789693128
4325;Bee Wax;15917;Bee Wax;a86fad197158a09b0d07a667b6cc6720;1;1;1;1;;;30;1789693128
4326;Hemogoblin Shark Banner;15923;Hemogoblin Shark Banner;8cb46489a2110ba3dd019381480d56d9;1;1;;1;;;22;1789693128
4327;Webbed Stylist;15905;Webbed Stylist;00ba2715a021374b8539cb0ee05b9def;1;1;1;1;;;30;1789693128
4328;Spooky Candle;15932;Spooky Candle;7c34fd9ca1f0d150a6164e2b8eb81375;1;1;1;1;;;30;1789693128
4329;Lightning Aura Cane;15931;Lightning Aura Cane;615ca727e3a5859308717359b1802eaf;1;1;;1;;;22;1789693128
4330;Festive Wallpaper;15936;Festive Wallpaper;6415eee425109857dce4a591a33f40ec;1;1;1;1;;;30;1789693129
4331;Grand Design;15935;Grand Design;9b56f9a475dd10104962d561b327cfe7;1;1;;1;;;22;1789693129
4333;Turtle Mount;15941;Turtle Mount;f1b55f93a85b38dddc22c6116446964f;1;1;1;1;;;30;1789693129
4334;Crimtane Brick;15944;Crimtane Brick;9fc7409af36666e497ab5997053ce172;1;1;;1;;;22;1789693129
4335;Spectral Elemental;15952;Spectral Elemental;fcdb5f9c993dd007c41fe1c21262d285;;;1;;1;;40;1789693129
4337;Scarab Fish;15956;Scarab Fish;520b4204f39a75beea636e5144945907;1;1;;1;;;22;1789693129
4338;1.2.4.1;15957;1.2.4.1;b9bf0f30f67c1d58909379773912b5e5;1;1;1;1;;;30;1789693129
4339;Dynasty Cup;15955;Dynasty Cup;9622e986b2617e39ee0ba9f72990b010;1;1;1;1;;;30;1789693129
4340;Loki's Helmet;15958;Loki's Helmet;09a7d79763f9b50d33c05c07c8818af5;1;1;;1;;;22;1789693129
4341;Meteorite Sink;15960;Meteorite Sink;4204f5de08e8ab4550d172a3bc9f97c6;1;1;;1;;;22;1789693129
4342;Green Slime Banner;15959;Green Slime Banner;d1ed7220552e2e70c79395b4fe71dd01;1;1;;1;;;22;1789693129
4343;Mining (buff);15962;Mining (buff);b78099773c56932ac5aad886fac45f41;1;1;1;1;;;30;1789693129
4344;Craggy Stone Wall;15982;Craggy Stone Wall;918a8e5a1d09f0489bdc50738b3fb86e;1;1;;1;;;22;1789693129
4345;Green Team Block;15974;Green Team Block;f97f14a883fa0f9ee3a6fbace661a77f;1;1;;1;;;22;1789693129
4346;Blue Cultist Fighter Banner;15979;Blue Cultist Fighter Banner;9c7f1fc98794778511abf527bea256b2;1;1;;1;;;22;1789693129
4347;Bloody Moscato;15985;Bloody Moscato;92f5e175127e82db1f804ba806887d8f;1;1;;1;;;22;1789693129
4348;Deep Purple Paint;15989;Deep Purple Paint;825055a4bb7056dcd383182933a71fb9;1;1;1;1;;;30;1789693129
4349;Sand Poacher;15997;Sand Poacher;02c37c02a6b35b55bcabc2e85e82c3a7;1;1;;1;;;22;1789693130
4350;Palm Wood Dresser;15995;Palm Wood Dresser;2a1c57bc96561f8744db0e1a9e4649db;1;1;1;1;;;30;1789693130
4351;Town pet;55562;Town pet;7c9dc596b660572e0e2e8c37838960d3;1;1;;1;;;22;1789693136
4352;5162020;55608;5162020;df89071d9acc85ab9b25498dd3376169;1;1;;1;;;22;1789693137
4353;1.4.3.3;57513;1.4.3.3;98b0996d3a2b73d79fde860159e695b1;1;1;;1;;;22;1789693140
4354;1.4.3.4;57520;1.4.3.4;4e70b5c04081498cf2ec245a4db843a9;1;1;;1;;;22;1789693140
4356;1.4.3.5;57532;1.4.3.5;3d64f4bf358a623576a7405e8eeebde2;1;1;;1;;;22;1789693140
4357;1.4.3.6;57609;1.4.3.6;a0e731200e1bbc9c946384f3e0c1d5e3;1;1;;1;;;22;1789693140
4358;RGB;57992;RGB;889574aebacda6bfd3e534e2b49b8028;1;;;;;;2;1789693143
4359;TModLoader version history;58423;TModLoader version history;89d3e2170e32c3de06596ace2fcf477e;1;;;;;;2;1789693145
4360;Tavernkeep's sentries;58718;Tavernkeep's sentries;dbc4c15c7ef08af04b306fad53055c55;1;1;;1;;;22;1789693148
4361;Shellphone;58818;Shellphone;7224e225262fb0c652d35694dd6ca7c1;1;1;;1;;;22;1789693149
4362;Artisan Loaf;59196;Artisan Loaf;32b761944cd96a995fb02071963acfc0;1;1;;1;;;22;1789693150
4363;Reef Bathtub;59198;Reef Bathtub;9eb574ddcf985a4c96a0daf6988f6c29;1;1;;1;;;22;1789693150
4364;Resplendent Dessert;59197;Resplendent Dessert;d59a441d3ab29c698846eb7fe45a0a0d;1;1;;1;;;22;1789693150
4365;Reef Bed;59199;Reef Bed;aa011e65a4a5f63491027444b3097737;1;1;;1;;;22;1789693150
4366;Reef Dresser;59201;Reef Dresser;5c4fef7c37c45c73de09acb20128b2d5;1;1;;1;;;22;1789693150
4367;Reef Bookcase;59200;Reef Bookcase;120621909f483acca5c6003d8e06992b;1;1;;1;;;22;1789693150
4368;Reef Candelabra;59202;Reef Candelabra;ac94eed80396f0cc956775c6589a0290;1;1;;1;;;22;1789693150
4369;Reef Candle;59203;Reef Candle;7eb9d9a33c00a3744dce7f18d4592c3e;1;1;;1;;;22;1789693150
4370;Reef Chair;59204;Reef Chair;52e4e781de4ea631603cff6b8d0b1897;1;1;;1;;;22;1789693150
4371;Reef Chandelier;59205;Reef Chandelier;4616cb081ef57c79d87d6460c25203f7;1;1;;1;;;22;1789693150
4372;Reef Chest;59206;Reef Chest;2d4020d2716d0b740dd81d39e55bc0d2;1;1;;1;;;22;1789693150
4373;Reef Clock;59207;Reef Clock;5e68dfed31bd6a75afa10ac17f892c95;1;1;;1;;;22;1789693150
4374;Reef Door;59208;Reef Door;c588ff5d5ab6da6950b7010af33f1edb;1;1;;1;;;22;1789693150
4375;Reef Lamp;59209;Reef Lamp;e4b9c3d1eb4ab634accc051eb8c6c6ba;1;1;;1;;;22;1789693151
4376;Reef Lantern;59210;Reef Lantern;cbce76b84e0927ff3ad8c2bb94fcbc90;1;1;;1;;;22;1789693151
4377;Reef Piano;59211;Reef Piano;03eacd8de64a1faeee4d8a2ebcb56ecd;1;1;;1;;;22;1789693151
4378;Reef Platform;59212;Reef Platform;b035b1160c6472c2b02caa766c5f52a2;1;1;;1;;;22;1789693151
4379;Reef Sink;59214;Reef Sink;a6ac72dea98a1dd47c3a8f81e170b7ff;1;1;;1;;;22;1789693151
4380;Reef Sofa;59216;Reef Sofa;48c9d5f541fc4e1e9a06e63ac48a7334;1;1;;1;;;22;1789693151
4381;Reef Table;59217;Reef Table;47c181bbb09f0ca442e9869efdaa96be;1;1;;1;;;22;1789693151
4387;Reef Work Bench;59218;Reef Work Bench;64ad4c58414303c0b0db70b9fa861403;1;1;;1;;;22;1789693151
4393;Reef Toilet;59220;Reef Toilet;d9b8cc655bb83348f7e0de9997cdb3a3;1;1;;1;;;22;1789693151
4427;Music Box (Aether);59264;Music Box (Aether);858a6e458d5b03c8db7a6f586c1f5da9;1;1;;1;;;22;1789693153
4428;Shellphone (Ocean);59269;Shellphone (Ocean);6569da4fdcbdc2692f8e7e9bda69cec9;1;1;;1;;;22;1789693153
4429;Shellphone (Underworld);59268;Shellphone (Underworld);8994165d7d629e3b041e2d134c8237af;1;1;;1;;;22;1789693153
4430;Shellphone (Spawn);59270;Shellphone (Spawn);b0e0f35eb70a12bce499492ba6534bfc;1;1;;1;;;22;1789693153
4431;Closed Void Bag;59272;Closed Void Bag;c9bfee5afeb275bb75bd06330fedb2f1;1;1;;1;;;22;1789693153
4432;Shellphone (Home);59271;Shellphone (Home);63a2bc0b0fae85498190de16f8e210d7;1;1;;1;;;22;1789693153
4433;1.4.4.1;59345;1.4.4.1;fa8c9a7fe801ab780eef59b1b9e52e12;1;1;;1;;;22;1789693153
4434;Love is in the Trash Slot;59273;Love is in the Trash Slot;acf757752dc31e20773e809d4b2c3e62;1;1;;1;;;22;1789693153
4436;Reef Block;59371;Reef Block;c941e8ba289a6c0e9f39dc3bd07d40a3;1;1;;1;;;22;1789693153
4437;Moon Globe;59373;Moon Globe;6680a15c42c0d7800c12b0070d7c0b51;1;1;;1;;;22;1789693153
4438;Ash Wood armor;59375;Ash Wood armor;324190b27179d7973c26ec23e959fb8c;1;1;;1;;;22;1789693153
4439;Poo;59377;Poo;6746bf294131de362b7c5e8631b9dbe2;1;1;;1;;;22;1789693153
4440;Ash Wood Sword;59376;Ash Wood Sword;4913c06a8c6550352574b9dfa6227868;1;1;;1;;;22;1789693153
4441;Macaw Statue;59379;Macaw Statue;1c3b340f16b5ed027ffcff3ecb33ae64;1;1;;1;;;22;1789693153
4442;Poo Wall;59378;Poo Wall;321d12f2d06a5c2030b17b6b4f31b755;1;1;;1;;;22;1789693153
4443;Cockatiel Statue;59381;Cockatiel Statue;362af02467ec148d8546242dc5b40021;1;1;;1;;;22;1789693153
4444;Jim's Cap;59382;Jim's Cap;158336a1de0a39e607bc39d17b325ed5;1;1;;1;;;22;1789693153
4445;Toucan Statue;59380;Toucan Statue;eb489e4dd2c294e100ca324c3bd65cee;1;1;;1;;;22;1789693153
4446;Mechdusa;59384;Mechdusa;d6aa6708ba3719a5b9b865cd7fe7966b;1;1;;1;;;22;1789693154
4448;The Dirtiest Block;59385;The Dirtiest Block;c06660ff26938176d2db667e7297c95b;1;1;;1;;;22;1789693154
4449;Ash Wood Hammer;59386;Ash Wood Hammer;81d925e04395ec41426754e678354630;1;1;;1;;;22;1789693154
4450;Ash Wood Bow;59387;Ash Wood Bow;3a21f8f487e008207b2a1782bd2097fa;1;1;;1;;;22;1789693154
4453;Terra Fart Kart;59392;Terra Fart Kart;9e2989d4872f067d39b62971987aa384;1;1;;1;;;22;1789693155
4454;Ash Wood;59391;Ash Wood;d3cee424b49c146c8a8e0bed87c7495e;1;1;;1;;;22;1789693155
4455;Fart Kart;59393;Fart Kart;87d26c22eaaaff50b6d23a9afc511947;1;1;;1;;;22;1789693155
4456;Flymeal;59428;Flymeal;cfed9726a2d2ba89af389580f9605336;1;1;;1;;;22;1789693155
4457;Hand Of Creation;59427;Hand Of Creation;493b522f5cf26a8c7791e637c8778ff3;1;1;;1;;;22;1789693155
4458;Neon Moss;59430;Neon Moss;a91829953a18ee0cb9298ae671294ab7;1;1;;1;;;22;1789693155
4459;Helium Moss;59431;Helium Moss;e0d9d48fb32cd4a7ccfb84905260795d;1;1;;1;;;22;1789693155
4460;Lilith's Necklace;59432;Lilith's Necklace;b6c876791b65b6b4f466486e34d2249c;1;1;;1;;;22;1789693156
4462;Rod of Harmony;59440;Rod of Harmony;dd9723db86d2c2fbd26b24719dcd8ab6;1;1;;1;;;22;1789693156
4463;Reef Wall;59441;Reef Wall;e49341c51c1c90c73353d11a1723aa3b;1;1;;1;;;22;1789693157
4464;Glow Tulip;59445;Glow Tulip;e1915fce916225762802437c7a1c178d;1;1;;1;;;22;1789693157
4465;Transmute;59446;Transmute;58f59da6bc790919e8fb06ec8cbee567;1;1;;1;;;22;1789693157
4466;Shimmer Slime Banner;59447;Shimmer Slime Banner;e8e19d93e1e3ca8cd332d4619ef6f51a;1;1;;1;;;22;1789693157
4468;Pomegranate;59451;Pomegranate;50c5e70d567c77ae817b9263b98843a1;1;1;;1;;;22;1789693158
4469;Mushroom Torch;59450;Mushroom Torch;59911e406cfc6a85d28f6a71ecc5c5da;1;1;;1;;;22;1789693158
4470;Spicy Pepper;59452;Spicy Pepper;c23fbea79e94df2884b5e0466836b29d;1;1;;1;;;22;1789693158
4471;Rubblemaker;59454;Rubblemaker;c8dcdace4a46ff7913b743c868bcfc6d;1;1;;1;;;22;1789693158
4472;Rubblemaker (Small);59455;Rubblemaker (Small);8cc4542dae2e1ceb72d18ada697b6e4f;1;1;;1;;;22;1789693158
4473;Rubblemaker (Medium);59456;Rubblemaker (Medium);2f29652316ec459c01529db96a91517e;1;1;;1;;;22;1789693158
4474;Rubblemaker (Large);59457;Rubblemaker (Large);3e4cb1604dea225e5152aebabfcd4450;1;1;;1;;;22;1789693158
4475;Blue Macaw Cage;59464;Blue Macaw Cage;5b03f6c73f2e5b2dc24f3867ba6f4d36;1;1;;1;;;22;1789693159
4476;Blue Macaw;59465;Blue Macaw;a829b0e4732a714735e79d0148229bff;1;1;;1;;;22;1789693159
4477;Scarlet Macaw Cage;59466;Scarlet Macaw Cage;e35584a77f784587a882d280509c0caa;1;1;;1;;;22;1789693159
4478;Scarlet Macaw;59467;Scarlet Macaw;37aa107ccb06b17fa759ff7f2a66ceba;1;1;;1;;;22;1789693159
4480;Fishing Bobber;59470;Fishing Bobber;bad8f5e962d70961e00cf787d486c8a9;1;1;;1;;;22;1789693159
4481;Ash Wood Wall;59469;Ash Wood Wall;5378511a1db3d1b8def11ef713e923f4;1;1;;1;;;22;1789693159
4482;Glowing Fishing Bobber;59471;Glowing Fishing Bobber;22b1e6ee7a2ec0172d54ee22a46d96ce;1;1;;1;;;22;1789693159
4483;Xenon Moss Fishing Bobber;59474;Xenon Moss Fishing Bobber;151332c82bc5a66018daa3bb3c7ae9f8;1;1;;1;;;22;1789693160
4484;Krypton Moss Fishing Bobber;59473;Krypton Moss Fishing Bobber;171f97a7f493eb345308846abe1f45ed;1;1;;1;;;22;1789693160
4485;Lava Moss Fishing Bobber;59472;Lava Moss Fishing Bobber;52592662216a0d08045d7e79b14d0193;1;1;;1;;;22;1789693160
4487;Neon Moss Fishing Bobber;59476;Neon Moss Fishing Bobber;0ee08fb95be69536bb66ba03367a590e;1;1;;1;;;22;1789693160
4488;Helium Moss Fishing Bobber;59477;Helium Moss Fishing Bobber;6ff2a761c0ec25508f832090ce071dad;1;1;;1;;;22;1789693160
4489;Stinkbug Cage;59478;Stinkbug Cage;d2a23ebd0ba82a6da715971520f91b01;1;1;;1;;;22;1789693160
4490;Heavenforge Brick;59480;Heavenforge Brick;2f27f8e6af8c6805178784e72c673a20;1;1;;1;;;22;1789693160
4491;Bottomless Shimmer Bucket;59479;Bottomless Shimmer Bucket;519259aed6cd0a2b49c6cba62b8871d8;1;1;;1;;;22;1789693160
4492;Astra Brick;59481;Astra Brick;895721a4ea1da2309d203fcddcdb0ab9;1;1;;1;;;22;1789693160
4493;Star Royale Brick;59484;Star Royale Brick;a3be1ffe13323204fb355e4350865f97;1;1;;1;;;22;1789693160
4494;Dark Celestial Brick;59482;Dark Celestial Brick;34bf232c7c6b42857953500dd7b0f8b2;1;1;;1;;;22;1789693161
4495;Mercury Brick;59483;Mercury Brick;290f141061cff7a12547d6d89eeaca72;1;1;;1;;;22;1789693161
4496;Cryocore Brick;59485;Cryocore Brick;63e8d5a95708bba04bff754683381b83;1;1;;1;;;22;1789693161
4497;Cosmic Ember Brick;59486;Cosmic Ember Brick;18d01296e245f8c6395a7c54e83ae93c;1;1;;1;;;22;1789693161
4498;Lunar Rust Brick;59487;Lunar Rust Brick;37ea9d6770f2ded2fc688fb2e2162309;1;1;;1;;;22;1789693161
4499;Diva Slime;59489;Diva Slime;4a07f22a88b15292ffc43e383946994f;1;1;;1;;;22;1789693162
4500;Don't dig up;59490;Don't dig up;9f94243a0766b3636107a2ebca53ce02;1;1;;1;;;22;1789693162
4501;Galaxy Pearl;59491;Galaxy Pearl;8ee1fb23555ec4b07c94e0753fd3b266;1;1;;1;;;22;1789693162
4502;Vital Crystal;59493;Vital Crystal;1e863ed60ebb6ea45b3e81f99e256f0c;1;1;;1;;;22;1789693163
4503;Aegis Fruit;59498;Aegis Fruit;1bcca0c0266f521ce3143e3e68a96a1a;1;1;;1;;;22;1789693163
4504;Arcane Crystal;59501;Arcane Crystal;28f0ca23836b4826ab68758ac4e9f5b6;1;1;;1;;;22;1789693163
4505;Gummy Worm;59504;Gummy Worm;7d448d6d8a8b5db0ec5fcfafea04b73c;1;1;;1;;;22;1789693163
4507;Mushroom Campfire;59507;Mushroom Campfire;b4c8e0ee7c95ee9b7e866b06d787d4e2;1;1;;1;;;22;1789693163
4508;Ambrosia;59510;Ambrosia;9b620ad896766af7ab33a0c2310f682f;1;1;;1;;;22;1789693164
4509;R/Terraria;59513;R/Terraria;9e9aa255fef21a514c01c171e1b26253;1;1;;1;;;22;1789693164
4510;Terraformer;59512;Terraformer;67afce2a780e19d188c01e76dc0fcc98;1;1;;1;;;22;1789693164
4511;Lady Of The Lake;59514;Lady Of The Lake;1227493c5cdf4ab7381f2963342f1e92;1;1;;1;;;22;1789693164
4513;Forest Troll;59516;Forest Troll;e099c784708c53bdf9da2dcafb9a20dd;1;1;;1;;;22;1789693164
4514;Heartlands;59517;Heartlands;879b6a3680d6d2aa332393c51004bd01;1;1;;1;;;22;1789693164
4515;Bifrost;59518;Bifrost;f081b761c52c8815264545f31442cf6d;1;1;;1;;;22;1789693164
4516;Wildflowers;59520;Wildflowers;7083c4f6c2063a8b7997af4d73fef728;1;1;;1;;;22;1789693164
4517;Viking Voyage;59519;Viking Voyage;6af1d5a552d24308b25a27f22398c4b5;1;1;;1;;;22;1789693165
4518;Royal Romance;59522;Royal Romance;c4fab92d7e23cca95cfd3c5cf216ced7;1;1;;1;;;22;1789693165
4519;Bioluminescence;59521;Bioluminescence;20c09655a40f58e40337e0b9101ba030;1;1;;1;;;22;1789693165
4520;Couch Gag;59525;Couch Gag;24fb70894815e3b579a637fcd27bf604;1;1;;1;;;22;1789693165
4521;Silent Fish;59524;Silent Fish;effdae10bc9d766ad43484e0ada927ba;1;1;;1;;;22;1789693165
4522;The Duke;59523;The Duke;897d1aa2718780a7cd0d7c2c317c4b6d;1;1;;1;;;22;1789693165
4523;Buddies;59527;Buddies;ea7f4159ad3cad33eb421661adfa2669;1;1;;1;;;22;1789693165
4524;What Lurks Below;59529;What Lurks Below;3a874549cfcb05d03226252e49394fcf;1;1;;1;;;22;1789693165
4525;See The World For What It Is;59530;See The World For What It Is;f836a438f5435991dc95c33469aea900;1;1;;1;;;22;1789693165
4526;Midnight Sun;59526;Midnight Sun;1426d55d17935487628ecc27555e7835;1;1;;1;;;22;1789693165
4527;Hail to the King;59531;Hail to the King;7279977dd9d131a0bb20cd1f3864aa2d;1;1;;1;;;22;1789693165
4528;The Werewolf;59534;The Werewolf;bf4877d5cfd863104ce22637f55c9711;1;1;;1;;;22;1789693165
4529;This Is Getting Out Of Hand;59528;This Is Getting Out Of Hand;7afac5e46ee100dbf870e9356c24b4fd;1;1;;1;;;22;1789693165
4530;Blessing from the Heavens;59533;Blessing from the Heavens;3ddbfbcc16987d3a5d93d7ebe7a716f7;1;1;;1;;;22;1789693165
4531;Fangs;59532;Fangs;5293a1c275350026eab640ac81eb1534;1;1;;1;;;22;1789693165
4532;Strange Dead Fellows;59538;Strange Dead Fellows;e3009468ac86da53e01011a4ca283cf0;1;1;;1;;;22;1789693165
4533;Secrets;59537;Secrets;ffb85bfe93f1d2f1654a7048b87f0403;1;1;;1;;;22;1789693165
4534;Sufficiently Advanced;59541;Sufficiently Advanced;f83e52045fe6f265388166dca147bed0;1;1;;1;;;22;1789693165
4535;Happy Little Tree;59539;Happy Little Tree;3fbc5cd96732200ca0cdb64c28abc941;1;1;;1;;;22;1789693165
4536;Thunderbolt;59536;Thunderbolt;7f428e9e9c552cb53e9b40bdd57be587;1;1;;1;;;22;1789693165
4537;Strange Growth;59540;Strange Growth;cdbef1f53eeb4a64b35754c62015cd49;1;1;;1;;;22;1789693165
4538;Sunshine of Israpony;59542;Sunshine of Israpony;5488f1bf60cac26ef110bfd855669f92;1;1;;1;;;22;1789693165
4539;Yuuma, The Blue Tiger;59544;Yuuma, The Blue Tiger;586b1381fd6ec8e0a326250a6bf4fc1f;1;1;;1;;;22;1789693165
4540;Moonman & Company;59543;Moonman & Company;612f4e8cd94b08223d46381e8252704f;1;1;;1;;;22;1789693165
4541;Crustography;59535;Crustography;0573e71bed40a6f939c3d8e6d97ad922;1;1;;1;;;22;1789693165
4542;Do Not Eat the Vile Mushroom!;59545;Do Not Eat the Vile Mushroom!;1f0a65720697e4574124ac90e30987c5;1;1;;1;;;22;1789693165
4543;Eyezorhead;59548;Eyezorhead;81216fe13f10dcb133805c61a2bc49ba;1;1;;1;;;22;1789693166
4544;Peddler's Satchel;59547;Peddler's Satchel;29f010159b07dbd176ec9d1cd69c0cb2;1;1;;1;;;22;1789693166
4545;Not So Lost In Paradise;59552;Not So Lost In Paradise;87298b605b0e7e29fa26454f435bb156;1;1;;1;;;22;1789693166
4546;Ocular Resonance;59551;Ocular Resonance;68f4fd0bbe64461498eee880d24da363;1;1;;1;;;22;1789693166
4547;Wings of Evil;59550;Wings of Evil;8895e1c88f26ec5f1611e33066eb6d6e;1;1;;1;;;22;1789693166
4548;Constellation;59549;Constellation;974724855beee3a55e93d0b47b1ee3d9;1;1;;1;;;22;1789693166
4549;Remnants of Devotion;59553;Remnants of Devotion;41742e9be428fb7a2aae5aeda7c0d0e3;1;1;;1;;;22;1789693166
4550;Dread of the Red Sea;59546;Dread of the Red Sea;1fd779b2bf07717026dbbcbc85e57721;1;1;;1;;;22;1789693165
4551;Duality;59555;Duality;2450b7226346b9d9162d3253d6c698aa;1;1;;1;;;22;1789693166
4552;Parsec Pals;59554;Parsec Pals;df8fdf9868c1aee5989af7cb6ce3b738;1;1;;1;;;22;1789693166
4553;My Son;59556;My Son;d848bfc3b2e0237a684987ea76c2d817;1;1;;1;;;22;1789693166
4554;Lizard King;59557;Lizard King;8ed0c2bb1a0a657d492410db3ede5a99;1;1;;1;;;22;1789693166
4556;High Pitch;59561;High Pitch;8d22b4b7d22947df2f92061aabec144c;1;1;;1;;;22;1789693166
4557;Kargoh's Summon;59562;Kargoh's Summon;28c986ad34964c753e062e780f68c180;1;1;;1;;;22;1789693166
4558;Terra Blade Chronicles;59559;Terra Blade Chronicles;7f1753114ce06c40622ed68701be7903;1;1;;1;;;22;1789693166
4559;Chromatic Cloak;59565;Chromatic Cloak;4cbf395d05e4b96aa7deb6de9de3f1e0;1;1;;1;;;22;1789693166
4560;Requiem;59564;Requiem;5af1906bf7a097daf5d07debede8304b;1;1;;1;;;22;1789693166
4561;Cat Sword;59563;Cat Sword;6c732cace5c09bb19162abfaae86bd16;1;1;;1;;;22;1789693166
4562;Benny Warhol;59558;Benny Warhol;0ba7654b8839f1fdf366de33fb811958;1;1;;1;;;22;1789693166
4563;Suspiciously Sparkly;59566;Suspiciously Sparkly;9ede42d1658d9112b4ce40a1fda3a874;1;1;;1;;;22;1789693166
4564;Morning Hunt;59567;Morning Hunt;a107433c82748a1f7465d80e03908f36;1;1;;1;;;22;1789693166
4565;Fairy Guides;59569;Fairy Guides;3bd9c0d3756d383918b89a4ff1170ade;1;1;;1;;;22;1789693166
4566;Enchanted Moondial;59572;Enchanted Moondial;bc803bd00c39a108c216361a54964632;1;1;;1;;;22;1789693166
4567;Outcast;59570;Outcast;e15ed20c8416fc17900dc8c666c1c020;1;1;;1;;;22;1789693166
4569;Advanced Combat Techniques: Volume Two;59573;Advanced Combat Techniques: Volume Two;07346a2ee7645202ec4a737d37f29f72;1;1;;1;;;22;1789693166
4571;Raynbro's set;59575;Raynbro's set;68415e3947ab51c54b4bcb421613ed3e;1;1;;1;;;22;1789693166
4572;Trimarang;59576;Trimarang;f25d4f8c1ddb8cdde11b71cf19fac1e6;1;1;;1;;;22;1789693166
4573;Shimmer Arrow;59574;Shimmer Arrow;3387f2f215df5efd4ed0069e5ba372a8;1;1;;1;;;22;1789693166
4574;Raynebro's Pants;59579;Raynebro's Pants;bd064359307207b707bb186b8f2f7cda;1;1;;1;;;22;1789693166
4575;Fertilizer;59577;Fertilizer;cd24882902a3d5da6e5783027a0ae3d0;1;1;;1;;;22;1789693166
4576;Dizzy's Rare Gecko Chester;59578;Dizzy's Rare Gecko Chester;97d2577e6e0018e31b91d3881aea26dc;1;1;;1;;;22;1789693167
4577;Uncumbering Stone;59582;Uncumbering Stone;8e39aa6f584f0a172f91af667a13e8bb;1;1;;1;;;22;1789693167
4578;Raynebro's Hoodie;59581;Raynebro's Hoodie;147efabca29184826848e8be310fd1f6;1;1;;1;;;22;1789693167
4579;Raynebro's Hood;59580;Raynebro's Hood;5e256140046460bbf437e57c8cc569e1;1;1;;1;;;22;1789693167
4580;Vulkelf Ears;59583;Vulkelf Ears;178952101ec706ce1f8021b76f069b83;1;1;;1;;;22;1789693167
4581;Goblorc Ears;59584;Goblorc Ears;54282fc47ebdefb0c5eb1ec79dfcc89e;1;1;;1;;;22;1789693167
4582;Guide to Environmental Preservation;59585;Guide to Environmental Preservation;df1a9f171e11d9440cc6fe842e163253;1;1;;1;;;22;1789693167
4583;Guide to Peaceful Coexistence;59586;Guide to Peaceful Coexistence;03078e2ca7bcf5c9f376fbcb4a95efd7;1;1;;1;;;22;1789693167
4585;Princess Style;59588;Princess Style;86fbf277cf6a0a6bb0b2b1581c1106c5;1;1;;1;;;22;1789693167
4586;Reflective Shades;59589;Reflective Shades;cdb5c7275bdfa40f36b168c1115e96ca;1;1;;1;;;22;1789693167
4587;Biome Sight Potion;59591;Biome Sight Potion;9b1d23c2019c76025d6ac7ade34eaf47;1;1;;1;;;22;1789693167
4588;Wand of Frosting;59592;Wand of Frosting;4627b96c777a1f698b2bc3617c3a2533;1;1;;1;;;22;1789693168
4589;Remix seed;59593;Remix seed;a406eed42ee8ba1ef4877e567ea586b3;1;1;;1;;;22;1789693168
4590;Ancient Gold Brick;59595;Ancient Gold Brick;e7fedea1b8c3c8ad5754d98c353a2179;1;1;;1;;;22;1789693168
4591;Ancient Copper Brick;59594;Ancient Copper Brick;bb15e1a3d538958d4c9e3440e2cdab91;1;1;;1;;;22;1789693169
4592;Ancient Silver Brick;59596;Ancient Silver Brick;352815cc901dc37690f0613ea3d5b27e;1;1;;1;;;22;1789693169
4593;Ancient Cobalt Brick;59597;Ancient Cobalt Brick;c223b3e4e8c59d295915aa76de11921a;1;1;;1;;;22;1789693169
4594;Ancient Mythril Brick;59598;Ancient Mythril Brick;9079dce2251dbab05d3c50d47dd7aee4;1;1;;1;;;22;1789693169
4595;Ancient Obsidian Brick;59599;Ancient Obsidian Brick;32ae754465294a96c9675a01a47d86cf;1;1;;1;;;22;1789693170
4596;Ancient Hellstone Brick;59600;Ancient Hellstone Brick;3a2a0985b5a42a9ef20f016abd9fc427;1;1;;1;;;22;1789693170
4597;Gas Trap;59602;Gas Trap;9954ddee13ab942d6548efb51c3a5dda;1;1;;1;;;22;1789693171
4598;Axe of Regrowth;59604;Axe of Regrowth;f97eaf01220b974103b76192a4aeb302;1;1;;1;;;22;1789693171
4599;Used Gas Trap;59603;Used Gas Trap;6b986ecd26abb58665a068e513a79341;1;1;;1;;;22;1789693171
4600;Joja Cola;59605;Joja Cola;011b6293e636fef9ec24585cc651e741;1;1;;1;;;22;1789693171
4601;Stardrop;59606;Stardrop;261f5ce364ad71a81e2881398455bcc7;1;1;;1;;;22;1789693171
4604;Illuminant Coating;59616;Illuminant Coating;22fad1b6da3d3e4f3d91f2f344093dfc;1;1;;1;;;22;1789693173
4606;Ash Wood furniture;59617;Ash Wood furniture;9121b4ef3fafac1ecaa5a6b51ab5d685;1;1;;1;;;22;1789693173
4607;Elder Slime;59619;Elder Slime;350ee520274ffa65467fc49c1e6a33b0;1;1;;1;;;22;1789693173
4610;Old Shaking Chest;59620;Old Shaking Chest;70a313736fb46ce819568b43b029c14d;1;1;;1;;;22;1789693174
4611;Ancient Silver Brick Wall;59625;Ancient Silver Brick Wall;463476bfbe6fde37110442f2f2f0572d;1;1;;1;;;22;1789693174
4612;Ancient Copper Brick Wall;59626;Ancient Copper Brick Wall;7920d7f886dc061ffe6799e6c4354dbc;1;1;;1;;;22;1789693174
4613;Ancient Cobalt Brick Wall;59627;Ancient Cobalt Brick Wall;1e6467033a3ccc80aca5991baf0b94ee;1;1;;1;;;22;1789693174
4614;Ancient Mythril Brick Wall;59628;Ancient Mythril Brick Wall;b0a3a483c6b98c3d296633f71d494227;1;1;;1;;;22;1789693174
4615;Ancient Obsidian Brick Wall;59629;Ancient Obsidian Brick Wall;1a933be417744b50135a4a471aca43c2;1;1;;1;;;22;1789693174
4616;Ancient Hellstone Brick Wall;59630;Ancient Hellstone Brick Wall;0a926bac150abaa6b8e6d7ba96d40774;1;1;;1;;;22;1789693174
4617;Ancient Gold Brick Wall;59631;Ancient Gold Brick Wall;d71e88970e83340d4acf7455ae0f723d;1;1;;1;;;22;1789693175
4618;Lunar Rust Brick Wall;59632;Lunar Rust Brick Wall;f9c0e40e6b8516b6220855695d6b86d9;1;1;;1;;;22;1789693175
4619;Dark Celestial Brick Wall;59633;Dark Celestial Brick Wall;331708eff01bf890feed36f140c7822e;1;1;;1;;;22;1789693175
4620;Astra Brick Wall;59634;Astra Brick Wall;16acbad856a971b023c9755ff2cf1f18;1;1;;1;;;22;1789693176
4621;Cosmic Ember Brick Wall;59635;Cosmic Ember Brick Wall;d6fab3ecff82fa9b9a21f5f1246271e4;1;1;;1;;;22;1789693176
4622;Cryocore Brick Wall;59636;Cryocore Brick Wall;36bf769dc8b4896cb7afc1b41c0ea155;1;1;;1;;;22;1789693177
4623;Mercury Brick Wall;59637;Mercury Brick Wall;8a415689f6db0d139a4e3164d070cd89;1;1;;1;;;22;1789693177
4624;Star Royale Brick Wall;59638;Star Royale Brick Wall;c812594efe3c848454a0f40b49282f1c;1;1;;1;;;22;1789693177
4625;Heavenforge Brick Wall;59639;Heavenforge Brick Wall;89af8995815c6a0d264c229e9974c14b;1;1;;1;;;22;1789693177
4626;Spiffo Plush;59641;Spiffo Plush;3e3cd87db511bc73bad4149c34fbcdb2;1;1;;1;;;22;1789693178
4627;Reef furniture;59642;Reef furniture;8772eac38586643c30816f31d50fe196;1;1;;1;;;22;1789693178
4628;Balloon furniture;59643;Balloon furniture;09ab702e476816d7d8f0c51f89b7e51e;1;1;;1;;;22;1789693178
4629;Junimo;59646;Junimo;b9e9e1fb63e297669810b2545632cd63;1;1;;1;;;22;1789693178
4630;Caveling Gardener;59647;Caveling Gardener;79fbfab4cd35f12deec3dd45867547ac;1;1;;1;;;22;1789693178
4631;Spiffo;59648;Spiffo;db4eda59dc6729fea0130f551e854faf;1;1;;1;;;22;1789693178
4632;Yellow Solution;59649;Yellow Solution;4c2a131859b7116aaa3eb11fd61ba2c2;1;1;;1;;;22;1789693178
4633;White Solution;59650;White Solution;34c6b458592798b11e59f6ec94f30665;1;1;;1;;;22;1789693178
4634;Brown Solution;59651;Brown Solution;2d6b076e6b3670424e403cff828daaca;1;1;;1;;;22;1789693178
4636;Cursed Flare;59658;Cursed Flare;b610bcc5ba812a83fffef509b1d446a2;1;1;;1;;;22;1789693178
4637;Rainbow Flare;59659;Rainbow Flare;2a8e1d14433a33a44af265ee70a317b9;1;1;;1;;;22;1789693179
4638;Spelunker Flare;59657;Spelunker Flare;3cad8f5d4ea17b8d23904a325ba6057e;1;1;;1;;;22;1789693179
4639;Shimmer Flare;59660;Shimmer Flare;547e22317c78654c6cb256a386d4555f;1;1;;1;;;22;1789693179
4640;Echo Coating;59663;Echo Coating;d8c08809b034abf9ce101c76401ff502;1;1;;1;;;22;1789693179
4641;Aetherium Block;59662;Aetherium Block;ef589fcef9f13ea1a025d6c925defa29;1;1;;1;;;22;1789693179
4642;Shimmering;59680;Shimmering;55c52c0c0bcab0cda577a50d881735f2;1;1;;1;;;22;1789693179
4643;Faeling;59667;Faeling;281331930e069ea4f7269c8484b701cf;1;1;;1;;;22;1789693179
4644;Infested Spider Wall;59681;Infested Spider Wall;f14e02248cd56e997c8eed1db3ec4ffc;1;1;;1;;;22;1789693179
4645;Treacherous Hardened Sand Wall;59683;Treacherous Hardened Sand Wall;fd22d02fdfa56a1504b6d1e6ca73f125;1;1;;1;;;22;1789693179
4647;Stinkbug;59688;Stinkbug;4c07e029b1e17b35f630637bafdc7005;1;1;;1;;;22;1789693179
4648;Toucan;59699;Toucan;3524207b9623a9a1c3f5e3740c22ee4b;1;1;;1;;;22;1789693179
4649;Shimmer Slime;59698;Shimmer Slime;3d7abe06f468ebe4d44a2099a9e94843;1;1;;1;;;22;1789693179
4650;Blue Chicken;59687;Blue Chicken;9799c35ebf8f0bebd239801c40dd0e84;1;1;;1;;;22;1789693179
4652;Toucan Cage;59701;Toucan Cage;4bdc111dea0c2d01593d14d198fa0374;1;1;;1;;;22;1789693179
4653;Gray Cockatiel Cage;59702;Gray Cockatiel Cage;57ca1c63089c75cdba94ed3852dbf853;1;1;;1;;;22;1789693179
4654;Gray Cockatiel;59706;Gray Cockatiel;ef5502dce6424c1fffabb7f4c2f9cbcd;1;1;;1;;;22;1789693179
4655;Yellow Cockatiel Cage;59700;Yellow Cockatiel Cage;3c0f2e99e960df067545b843ea6840be;1;1;;1;;;22;1789693179
4656;Yellow Cockatiel;59707;Yellow Cockatiel;832abf8baa0e852941380f07894d24b2;1;1;;1;;;22;1789693179
4657;Cockatiels;59708;Cockatiels;bf679d4752d52e97716665c3d4323342;1;1;;1;;;22;1789693180
4658;Macaws;59709;Macaws;6bf8d9120ca1537372e105428020bd40;1;1;;1;;;22;1789693180
4659;Any Macaw;59712;Any Macaw;591e3f02616fa4485167347fbd5b3d8f;1;1;;1;;;22;1789693180
4660;Any Cockatiel;59713;Any Cockatiel;e4d81ebf40e72f83c81d2ca3f193f188;1;1;;1;;;22;1789693180
4661;Kwad Racer Drone;59723;Kwad Racer Drone;8f83f3044f8788713ab3bf133215a4f2;1;1;;1;;;22;1789693180
4662;Faeling in a Bottle;59722;Faeling in a Bottle;009bcc2072812a9ec949c3df7b04cfb4;1;1;;1;;;22;1789693180
4663;1.4.4.2;59724;1.4.4.2;dc075ffe4899a7d7dd2b42154dd73b51;1;1;;1;;;22;1789693180
4664;FPV Goggles;59725;FPV Goggles;5ab5046d06fb77a328b82e1faa4d839b;1;1;;1;;;22;1789693180
4665;Mystic Frog;59726;Mystic Frog;47085eb138f499d8fff1e504472b46e3;1;1;;1;;;22;1789693180
4666;Mystic Slime;59727;Mystic Slime;b23aaf392149356eb24f0d84b7a5c4e0;1;1;;1;;;22;1789693180
4667;Stinkbug Blockers;59729;Stinkbug Blockers;46d0c67a4c1a3722a57378366556a970;1;1;;1;;;22;1789693181
4668;Town Slime;59731;Town Slime;482960b59aaca34d628070398aa9157d;1;1;;1;;;22;1789693181
4669;Stinkbug Blocker;59730;Stinkbug Blocker;5cdfed4ce6a4b1e0aeae7d679e031dda;1;1;;1;;;22;1789693181
4670;Nerdy Slime;59733;Nerdy Slime;f9c3ac4c0e11d5727b308f5bd590cb43;1;1;;1;;;22;1789693181
4671;Cool Slime;59734;Cool Slime;e6b47a2f29515adbe144dc6809665116;1;1;;1;;;22;1789693181
4672;Ghostly Stinkbug Blocker;59732;Ghostly Stinkbug Blocker;4476548646a46a959e54f9871e034329;1;1;;1;;;22;1789693181
4673;Clumsy Slime;59735;Clumsy Slime;678b3ec26e0d25a945bf54ae32533ab1;1;1;;1;;;22;1789693181
4674;Squire Slime;59737;Squire Slime;b72ef850ae8c9bc7e48160a8f9e1554e;1;1;;1;;;22;1789693181
4675;Echo Chamber;59740;Echo Chamber;2c569b45864269b003e0364c63ea9d69;1;1;;1;;;22;1789693182
4676;Surly Slime;59736;Surly Slime;127816e4c623dd1f747ab9ceb7ac3262;1;1;;1;;;22;1789693182
4677;TNT Barrel;59747;TNT Barrel;b48bd3c4ddb92521676c31f0596f61b7;1;1;;1;;;22;1789693182
4678;Chest Lock;59748;Chest Lock;99b1553f62102f4fad19c26b0738772e;1;1;;1;;;22;1789693182
4679;Ultra Absorbant Sponge;59753;Ultra Absorbant Sponge;aad39e47f8a21bcfb5e904334a640f42;1;1;;1;;;22;1789693182
4680;Honey Absorbant Sponge;59754;Honey Absorbant Sponge;9b5261634f5fb45b7494ca368029ea35;1;1;;1;;;22;1789693182
4681;Venom Dart Trap;59758;Venom Dart Trap;c90bba10caf74e0da3a57b03014122f0;1;1;;1;;;22;1789693182
4682;Super Absorbant Sponge;59756;Super Absorbant Sponge;64e8e52a57633dbc21b428646ad33c8d;1;1;;1;;;22;1789693182
4683;Bundle of Horseshoe Balloons;59760;Bundle of Horseshoe Balloons;9c215f1e163138a687d36b8cf23a7311;1;1;;1;;;22;1789693182
4684;Clumsy Balloon Slime;59765;Clumsy Balloon Slime;d36271d6bdbf6b0d5772b7d9ff59b22c;1;1;;1;;;22;1789693182
4685;Life Crystal Boulder;59764;Life Crystal Boulder;828b1759ea6e385d08b8c0ec6887661e;1;1;;1;;;22;1789693182
4686;Repaired Life Crystal;59766;Repaired Life Crystal;adc714e370a15778719ca8f0d30eac2b;1;1;;1;;;22;1789693182
4687;Minecart Upgrade Kit;59768;Minecart Upgrade Kit;3bb32abb49f6bf9c1a9d9ec22849eb4c;1;1;;1;;;22;1789693182
4688;Repaired Mana Crystal;59767;Repaired Mana Crystal;ea82c21e864a2d981bcbb60d3332b5a7;1;1;;1;;;22;1789693182
4689;Aetherium Brick;59769;Aetherium Brick;c40a4fb424e58f90704833a6653e3c59;1;1;;1;;;22;1789693182
4690;Aetherium Brick Wall;59770;Aetherium Brick Wall;193bf874c7cdd26878fa143e5a6674b8;1;1;;1;;;22;1789693183
4691;Bouncy Boulder;59887;Bouncy Boulder;94e34fae6eaf2851f734ecf26e084743;1;1;;1;;;22;1789693184
4692;Ash Grass Seeds;59895;Ash Grass Seeds;6f4928455754ee67945fb0128709e9c8;1;1;;1;;;22;1789693184
4693;Kwad Racer;59892;Kwad Racer;0874116e3e642cfff68b6452f9e892c6;1;1;;1;;;22;1789693185
4694;Ash grass;59898;Ash grass;70bb35f6b45e82b18065e4912ee8b2dc;1;1;;1;;;22;1789693185
4695;Locked Desert Chest;59909;Locked Desert Chest;014ee8db01cf0056de92866c0131a1da;1;1;;1;;;22;1789693185
4696;Bottomless Honey Bucket;59915;Bottomless Honey Bucket;70c2ac33f10e4f1a5d383f106ed3fe34;1;1;;1;;;22;1789693185
4698;Aether;59920;Aether;7d2fc7d93b8844307c3bc674ebeaf2ed;1;1;;1;;;22;1789693185
4699;Any Balloon;59922;Any Balloon;be2e0472b2d41cd88191f265f6e38469;1;1;;1;;;22;1789693185
4700;Aetherium Wall;59931;Aetherium Wall;0761079907613d4ad838d63ffad0fe2d;1;1;;1;;;22;1789693185
4701;Ash Grass;59940;Ash Grass;a8b76c0f81448f05315de890cc62219d;1;1;;1;;;22;1789693186
4702;Heart Crystal Boulder;59941;Heart Crystal Boulder;64a5afcdbefce8272d478601fd78023f;1;1;;1;;;22;1789693186
4703;Treacherous Sandstone Wall;59967;Treacherous Sandstone Wall;5c4e227b5bb95dc175b3ca601c07a3dc;1;1;;1;;;22;1789693186
4704;Ash tree;59944;Ash tree;ac0ba82bd984d3c4595234f76ae26935;1;1;;1;;;22;1789693186
4705;Forbidden Lihzahrd Brick Wall;59970;Forbidden Lihzahrd Brick Wall;38c53170e691d3a07555ed29c2879f45;1;1;;1;;;22;1789693186
4706;Cursed Green Brick Wall;59974;Cursed Green Brick Wall;9ad82104c1011d9df2ca039c1097b596;1;1;;1;;;22;1789693186
4707;Cursed Blue Brick Wall;59973;Cursed Blue Brick Wall;9d25cbf68c27fe1fb434e01334ed59b7;1;1;;1;;;22;1789693186
4708;Cursed Green Slab Wall;59975;Cursed Green Slab Wall;06a609248b915cee15de7c510e982140;1;1;;1;;;22;1789693186
4709;Cursed Green Tiled Wall;59976;Cursed Green Tiled Wall;2c683b3ce8239066e4fa31057d6425f5;1;1;;1;;;22;1789693186
4710;Cursed Pink Brick Wall;59977;Cursed Pink Brick Wall;ce8fc73245f650eb6d5ab66544eb10fd;1;1;;1;;;22;1789693186
4711;Cursed Pink Slab Wall;59978;Cursed Pink Slab Wall;ba5c015711cdfb3b2520dab3e50e3bfd;1;1;;1;;;22;1789693186
4712;Cursed Blue Tiled Wall;59980;Cursed Blue Tiled Wall;7543843d9de059fab6e761a498c11b01;1;1;;1;;;22;1789693186
4713;Cursed Pink Tiled Wall;59979;Cursed Pink Tiled Wall;3e7d3e3e73b628d67888faed940049f6;1;1;;1;;;22;1789693186
4714;Cursed Blue Slab Wall;59981;Cursed Blue Slab Wall;4d619aa1b02553d0ddf0fb18b2f8d4c8;1;1;;1;;;22;1789693186
4715;Dont dig up;59983;Dont dig up;fa2cecb58cb8f777902c3d4091494e61;1;1;;1;;;22;1789693186
4716;Getfixedboi;59988;Getfixedboi;d2fe360d82909eee8ef3592519252d3d;1;1;;1;;;22;1789693186
4721;Strategist;60069;Strategist;8b256f3c902605f5b80cbfdb20d50698;1;1;;1;;;22;1789693187
4722;Decorative Mana Potion;59995;Decorative Mana Potion;9e12881e740e0651c6ed7be9fdccbc77;1;1;;1;;;22;1789693187
4723;Dontdigup;59982;Dontdigup;81fdb1d48641e7bc667a79b62744ef39;1;1;;1;;;22;1789693187
4724;Decorative Healing Potion;59994;Decorative Healing Potion;e3fcf5952c07e1b08e210aa6fcddffe8;1;1;;1;;;22;1789693187
4725;Cheesy Pizza Poster;59999;Cheesy Pizza Poster;7caaf0f300f7e3168691561ab2c38a6b;1;1;;1;;;22;1789693187
4726;Eye of the Sun;59998;Eye of the Sun;c80e6154ad5c2143b07657c9698e6259;1;1;;1;;;22;1789693187
4727;Slime Royals;60071;Slime Royals;af1d9374a70fd3af544506620da02913;1;1;;1;;;22;1789693187
4728;Biome Sight;60072;Biome Sight;5de52901d45f070bdf16a93e88d7fe14;1;1;;1;;;22;1789693187
4729;Blood Butchered;60070;Blood Butchered;9b40a2f4a344b055fa1da1aee0b2b1c8;1;1;;1;;;22;1789693187
4730;Coating;60093;Coating;b111b2d7adee31f6687b08a60c879c72;1;1;;1;;;22;1789693187
4731;Everything;60095;Everything;709468af25e91284821d1bdbfdded24c;1;1;;1;;;22;1789693187
4732;Blessing of the Moon;60073;Blessing of the Moon;b341065bb8ac0e5bb503549a05e5e1c5;1;1;;1;;;22;1789693187
4733;Loadouts;60115;Loadouts;b1dfcc8dcc0ceb404fcaae8865786d0d;1;1;;1;;;22;1789693187
4734;Zenith seed;60096;Zenith seed;4b82f21c4e127db24bdbcaef0aa6ae48;1;1;;1;;;22;1789693187
4735;Shimmer Transmutation;60079;Shimmer Transmutation;a2871e5c9d1e5e4a266adc4b25a18292;1;1;;1;;;22;1789693187
4736;1.4.4.3;60124;1.4.4.3;90c3c0d62e31e26ff1e50e419eb9ccb8;1;1;;1;;;22;1789693187
4738;1.4.4.4;60169;1.4.4.4;aa7b3251a9365a3c570bb69fb289b0af;1;1;;1;;;22;1789693187
4739;Echo Platform;60127;Echo Platform;8a0a7dbb880540c2fbd8facc0e1891fe;1;1;;1;;;22;1789693187
4740;Loadout;60168;Loadout;d0889988168a441a08925dafe708330d;1;1;;1;;;22;1789693187
4742;Remix Seed;60209;Remix Seed;d3dc9804c4621abf1eed0fd709b256db;1;1;;1;;;22;1789693187
4743;Argon Moss Brick;60227;Argon Moss Brick;bfbe36f2b23298bd31760ef25176a793;1;1;;1;;;22;1789693188
4744;Lava Moss Brick;60228;Lava Moss Brick;3598044bd018cd9bdcd945a34a503fac;1;1;;1;;;22;1789693188
4745;Echo Wall;60129;Echo Wall;77404e50c8cbe82e052c05517a365f70;1;1;;1;;;22;1789693188
4746;Everything Seed;60211;Everything Seed;e52c2cfeebe74f292373b993277009db;1;1;;1;;;22;1789693188
4747;Xenon Moss Brick;60230;Xenon Moss Brick;67adc8de9501713d5fd14c091cfc0e0b;1;1;;1;;;22;1789693188
4748;Neon Moss Brick;60231;Neon Moss Brick;3ecf90341298089b230ce503b911014f;1;1;;1;;;22;1789693188
4749;Krypton Moss Brick;60229;Krypton Moss Brick;bc13c5d9bd972198bfc0680f2dbd2e93;1;1;;1;;;22;1789693188
4751;Lava Moss Brick Wall;60233;Lava Moss Brick Wall;4f036c5708e59accb5ded148f667de8d;1;1;;1;;;22;1789693188
4752;Argon Moss Brick Wall;60234;Argon Moss Brick Wall;7530359cab64980839dd4b4cee7ec2bb;1;1;;1;;;22;1789693188
4753;Krypton Moss Brick Wall;60235;Krypton Moss Brick Wall;d9e3fc6feb53eb0124a99b8e1e25aa84;1;1;;1;;;22;1789693188
4754;Xenon Moss Brick Wall;60236;Xenon Moss Brick Wall;f2ec0367e003021ee2c7bfb9371f2714;1;1;;1;;;22;1789693188
4755;Neon Moss Brick Wall;60237;Neon Moss Brick Wall;e9bbd02fd1df0b580540ec758ef2a0b7;1;1;;1;;;22;1789693189
4760;Ancient Dungeon Brick Walls;60239;Ancient Dungeon Brick Walls;ea24fd6aee999f8ac454be5531f49520;1;1;;1;;;22;1789693189
4761;Vanity trees;60249;Vanity trees;ab407a742baed72a104dfcec34479e0d;1;1;;1;;;22;1789693190
4762;1.4.4.5;60289;1.4.4.5;a3e3a039055a0e078fc6f4c0d060332b;1;1;;1;;;22;1789693190
4763;Guide to Environmental Preservation (Inactive);60295;Guide to Environmental Preservation (Inactive);e2b136078d8246672188c8e3106265a2;1;1;;1;;;22;1789693190
4765;Guide to Critter Companionship (Inactive);60296;Guide to Critter Companionship (Inactive);bd43fc326308eed479c05cfda4d66955;1;1;;1;;;22;1789693190
4766;Guide to Peaceful Coexistence (Inactive);60297;Guide to Peaceful Coexistence (Inactive);6e3f705b302a44188f2b81844d26efd7;1;1;;1;;;22;1789693190
4767;Corrupt Jungle grass;60361;Corrupt Jungle grass;9512bfee40b6943ee6d5b2433038c814;1;1;;1;;;22;1789693190
4768;Crimson Jungle grass;60362;Crimson Jungle grass;323ad42a192f6deaadfe11be779bc29c;1;1;;1;;;22;1789693190
4769;Cursed Dungeon Brick Walls;60405;Cursed Dungeon Brick Walls;aa302a151a808a5bbde9d9522da87023;1;1;;1;;;22;1789693190
4770;Bottomless Buckets;60380;Bottomless Buckets;087e362c74382e873632119647f8dab9;1;1;;1;;;22;1789693190
4771;Ash Tree;60422;Ash Tree;f8415dcf010edfd39a9ab05576a0c57c;1;1;;1;;;22;1789693190
4772;Bamboo stalk;60432;Bamboo stalk;72fa003363ff90b4ff80d8795c6af4ba;1;1;;1;;;22;1789693191
4773;Sakura;60445;Sakura;ba7e5dcafbbfbc98c2f0e5ff2135481a;1;1;;1;;;22;1789693191
4774;1.4.4.6;60454;1.4.4.6;52d0c2294cd9c7fc755542d733310bec;1;1;;1;;;22;1789693191
4775;Goblin Summoner;60457;Goblin Summoner;e80f800b5f194e7c862228835298c321;1;1;;1;;;22;1789693191
4776;Goblin Warlock Banner;60461;Goblin Warlock Banner;e54c1bdd1bdc31e537ff1437544d3e8b;1;1;;1;;;22;1789693191
4777;Any Guide to Critter Companionship;60487;Any Guide to Critter Companionship;5fccd4aad2074906e002c5316c4c60af;1;1;;1;;;22;1789693191
4778;Any Guide to Environmental Preservation;60488;Any Guide to Environmental Preservation;3c4ba1d12839f73dc38c3f038d788909;1;1;;1;;;22;1789693191
4779;Mini Star Cell;60495;Mini Star Cell;b02386aa5ac1774ebe14c684364dca7a;1;1;;1;;;22;1789693191
4780;Legendary Mode;60512;Legendary Mode;c8b2c598ef83de8cce4931190ec80273;1;1;;1;;;22;1789693191
4781;1.4.4.7;60508;1.4.4.7;433b1aba2f0c40a90ca07d1ffcc1ea94;1;1;;1;;;22;1789693191
4782;Corrupt vines;60577;Corrupt vines;b4d6743cbd1284032019761f55580bf9;1;1;;1;;;22;1789693192
4783;1.4.4.8;60614;1.4.4.8;dd792706dfbb4470f48975ede5588deb;1;1;;1;;;22;1789693192
4784;Ash vines;60583;Ash vines;2b8f2f4b6ab53a501fe3a6507dc3ae28;1;1;;1;;;22;1789693192
4785;1.4.4.8.1;60622;1.4.4.8.1;6c2e4db13a8c1e9bc45d19258fa9a38d;1;1;;1;;;22;1789693192
4786;1.4.4.9;60648;1.4.4.9;96ea6a9ce95b75483b9182c727b6fa50;1;1;;1;;;22;1789693192
4787;1.4.5.0;60620;1.4.5.0;53ef6b0b152a9fb03cf256250d3b2bc9;1;1;;1;;;22;1789693192
4788;NPC happiness;60640;NPC happiness;481e854033bff4ba2acebcf540d86d07;1;1;;1;;;22;1789693192
4789;FTW;60764;FTW;9483ab8804c03eebb7484621ed33ac50;1;1;;1;;;22;1789693192
4790;DD2AttackerTest;60994;DD2AttackerTest;e595196eaa08088bdcf82206838c5857;1;1;;1;;;22;1789693193
4791;Hive Five;61063;Hive Five;8cc1d6f460fa37ea6ba428181744a0a6;1;1;;1;;;22;1789693193
4792;Enemy Difficulty Slider;61118;Enemy Difficulty Slider;59de693c20cc4bc77a919b5b6081da20;1;1;;1;;;22;1789693193
4793;Command-line parameters;61126;Command-line parameters;9926ef11ecc69674f467ea8c5850b5d7;1;;;;;;2;1789693193
4794;Crimson thorny bushes;61608;Crimson thorny bushes;a5037701d139e8cd39ed1e316259f138;1;1;;1;;;22;1789693193
4795;Plantera thorny bushes;61611;Plantera thorny bushes;ad0331e8a2d128e3c8c246c283834b4b;1;1;;1;;;22;1789693193
4796;Shimmerfall;61648;Shimmerfall;2632fc570e69e3cca841d1fec2623363;1;1;;1;;;22;1789693193
4797;Bee Hive (item);62245;Bee Hive (item);b15de0aa08ae0be648e71640738f821b;1;1;;1;;;22;1789693193
4798;Corrupt vine;62516;Corrupt vine;b033dc8c6f62adea377f29d8394ca222;1;1;;1;;;22;1789693194
4799;Ash vine;62515;Ash vine;13726f041c73f9b1a2b023ea0366fffb;1;1;;1;;;22;1789693194
4800;Decraft;62601;Decraft;4529c0e78eac480df2948b7eaa4d1197;1;1;;1;;;22;1789693194
4801;Flower vine;62513;Flower vine;f1f065158bbbefbc7ef15736b695f956;1;1;;1;;;22;1789693194
4802;De-craft;62645;De-craft;85c3316ec6f0744b418c34bb6a1b6d26;1;1;;1;;;22;1789693194
4803;Spike pit;63282;Spike pit;2a6c3ac65dca31f8e9836f4d2af3d899;1;1;;1;;;22;1789693194
4804;NPC stat boosts;63308;NPC stat boosts;40e3a076c0fe2ffa101e91401fc1895f;1;1;;1;;;22;1789693194
4805;Wolf Mount;63371;Wolf Mount;1f63735367f8a0f46d4fddf2fdf2aa7f;1;1;;1;;;22;1789693195
4806;Undeluxe Edition;66189;Undeluxe Edition;0afa9a83cfde99d6c99d176866e678c2;1;;;;;;2;1789693200
4807;Ash forest;66249;Ash forest;5f612d2b4e5d6d43d05f41e96d03d10b;1;1;;1;;;22;1789693200
4808;Abandoned Mine Track;66260;Abandoned Mine Track;12417ab75fd15e3149f4f7e93d4a60c3;1;1;;1;;;22;1789693201
4809;Abandoned Minecart Track;66262;Abandoned Minecart Track;5203e7e2b8907f29715ec21041bc75d8;1;1;;1;;;22;1789693201
4810;Abandoned Minecart Tracks;66263;Abandoned Minecart Tracks;a1bd4acaabaff466cbad8974382f1be2;1;1;;1;;;22;1789693201
4811;First Final Update;66604;First Final Update;a7a2cd68f2c4e83f7a4d3849410bc4ac;1;;;;;;2;1789693201
4812;Dragon armor;66608;Dragon armor;30607ae8ce0cdc13f0657fe7247c8743;;;1;;1;;40;1789693201
4813;Egg Cannon;66610;Egg Cannon;8df11b94a0cf1de50e5422626c34e041;;;;;1;;32;1789693201
4814;Tizona;66617;Tizona;2b7dc76057c076f62dd2d5cb97a3f06e;;;1;;1;;40;1789693202
4815;Tonbogiri;66619;Tonbogiri;0c2458de513866ae6432d1e88d5c8945;;;1;;1;;40;1789693202
4816;Sharanga;66612;Sharanga;788cef9b65e00afa2066eae164717056;;;1;;1;;40;1789693202
4817;Vulcan Repeater;66621;Vulcan Repeater;33cb14d67a1354eee0bf70f16c8dd801;;;1;;1;;40;1789693202
4818;Spectral Arrow;66622;Spectral Arrow;7fe4712c0fa0f0c7d5ad007ed2d73a95;;;1;;1;;40;1789693202
4819;Heart Arrow;66626;Heart Arrow;81e3a52aee4a374dab048ceb0b717900;;;;;1;;32;1789693202
4820;Vulcan Bolt;66624;Vulcan Bolt;c93a57158072e6ae09b73511012c98bd;;;1;;1;;40;1789693202
4821;Roman candle;66629;Roman candle;8126b414cee7d409884384a0c48f99a1;;;;;1;;32;1789693202
4822;Zapinator;66631;Zapinator;ef6e804f54e6e01d9693387fcc9f911e;;;;;1;;32;1789693202
4823;Holy Hand Grenade;66627;Holy Hand Grenade;478ee5678ef21f2f2caa9a87e2c4106a;;;;;1;;32;1789693202
4824;Spectral armor;66635;Spectral armor;d2d2c6ad6ece4719e6c5de526d76d2fc;;;1;;1;;40;1789693202
4825;Titan armor;66633;Titan armor;ad9513a63ee02f5e673db0093667ccd8;;;1;;1;;40;1789693202
4826;Fabulous set;66637;Fabulous set;98052bd1c4983b4d396a66ee87cc7ba8;;;1;;1;;40;1789693202
4827;George's set;66639;George's set;c1bf32d4f2c2741beb608938ac003de5;;;1;;1;;40;1789693202
4828;Oktoberfest sets;66641;Oktoberfest sets;ea35c772b95535b24db94ef870155ee0;;;;;1;;32;1789693203
4829;Horned God set;66642;Horned God set;6e147456fdf36f4b720ea0aaf66e300c;;;1;;;;8;1789693202
4830;Boots of Ostara;66752;Boots of Ostara;b375c1bba6619dca3090355034ce1ccc;;;;;1;;32;1789693203
4831;Festive top hat;66756;Festive top hat;e22fb72e99349ad899bf910ec9ef3c66;;;;;1;;32;1789693203
4832;Beeswax;66757;Beeswax;8e6e86b7203913eaa16f06b366260dc0;;;1;;1;;40;1789693203
4833;Old Walking Stick;66765;Old Walking Stick;edacb52ce8e0bbec7927451920136d9a;;;;;1;;32;1789693203
4834;Valentine Ring;66754;Valentine Ring;80b65adc974a8d07fd4f13c160d07281;;;;;1;;32;1789693203
4835;Brain;66759;Brain;71bb21a64807546d7f3107b32dc49afc;;;1;;1;;40;1789693203
4836;Broken Heart;66760;Broken Heart;15a112a03ea97dea1f2282a50b5ec9c4;;;;;1;;32;1789693203
4837;Holiday Bauble;66763;Holiday Bauble;c106022c7ec05e0d9bd900e875f5fbc6;;;;;1;;32;1789693203
4838;Petri Dish;66767;Petri Dish;b6348773e8d7a1fc99fff2c9e67ed9b3;;;1;;1;;40;1789693203
4839;Suspicious Looking Apple;66768;Suspicious Looking Apple;0dec39c38980f4e8414534f507db380b;;;;;1;;32;1789693203
4840;Cursed stuffing;66769;Cursed stuffing;0b69a5fec5aefb19f76c0d49cc426a81;;;;;1;;32;1789693203
4841;Cabbage;66762;Cabbage;d846ed6b27749f802150466e9ed6f303;;;1;;1;;40;1789693203
4842;Vial of Blood;66772;Vial of Blood;f10e9c09ff3e92ddece1b9e73b1b7aa1;;;1;;1;;40;1789693203
4843;Suspicious Looking Egg;66775;Suspicious Looking Egg;d956e8d28a0e01a0164fbf2c80cb815c;;;;;1;;32;1789693203
4844;Turkey feather;66773;Turkey feather;be8ca6d18a8bab4639be492f7205c377;;;;;1;;32;1789693203
4845;Horn o' plenty;66778;Horn o' plenty;28818374bda7bb93d4c53fc149a36989;;;;;1;;32;1789693203
4846;Suspicious Looking Skull;66776;Suspicious Looking Skull;90af545d599f21b30c89807a493790f4;;;1;;1;;40;1789693203
4847;Wolf Fang;66771;Wolf Fang;ac8d3cf5bcf6f34f88d0001c4989ccda;;;1;;1;;40;1789693203
4848;Soul of Blight;66779;Soul of Blight;58aab0a214ac7f461dfeb793e8b1848c;;;1;;1;;40;1789693203
4849;Oktoberfest;66783;Oktoberfest;5ef924c693e1c49ba7c1d453c221594e;;;;;1;;32;1789693203
4850;Wiesnbräu;66781;Wiesnbräu;97970ad4a808632952348bd425f024ce;;;;;1;;32;1789693203
4851;Servant of Ocram;66786;Servant of Ocram;1fa0e6f4db1873c3d5c90b9a4146976d;;;1;;1;;40;1789693203
4852;Ocram;66784;Ocram;c8ddde0cba3ee486c862bd2b5736ec26;;;1;;1;;40;1789693203
4853;Lepus;66787;Lepus;52face0166f1a2e5a6c7c52c2bb5df69;;;;;1;;32;1789693203
4854;Diseaster Bunny;66789;Diseaster Bunny;f870fef183db535018397bf7d29db45b;;;;;1;;32;1789693203
4855;Tomb Crawler Tail;66903;Tomb Crawler Tail;b8a5863bdf9881ec80c7966247efe386;1;1;;1;;;22;1789693203
4856;Tomb Crawler Head;66901;Tomb Crawler Head;14cbb3d903ce8a1bc0602cba1a5127b2;1;1;;1;;;22;1789693203
4857;Tomb Crawler Body;66902;Tomb Crawler Body;4b2ba0b662ee930bb91b16021ea73e47;1;1;;1;;;22;1789693203
4858;Turkor the Ungrateful;66790;Turkor the Ungrateful;dec097ef9ddbafa2050804b1f7063892;;;;;1;;32;1789693203
4859;Dune Splicer Body;66905;Dune Splicer Body;935d5c62aa04d0316469323dc01e3d95;1;1;;1;;;22;1789693203
4860;Dune Splicer Tail;66906;Dune Splicer Tail;c9e27de729b99f517c7d1d50b7be66f2;1;1;;1;;;22;1789693203
4861;Dune Splicer Head;66904;Dune Splicer Head;424336883dcd9ebacc434bad4ca8e2b4;1;1;;1;;;22;1789693203
4862;Milkyway Weaver Head;66907;Milkyway Weaver Head;320f6dcfe996ade27810a7cacf92ebec;1;1;;1;;;22;1789693204
4863;Crawltipede Head;66914;Crawltipede Head;321f674675ca351d989f94d29e307c99;1;1;;1;;;22;1789693204
4864;Milkyway Weaver Tail;66909;Milkyway Weaver Tail;7928e8b002f62971557db51492949c3e;1;1;;1;;;22;1789693204
4865;Milkyway Weaver Body;66908;Milkyway Weaver Body;d1cd7f1813701a53f588b43dd97b1d40;1;1;;1;;;22;1789693204
4866;Old One's Army accessories;67174;Old One's Army accessories;0226ad64c64a5d182817f4eae77d4282;1;1;;1;;;22;1789693204
4867;Crawltipede Body;66915;Crawltipede Body;32ef2ae2dcc3cc56e0548957bc97fd89;1;1;;1;;;22;1789693204
4868;Crawltipede Tail;66916;Crawltipede Tail;e6901f16a38f3a8fef1841059a682d00;1;1;;1;;;22;1789693204
4869;Biome Key Molds;67269;Biome Key Molds;d254e21273d088a97c2691f0422fd062;;;1;;1;;40;1789693204
4870;Slime Banner;68648;Slime Banner;84a27ec6daa54278e306327ba250b871;;;1;;1;;40;1789693204
4871;Angler's Delight;67699;Angler's Delight;52a031c2ece66eeb8af45b420cd918bf;1;;;;;;2;1789693204
4872;Coin pickup in Expert Mode;68181;Coin pickup in Expert Mode;8acbae7f4630b5a1432f8a424efb1b0f;1;1;;1;;;22;1789693204
4873;Lesser Restoration Potion;69216;Lesser Restoration Potion;757f71cacad6c7654f3d7d547d0636aa;;;1;;1;;40;1789693204
4874;Jellyfish Banner;68650;Jellyfish Banner;dab2dd1fd9968c50a6b4ec8e7bced9f4;;;1;;1;;40;1789693204
4875;Present (furniture);69266;Present (furniture);5428ef88040d9a7c9a7f4be60e337963;;;;;1;;32;1789693204
4876;Sea oats;69194;Sea oats;138508c4f30d952262052df8e72b549a;1;1;;1;;;22;1789693204
4877;Non-default kill count;69022;Non-default kill count;1bede6f0c17cf73a95c18e1fe57592fc;1;1;;1;;;22;1789693204
4878;Pot o' Gold;69271;Pot o' Gold;d49bdeca07fcc412c7e24d167917ce96;;;;;1;;32;1789693204
4879;Easter;69766;Easter;e82df739dd8c84c8ae105b514f4c10df;;;;;1;;32;1789693204
4880;The Torch God (NPC);69668;The Torch God (NPC);1e0ea5ad669532fa91985b0da15425f3;1;1;;1;;;22;1789693204
4881;Valentine's Day;69768;Valentine's Day;4678d5958bbde8f684090f72e4cef4aa;;;;;1;;32;1789693204
4882;Golden Watch;69422;Golden Watch;4b0b0503b9964859ed90a3aa5e8bbf40;1;1;1;1;;;30;1789693204
4883;Thanksgiving;69770;Thanksgiving;75c8b6f79de87b76897a3e6665457c9c;;;;;1;;32;1789693205
4884;Second Pyramid room;69886;Second Pyramid room;0594df69270720b051adc067d2b4117c;;;;;1;;32;1789693205
4885;Monomi set;70205;Monomi set;c0b49f4320218b531938cb47b518be13;;;;;;1;1;1789693205
4886;Shiren set;70203;Shiren set;6c7bb15ec7f56d3d2f8da02b25d3c0f3;;;;;;1;1;1789693205
4887;Monokuma set;70202;Monokuma set;c31640530ed91d5aba3ddd09451da5ae;;;;;;1;1;1789693205
4888;Toro's set;70206;Toro's set;178b038efb6f42e9dda7fd6ebcd792d9;;;;;;1;1;1789693205
4889;Cloud Slime;70409;Cloud Slime;25b1d3fccdd25b3c469c78be12b45793;1;1;;1;;;22;1789693205
4890;Huge Dragon Egg;70501;Huge Dragon Egg;b33504ab500d215274a82fad977c4a31;1;1;;1;;;22;1789693205
4891;Soulscourge;70520;Soulscourge;1f5669ce7146632e5ecf80b8358a5ad5;1;1;;1;;;22;1789693205
4893;Starcrash;70561;Starcrash;454779870047fa3bb6e1b6843161660d;1;1;;1;;;22;1789693205
4896;Office Block;70464;Office Block;81cd68b466ef786f04759ea522030095;1;1;;1;;;22;1789693205
4897;Possession;70619;Possession;0291e38d9a3d398052be0ca52a7b1592;1;1;;1;;;22;1789693206
4898;Vasculash;70620;Vasculash;73a1904be65c569de1c2af4ae648566f;1;1;;1;;;22;1789693206
4901;Lucky Clover;70683;Lucky Clover;4568030001a718e64661948fb32fa66f;1;1;;1;;;22;1789693206
4902;Amulet of the Night;70851;Amulet of the Night;aee53032029959c82a3e07974ae66e84;1;1;;1;;;22;1789693206
4904;Constellation (painting);70901;Constellation (painting);d044c5952b93b31866afd160c097090d;1;1;;1;;;22;1789693207
4905;Coin rain;70902;Coin rain;ba1d532e55f63249f0d6706f740c6a40;1;1;;1;;;22;1789693207
4906;Enchanted Pixie Dust;70903;Enchanted Pixie Dust;d15d3f9d683f66293e0d70d7b3f3876f;1;1;;1;;;22;1789693207
4908;Dog Collar;70906;Dog Collar;eb899f25bdc6dea92e26400c03860fad;1;1;;1;;;22;1789693207
4909;Goat's Tuft;71041;Goat's Tuft;cffe4d220bccb0cf5066a924d3aa18c0;1;1;;1;;;22;1789693207
4910;Crow's Beak;71043;Crow's Beak;2558d7b4a1d205c0a92f2deef4c31224;1;1;;1;;;22;1789693207
4911;Chicken Charm;71044;Chicken Charm;c4e884519c2658f75fffc50a0355e715;1;1;;1;;;22;1789693208
4912;Item Flask;71047;Item Flask;d9d9effa21d9ceebf50bcc7fd3bd8e94;1;1;;1;;;22;1789693208
4915;Mushroom Staff;71062;Mushroom Staff;a020bdca4ba876c9b7c50639c8942e26;1;1;;1;;;22;1789693209
4916;Shimmer Gun;71065;Shimmer Gun;6067efc06274527693c850e630c7dacf;1;1;;1;;;22;1789693210
4917;Torch God's Flavor;71066;Torch God's Flavor;36d71c7de18233bc297674bce10089a5;1;1;;1;;;22;1789693210
4918;Replica Demon Altar;71067;Replica Demon Altar;4308a9a8b0ef8bb98bef843ce7fb961a;1;1;;1;;;22;1789693210
4919;Replica Crimson Altar;71069;Replica Crimson Altar;a2b59ceace94ea8f69930eb6e835f92b;1;1;;1;;;22;1789693210
4920;Replica Shadow Orb;71071;Replica Shadow Orb;ede7cc1be03c07939c2cb25e80f76b71;1;1;;1;;;22;1789693210
4921;Wall Racer Car;71077;Wall Racer Car;c2c621110197bbc4a9fb33ebb0e9bb59;1;1;;1;;;22;1789693210
4922;Replica Crimson Heart;71075;Replica Crimson Heart;e4db1fd4e31994054d8768da2eed17b5;1;1;;1;;;22;1789693210
4923;Wilted Clover;71078;Wilted Clover;5eeddc0f3522e61a611f093fc7746d9b;1;1;;1;;;22;1789693210
4924;Vampire Pendant;71088;Vampire Pendant;88d4202e876e58173a71b9a9a3d15182;1;1;;1;;;22;1789693211
4925;Ram Rune;71089;Ram Rune;dd7c2ffc1bc00c6c350da29871f2e84b;1;1;;1;;;22;1789693211
4926;Fairy Choker;71076;Fairy Choker;c0af01c6c656a52459c6a4577cb83ddb;1;1;;1;;;22;1789693211
4927;Flint;71092;Flint;ed490600b075becbd8b81c85c5c1db55;1;1;;1;;;22;1789693211
4929;Barrel Launcher;71097;Barrel Launcher;617dad02f3efba82378a86f49fa316d3;1;1;;1;;;22;1789693211
4930;Slime Spear;71099;Slime Spear;006c53343369d753b18462665752ea26;1;1;;1;;;22;1789693211
4931;Killing Deck;71100;Killing Deck;0ecc9f7fe77757846c60c8cb86d8ce26;1;1;;1;;;22;1789693211
4932;Mean Goblin's Spikes;71103;Mean Goblin's Spikes;1286cde46f137232fa19b24ff096258e;1;1;;1;;;22;1789693212
4933;Barnacle Staff;71102;Barnacle Staff;abb594c67e01715b2dbbccbacdf76cad;1;1;;1;;;22;1789693212
4934;Librarian Skeleton;71104;Librarian Skeleton;f2121d1d05f5935fa1c79b1731261a5a;1;1;;1;;;22;1789693212
4935;Heart Slime;71106;Heart Slime;0c6a0c2f5cb24b8324a05a58816101bc;1;1;;1;;;22;1789693212
4938;Portable Kiln;71112;Portable Kiln;1fe9bdcfd5fdf2f41fd2475cbeb5a946;1;1;;1;;;22;1789693213
4939;Water Bolt Mimic;71113;Water Bolt Mimic;410791ce65d6e52d37523bd2b2dd401c;1;1;;1;;;22;1789693213
4940;Mitey-Titey;71115;Mitey-Titey;e7397ba5234cf23f4df4433a2438ad07;1;1;;1;;;22;1789693214
4941;Feywood;71117;Feywood;a5664ef8dcb843d5b9932aab00d73885;1;1;;1;;;22;1789693214
4942;Strung Counterweight;71118;Strung Counterweight;e05d4dfd036fdda9f018314828ea65f6;1;1;;1;;;22;1789693214
4943;Friendly Boulder;71119;Friendly Boulder;4eb81623e0ef2106c0c43fde8ccd3328;1;1;;1;;;22;1789693214
4944;Magic String;71121;Magic String;2c2a682dd3b9b29c71c60f26724a49dc;1;1;;1;;;22;1789693215
4946;Turkey Wattle Necklace;71123;Turkey Wattle Necklace;7cf0f890ead9e4880abd1efc63ed45d4;1;1;;1;;;22;1789693216
4948;Chillet;71125;Chillet;ef2cd024b7eec9083fa7dcf312f0d2ca;1;1;;1;;;22;1789693216
4949;Scrying Orb;71127;Scrying Orb;684520900fed1302e1ed0f73de76282b;1;1;;1;;;22;1789693216
4951;Chillet Ignis;71129;Chillet Ignis;51e0e1bc610954fbd097db129f1919ab;1;1;;1;;;22;1789693217
4952;Cloud furniture;71130;Cloud furniture;f334e0f60efbcc650179d1024b33f093;1;1;;1;;;22;1789693217
4953;Feywood furniture;71132;Feywood furniture;775dbfbd554825886236ed7f0dfb4624;1;1;;1;;;22;1789693217
4954;Swarm Grenade;71138;Swarm Grenade;4d882c5e9dafcbd3d68e0d675b011154;1;1;;1;;;22;1789693218
4955;Moss Zombie;71133;Moss Zombie;8ecdb31162c00391b8914cd821932be3;1;1;;1;;;22;1789693218
4956;Grim Old Barb;71153;Grim Old Barb;fb8218fd3121d85a18aa71140ab8c0a1;1;1;;1;;;22;1789693218
4957;Statue (enemy);71139;Statue (enemy);caf37dfd33f33a92957ff41f65d8cdad;1;1;;1;;;22;1789693218
4958;Flinx Fur furniture;71144;Flinx Fur furniture;c33e4686680e32a828c315ddeda7e16d;1;1;;1;;;22;1789693218
4959;Raven Feather;71154;Raven Feather;9202a01fe354919f3f2438bd1bb97e6d;1;1;;1;;;22;1789693218
4960;Flinx Fur Block;71159;Flinx Fur Block;1718f056195ef25086344f35fe13e45a;1;1;;1;;;22;1789693219
4961;Flinx Fur Wall;71161;Flinx Fur Wall;22c9fd85ecf4f84e6289ba21720a32fd;1;1;;1;;;22;1789693219
4962;Feywood Wall;71165;Feywood Wall;36f18b16fac52731b6583bdee01757be;1;1;;1;;;22;1789693219
4963;Blackened Fish;71166;Blackened Fish;d1b34853690c1812d580c01ba57c422f;1;1;;1;;;22;1789693219
4964;Moonplate Block;71168;Moonplate Block;638904dde91dd4315c3381c5aeccc5da;1;1;;1;;;22;1789693220
4965;Crescent Wall;71169;Crescent Wall;52979e6e83e18c1a4fecc664f912e63e;1;1;;1;;;22;1789693220
4966;Duskware furniture;71172;Duskware furniture;1567ff8cec47d6982db5bbf0bf60b0ed;1;1;;1;;;22;1789693220
4967;Lilac Dusk set;71170;Lilac Dusk set;09bd4a7dfa1d257c4506faf0409e87fc;1;1;;1;;;22;1789693220
4968;Demonite furniture;71176;Demonite furniture;8bf2b72744fdebec20d409756c945d24;1;1;;1;;;22;1789693221
4969;Crimtane furniture;71177;Crimtane furniture;6f394802e8e025b1a162daf082d7073a;1;1;;1;;;22;1789693221
4970;Balloony Beads;71178;Balloony Beads;2d3d5d45b9b18ab1a4debaef4fdbe2fb;1;1;;1;;;22;1789693221
4971;Boulder Wall;71181;Boulder Wall;d810212fb8c6673272df16547ab6a3a7;1;1;;1;;;22;1789693221
4972;Boulder Block;71180;Boulder Block;30db8c78c99dee002788c25d4524d49f;1;1;;1;;;22;1789693221
4974;Boulder furniture;71184;Boulder furniture;0a6a905afbbd34d1485da4b3f8d2f7a4;1;1;;1;;;22;1789693222
4975;Fallen Star furniture;71186;Fallen Star furniture;701d934db7df6450d0aadf1203743d6e;1;1;;1;;;22;1789693222
4976;Fallen Star Block;71187;Fallen Star Block;223ba6bc28cb27d6d7f2bb170a7d920e;1;1;;1;;;22;1789693223
4977;Aetherium furniture;71190;Aetherium furniture;50e9b26f58704dc97571a675deda44cd;1;1;;1;;;22;1789693223
4978;Aquarium furniture;71191;Aquarium furniture;cb9214fbc261924af9e262d6b6a6f3a2;1;1;;1;;;22;1789693223
4979;Fallen Star Wall;71188;Fallen Star Wall;c1ecded0201716f4a30f2b2a6cc40e1d;1;1;;1;;;22;1789693223
4980;Aquarium Wall;71193;Aquarium Wall;5f6dd7615ed0832a9c2484cba6157188;1;1;;1;;;22;1789693223
4982;Aquarium Block;71192;Aquarium Block;5bdb7d3e851d77f73deb4eb90ccb7df9;1;1;;1;;;22;1789693223
4984;Rainbow Cloud;71348;Rainbow Cloud;67eecbcb354b52a1dbd0c9df3c98725f;1;1;;1;;;22;1789693224
4986;Heavy Work Bench;71436;Heavy Work Bench;0a94531f928b1ad70d70b9f9edda0bd3;1;1;1;1;;;30;1789693224
4987;Office furniture;71459;Office furniture;eaca28292450f2e9c919f90452fc2081;1;1;;1;;;22;1789693224
4988;Stone furniture;71460;Stone furniture;1e4cd64bbdff02eafff441cbb058dc32;1;1;;1;;;22;1789693224
4989;Pine furniture;71467;Pine furniture;ef7e695a05e20500c2e84ada51d75427;1;1;1;1;;;30;1789693224
4990;Rock Candy;71469;Rock Candy;424252cd78a33530908d7adccd3102e8;1;1;;1;;;22;1789693225
4991;Forbidden Block;71471;Forbidden Block;be906a2cc81c523edddb4f87c9cf23eb;1;1;;1;;;22;1789693225
4992;Slush Slime;71472;Slush Slime;be6ffbe6580a4248b6321c8398daec24;1;1;;1;;;22;1789693225
4993;Gothic Brick;71473;Gothic Brick;ffafcf8a818cfb1898534d6f4821627b;1;1;;1;;;22;1789693226
4994;Decorative Cobweb;71476;Decorative Cobweb;2b58b44bf41028971c27b7e609fd57db;1;1;;1;;;22;1789693226
4995;Winter is coming;71483;Winter is coming;164c003aa8c1989ff180b580e6141570;1;1;;1;;;22;1789693226
4996;Toadstool;71484;Toadstool;534906dc1dee64a38e37ba39221fbf96;1;1;;1;;;22;1789693226
4998;Save the rainforest;71487;Save the rainforest;fe804f980dedf77075624c2359c651b3;1;1;;1;;;22;1789693226
5000;Abandoned manors;71489;Abandoned manors;53f2ca5cf2fdbc038cd6ed5e2e14085d;1;1;;1;;;22;1789693227
5002;Royale with cheese;71493;Royale with cheese;d43f5cf3d2139cdf42989962cbbde4d1;1;1;;1;;;22;1789693227
5003;Beam me up;71494;Beam me up;dd01ccac835a6494aea6ce064a1a21eb;1;1;;1;;;22;1789693227
5005;Ghoulder;71497;Ghoulder;5f4720d31919042623a15beb2521c8cf;1;1;;1;;;22;1789693227
5006;Pink Phaseblade;71498;Pink Phaseblade;3fc845d3f35eb46085ccc57feab98745;1;1;;1;;;22;1789693227
5007;What a horrible night to have a curse;71495;What a horrible night to have a curse;63dba437dc7b10ba960cdb01c1c97d35;1;1;;1;;;22;1789693227
5008;1.4.5.1;71499;1.4.5.1;134ab3459786c38e641f7dceb814d859;1;1;;1;;;22;1789693227
5009;Lava Boulder;71501;Lava Boulder;9a4747e3f97bcf7e537aa5f163a262e3;1;1;;1;;;22;1789693227
5010;Spider Boulder;71502;Spider Boulder;98420d58b24b1fdfb9bde09e170de73b;1;1;;1;;;22;1789693228
5011;Poo Boulder;71503;Poo Boulder;777c2cb91b0504e8122beef6db3ede3e;1;1;;1;;;22;1789693228
5012;Cursed Piper Flute;71506;Cursed Piper Flute;543745fa600ded05593a2665f241e3e6;1;1;;1;;;22;1789693229
5013;Cloud Platform;71504;Cloud Platform;56d18ab06f7cb000f46d437e9c0abda0;1;1;;1;;;22;1789693229
5015;Feywood Platform;71511;Feywood Platform;1a9973491f1186618fd54f22af433304;1;1;;1;;;22;1789693229
5016;Fallen Star Platform;71510;Fallen Star Platform;b47aa7d6f0622b2819407aaf3ec3297b;1;1;;1;;;22;1789693229
5017;Hallowed Platform;71512;Hallowed Platform;e02127ba16f427396d2d270abdf74e75;1;1;;1;;;22;1789693229
5018;Gothic Platform;71513;Gothic Platform;161b68ec4ff3c2d62038b8398a3d54fd;1;1;;1;;;22;1789693229
5019;Crimtane Platform;71515;Crimtane Platform;160ab9560be81e1e8d0b258210abfd6b;1;1;;1;;;22;1789693229
5020;Demonite Platform;71514;Demonite Platform;b62c58a8d0e6c9aaaa5d49f129d141e9;1;1;;1;;;22;1789693229
5021;Snow Platform;71516;Snow Platform;fd66de9c03ce0b6e10f602b62a93b854;1;1;;1;;;22;1789693229
5022;Easter Platform;71519;Easter Platform;2c6bd0fa1b6a5edde896f6e9201a9301;1;1;;1;;;22;1789693229
5023;Pine Platform;71518;Pine Platform;6e3de9711c98eb29f4bc92840a464100;1;1;;1;;;22;1789693229
5024;Jellyfish Platform;71520;Jellyfish Platform;ae54f04d8a64d46743966bbb5d6a1af3;1;1;;1;;;22;1789693229
5025;Flinx Fur Platform;71517;Flinx Fur Platform;881f5f2e3964917a75b7d336b19b937b;1;1;;1;;;22;1789693229
5026;Duskware Platform;71522;Duskware Platform;414e416cc763acb5c698e3ca851aa89c;1;1;;1;;;22;1789693229
5027;Harpy Platform;71521;Harpy Platform;136fb44c5dd213ecd581c16bc675fc96;1;1;;1;;;22;1789693229
5028;Librarian Platform;71523;Librarian Platform;55bdb4e3eb57dadeecadfde86a86f90c;1;1;;1;;;22;1789693229
5029;Spike Platform;71525;Spike Platform;dea87fd3ca0f5585b2002b6caf89ac3a;1;1;;1;;;22;1789693229
5030;Office Platform;71526;Office Platform;47e04bf3fabb27fbf3824fb551abf46e;1;1;;1;;;22;1789693229
5031;Boulder Platform;71529;Boulder Platform;61869e7053d5eccf69f2d3854f782e31;1;1;;1;;;22;1789693229
5032;Prospector Pants;71531;Prospector Pants;0e566a33c248b7c0dc3f5df415a4b4ea;1;1;;1;;;22;1789693229
5034;Prospector Helmet;71530;Prospector Helmet;31edb2b0e62d30ab87758f522497b9f0;1;1;;1;;;22;1789693229
5035;Prospector Shirt;71532;Prospector Shirt;cfe537dbe86eb41c0a39dd5c9d80c8db;1;1;;1;;;22;1789693229
5036;Forbidden Platform;71527;Forbidden Platform;67b626941a96f1e8a69b843f6b65ec84;1;1;;1;;;22;1789693229
5037;Rainbow Phasesaber;71535;Rainbow Phasesaber;05b3aef7c762025b8d0e7f176b398092;1;1;;1;;;22;1789693229
5038;Rainbow Boulder;71533;Rainbow Boulder;b700a854f88e2dda802caa722bd568a5;1;1;;1;;;22;1789693229
5039;Office Wall;71536;Office Wall;79835c2d9bb4c1f77b52ac0cdc7eb401;1;1;;1;;;22;1789693230
5040;Rainbow Phaseblade;71539;Rainbow Phaseblade;00d9f3b39be5d773c2b218fcd2d273c7;1;1;;1;;;22;1789693230
5041;Pink Phasesaber;71534;Pink Phasesaber;868b101a7fec73847e6dda0714aabc32;1;1;;1;;;22;1789693230
5043;Librarian Block;71540;Librarian Block;f21f613d5014bb956d77bec2e6d543d5;1;1;;1;;;22;1789693230
5044;Froggy Neckband;71542;Froggy Neckband;553921be2226c48de07038fcb0b6ccc9;1;1;;1;;;22;1789693230
5045;Welding Mask;71548;Welding Mask;c3bae96585ae1eaa444d0bd9b9dc2eb9;1;1;;1;;;22;1789693230
5046;Captain Vest;71546;Captain Vest;b9145b9fc067e82ffadddc4b8d10657b;1;1;;1;;;22;1789693230
5047;Captain Pants;71545;Captain Pants;ae6a37be296d31116f26f31d1f2c4cb7;1;1;;1;;;22;1789693230
5048;Captain Hat;71544;Captain Hat;9fedd66f839adc32b3a0513cac2a9179;1;1;;1;;;22;1789693230
5049;Harpy Block;71550;Harpy Block;31cd62bfdfa1f82ffa0b96bd0bdfed76;1;1;;1;;;22;1789693230
5050;Jellyfish Block;71551;Jellyfish Block;5f1b3dc9d73fe49ddf1717f85691a86a;1;1;;1;;;22;1789693230
5051;Easter Block;71549;Easter Block;effb9855e538ee5aee61122273a3d57e;1;1;;1;;;22;1789693230
5052;Easter furniture;71572;Easter furniture;eafa4fc929bcfea1c006936714497400;1;1;;1;;;22;1789693230
5053;Old Companion Locket;71588;Old Companion Locket;95acc203586f12281b0b47c0843fc389;1;1;;1;;;22;1789693230
5056;Easter Wall;71589;Easter Wall;a3ad221cce2a045fc7bb0426a94dcce6;1;1;;1;;;22;1789693230
5069;Snow furniture;71603;Snow furniture;724caa495137e4656bc291b3452966a2;1;1;;1;;;22;1789693231
5076;Flinx Fur Work Bench;71611;Flinx Fur Work Bench;d1a251dc79fd5ddea876503a67fd52e6;1;1;;1;;;22;1789693232
5077;Flinx Fur Bathtub;71613;Flinx Fur Bathtub;7b099cda55536626b6a6d4fd0a857a38;1;1;;1;;;22;1789693232
5078;Flinx Fur Bed;71614;Flinx Fur Bed;1af3c0fcbc5e7f7251de48232881811a;1;1;;1;;;22;1789693232
5079;Flinx Fur Chandelier;71612;Flinx Fur Chandelier;bcab6ecf85f3a6c772aac580fbfe446e;1;1;;1;;;22;1789693232
5080;Flinx Fur Bookcase;71615;Flinx Fur Bookcase;89683afd347e1c51df0ef9d3467cb280;1;1;;1;;;22;1789693232
5081;Flinx Fur Clock;71616;Flinx Fur Clock;5f03e7b3370f6e4b6058f291b91470fc;1;1;;1;;;22;1789693232
5082;Flinx Fur Dresser;71617;Flinx Fur Dresser;bfd0efc375780f91147531017f7c96f4;1;1;;1;;;22;1789693233
5083;Flinx Fur Sofa;71619;Flinx Fur Sofa;324001eec362c121a2297e98c430d91b;1;1;;1;;;22;1789693233
5084;Flinx Fur Piano;71618;Flinx Fur Piano;8038c31ffef4b986dd895cae87861928;1;1;;1;;;22;1789693233
5085;Flinx Fur Toilet;71620;Flinx Fur Toilet;3c3c5a02b306d7ab88db8825727088c2;1;1;;1;;;22;1789693233
5086;Easter Work Bench;71622;Easter Work Bench;0e1d5c6c8d5f70ad15515a79236745e1;1;1;;1;;;22;1789693233
5087;Trapped Flinx Fur Chest;71621;Trapped Flinx Fur Chest;7a33f20927d2eae818369eb1d25fd24e;1;1;;1;;;22;1789693233
5098;Cat Chime;71634;Cat Chime;6dbdbf9ced5ecb6898d2aa09eacff1d5;1;1;;1;;;22;1789693233
5099;Underworld Pylon;71636;Underworld Pylon;a8bcd22050686aeae2a5e2d07bc1a262;1;1;;1;;;22;1789693233
5100;Librarian Wall;71638;Librarian Wall;78e153446959c6b776a8cfc35fe7f134;1;1;;1;;;22;1789693233
5101;Office Work Bench;71639;Office Work Bench;8f8c19920251dccb9e95a6c2eb84b89b;1;1;;1;;;22;1789693233
5102;Office Chandelier;71640;Office Chandelier;4e8916b449522943673c91534b9f31a2;1;1;;1;;;22;1789693233
5103;Office Bookcase;71643;Office Bookcase;53120d575cfb923772486ac7129642fc;1;1;;1;;;22;1789693233
5104;Office Bed;71642;Office Bed;7ae88ff4d882503d50347ed3b65ba004;1;1;;1;;;22;1789693233
5105;Spike Block;71635;Spike Block;24dae629ecae6d1698b3ddb462013e0e;1;1;;1;;;22;1789693233
5106;Office Bathtub;71641;Office Bathtub;bfa4129e66a46b92d73db32071e82e01;1;1;;1;;;22;1789693233
5107;Office Piano;71646;Office Piano;1dad3b9910137098c5eec213c295365c;1;1;;1;;;22;1789693234
5108;Office Dresser;71645;Office Dresser;6f37d0c39c4ec8d9d9439a4dfef9585d;1;1;;1;;;22;1789693234
5109;Office Candelabra;71649;Office Candelabra;9055a69e191837331342ff08abe6302d;1;1;;1;;;22;1789693234
5110;Office Candle;71650;Office Candle;4837342a67beb3b76b64597921cadd8e;1;1;;1;;;22;1789693234
5111;Office Clock;71644;Office Clock;1cd3235c9cedbdcc61ce944ecd825c00;1;1;;1;;;22;1789693234
5112;Office Sofa;71647;Office Sofa;52e9c2e75453545b934140e8cfef2ae0;1;1;;1;;;22;1789693234
5113;Office Chair;71651;Office Chair;faf3806164197a600f179326cc45fb71;1;1;;1;;;22;1789693234
5114;Office Toilet;71648;Office Toilet;ac985454bd91f0072c22ca4cfd913c0a;1;1;;1;;;22;1789693234
5115;Office Lamp;71654;Office Lamp;12c02f6ae84c492738bcee1fbb5c5355;1;1;;1;;;22;1789693234
5116;Office Lantern;71655;Office Lantern;744927788c70c688aad0c619c44b3a41;1;1;;1;;;22;1789693234
5117;Office Table;71657;Office Table;f056f692da0e2f388b2f46cd6b1d4ab9;1;1;;1;;;22;1789693234
5118;Spike furniture;71664;Spike furniture;ab22179c508005db7fb6ef4fe20fc0b0;1;1;;1;;;22;1789693234
5120;Office Sink;71656;Office Sink;064f8089ec1ae4f5399aacfe38534942;1;1;;1;;;22;1789693234
5122;Office Chest;71652;Office Chest;58db4fcd4397abb8a6e53596c624f6c7;1;1;;1;;;22;1789693234
5123;Jellyfish furniture;71670;Jellyfish furniture;f4b8f5b4385e407609c8ce41e123cd12;1;1;;1;;;22;1789693234
5124;1.4.5.2;71671;1.4.5.2;559ca712065566c99cca0c7e50646418;1;1;;1;;;22;1789693234
5125;Forbidden furniture;71667;Forbidden furniture;3f5cc48da54f932115d928b9137fd9cf;1;1;;1;;;22;1789693234
5126;Jellyfish Chandelier;71672;Jellyfish Chandelier;690d7dfa19a9c2952b2d40c1a34eb200;1;1;;1;;;22;1789693234
5127;Office Door;71653;Office Door;316b821747b60bdad13a68b4f5f61c64;1;1;;1;;;22;1789693234
5128;Forbidden Chandelier;71673;Forbidden Chandelier;0ad1e4b91949ceab3ddae68e528198c6;1;1;;1;;;22;1789693234
5129;Crimtane Chandelier;71676;Crimtane Chandelier;c79044346f0f2571a0ed9d149f38bab5;1;1;;1;;;22;1789693234
5130;Feywood Chandelier;71678;Feywood Chandelier;68d0bf2eac7cc9f130c539fec3292509;1;1;;1;;;22;1789693234
5131;Spike Chandelier;71679;Spike Chandelier;1e5fbea2656e46ede571fa2d67efb184;1;1;;1;;;22;1789693234
5132;Cloud Chandelier;71680;Cloud Chandelier;ef2eaccde0dfa7284667111283bf0808;1;1;;1;;;22;1789693234
5133;Fallen Star Chandelier;71681;Fallen Star Chandelier;59989664834d1c0f6beca2bbadd76027;1;1;;1;;;22;1789693235
5135;Pine Chandelier;71683;Pine Chandelier;48e59aa3b7d501d2c0f1d12d56e0631a;1;1;;1;;;22;1789693235
5136;Chlorophyte Visor;71690;Chlorophyte Visor;aca2980634771ebbb55232d4904d91d9;1;1;;1;;;22;1789693235
5137;Slasher's Mysterious Skull;71689;Slasher's Mysterious Skull;4bc1ff94ec7c40eb19d35da4c04fdae1;1;1;;1;;;22;1789693235
5138;Fallen Star Piano;71692;Fallen Star Piano;2ccc7adc651e3a275936aaac5d048a31;1;1;;1;;;22;1789693235
5139;Stone Chandelier;71677;Stone Chandelier;b74f2962a415bd14587fedc45df77a0b;1;1;;1;;;22;1789693235
5140;Magic Yoyo Bag;71694;Magic Yoyo Bag;6f79eeaaf20422a2e700cc26539d82b2;1;1;;1;;;22;1789693235
5142;Pretty Mirror;71696;Pretty Mirror;3dfc3eab97c674b4b2b84d9a06e8bee8;1;1;;1;;;22;1789693235
5143;Film Projector;71700;Film Projector;fad98200814b92ee586dfb0d81af84e9;1;1;;1;;;22;1789693235
5144;Sandy britches;71697;Sandy britches;baa2d572fc68b697b2c7a3c8a3317f95;1;1;;1;;;22;1789693235
5145;Purify this;71699;Purify this;aae8b4078fdbbb5112a57aa9070f1c7c;1;1;;1;;;22;1789693235
5147;CRT Monolith;71702;CRT Monolith;58eed9b7a6c2cf6d95aa97ed92da8cb7;1;1;;1;;;22;1789693235
5148;Hallowed Brick;71703;Hallowed Brick;0aa2752b61ec8ceb6e924f9e22183561;1;1;;1;;;22;1789693235
5149;Retro Monolith;71701;Retro Monolith;4831d3d2602bfef1eec715cb74cf9795;1;1;;1;;;22;1789693235
5150;The Imploder;71705;The Imploder;11f177e4590ef34170b1140033858880;1;1;;1;;;22;1789693235
5151;Hallowed Brick Wall;71704;Hallowed Brick Wall;dd782558cb225bc09bf67365a7096e42;1;1;;1;;;22;1789693235
5153;Sharp Spike Block;71708;Sharp Spike Block;a7d7bc9bc6720ddb0a27910153cd208b;1;1;;1;;;22;1789693235
5154;Pink Banner;71709;Pink Banner;17b2efb7871e57c7031b20fd429bf8e1;1;1;;1;;;22;1789693235
5155;Snow Chandelier;71706;Snow Chandelier;1d9da506d18298f8f9c04fd96fa3cd68;1;1;;1;;;22;1789693235
5156;White Banner;71710;White Banner;2ca5db7b3073a2b34eb254001af2557b;1;1;;1;;;22;1789693236
5157;Lava Cloud;71711;Lava Cloud;ed65d7d8e7b4995784025de0e7112983;1;1;;1;;;22;1789693236
5158;Star Cloud;71712;Star Cloud;6541d65b702ce835b37888885566fca5;1;1;;1;;;22;1789693236
5159;Aether Pylon;71714;Aether Pylon;0699e97aa599edbcd81513216ed157d1;1;1;;1;;;22;1789693236
5160;Gothic Brick Wall;71715;Gothic Brick Wall;bff2df4253b1221bb8fbda7aaaed8ba1;1;1;;1;;;22;1789693236
5161;Spike Wall;71724;Spike Wall;7f674b5a42e9cc5a58817f4ba6957b23;1;1;;1;;;22;1789693236
5162;Jellyfish Wall;71716;Jellyfish Wall;66bf46a926abe9da09e31319bdedf482;1;1;;1;;;22;1789693236
5163;Spike Toilet;71733;Spike Toilet;5a570f4a7eb4028f16c4dd49ec41beba;1;1;;1;;;22;1789693237
5164;The Beheaded's set;71726;The Beheaded's set;2c8d212a2de42ba89e0e7f06f59aebbd;1;1;;1;;;22;1789693236
5165;Spike Sofa;71734;Spike Sofa;6a08f74d73aad5a31fae9e309a74f418;1;1;;1;;;22;1789693237
5166;Spike Piano;71735;Spike Piano;89af2a2bcc11760d75e809acd720b48a;1;1;;1;;;22;1789693237
5167;Spike Dresser;71736;Spike Dresser;c42ae60df94fa2fb1cac1a36c7836b23;1;1;;1;;;22;1789693237
5168;Spike Bookcase;71739;Spike Bookcase;208c1841d27eb826962a917b6e9c2302;1;1;;1;;;22;1789693237
5169;The Beheaded's Head;71737;The Beheaded's Head;6498b1f878dc362e7dee06dcf00c3f6e;1;1;;1;;;22;1789693237
5170;Spike Clock;71738;Spike Clock;f9883932a9c8f2acd2bc90f2bb201e0d;1;1;;1;;;22;1789693237
5171;Spike Bed;71740;Spike Bed;2a12c432ab812a33b17f96ef4ca2e399;1;1;;1;;;22;1789693237
5172;The Beheaded's Trousers;71743;The Beheaded's Trousers;cecf904b44f9bb209475635445c60bde;1;1;;1;;;22;1789693237
5173;The Beheaded's Cuirass;71742;The Beheaded's Cuirass;697fab80192bacd1565609edd3c20608;1;1;;1;;;22;1789693237
5174;Hallowed Crown;71744;Hallowed Crown;12a00906c364dd36ea3148c506de3fec;1;1;;1;;;22;1789693237
5175;Spike Bathtub;71741;Spike Bathtub;d64963f903fc0c438e6965c4d5bd4473;1;1;;1;;;22;1789693237
5176;Meteorite Toilet;71751;Meteorite Toilet;6da0f1e15e7d71facea18fde2a0943a7;1;1;;1;;;22;1789693237
5178;Vicious Bunny Kite;71752;Vicious Bunny Kite;c6d48570fb95392994a07a1b5e30b26b;1;1;;1;;;22;1789693237
5179;Owl (mimic);71761;Owl (mimic);ebcd97dafed840844974ba6c3808611d;1;1;;1;;;22;1789693237
5180;The Sea of Silence;71766;The Sea of Silence;96efb1001d96e7f4ff0518089871c80c;1;1;;1;;;22;1789693237
5181;Heroes From Another World;71767;Heroes From Another World;ab2e4ffb6a4062bea32d6c61de05d223;1;1;;1;;;22;1789693238
5182;Crystallize;71768;Crystallize;3b55d02fa40e3579e71df5ee7c87abf0;1;1;;1;;;22;1789693238
5183;Winter At Varingskollen;71771;Winter At Varingskollen;a94154dc90b70654ffca5927e49fa016;1;1;;1;;;22;1789693238
5184;Eater Of Life;71769;Eater Of Life;da1e303f01e5a96efbc1a97dac9fb2bf;1;1;;1;;;22;1789693238
5185;The Runic Pixie;71773;The Runic Pixie;39b748541ea07bd6bf0354c76d8076ff;1;1;;1;;;22;1789693238
5186;Of Sea and Dreams;71772;Of Sea and Dreams;c396d2e9c6dddb9a5ef464e9efe78c67;1;1;;1;;;22;1789693238
5187;Stickman vs Terr Terr;71775;Stickman vs Terr Terr;16c4588e821772fedffc318880cb1ff2;1;1;;1;;;22;1789693238
5188;Banner of the Beast;71774;Banner of the Beast;32b6c53162c859675485b4bab3a3ad11;1;1;;1;;;22;1789693238
5189;Dark Forebodings;71779;Dark Forebodings;159c7cc0fd0a00b89d8d2f6e6cf8dcd7;1;1;;1;;;22;1789693238
5190;Cozy Window;71776;Cozy Window;f16ffa1b3ab65f728b7c670bf1219056;1;1;;1;;;22;1789693238
5191;Oktober;71780;Oktober;43f11a7e230c388aec20d207d4e23014;1;1;;1;;;22;1789693238
5192;R/Terraria 2023;71777;R/Terraria 2023;a90ddd1dcaa0abb4671a7594764da64c;1;1;;1;;;22;1789693238
5193;Bould and Bash;71778;Bould and Bash;b819c29f9ce9e1f543a49399f9c52d96;1;1;;1;;;22;1789693238
5194;Kaguya;71782;Kaguya;965d238f87fedfb2ad535bc591b6b7d2;1;1;;1;;;22;1789693238
5195;It's Scragglin' Time;71781;It's Scragglin' Time;6950477f874ba414758ef12692e54d81;1;1;;1;;;22;1789693238
5196;Prost;71783;Prost;6faa2889365cc699fb30d6818ecf5127;1;1;;1;;;22;1789693238
5197;Queen of Bees;71785;Queen of Bees;80c77d604c8d1c779a9cc3da920173f1;1;1;;1;;;22;1789693239
5198;Faecorn;71790;Faecorn;7cea4d3a43ffc3e041504769bf7857c1;1;1;;1;;;22;1789693239
5199;Pal Metal set;71788;Pal Metal set;1663d09e9cbc0014a6ea581d14bdfbb0;1;1;;1;;;22;1789693239
5200;Remix (item);71784;Remix (item);74046b08a6e01c506bed8ae56ee71d92;1;1;;1;;;22;1789693239
5201;Dull Team Blocks;71791;Dull Team Blocks;a85f404d0fc8a0088271471e1c6ad5ae;1;1;;1;;;22;1789693239
5202;Hemorrhage;71795;Hemorrhage;555f9fa2c98107886d006edf2633ebc8;1;1;;1;;;22;1789693239
5203;Crimtane Work Bench;71841;Crimtane Work Bench;c522b2cf63fd280960acae9d86d092aa;1;1;;1;;;22;1789693239
5204;Demonite Work Bench;71840;Demonite Work Bench;e85bedfa208d1dedd56e639345878f55;1;1;;1;;;22;1789693239
5205;Puffer Shrimp;71789;Puffer Shrimp;382cfcb1a37b254f0b86bdb9cf455467;1;1;;1;;;22;1789693239
5206;Pine Wood;71815;Pine Wood;3a96d3de7a342d956ab9d0ddfc37dbb1;1;1;;1;;;22;1789693239
5207;Fallen Star Work Bench;71842;Fallen Star Work Bench;322f9afb2443ae5d153fae475bb81fb1;1;1;;1;;;22;1789693239
5208;Hallowed Work Bench;71844;Hallowed Work Bench;839e27b0251bc07cecda8b60115a9669;1;1;;1;;;22;1789693239
5209;Forbidden Work Bench;71843;Forbidden Work Bench;5901cf6742046e61f7650097180658e6;1;1;;1;;;22;1789693239
5210;Jellyfish Work Bench;71845;Jellyfish Work Bench;4c1ec2314a2c1d0dcf703a6477972fe4;1;1;;1;;;22;1789693239
5212;Spike Work Bench;71846;Spike Work Bench;e071c401de34afda5e71cc2bd7d49a62;1;1;;1;;;22;1789693239
5213;Pine Work Bench;71848;Pine Work Bench;30987ddfc8bec2dada9d2209802793ed;1;1;;1;;;22;1789693239
5214;Aetherium Bathtub;71849;Aetherium Bathtub;7a6f8645693d6cc226d141058daf9439;1;1;;1;;;22;1789693239
5215;Easter Bathtub;71852;Easter Bathtub;d8fa0b9b28d439917c0459f4caea5b73;1;1;;1;;;22;1789693239
5216;Demonite Bathtub;71851;Demonite Bathtub;104bce3e664b1be12d6353ba3dc19227;1;1;;1;;;22;1789693239
5217;Fallen Star Bathtub;71853;Fallen Star Bathtub;a678c87eac09aa0a5b36b7b3ceb50ae8;1;1;;1;;;22;1789693240
5218;Crimtane Bathtub;71850;Crimtane Bathtub;6d4a618abf2c5e037182eedbbe7222a5;1;1;;1;;;22;1789693240
5219;Forbidden Bathtub;71854;Forbidden Bathtub;5b9a71416ae7d42c0d67579f8e104240;1;1;;1;;;22;1789693240
5220;Hallowed Bathtub;71855;Hallowed Bathtub;cba16f5252b9e2e96af251e51b183b6b;1;1;;1;;;22;1789693240
5221;Pine Bathtub;71857;Pine Bathtub;a450af857f6c700fe773d7af78fd42b3;1;1;;1;;;22;1789693240
5222;Aetherium Bed;71858;Aetherium Bed;044f998da6d76204e919545bafca7d74;1;1;;1;;;22;1789693240
5223;Jellyfish Bathtub;71856;Jellyfish Bathtub;b8630d6e2fb61325cd1905884628b135;1;1;;1;;;22;1789693240
5224;Crimtane Bed;71859;Crimtane Bed;98948d6bdb31d59ecc3beb392f2ba372;1;1;;1;;;22;1789693240
5225;Easter Bed;71861;Easter Bed;c7c97a8c322575030d2b38694e6f0eca;1;1;;1;;;22;1789693240
5226;Demonite Bed;71860;Demonite Bed;ab4f723f854d553252cbbff67d2d2067;1;1;;1;;;22;1789693240
5227;Jellyfish Bed;71865;Jellyfish Bed;abbd1a8355d1d60141c0eb3680f17437;1;1;;1;;;22;1789693240
5228;Pine Bed;71866;Pine Bed;593468d913af6698c2461739b9790a18;1;1;;1;;;22;1789693240
5230;Forbidden Bed;71863;Forbidden Bed;6958c983ae47606bf9a6159263e537c0;1;1;;1;;;22;1789693240
5231;Hallowed Bed;71864;Hallowed Bed;f8b3b790afcd78ccb2d16f6b0832fb94;1;1;;1;;;22;1789693240
5233;Fallen Star Bed;71862;Fallen Star Bed;49f5e52621328afc74705646e9ee3726;1;1;;1;;;22;1789693240
5240;Easter Chest;71879;Easter Chest;39a78d02f2ca786ba466a6a4b9d6b05c;1;1;;1;;;22;1789693241
5241;Crimtane Chest;71877;Crimtane Chest;ba61b5e343819655c9ee30e1b3ee9463;1;1;;1;;;22;1789693241
5242;Demonite Chest;71878;Demonite Chest;2c5c3cd1a0c33397f91de1b729cf07e6;1;1;;1;;;22;1789693241
5243;Fancy Hallowed Chest;71881;Fancy Hallowed Chest;5e7dae3ed7162374e6834a4b8aa0e7d3;1;1;;1;;;22;1789693241
5245;Fallen Star Chest;71880;Fallen Star Chest;46c87052cddee3dad9a4fa307ca3da3d;1;1;;1;;;22;1789693241
5246;Forbidden Chest;71883;Forbidden Chest;e9d12d96d9fffed9fe79b82eac2a497c;1;1;;1;;;22;1789693241
5247;Flinx Fur Chest;71882;Flinx Fur Chest;93bbab5d59ddf14190f64d288d3d751a;1;1;;1;;;22;1789693241
5248;Pine Chest;71885;Pine Chest;0e6f6c29a379fad99fded9789702dcbb;1;1;;1;;;22;1789693241
5249;Jellyfish Chest;71884;Jellyfish Chest;984ee5dcd485bb939218c9a5a24ce243;1;1;;1;;;22;1789693241
5250;Duskware Chest;71888;Duskware Chest;83ec6b54187918429b0fb9cb8662b690;1;1;;1;;;22;1789693241
5251;Harpy Chest;71887;Harpy Chest;c87e1a710012f73b49ec771113d16e02;1;1;;1;;;22;1789693241
5252;Cloud Chest;71889;Cloud Chest;e738c2910c05c5274f8bbab313357e42;1;1;;1;;;22;1789693241
5253;Spike Chest;71886;Spike Chest;08c7b00c4870c7c1f34d1a2e44fbf7d0;1;1;;1;;;22;1789693241
5254;Feywood Chest;71890;Feywood Chest;b9b2abad5b065e77eca7eaa1011ad1a4;1;1;;1;;;22;1789693241
5255;Librarian Chest;71892;Librarian Chest;2fa97d16f80c803f5cdf1d80db1b36d4;1;1;;1;;;22;1789693241
5256;Trapped Aetherium Chest;71894;Trapped Aetherium Chest;aa21e752d4f2c2d41df14a5544afd088;1;1;;1;;;22;1789693241
5257;Gothic Chest;71893;Gothic Chest;e6c3ab4050f25a3cf6d2b579424c56a4;1;1;;1;;;22;1789693241
5258;Snow Chest;71891;Snow Chest;893f51fdd8dbeeb4a080381f8ca178de;1;1;;1;;;22;1789693241
5259;Trapped Cloud Chest;71895;Trapped Cloud Chest;cfff17d71af1b7da7bfdde17ae591aff;1;1;;1;;;22;1789693241
5260;Trapped Gothic Chest;71898;Trapped Gothic Chest;1bff807d49193c5c4c5552c34b9aa13c;1;1;;1;;;22;1789693241
5261;Trapped Feywood Chest;71897;Trapped Feywood Chest;303cde7cdb57002458ca32c0b31434e3;1;1;;1;;;22;1789693241
5262;Trapped Harpy Chest;71899;Trapped Harpy Chest;6cc8adff389fc8c1815c4c5002028910;1;1;;1;;;22;1789693241
5263;Trapped Duskware Chest;71896;Trapped Duskware Chest;b62affdd14e7a508af7d643c96508439;1;1;;1;;;22;1789693241
5264;Trapped Librarian Chest;71900;Trapped Librarian Chest;a3c67ea2e4e7caa1f4672738156fcba6;1;1;;1;;;22;1789693241
5265;Trapped Stone Chest;71902;Trapped Stone Chest;d40c2beba2701bcc12794e313e9339fb;1;1;;1;;;22;1789693242
5266;Pine Bookcase;71914;Pine Bookcase;6b8566740ba4e462816c05bdb90eaded;1;1;;1;;;22;1789693242
5267;Trapped Snow Chest;71901;Trapped Snow Chest;30274c9a3504da6b7909a254357f056a;1;1;;1;;;22;1789693242
5269;Jellyfish Bookcase;71915;Jellyfish Bookcase;4317a99068933232221a58c343406e0a;1;1;;1;;;22;1789693242
5270;Forbidden Bookcase;71917;Forbidden Bookcase;39592029479923c4035aa5237a198776;1;1;;1;;;22;1789693242
5271;Fallen Star Bookcase;71918;Fallen Star Bookcase;380fc2ee4f6c23a2966ea4cc17f1b6a6;1;1;;1;;;22;1789693242
5272;Hallowed Bookcase;71916;Hallowed Bookcase;28155910ebb3f8db725d28304c94158a;1;1;;1;;;22;1789693242
5273;Crimtane Bookcase;71921;Crimtane Bookcase;d8c521e3a58ac54b1179e118293a00cb;1;1;;1;;;22;1789693242
5275;Demonite Bookcase;71920;Demonite Bookcase;56cb0a04e218b925553814332d46108b;1;1;;1;;;22;1789693242
5276;Moon Lord Torso;71922;Moon Lord Torso;f0dd3e0394b7795f8271191673609cb8;1;1;;1;;;22;1789693242
5277;Crimtane Clock;71924;Crimtane Clock;e0e1d7aa109fc2f77cdcc018e35f15cc;1;1;;1;;;22;1789693242
5278;Demonite Clock;71925;Demonite Clock;bab312a26f473bf490c794ac17b72c7c;1;1;;1;;;22;1789693242
5279;Easter Bookcase;71919;Easter Bookcase;40be89ab6773d16f9a74b1d44ec1fc87;1;1;;1;;;22;1789693242
5280;Fallen Star Clock;71926;Fallen Star Clock;3cad23670da5a41ca92701bda94dfae4;1;1;;1;;;22;1789693242
5281;Hallowed Clock;71928;Hallowed Clock;07b8b54e4e6182c11afe35181780451c;1;1;;1;;;22;1789693242
5282;Forbidden Clock;71927;Forbidden Clock;e2474c6e231c4975a52ad6da1565d802;1;1;;1;;;22;1789693242
5283;Pine Clock;71930;Pine Clock;7352ac0c1198b086ac56eea2e227f8c2;1;1;;1;;;22;1789693242
5285;Crimtane Dresser;71932;Crimtane Dresser;5bc3875672c9197375b68df6f7dca3c1;1;1;;1;;;22;1789693242
5286;Demonite Dresser;71933;Demonite Dresser;beebc3a0a0739820a7186a256457f667;1;1;;1;;;22;1789693242
5287;Forbidden Dresser;71936;Forbidden Dresser;a8c06a59d3c4696e4eff4343cc6a8b8d;1;1;;1;;;22;1789693242
5288;Fallen Star Dresser;71935;Fallen Star Dresser;789bd5f288ba3fc68de607fca8a3a5a4;1;1;;1;;;22;1789693242
5289;Jellyfish Clock;71929;Jellyfish Clock;6c0a4a869aaad4993bc57562fcc7c79a;1;1;;1;;;22;1789693242
5290;Hallowed Dresser;71937;Hallowed Dresser;9fc8c17a980cecaf7f48bb395d82d39d;1;1;;1;;;22;1789693242
5291;Jellyfish Dresser;71938;Jellyfish Dresser;701dc261a616b4ba1e3b2f2f07b5cb02;1;1;;1;;;22;1789693242
5292;Easter Dresser;71934;Easter Dresser;a96455933417d9b967bfe99a65a99b3c;1;1;;1;;;22;1789693242
5293;Pine Dresser;71939;Pine Dresser;a90a5ffaac50d0157baacdcaa08fb8b7;1;1;;1;;;22;1789693242
5294;Crimtane Piano;71941;Crimtane Piano;39d0168a393de26627ad3e9205d87d32;1;1;;1;;;22;1789693242
5296;Demonite Piano;71942;Demonite Piano;993ad288f38509c122b90985f4663b44;1;1;;1;;;22;1789693242
5297;Easter Piano;71943;Easter Piano;efe30d5e4c3077248e1e2cdd280dfb14;1;1;;1;;;22;1789693242
5298;Forbidden Piano;71944;Forbidden Piano;00d523652cbe8ac7c458179fabde4187;1;1;;1;;;22;1789693243
5299;Jellyfish Piano;71946;Jellyfish Piano;98598f15e68c2f25fc6febf47d8bc0dd;1;1;;1;;;22;1789693243
5301;Hallowed Piano;71945;Hallowed Piano;50275671225650f8c4ee9e78f6b2fdba;1;1;;1;;;22;1789693243
5302;Crimtane Sofa;71949;Crimtane Sofa;140fd0da6d37aea1c8870bd96bb47fd2;1;1;;1;;;22;1789693243
5303;Pine Piano;71947;Pine Piano;f30794d59941073d3f1e6254be16066f;1;1;;1;;;22;1789693243
5304;Demonite Sofa;71950;Demonite Sofa;ba75f5ff0502d5c13c0b09e87bb969e9;1;1;;1;;;22;1789693243
5305;Easter Sofa;71951;Easter Sofa;7803cc98db01ac1b34af28ad8d943f75;1;1;;1;;;22;1789693243
5306;Fallen Star Sofa;71952;Fallen Star Sofa;18e1eff4562628883b8815c7ef218ac5;1;1;;1;;;22;1789693243
5307;Forbidden Sofa;71953;Forbidden Sofa;2fa7fd280249633eb76c7ea6c81e77e1;1;1;;1;;;22;1789693243
5308;Jellyfish Sofa;71955;Jellyfish Sofa;14df0bc41cb099cab28d5298691a205e;1;1;;1;;;22;1789693243
5309;Hallowed Sofa;71954;Hallowed Sofa;579561f0b32f04e0118e4eccc3936924;1;1;;1;;;22;1789693243
5310;Pine Sofa;71956;Pine Sofa;ddf3f8ccafa3933a514581c2791d567d;1;1;;1;;;22;1789693243
5314;Chicken Bones' set;71962;Chicken Bones' set;8dea7c56fa64e8af2672f0b4e325b74a;1;1;;1;;;22;1789693243
5315;Crimtane Toilet;71964;Crimtane Toilet;7edfa4362dd64909398febc4dae3e8de;1;1;;1;;;22;1789693243
5316;Demonite Toilet;71965;Demonite Toilet;6c6a2f5fe1af1103554cef3bb2b46ce0;1;1;;1;;;22;1789693243
5317;Forbidden Toilet;71968;Forbidden Toilet;9ad52baaed41511feeea2a69b0941a92;1;1;;1;;;22;1789693243
5318;Hallowed Toilet;71969;Hallowed Toilet;aa012544d1bbf0fbbe4e02811b3113e7;1;1;;1;;;22;1789693243
5319;Easter Toilet;71966;Easter Toilet;4912d1eaa4d79f9c7c71727221045245;1;1;;1;;;22;1789693243
5320;Jellyfish Toilet;71970;Jellyfish Toilet;b2c52462c534d3b9f99612bb0d36a82e;1;1;;1;;;22;1789693243
5321;Pine Toilet;71971;Pine Toilet;f75860835751e1093e57b997bdfab108;1;1;;1;;;22;1789693243
5322;Easter Clock;71972;Easter Clock;3f2a1a60400280d748af0f832682a9e7;1;1;;1;;;22;1789693243
5323;Fallen Star Toilet;71967;Fallen Star Toilet;4d2da395f2f7abcfcd190883d9eccaa7;1;1;;1;;;22;1789693243
5324;Chicken Bones' Vest;71975;Chicken Bones' Vest;ac76e9c76665d620ab53007f8b6f1293;1;1;;1;;;22;1789693243
5325;Chicken Bones' Pants;71976;Chicken Bones' Pants;29fc9d89c1bbabddc8bfc8aef445cb6b;1;1;;1;;;22;1789693243
5326;Chippy's Helmet;71981;Chippy's Helmet;2186174a3ca7146112fa0d366aaffc46;1;1;;1;;;22;1789693244
5327;Chippy's set;71982;Chippy's set;03d2834e3ef02b1e0f103000fb075c45;1;1;;1;;;22;1789693244
5328;Chicken Bones' Visor;71974;Chicken Bones' Visor;8740a0e26c0f1ab73eb336a95fbea179;1;1;;1;;;22;1789693244
5329;Chicken Bones' Robe;71977;Chicken Bones' Robe;1e466238c20b72e009289aca96fee4b1;1;1;;1;;;22;1789693244
5330;Chippy's Headband;71986;Chippy's Headband;e9ad8c35046b820e3a962ce781e21319;1;1;;1;;;22;1789693244
5331;Chippy's Cloak;71985;Chippy's Cloak;6540b2277964c6b9c8e171ad4405ce3f;1;1;;1;;;22;1789693244
5332;Party Roller Skates;71989;Party Roller Skates;04abc92784da2584df79cf6746ffc9d2;1;1;;1;;;22;1789693244
5333;Chippy's Chestplate;71984;Chippy's Chestplate;42e17c4a076cf14ec5e8a7db0dade6dd;1;1;;1;;;22;1789693244
5334;Chippy's Greaves;71983;Chippy's Greaves;42edee11cfa3ad6e32f091f927f1c742;1;1;;1;;;22;1789693244
5336;Green Roller Skates;71991;Green Roller Skates;1afde207bd0c83295e4d1c8edcc1367d;1;1;;1;;;22;1789693244
5337;Blue Roller Skates;71994;Blue Roller Skates;76bcd0a8798ade04083bc5647fa6aa8b;1;1;;1;;;22;1789693244
5338;Classic Roller Skates;71990;Classic Roller Skates;c9d4b156a4613d598e4f51294237892c;1;1;;1;;;22;1789693244
5339;Blue Bikini Bottom;71999;Blue Bikini Bottom;951d3d70f301156ad3df20062010f2b6;1;1;;1;;;22;1789693244
5341;Red Swimsuit;72001;Red Swimsuit;6d93b9c0384e6dd38af2951a1dd01ed4;1;1;;1;;;22;1789693244
5342;Blue Bikini Top;71998;Blue Bikini Top;55b57546448d2952ac43b954f58b76aa;1;1;;1;;;22;1789693244
5343;Green Swimshorts;72002;Green Swimshorts;116428483f48e6e10a30ac6d5d9e2248;1;1;;1;;;22;1789693244
5344;Gray Swimshorts;72003;Gray Swimshorts;ab9e1d99822253c92c593a868ab04b6c;1;1;;1;;;22;1789693244
5345;Heroicis' Coat;72006;Heroicis' Coat;63f50fc4c76e5535c5533eb20b4ac356;1;1;;1;;;22;1789693244
5346;Heroicis' Pants;72007;Heroicis' Pants;d2661713b4003bca7ea145130544b296;1;1;;1;;;22;1789693244
5347;Heroicis' Hat;72005;Heroicis' Hat;ddd5a48d02ca223acc62d129ac18a9e7;1;1;;1;;;22;1789693244
5348;Heroicis' set;72008;Heroicis' set;2cffd5ac28fcf94e87230bb6ba028706;1;1;;1;;;22;1789693244
5349;Blue Bikini set;72000;Blue Bikini set;b33840bf602fda37fc6cb34418d5a46c;1;1;;1;;;22;1789693244
5350;Lilac Dusk Hairclip;72011;Lilac Dusk Hairclip;5de179b8b6b2d06f875622001d3c70d2;1;1;;1;;;22;1789693244
5351;Lilac Dusk Dress;72012;Lilac Dusk Dress;40fa771782bb9158496e568eb20732b3;1;1;;1;;;22;1789693244
5352;Lilac Dusk Skirt;72013;Lilac Dusk Skirt;ecbd1525c126cb049adabe21a7bd8ddc;1;1;;1;;;22;1789693245
5353;Kazzymodus' Chestpiece;72015;Kazzymodus' Chestpiece;ca3cdc9fd70c9a853f8bef3b01cbca23;1;1;;1;;;22;1789693245
5354;Kazzymodus' Hood;72014;Kazzymodus' Hood;8a9f1eb6b6938f37be4ce93a53067880;1;1;;1;;;22;1789693245
5355;Kazzymodus' Leggings;72016;Kazzymodus' Leggings;b6b385872b8d3de091dd49808f85ca6d;1;1;;1;;;22;1789693245
5356;Kazzymodus' set;72018;Kazzymodus' set;ad26836201ed820a2310a65ae871f4c2;1;1;;1;;;22;1789693245
5357;Pal Metal Chestplate;72020;Pal Metal Chestplate;d8a6123ba86548554777e92075f25fc5;1;1;;1;;;22;1789693245
5358;Swarm Biter;72022;Swarm Biter;04b45cea5a46c65cb526b254c65bd3fc;1;1;;1;;;22;1789693245
5359;Pal Metal Leggings;72021;Pal Metal Leggings;2a50ccecf0bcff709c6c29e9911f6726;1;1;;1;;;22;1789693245
5360;Luna's Runic Pixie Hood;72024;Luna's Runic Pixie Hood;65a1af5210cdd25895a565316bd948cc;1;1;;1;;;22;1789693245
5361;Luna's Runic Pixie Pants;72026;Luna's Runic Pixie Pants;e12b85a9c135855d4f79aa681a7445a3;1;1;;1;;;22;1789693245
5362;Luna's Runic Pixie Cloak;72025;Luna's Runic Pixie Cloak;88143f120f676465d2c48ceaeceb21b0;1;1;;1;;;22;1789693245
5363;Luna's Runic Pixie Shirt;72027;Luna's Runic Pixie Shirt;1dcc2a777e7c5696a398b393c52146e9;1;1;;1;;;22;1789693245
5364;Toybreaker Brick;72031;Toybreaker Brick;7888e4343143382f1151047898d16743;1;1;;1;;;22;1789693245
5365;Luna's set;72028;Luna's set;f25deff0bc00abe72fe70b863c5169af;1;1;;1;;;22;1789693245
5366;Torch Blessing;72037;Torch Blessing;0dd2721732134a86c45a04300d5460bc;1;1;;1;;;22;1789693245
5375;Cloud Work Bench;72049;Cloud Work Bench;827f3c1e210fa850756e327a10fdbf40;1;1;;1;;;22;1789693246
5376;Cloud Toilet;72050;Cloud Toilet;d6dddc40e20e43d26e0f913f16aac6d9;1;1;;1;;;22;1789693246
5377;Cloud Table;72051;Cloud Table;eb5041e62b40ba8c8a36e1099ae64d61;1;1;;1;;;22;1789693246
5378;Cloud Sofa;72052;Cloud Sofa;61ab107f34f81b18fae36282eb7c50f3;1;1;;1;;;22;1789693246
5379;Cloud Sink;72053;Cloud Sink;d4afc5dc02d28569a3a4c1407ba4015c;1;1;;1;;;22;1789693247
5380;Cloud Piano;72054;Cloud Piano;fc6a5313b58eac38dc038661900f38f7;1;1;;1;;;22;1789693247
5381;Cloud Lantern;72055;Cloud Lantern;d36a23b1644b52973b1f8f2b1bbe1c2c;1;1;;1;;;22;1789693247
5382;Cloud Lamp;72056;Cloud Lamp;4f364aed68d75f51acd44bf6b26c4dac;1;1;;1;;;22;1789693247
5383;Cloud Dresser;72057;Cloud Dresser;8548a8871eb7e8dd1bd7b35d29e63fa5;1;1;;1;;;22;1789693247
5384;Cloud Door;72058;Cloud Door;03b09a5d4281ab7eb3bcfa1543b99b50;1;1;;1;;;22;1789693247
5385;Cloud Clock;72059;Cloud Clock;acc40b415a45f04f3673377f02d7f9f6;1;1;;1;;;22;1789693247
5386;Cloud Chair;72060;Cloud Chair;013f3aa4d2820b7ac10ad4574bdaa9b2;1;1;;1;;;22;1789693247
5387;Cloud Candle;72061;Cloud Candle;9d8807934a55f22106faa159a18a7cac;1;1;;1;;;22;1789693247
5388;Cloud Candelabra;72062;Cloud Candelabra;e3d61f81aa65e3de17052175501f492f;1;1;;1;;;22;1789693247
5389;Cloud Bookcase;72063;Cloud Bookcase;a335d41f40cca36b6accdd7dd62ca37c;1;1;;1;;;22;1789693247
5390;Cloud Bed;72064;Cloud Bed;f95285afc05f955f0540fa859d85f95e;1;1;;1;;;22;1789693247
5391;Cloud Bathtub;72065;Cloud Bathtub;98fb1b5fd9b3b255d6856c715a616332;1;1;;1;;;22;1789693247
5392;Feywood Bathtub;72066;Feywood Bathtub;635321eb5144e75e9aa11620ab43e319;1;1;;1;;;22;1789693247
5393;Feywood Bed;72067;Feywood Bed;5f589ba49a69de1abb07bbd5f2474398;1;1;;1;;;22;1789693247
5394;Feywood Candle;72070;Feywood Candle;35dd837cee6a89326bf6099f4f61a5df;1;1;;1;;;22;1789693247
5395;Feywood Bookcase;72068;Feywood Bookcase;30b5b22b7e7ea4113768994f8e3513fc;1;1;;1;;;22;1789693248
5396;Feywood Candelabra;72069;Feywood Candelabra;e3d2193da991e8f35ae1ab6fe3738caa;1;1;;1;;;22;1789693248
5397;Feywood Chair;72071;Feywood Chair;005b4e16f56cb8c92eedca5f7f778bad;1;1;;1;;;22;1789693248
5398;Feywood Door;72073;Feywood Door;06cc79a7dbddba5c561b567216bad6e2;1;1;;1;;;22;1789693248
5399;Feywood Dresser;72074;Feywood Dresser;42d7a695c47d5977022a76c4c25110fe;1;1;;1;;;22;1789693248
5400;Feywood Clock;72072;Feywood Clock;1756453fc00ab4c75517d05a6c1a74af;1;1;;1;;;22;1789693248
5401;Feywood Lantern;72076;Feywood Lantern;92aeb20c57c85060903750a89fa9aa92;1;1;;1;;;22;1789693248
5402;Feywood Lamp;72075;Feywood Lamp;28446a2589737eb4652139c0872b77d3;1;1;;1;;;22;1789693248
5403;Feywood Piano;72077;Feywood Piano;152ed8300436e2d6489338743b0408e9;1;1;;1;;;22;1789693248
5404;Feywood Sofa;72079;Feywood Sofa;f927845e3e85049fa8802945c28136be;1;1;;1;;;22;1789693248
5405;Feywood Sink;72078;Feywood Sink;446a69fb571b974c9f1f8e3a3008631b;1;1;;1;;;22;1789693248
5406;Feywood Table;72080;Feywood Table;254eb93be2be5b72b7154f3b8f1d370e;1;1;;1;;;22;1789693248
5407;Feywood Work Bench;72082;Feywood Work Bench;7e58efad4826a7699e609be67dcd8190;1;1;;1;;;22;1789693248
5408;Feywood Toilet;72081;Feywood Toilet;20784e28007eb796cdbedaf09a282ffb;1;1;;1;;;22;1789693248
5409;Hallowed furniture;72083;Hallowed furniture;02eb825c4d9a1a264fe9d26bc9f82e7a;1;1;;1;;;22;1789693248
5410;Librarian furniture;72106;Librarian furniture;811b7c4c46052bb4a192bb1f6f0362c4;1;1;;1;;;22;1789693248
5411;Pine Tree Wall;72109;Pine Tree Wall;8cf8bc723e7a3b5ea36af456cf9878b2;1;1;;1;;;22;1789693248
5412;Harpy furniture;72107;Harpy furniture;61da15dbc60ebf76d18b0fe2f1e8b918;1;1;;1;;;22;1789693248
5413;Friendly Rainbow Boulder;72116;Friendly Rainbow Boulder;48f9c7d836aed077263d6d5ab717a3a8;1;1;;1;;;22;1789693248
5414;Hallowed Chandelier;72121;Hallowed Chandelier;93aab616d9926c196c90e2f97b17009d;1;1;;1;;;22;1789693248
5415;Pine Wood Wall;72111;Pine Wood Wall;36c9cb6ae9a12556d581dc7228cdddfa;1;1;;1;;;22;1789693248
5416;Hallowed Candle;72123;Hallowed Candle;a81220c87045500d9aa50ab9adf4113f;1;1;;1;;;22;1789693249
5417;Hallowed Candelabra;72122;Hallowed Candelabra;6a3f9f68c4a81928b90a15a43e870bd4;1;1;;1;;;22;1789693249
5418;Hallowed Chair;72124;Hallowed Chair;3bcb945a29427556a940e6f687da3ec5;1;1;;1;;;22;1789693249
5419;Hallowed Lamp;72125;Hallowed Lamp;a29643c40ee96e05d6740524761efa31;1;1;;1;;;22;1789693249
5420;Hallowed Lantern;72127;Hallowed Lantern;a501cfede2f4f1048300eafef0d9335c;1;1;;1;;;22;1789693249
5421;Hallowed Door;72126;Hallowed Door;7a4f1ae1509095464d4e433f7687a7d0;1;1;;1;;;22;1789693249
5422;Hallowed Sink;72128;Hallowed Sink;dbb1fe1b03ff5b444b8f49d88e272d51;1;1;;1;;;22;1789693249
5423;Hallowed Table;72129;Hallowed Table;3f26c07b6e182fe376855e30dc535c8a;1;1;;1;;;22;1789693249
5424;Forbidden Candelabra;72130;Forbidden Candelabra;2a24f7d2dbccb866eff822f091967fa9;1;1;;1;;;22;1789693249
5425;Forbidden Chair;72132;Forbidden Chair;f2f4bee19ded20407604af154dc33e28;1;1;;1;;;22;1789693250
5426;Forbidden Candle;72131;Forbidden Candle;7dc2ea0365777d75347bf945a82570e5;1;1;;1;;;22;1789693250
5427;Forbidden Door;72133;Forbidden Door;4b87b6db5f14081646e46747127b2447;1;1;;1;;;22;1789693250
5428;Forbidden Lamp;72134;Forbidden Lamp;b4afdf39f17042fc09fa1516e2b92da8;1;1;;1;;;22;1789693250
5429;Forbidden Lantern;72135;Forbidden Lantern;5eead1cb73aeb3c97994bf38c01bff80;1;1;;1;;;22;1789693250
5430;Forbidden Sink;72136;Forbidden Sink;ac11123e1e3e3707304a1e6c88f3a325;1;1;;1;;;22;1789693250
5431;Forbidden Table;72137;Forbidden Table;b53b4368b1291cd7bcb7cdbf3b9242ed;1;1;;1;;;22;1789693250
5432;Easter Candelabra;72140;Easter Candelabra;032c6bec8aa7f804a3c8979ea8f586d4;1;1;;1;;;22;1789693250
5433;Easter Door;72143;Easter Door;3c934356848ba8e6c9a4f16d6a68c42c;1;1;;1;;;22;1789693250
5434;Easter Chandelier;72139;Easter Chandelier;ebd29f764daccb2bdab77f93c2b6f989;1;1;;1;;;22;1789693250
5435;Easter Chair;72142;Easter Chair;0bc0f4eb37dc02ec7d6cae0c9d67690d;1;1;;1;;;22;1789693250
5436;Easter Candle;72141;Easter Candle;8ab3f32f373da261fcf1df0f1c732aa7;1;1;;1;;;22;1789693250
5437;Forbidden Wall;72138;Forbidden Wall;c0cf297095e6a5fbc6246ba49b117316;1;1;;1;;;22;1789693250
5438;Easter Lamp;72144;Easter Lamp;dd820075ede945f1a91c9e71b071716c;1;1;;1;;;22;1789693250
5439;Easter Lantern;72145;Easter Lantern;26092a6cdf2a469f6f7fd321bbae4b22;1;1;;1;;;22;1789693250
5440;Easter Sink;72146;Easter Sink;b179003bff3ef2fef71d10f36cdf138d;1;1;;1;;;22;1789693250
5441;Easter Table;72147;Easter Table;6aa5bc1e37f5905e32af4be67b48fe33;1;1;;1;;;22;1789693251
5456;Duskware Bathtub;72164;Duskware Bathtub;bee30ed5f7867edb57de350705caa07b;1;1;;1;;;22;1789693251
5458;Duskware Bed;72165;Duskware Bed;b3c455f001039df7d6bd6086723bc28f;1;1;;1;;;22;1789693251
5460;Duskware Bookcase;72166;Duskware Bookcase;c5641efc85b9ee59976da65f03f9ceac;1;1;;1;;;22;1789693251
5461;Duskware Candle;72168;Duskware Candle;87e932f608bafd5071c9cc231fcd232d;1;1;;1;;;22;1789693251
5462;Duskware Candelabra;72167;Duskware Candelabra;5578bdd9dcdd592cb9b5e4a536df0887;1;1;;1;;;22;1789693251
5463;Duskware Chair;72169;Duskware Chair;ae7380a758a5ab400e806761b0bf2158;1;1;;1;;;22;1789693252
5464;Duskware Door;72172;Duskware Door;a237debc0a536a03b003334228355de0;1;1;;1;;;22;1789693252
5465;Duskware Dresser;72173;Duskware Dresser;98d7afb80c039fac4a4c9e63236f521a;1;1;;1;;;22;1789693252
5466;Duskware Clock;72171;Duskware Clock;cc893c129056f5f6056867c34da5d285;1;1;;1;;;22;1789693252
5467;Duskware Lamp;72174;Duskware Lamp;917870880ba3032c4c381e42260ed9bd;1;1;;1;;;22;1789693252
5468;Duskware Chandelier;72170;Duskware Chandelier;b585e8a9861a3f330ccbf7cab75ab32e;1;1;;1;;;22;1789693252
5469;Duskware Piano;72176;Duskware Piano;52deb96d16a2691124fa581bbc4b3161;1;1;;1;;;22;1789693252
5470;Duskware Lantern;72175;Duskware Lantern;b17a324f66de427d605be7d4b372ac2b;1;1;;1;;;22;1789693252
5471;Duskware Sink;72177;Duskware Sink;564f4ed4b2e57f1413419c0d195a9281;1;1;;1;;;22;1789693252
5472;Duskware Table;72179;Duskware Table;7fc3cc940cad57a2bcf146b2a217a94b;1;1;;1;;;22;1789693252
5473;Duskware Toilet;72180;Duskware Toilet;d3e27bf9c077eefe8842dc2b678e5ea5;1;1;;1;;;22;1789693252
5474;Duskware Sofa;72178;Duskware Sofa;b34970ba25b20a7e10cf08add5547c43;1;1;;1;;;22;1789693252
5475;Pufferfish Cage;72196;Pufferfish Cage;19c9421a77c97c6bde20edc80cb1f11d;1;1;;1;;;22;1789693252
5476;Duskware Work Bench;72181;Duskware Work Bench;10ca4d41ebd2f432d24eb713d1ce2d98;1;1;;1;;;22;1789693252
5477;Raynbro's Hood;72190;Raynbro's Hood;e7ae87836537bd328f9fd319fc41b9b2;1;1;;1;;;22;1789693252
5478;Music Box (Queen Bee);72197;Music Box (Queen Bee);76c7708ce99f9a37af4ed46f540aade2;1;1;;1;;;22;1789693252
5479;Raynbro's Hoodie;72188;Raynbro's Hoodie;710169788ee792ee767908f0d1b088c6;1;1;;1;;;22;1789693252
5480;Raynbro's Pants;72189;Raynbro's Pants;1573c23dbff8d31495c8f6c00eb7d81b;1;1;;1;;;22;1789693252
5481;Music Box (The Twins);72198;Music Box (The Twins);6ec8429d0a6c89fe290c4330b659f5b3;1;1;;1;;;22;1789693252
5482;Music Box (King Slime);72199;Music Box (King Slime);5581f4a3fb3b83ee9737f8cf5632d6cd;1;1;;1;;;22;1789693252
5483;Music Box (Lunatic Cultist);72201;Music Box (Lunatic Cultist);c4154c0545bd46b43ec8fc06308318ea;1;1;;1;;;22;1789693252
5484;Music Box (The Destroyer);72203;Music Box (The Destroyer);f148c5a42f96d382ec408caa82860510;1;1;;1;;;22;1789693252
5485;Music Box (Alt Queen Bee);72200;Music Box (Alt Queen Bee);830b71ee4e537b924f7ecaf50e8158c0;1;1;;1;;;22;1789693252
5486;Music Box (Eater of Worlds);72204;Music Box (Eater of Worlds);2e3aba319759f34d073fd6153f79ffb9;1;1;;1;;;22;1789693252
5487;Music Box (Skeletron);72207;Music Box (Skeletron);d098db42a333311e2053b90cbe852c04;1;1;;1;;;22;1789693252
5488;Fallen Star Candelabra;72208;Fallen Star Candelabra;7348cb57edb9aa9e7156cf38c8f2fd99;1;1;;1;;;22;1789693252
5489;Music Box (Alt Torch God);72206;Music Box (Alt Torch God);b1dec2a015732622cb417bae29a789f6;1;1;;1;;;22;1789693252
5490;Gothic Candelabra;72209;Gothic Candelabra;92368d36b02daf6298d59d959f91cbd3;1;1;;1;;;22;1789693252
5491;Demonite Candelabra;72210;Demonite Candelabra;95c6035a73f13eeca24d6bd2ea49b0b0;1;1;;1;;;22;1789693252
5492;Crimtane Candelabra;72211;Crimtane Candelabra;28f2926f20aeaeb5de5a588076f65c93;1;1;;1;;;22;1789693252
5493;Music Box (Torch God);72205;Music Box (Torch God);91c0c334af38c7f547f678bc6d597c3a;1;1;;1;;;22;1789693252
5494;Music Box (Skeletron Prime);72202;Music Box (Skeletron Prime);c09080fe88b032017463f1a9601d3a00;1;1;;1;;;22;1789693252
5495;Snow Candelabra;72212;Snow Candelabra;c9879b494ea751d16a584b6b5d918b18;1;1;;1;;;22;1789693253
5496;Librarian Candelabra;72217;Librarian Candelabra;d1f0778cdfaf212d54adac20759d91b1;1;1;;1;;;22;1789693253
5497;Jellyfish Candelabra;72215;Jellyfish Candelabra;f9171530e149d220d649c3afb9069c0e;1;1;;1;;;22;1789693253
5498;Pine Candelabra;72214;Pine Candelabra;4ee5285710cdc923a9b53977a9f3a5a1;1;1;;1;;;22;1789693253
5499;Harpy Candelabra;72216;Harpy Candelabra;603e7ab1b68a4e398064fca0c4f842e3;1;1;;1;;;22;1789693253
5500;Spike Candelabra;72218;Spike Candelabra;5a1105b815241c827a59d45221c7a047;1;1;;1;;;22;1789693253
5502;Flinx Fur Candelabra;72213;Flinx Fur Candelabra;ab01b51abf7e94be4f716c3d28d450cd;1;1;;1;;;22;1789693253
5503;Fallen Star Candle;72220;Fallen Star Candle;0a8990cea57c2e4dfc02c756a9932c43;1;1;;1;;;22;1789693253
5504;Fallen Star Chair;72221;Fallen Star Chair;b777b3ac8f794bd27a61693234905264;1;1;;1;;;22;1789693253
5505;Fallen Star Lantern;72224;Fallen Star Lantern;f08e0737a265dc4c21536a3fc26fd6fc;1;1;;1;;;22;1789693253
5506;Fallen Star Lamp;72223;Fallen Star Lamp;436d894c4760c9ee840f23654c1c59e3;1;1;;1;;;22;1789693253
5507;Gothic Bathtub;72227;Gothic Bathtub;8707acdc89a3620a3e03ee5e3c0d1a28;1;1;;1;;;22;1789693253
5508;Fallen Star Sink;72225;Fallen Star Sink;1ae2a51f2af0659a0babe02a98808dce;1;1;;1;;;22;1789693253
5509;Fallen Star Table;72226;Fallen Star Table;908ca79d91b36bdd78995e05e4d04dfa;1;1;;1;;;22;1789693253
5510;Fallen Star Door;72222;Fallen Star Door;f816fee992e19b4e3612cf7fd03e8d69;1;1;;1;;;22;1789693253
5511;Gothic Bed;72228;Gothic Bed;45ce9e0951e6da349d1da9c7bdb0cf7c;1;1;;1;;;22;1789693253
5512;Gothic Candle;72230;Gothic Candle;e8023fac009e34d8b9b3d07a80de7ad2;1;1;;1;;;22;1789693253
5513;Gothic Door;72233;Gothic Door;df2d447811ced9e08b4d15a98f3a02eb;1;1;;1;;;22;1789693253
5514;Gothic Clock;72232;Gothic Clock;42fb35909f04f602f7df339dea1b3bc3;1;1;;1;;;22;1789693253
5515;Gothic Chandelier;72231;Gothic Chandelier;8a5650a9dc2c2daae08fc02ad744ddbc;1;1;;1;;;22;1789693253
5516;Gothic Lantern;72235;Gothic Lantern;bad2fc0229bb27195b91e3b018199df3;1;1;;1;;;22;1789693253
5517;Gothic Piano;72236;Gothic Piano;b8ca530cf99eb672105e58983141df99;1;1;;1;;;22;1789693253
5518;Gothic Dresser;72229;Gothic Dresser;1873dd78e6203f0a17a0d552277f4e12;1;1;;1;;;22;1789693253
5519;Gothic Lamp;72234;Gothic Lamp;956c04ae8cd15ef66a9b6f7a9ecc53d9;1;1;;1;;;22;1789693253
5520;Gothic Sink;72237;Gothic Sink;3f34546e5f017871bbda517a1131d592;1;1;;1;;;22;1789693253
5521;Gothic Sofa;72238;Gothic Sofa;2bead70ff89e26debfb06ca2e7b3a676;1;1;;1;;;22;1789693253
5523;Gothic Toilet;72239;Gothic Toilet;e09499093fbec4999604beb38494574b;1;1;;1;;;22;1789693253
5529;Crimtane Candle;72247;Crimtane Candle;6703eef35620481bc70da892b4e37510;1;1;;1;;;22;1789693254
5530;Crimtane Door;72249;Crimtane Door;861b24c26701d410ec2a1c2cf376b2a3;1;1;;1;;;22;1789693254
5531;Crimtane Lamp;72250;Crimtane Lamp;ed39cd8b6ecae77f26df31f22601c6a1;1;1;;1;;;22;1789693254
5532;Crimtane Chair;72248;Crimtane Chair;3dfe5a36ad20bdacf6543e8f12636c6d;1;1;;1;;;22;1789693254
5533;Crimtane Lantern;72251;Crimtane Lantern;04095286426a36f411f74e7c61bb685a;1;1;;1;;;22;1789693254
5535;Demonite Chair;72255;Demonite Chair;8e17a9f93e26265e6d93095fd0d0454c;1;1;;1;;;22;1789693254
5536;Demonite Lamp;72257;Demonite Lamp;67f841d69afa480f92f5881659a935ed;1;1;;1;;;22;1789693254
5537;Demonite Lantern;72258;Demonite Lantern;551b5673746d175be3d75cf9af41b96f;1;1;;1;;;22;1789693254
5538;Crimtane Sink;72252;Crimtane Sink;40cdc8e54f8c1cb662d7ae148458f776;1;1;;1;;;22;1789693254
5539;Demonite Candle;72254;Demonite Candle;3f8587941d5facb3caccae5f79bdb603;1;1;;1;;;22;1789693254
5540;Demonite Door;72256;Demonite Door;9681f17824e1540ad254cc4e74f4d376;1;1;;1;;;22;1789693254
5541;Crimtane Table;72253;Crimtane Table;d87070fe6aa57979fc588d99038677d8;1;1;;1;;;22;1789693254
5542;Demonite Table;72260;Demonite Table;a2776684754d2c09c2cdd15eb8e343ab;1;1;;1;;;22;1789693254
5543;Demonite Sink;72259;Demonite Sink;5b0918638f0fd705a173bd7fe6307b15;1;1;;1;;;22;1789693254
5544;Flinx Fur Candle;72261;Flinx Fur Candle;0786b77ab277f5708364bbc7b09d18cf;1;1;;1;;;22;1789693254
5545;Flinx Fur Chair;72262;Flinx Fur Chair;6887b646517687ee8b69cdce75abd5d2;1;1;;1;;;22;1789693254
5546;Flinx Fur Door;72263;Flinx Fur Door;aaac724de6d77dcc0a06c9d00af2845b;1;1;;1;;;22;1789693254
5547;Flinx Fur Sink;72266;Flinx Fur Sink;dba5c604d1506aa573bb3d2401d7d227;1;1;;1;;;22;1789693254
5548;Flinx Fur Lamp;72264;Flinx Fur Lamp;4c99cc6ed7b45ccdc4fff226c1496a8b;1;1;;1;;;22;1789693254
5549;Flinx Fur Lantern;72265;Flinx Fur Lantern;ae25d4b5cf323deb18ce7d2cb40dca1a;1;1;;1;;;22;1789693254
5550;Jellyfish Door;72270;Jellyfish Door;c250bb6970e4ca8faf30448286db7b28;1;1;;1;;;22;1789693254
5551;Jellyfish Candle;72268;Jellyfish Candle;16a8d60ed48d94ff2f0905904b342b91;1;1;;1;;;22;1789693254
5552;Jellyfish Chair;72269;Jellyfish Chair;20b0f7954a217fa6aa71e6c0395831e1;1;1;;1;;;22;1789693254
5553;Flinx Fur Table;72267;Flinx Fur Table;63ac28eaa9971ad858eff9feb2e40c17;1;1;;1;;;22;1789693254
5554;Jellyfish Lamp;72271;Jellyfish Lamp;766e1f28ead8f03afda3db412bfe145f;1;1;;1;;;22;1789693254
5555;Jellyfish Lantern;72272;Jellyfish Lantern;7e315ab6c5ebc03d20911b224a832c75;1;1;;1;;;22;1789693254
5556;Jellyfish Sink;72273;Jellyfish Sink;754b503fd23ff57a628dbe9d107b1aeb;1;1;;1;;;22;1789693254
5557;Pine Sink;72278;Pine Sink;9832b5805e2f6677c759b0212f5d2ef0;1;1;;1;;;22;1789693254
5558;Pine Lantern;72277;Pine Lantern;e714491437c1237547272909f4636162;1;1;;1;;;22;1789693254
5559;Jellyfish Table;72274;Jellyfish Table;13891e3327da56a7177e54e58dbc8e75;1;1;;1;;;22;1789693254
5560;Pine Lamp;72276;Pine Lamp;826a97ea5bdd5622aee03e1c28b696bc;1;1;;1;;;22;1789693254
5561;Pine Candle;72275;Pine Candle;ccc8bde32f1f64595f5c02356fb69eea;1;1;;1;;;22;1789693254
5562;Spike Candle;72279;Spike Candle;67daf76246b1684f736fc550666c9020;1;1;;1;;;22;1789693254
5563;Spike Lamp;72282;Spike Lamp;078db4566019531915e9da4a65168237;1;1;;1;;;22;1789693254
5564;Spike Chair;72280;Spike Chair;ba636d6625e70be21d0ecd0e33489868;1;1;;1;;;22;1789693254
5565;Spike Table;72285;Spike Table;354b5c558a24aa3f60a54aa0d7dea2ea;1;1;;1;;;22;1789693254
5566;Demonite Chandelier;72286;Demonite Chandelier;db7489860b25b4255343e12c51915776;1;1;;1;;;22;1789693255
5567;Spike Door;72281;Spike Door;74751076a50ca3b4e302b639baf7aa2c;1;1;;1;;;22;1789693254
5568;Spike Sink;72284;Spike Sink;7bc4752c45f70c75c39a5110ff8c3071;1;1;;1;;;22;1789693255
5569;Snow Bathtub;72287;Snow Bathtub;cf5cc4970e7db36bb8ef6217dd0bb344;1;1;;1;;;22;1789693255
5570;Snow Bed;72288;Snow Bed;3e0f93b62a868ca693a1bcdbe140b22c;1;1;;1;;;22;1789693255
5571;Snow Chair;72291;Snow Chair;7249af5011ec3ed11f8c693b3f928e19;1;1;;1;;;22;1789693255
5572;Snow Clock;72292;Snow Clock;6bbc17330e2f5030e7334b5c79f0744c;1;1;;1;;;22;1789693255
5573;Snow Candle;72290;Snow Candle;2246df0d518528040e39d5efa365bf95;1;1;;1;;;22;1789693255
5574;Snow Sink;72298;Snow Sink;b823cf8883ef6c7e373d02042f3f8f65;1;1;;1;;;22;1789693255
5575;Snow Door;72293;Snow Door;2c3100e464278086bc5791fa71bba97d;1;1;;1;;;22;1789693255
5576;Snow Sofa;72299;Snow Sofa;826e2497fce53cc02e61d0959879fb17;1;1;;1;;;22;1789693255
5577;Snow Lamp;72295;Snow Lamp;9bf6f11bd8d419a39bae32955af6e63b;1;1;;1;;;22;1789693255
5578;Snow Bookcase;72289;Snow Bookcase;d72c1b6c7d208c72158e3b227e7b707e;1;1;;1;;;22;1789693255
5579;Snow Lantern;72296;Snow Lantern;8a004157f08268e6fb7f9550cfa99c15;1;1;;1;;;22;1789693255
5580;Snow Dresser;72294;Snow Dresser;78c3cb4b482ef083537cfb2b480a42cf;1;1;;1;;;22;1789693255
5581;Snow Piano;72297;Snow Piano;847a78b99e479932d2d56b29f98c862f;1;1;;1;;;22;1789693255
5582;Spike Lantern;72283;Spike Lantern;fb11e781ba5e4e1d0b88736a4fe4aa09;1;1;;1;;;22;1789693255
5583;Snow Toilet;72301;Snow Toilet;0877f51d5e0f281c64a323571aa7003c;1;1;;1;;;22;1789693255
5584;Snow Table;72300;Snow Table;9ccffd9760945d81c2245b7bc4524742;1;1;;1;;;22;1789693255
5585;Harpy Chandelier;72308;Harpy Chandelier;506c790594d16d5101eebb14741fef4d;1;1;;1;;;22;1789693255
5586;Harpy Bed;72304;Harpy Bed;dcfaa7466090ee3d8053334bf30c19e3;1;1;;1;;;22;1789693255
5587;Harpy Candle;72306;Harpy Candle;c9bf51d0e49dd08df1d69ee73344a337;1;1;;1;;;22;1789693255
5588;Harpy Bathtub;72303;Harpy Bathtub;c204c140f7b659ee73adc149362e5337;1;1;;1;;;22;1789693255
5589;Harpy Bookcase;72305;Harpy Bookcase;98eb95acf97be349bf3ce22d0ad8dde3;1;1;;1;;;22;1789693255
5590;Harpy Chair;72307;Harpy Chair;447d6b5766417039579cb7462b27fdca;1;1;;1;;;22;1789693255
5591;Harpy Clock;72309;Harpy Clock;ff5c9dcb06962da378efc7609ccffbd6;1;1;;1;;;22;1789693255
5592;Snow Work Bench;72302;Snow Work Bench;9fd48974fe09dc2ef82b86c608c4e16e;1;1;;1;;;22;1789693255
5593;Harpy Door;72310;Harpy Door;b7378b54aa782f6e07fc8c8d9f6561de;1;1;;1;;;22;1789693255
5594;Harpy Piano;72314;Harpy Piano;7596cec7e4146441a1c45aaf752b5bf5;1;1;;1;;;22;1789693255
5595;Harpy Lantern;72313;Harpy Lantern;ccd3056f020e448b92d2f3149b20104c;1;1;;1;;;22;1789693255
5596;Harpy Dresser;72311;Harpy Dresser;792b82dca1bbf332d0cf012708d0880f;1;1;;1;;;22;1789693255
5597;Harpy Lamp;72312;Harpy Lamp;73770eaab831c51e5abc4ce20622e7fb;1;1;;1;;;22;1789693255
5598;Harpy Sink;72315;Harpy Sink;af0d46b50a42a995939a7ab3f701b59b;1;1;;1;;;22;1789693255
5599;Harpy Work Bench;72319;Harpy Work Bench;5485ecae14305ff48da60400fcf50d3a;1;1;;1;;;22;1789693255
5600;Harpy Sofa;72316;Harpy Sofa;393022fc0f6f63535b7e4937f11ebe8e;1;1;;1;;;22;1789693255
5601;Librarian Bookcase;72322;Librarian Bookcase;e056ed71537d91c21261c62f6c626e6c;1;1;;1;;;22;1789693255
5602;Harpy Toilet;72318;Harpy Toilet;f5cebc5fdbc134358fff6da5f1c77dd7;1;1;;1;;;22;1789693255
5603;Librarian Bathtub;72320;Librarian Bathtub;aeec15d990245cb4605bcfac301e193c;1;1;;1;;;22;1789693255
5604;Harpy Table;72317;Harpy Table;7b1e394ca009b53781bea6fbbcc8f47c;1;1;;1;;;22;1789693255
5605;Librarian Chandelier;72325;Librarian Chandelier;a4dae4c821307621b3e5afcf7e86c1fd;1;1;;1;;;22;1789693255
5606;Librarian Bed;72321;Librarian Bed;5d077f4d1f008418e9b061345f23848a;1;1;;1;;;22;1789693255
5607;Librarian Clock;72326;Librarian Clock;f09070fc5c44193c4ed41234cd501283;1;1;;1;;;22;1789693255
5608;Librarian Chair;72324;Librarian Chair;fac5615a8c5f3473da35af513996bfe6;1;1;;1;;;22;1789693255
5609;Librarian Dresser;72328;Librarian Dresser;4ad1a9af4713acc48555490148c8b54b;1;1;;1;;;22;1789693255
5610;Librarian Lamp;72329;Librarian Lamp;664a459ede035287975eb51338b433b6;1;1;;1;;;22;1789693255
5611;Librarian Door;72327;Librarian Door;5447eab5c5d061cfd5552e0d6531def2;1;1;;1;;;22;1789693255
5612;Librarian Candle;72323;Librarian Candle;9a0b114059bb1d87f6f5461af38d5608;1;1;;1;;;22;1789693255
5613;Librarian Lantern;72330;Librarian Lantern;b4d7c880d8a4eff9807f3ea8661366ba;1;1;;1;;;22;1789693255
5614;Librarian Piano;72331;Librarian Piano;a40a60865b961575983257b776e34fd9;1;1;;1;;;22;1789693256
5615;Librarian Sink;72332;Librarian Sink;544bc537142db4c261d2e6c4e251ac6a;1;1;;1;;;22;1789693256
5616;Librarian Table;72334;Librarian Table;1c81e370e0daf92998b89a2a8500e3f1;1;1;;1;;;22;1789693256
5617;Librarian Toilet;72335;Librarian Toilet;84d56a5432cbfe42370ce9b255a822fb;1;1;;1;;;22;1789693256
5618;Librarian Skeleton Banner;72337;Librarian Skeleton Banner;bfa4c62d97863e81c9192d22708b4671;1;1;;1;;;22;1789693256
5619;Dull Red Team Block;72339;Dull Red Team Block;d5d404bea1fbfdca47a18e0c5f9faee7;1;1;;1;;;22;1789693256
5620;Water Bolt Mimic Banner;72338;Water Bolt Mimic Banner;faf004d4be09ff3e6b2850d01516e840;1;1;;1;;;22;1789693256
5621;Dull Green Team Block;72340;Dull Green Team Block;e8153c928f011c881be77664cb0b66af;1;1;;1;;;22;1789693256
5622;Librarian Sofa;72333;Librarian Sofa;07edae63eb0b0a8604c5ea8585bfd210;1;1;;1;;;22;1789693256
5623;Dull Blue Team Block;72341;Dull Blue Team Block;9557e16e3d9ee8004c8ecc1d21c089a3;1;1;;1;;;22;1789693256
5624;Dull Yellow Team Block;72342;Dull Yellow Team Block;83c0e176a58549bedf83e372deead331;1;1;;1;;;22;1789693256
5625;Librarian Work Bench;72336;Librarian Work Bench;2f6373ceb8d8c6d5636b715749d8ba09;1;1;;1;;;22;1789693256
5626;Dull White Team Block;72344;Dull White Team Block;fec99b4280e510ac5777a7ab9020503a;1;1;;1;;;22;1789693256
5627;Cow Bell;72346;Cow Bell;b7c916ddc9c5df4f91d4d4781f512417;1;1;;1;;;22;1789693256
5628;Dull Pink Team Block;72343;Dull Pink Team Block;c46575c9a88fdfcbf692faf0eb70dfdd;1;1;;1;;;22;1789693256
5629;Magic Shimmer Dropper;72347;Magic Shimmer Dropper;79a6f318a87a2b0101db1ec9265d0b50;1;1;;1;;;22;1789693256
5630;Heroicis' Wings;72348;Heroicis' Wings;e74cd2e8a4538d4851c9a2b17f9de288;1;1;;1;;;22;1789693256
5631;Kazzymodus' Wings;72349;Kazzymodus' Wings;d8ed26e02773688ac1b1343cc08df003;1;1;;1;;;22;1789693256
5632;Luna's Runic Pixie Wings;72351;Luna's Runic Pixie Wings;7848e0ad6666237ea8667c4f8b48ead7;1;1;;1;;;22;1789693256
5634;Chippy's Cloak (Inactive);72345;Chippy's Cloak (Inactive);78ee9324d102124e4cda721f4f9b9b6e;1;1;;1;;;22;1789693256
5636;Natural Dirt Wall;72355;Natural Dirt Wall;0912a98825091ffb5b5609f5e57260a4;1;1;;1;;;22;1789693256
5637;Chicken Bones' Wings;72352;Chicken Bones' Wings;522519952140b1615f4e13126bcca8ad;1;1;;1;;;22;1789693256
5638;Adamantite Slime;72441;Adamantite Slime;0216fc4ccde9ab0cfc3532ac06a00717;1;1;;1;;;22;1789693256
5639;Overgrown Living Wood Wall;72356;Overgrown Living Wood Wall;74a47efd5694ab716bb00940e612176d;1;1;;1;;;22;1789693256
5640;Harpy Wall;72350;Harpy Wall;5a9dfcc4d830e5a6288e54de56b3ba98;1;1;;1;;;22;1789693256
5641;Balloon Slime;72442;Balloon Slime;39cc628a05b2398fc59c27bf5c8d96d2;1;1;;1;;;22;1789693256
5642;Confetti Slime;72444;Confetti Slime;5a7dc313f24059d9cec08d10e4e65c3f;1;1;;1;;;22;1789693256
5643;Heroicis' Wings (Inactive);72357;Heroicis' Wings (Inactive);3ea259e62319baf933de075d3070a917;1;1;;1;;;22;1789693256
5644;Conveyor Slime;72445;Conveyor Slime;84bcf19e9e92f4e0989249a3f4b619a7;1;1;;1;;;22;1789693256
5645;Hell Slime;72449;Hell Slime;bef196469448c8beae9651e1d123c6aa;1;1;;1;;;22;1789693256
5646;Cobalt Slime;72443;Cobalt Slime;f4059e3cf0af35f588edd92f6eb95332;1;1;;1;;;22;1789693256
5647;Dirt Slime;72446;Dirt Slime;8b1a00fc0e61d3734ab26d1003b5c234;1;1;;1;;;22;1789693256
5648;Hive Slime;72451;Hive Slime;5002ec83dc86d3855aa6c4a368eabb01;1;1;;1;;;22;1789693256
5649;Granite Slime;72448;Granite Slime;64d2b7a43930db8a021e0529527bba63;1;1;;1;;;22;1789693256
5650;Herb Slime;72450;Herb Slime;78280528d5ce2aa50b1f278d45a4ab08;1;1;;1;;;22;1789693256
5651;Honey Slime;72452;Honey Slime;4c8856ecf5c60244b07e9de1860bdeca;1;1;;1;;;22;1789693256
5652;Mythril Slime;72455;Mythril Slime;5e66fe6912793089caea968aa50e5fe2;1;1;;1;;;22;1789693256
5653;Fossil Slime;72447;Fossil Slime;c80124de0b1fd081f2c4ac801fc09422;1;1;;1;;;22;1789693256
5654;Poo Slime;72458;Poo Slime;0f772d58ab43026486dbbdea8a8bc4f5;1;1;;1;;;22;1789693256
5655;Spike Slime;72460;Spike Slime;a32278314e53b34a978dd2989c26e153;1;1;;1;;;22;1789693256
5656;Marble Slime;72454;Marble Slime;6b4cc79da4a28d5b00593d160d70cbbb;1;1;;1;;;22;1789693256
5657;Orichalcum Slime;72456;Orichalcum Slime;4f9cba42ba3e93a46ac7a02e0cb2c54f;1;1;;1;;;22;1789693256
5658;Snow Slime;72459;Snow Slime;d282cc3c4d2227907c379d183c6f70f4;1;1;;1;;;22;1789693256
5659;Stone Slime;72461;Stone Slime;5048d1790d0a2025548761bff2adc50f;1;1;;1;;;22;1789693256
5660;Palladium Slime;72457;Palladium Slime;317b8f7c7c81ab875f19aad6771b1fcb;1;1;;1;;;22;1789693256
5661;Titanium Slime;72462;Titanium Slime;e8c1c3e66d9fe99becd0dcc2c0549857;1;1;;1;;;22;1789693256
5662;Torch Slime;72463;Torch Slime;f0578b3e14738c8f6e1e090c2471b67d;1;1;;1;;;22;1789693257
5663;1.4.5.3;72596;1.4.5.3;f28d15fab370398d128a5923b0134777;1;1;;1;;;22;1789693256
5664;Wood Slime;72465;Wood Slime;57b99f935c9717186ac9b5f95bf9fbe1;1;1;;1;;;22;1789693257
5665;Form of the Fae;72601;Form of the Fae;4e571759c0f89ca3c7c454102b380641;1;1;;1;;;22;1789693257
5666;Curse of the Bat;72602;Curse of the Bat;506c76e637dd83fefd9dc0ed93ac0144;1;1;;1;;;22;1789693257
5667;Nature of the Rat;72603;Nature of the Rat;63e37bd1b4e38e2dee7e8e484e56ccd5;1;1;;1;;;22;1789693257
5668;Cenaxe;72604;Cenaxe;cba8177749a28ab3d2c51f90fad110d1;1;1;;1;;;22;1789693257
5669;Instinct of the Raptor;72605;Instinct of the Raptor;d7c9717205615b31de8dc4de485a6245;1;1;;1;;;22;1789693257
5670;Web Slime;72464;Web Slime;6ac2e948c0d871241af031fddbcf403f;1;1;;1;;;22;1789693257
5671;Life Crystal Slime;72466;Life Crystal Slime;86a9e411e8a623dd6bc4d2c30a87740d;1;1;;1;;;22;1789693257
5672;Alchemic Enhancement;72664;Alchemic Enhancement;70f665957a46877d43125d05f08727d5;1;1;;1;;;22;1789693257
5673;Lightning;72720;Lightning;457ba641340a812b28f949a26fca3e7b;1;1;;1;;;22;1789693257
5674;Mushroom Boi!;72606;Mushroom Boi!;0e8103cb04cd0fb66464dfed09964476;1;1;;1;;;22;1789693257
5675;High Spirits;72728;High Spirits;bef700b1c618cbbeb48bdf1b4c9fae8f;1;1;;1;;;22;1789693257
5676;Brasilian Skies;73139;Brasilian Skies;b2c9c3ea348e0dec0a59c3299d1e2425;1;1;;1;;;22;1789693257
5678;The Care Bears Movie;73208;The Care Bears Movie;b49f248d2a0f299fd494201af62e4041;1;1;;1;;;22;1789693257
5679;Debug commands;73261;Debug commands;be7a0549e8dd3a6931d7a5e4290523e9;1;;;;;;2;1789693257
5681;Fish Mox;73269;Fish Mox;436a1df0183f572026be21ff07b4c84c;1;1;;1;;;22;1789693257
5683;1.4.5.4;73125;1.4.5.4;a9f227c96d4c643d622c91189f83869d;1;1;;1;;;22;1789693257
5684;Velociraptor;72918;Velociraptor;f1d8deb2f01716e709aba61388c2e7b7;1;1;;1;;;22;1789693257
5685;More traps please;73347;More traps please;ee838332ce248caf51ef5c0d0e472d48;1;1;;1;;;22;1789693257
5688;Planetoids;73417;Planetoids;5056c88b98fe6d97e301a3f16f7ddd09;1;1;;1;;;22;1789693257
5691;Jagged rocks;73345;Jagged rocks;373af72bf16b1e049fd13a6069bd0e68;1;1;;1;;;22;1789693257
5692;Arachnophobia;73419;Arachnophobia;044c17ca174b6aabe20e726117143a70;1;1;;1;;;22;1789693257
5693;Pumpkin season;73420;Pumpkin season;3efb6a28e49354717716dd54b06618cb;1;1;;1;;;22;1789693258
5694;Truck stop;73421;Truck stop;2e543b0da7d6679ebb15d52979d5134c;1;1;;1;;;22;1789693258
5696;Bring a towel;73423;Bring a towel;9f817389bff478ded44236ada2942ac6;1;1;;1;;;22;1789693259
5697;Hocus pocus;73424;Hocus pocus;e5935aef01684fcc02807600d4462e86;1;1;;1;;;22;1789693259
5698;Jingle all the way;73425;Jingle all the way;9eebb81ec1f96aef45681a3ff0c07d00;1;1;;1;;;22;1789693259
5699;How did I get here;73426;How did I get here;c11b09c006c6814cdfc75593933f2537;1;1;;1;;;22;1789693259
5701;Get fixed boi;73434;Get fixed boi;6c32ecd8a96e834f2c1b0239bd656788;1;1;;1;;;22;1789693259
5703;1.4.5.5;73438;1.4.5.5;df849bc8a9b25772ef6a07503bebdbb6;1;1;;1;;;22;1789693259
5705;Swarm Worm;74022;Swarm Worm;a9b1c760b0ced65b09d5d9c10aeea876;1;1;;1;;;22;1789693260
5707;1.4.5.6;75293;1.4.5.6;7589aeb79fcba7799a431fee795653cf;1;1;;1;;;22;1789693260
5708;Music Box (Silence);75303;Music Box (Silence);5be616c68825a8d70fb3f9093e11ab4b;1;1;;1;;;22;1789693260
5709;Music Box (Rainbow Boulder);75304;Music Box (Rainbow Boulder);815e33448380b135a8486057234fe378;1;1;;1;;;22;1789693260
5710;Squire;76601;Squire;9542f9f18be9f75a9a7c0905c32a2f6c;1;1;;1;;;22;1789693260
5711;Huntress;76602;Huntress;a1a22e9547be9c33b27e8b8cb93089f2;1;1;;1;;;22;1789693260
5712;Ice Bomb;77503;Ice Bomb;6964788005ad59ad1f15d9cf9ea2561e;1;1;;1;;;22;1789693260
5714;Calm before the storm;79887;Calm before the storm;2587bce9bd3032869f37b7553c2593ba;1;1;;1;;;22;1789693260
5717;Electric Boogaloo;79889;Electric Boogaloo;3d13f86d4f33ed67fe4a9f5be7530742;1;1;;1;;;22;1789693261
5719;Ruinous Staff;79916;Ruinous Staff;4ce0e3bef1cec341129789861ff8654c;1;1;;1;;;22;1789693261
5726;Poison Barb;79929;Poison Barb;302ccccb1d5c95c452de8c43ac4e2902;1;1;;1;;;22;1789693261
5733;Scout's Sling;79943;Scout's Sling;78145c91f49c5179d7b6c3728108c2cd;1;1;;1;;;22;1789693262
5734;Templar's Sling;79944;Templar's Sling;9ee9a80890bf368869a86cfb8ac10e5c;1;1;;1;;;22;1789693262
5739;Phoenix Quiver;79960;Phoenix Quiver;819ff099d21c9633a5b72656d1c3727e;1;1;;1;;;22;1789693265
5741;Silver Shield;79962;Silver Shield;a919b866589992b33cad15bc629e8bae;1;1;;1;;;22;1789693266
5742;Sweet Barb;79963;Sweet Barb;d7bfe054a5e965d93218043d8d15a2f3;1;1;;1;;;22;1789693266
5743;Catalyst Band;79964;Catalyst Band;55d5362d554c8894d99aded0d77fcd36;1;1;;1;;;22;1789693267
5744;Druidic Serpent Cloak;79965;Druidic Serpent Cloak;5ed572634bbbc8876fe498bd0a202ca2;1;1;;1;;;22;1789693267
5745;Crossed Heart Necklace;79966;Crossed Heart Necklace;0973b48acd5826ff02f2f8e9af19fce3;1;1;;1;;;22;1789693267
5746;Restoration Shield;79967;Restoration Shield;6030591eaa38dfc645c7f52f52a6daf4;1;1;;1;;;22;1789693268
5747;Mystic Arts Sash;79968;Mystic Arts Sash;2c8e0139bd4422b830bbc8bd3f9a9367;1;1;;1;;;22;1789693268
5748;Guide to Old World Parkour;79969;Guide to Old World Parkour;f9562e1bae1d85dab8906e3700c44214;1;1;;1;;;22;1789693269
5749;Kinship Peach;79972;Kinship Peach;60fa6875497804ecc511365a9804e96e;1;1;;1;;;22;1789693269
5750;Little Kinship Peach;79977;Little Kinship Peach;8dc8153d47762e37b0a35460d4b46254;1;1;;1;;;22;1789693269
5751;Giant Tiki;79979;Giant Tiki;e8959a86738ef6ab412b335cbef543a8;1;1;;1;;;22;1789693269
5752;Chaos Cylinder (Full);79983;Chaos Cylinder (Full);b4ea09b6dca44649a00c1bf6fd4817fb;1;1;;1;;;22;1789693269
5753;Chaos Cylinder (Random);79984;Chaos Cylinder (Random);21ca6d4a9e7070a42bb0f5bc29cc6442;1;1;;1;;;22;1789693270
5754;Chaos Cylinder (Simple);79985;Chaos Cylinder (Simple);f3720559ac5085dc9ab49d00e989be0e;1;1;;1;;;22;1789693270
5755;Potent Acid;80010;Potent Acid;a0c648d7b7a6ab09cf1650b9c5b60ebf;1;1;;1;;;22;1789693270
5756;Spored;80012;Spored;97fe18dd7c335b91a8838bab9d1e97e7;1;1;;1;;;22;1789693270
5757;Trusty Cattiva;80014;Trusty Cattiva;c0f34c3d7f55607127106c12ea427ecf;1;1;;1;;;22;1789693270
5758;Trusty Chillet Ignis;80016;Trusty Chillet Ignis;b382ab0919b27f39062f903d3eeff840;1;1;;1;;;22;1789693271
5759;Trusty Chillet;80015;Trusty Chillet;13bd536a1442bc5926eb99189735155e;1;1;;1;;;22;1789693271
5760;Trusty Digtoise;80017;Trusty Digtoise;980d55138baef469037e4e4d83d342d9;1;1;;1;;;22;1789693271
5761;Trusty Foxparks;80018;Trusty Foxparks;93a5d475bc9878b5c2520dbfa90097d9;1;1;;1;;;22;1789693271
5762;Razortip;80024;Razortip;1f620355d80b1a8281342c37e21de8bc;1;1;;1;;;22;1789693271
5763;Bejeweled Staff;80030;Bejeweled Staff;48d531ccbdd249dccbf26175de83c90c;1;1;;1;;;22;1789693271
5764;Guide to Old World Parkour (Inactive);80032;Guide to Old World Parkour (Inactive);b228f3a5b82cee931b19eda005775e3a;1;1;;1;;;22;1789693272
5766;Zapped;80129;Zapped;549727c803a6e851569a7396733f54f8;1;1;;1;;;22;1789693272
5767;Accelerated Afflictions;80130;Accelerated Afflictions;b5c061e22c3c906903f764979154888d;1;1;;1;;;22;1789693272
5768;Slings;80137;Slings;cfcfaa2763313e7ee8aa219b4bfd12e9;1;1;;1;;;22;1789693272
5771;Mana Surge;80140;Mana Surge;021be387182d451955ec8c720d889458;1;1;;1;;;22;1789693272
5773;Notraps;59986;Notraps;4ed1c2f9d428dd0c15af1ac4a667bb05;1;1;;1;;;22;1789694434
5775;No Traps Seed;60206;No Traps Seed;dbfa97e87f79dcbf57c85efe6c86c349;1;1;;1;;;22;1789694490
5777;Forbidden armor;10295;Forbidden armor;d2ee2f93b44b7defda9181ed41da8ab1;1;1;;1;;;22;1789709581
5789;Metal Detector;8837;Metal Detector;2b44ac995a957377af823c1c8aa93bc9;1;1;;1;;;22;1789743589
5790;Waffle's Iron;59587;Waffle's Iron;fd6a77577d2e1cf475f04d1260639d59;1;1;;1;;;22;1789753952
5791;World Seed;13782;World Seed;220fbdffe59516397b2494100e5f2931;1;1;;1;;;22;1789757530
5792;Ancient Dungeon Bricks;59684;Ancient Dungeon Bricks;fb7980a43ccf3c7ecd44d29bdefa6185;1;1;;1;;;22;1789757625
5793;Cracked Dungeon Bricks;10119;Cracked Dungeon Bricks;97270cfa4be0b4f939a4807186a89f7b;1;1;;1;;;22;1789757777
5799;Striking Moment;13526;Striking Moment;4b19b6ea9107fd0a7e0583dcefd446d4;1;1;;1;;;22;1789772079
5800;Enchanted Timer;80031;Enchanted Timer;60645cac4295b581256b3ea3bbf4c5c1;1;1;;1;;;22;1789773850
5811;Drunk;6136;Drunk;dafd5029a1e43f59452f3f1a4a533481;1;1;;1;;;22;1789847359
5812;For the Worthy;4513;For the Worthy;2a7c1a8893682026e0472e2591834c5e;1;1;;1;;;22;1789849804
5813;1.4.4;57522;1.4.4;6aff179b45fbd121e117c34d59b92780;1;1;;1;;;22;1789863104
5815;Secret seed combinations;71128;Secret seed combinations;a897ade64ce379e5b9666057c936d174;1;1;;1;;;22;1789878355
5816;Blade Staff;5483;Blade Staff;ea9283b175525e319f2f98d890acd3c6;1;1;;1;;;22;1789881850
5820;The Eye of Cthulhu;13547;The Eye of Cthulhu;cd3e8f744a0adee9d3cab508ef60be05;1;1;;1;;;22;1789916175
5821;Piece of Moon Squid;13599;Piece of Moon Squid;1e0c39d27ce6673a7d24f0ab671702ef;1;1;;1;;;22;1789918145
5825;Hive-Five;59685;Hive-Five;d8a1e4b21f17042bf619ed7718f5ff6f;1;1;;1;;;22;1789921638
5826;Ghost;10159;Ghost;401357e57c765967393ba391a338e89b;1;1;1;1;;;30;1789931063
5831;Peace Candle;7853;Peace Candle;71771e40b4b2b2816a0b83a163f5917d;1;1;;1;;;22;1789950236
5837;Shadow Candle;59918;Shadow Candle;355269f541f1ca3cf0f65d007d3f2a77;1;1;;1;;;22;1789976153
5849;Boulder Bookcase;71592;Boulder Bookcase;790bd603aca4f2c5928777f59df2c4e4;1;1;;1;;;22;1790004221
5850;Boulder Bathtub;71590;Boulder Bathtub;f1924b1ea2a976f0a735b0132f403a9a;1;1;;1;;;22;1790004221
5851;Boulder Bed;71591;Boulder Bed;b604645a5943a1e58ec8684d7925c149;1;1;;1;;;22;1790004221
5852;Boulder Candle;71594;Boulder Candle;3c51f515cafb2e3800fc415679239c58;1;1;;1;;;22;1790004221
5853;Boulder Chair;71595;Boulder Chair;240aeecfe9013778ae3c8e6858f8b86d;1;1;;1;;;22;1790004221
5854;Boulder Candelabra;71593;Boulder Candelabra;551bae6be4f9afa251312f4ca177a771;1;1;;1;;;22;1790004221
5855;Boulder Chandelier;71596;Boulder Chandelier;902185210e9f2e9280b5df84fcd2aa14;1;1;;1;;;22;1790004221
5856;Boulder Chest;71597;Boulder Chest;2c2a21bc62d6492aad57659c5a1c8b9b;1;1;;1;;;22;1790004221
5857;Boulder Clock;71598;Boulder Clock;dde9f312cd4c686fafdef59791d4fdcd;1;1;;1;;;22;1790004221
5858;Boulder Door;71599;Boulder Door;007871471327f798654f844a9c07968d;1;1;;1;;;22;1790004221
5859;Boulder Dresser;71600;Boulder Dresser;9ff1211c71ac891fc16c7c03d4809aff;1;1;;1;;;22;1790004222
5860;Boulder Lamp;71601;Boulder Lamp;53a79e60af7f0833c487ca8ce2390a9a;1;1;;1;;;22;1790004222
5861;Boulder Lantern;71602;Boulder Lantern;12e82dc9db2219b6019634fc73b09081;1;1;;1;;;22;1790004222
5862;Boulder Piano;71604;Boulder Piano;7323885d87b4c043fd4688220a6ae5f3;1;1;;1;;;22;1790004222
5863;Boulder Sink;71605;Boulder Sink;1d5f97f8713b0614c8da1a282e0a8f0e;1;1;;1;;;22;1790004222
5864;Boulder Sofa;71606;Boulder Sofa;49a4e393ad97396b939d5f34ed88ef37;1;1;;1;;;22;1790004222
5865;Boulder Table;71607;Boulder Table;11d35cb131d6175665321e2b9ff9c601;1;1;;1;;;22;1790004222
5866;Boulder Toilet;71608;Boulder Toilet;612e9d5a4fc6627a838be84b789743e4;1;1;;1;;;22;1790004222
5867;Boulder Work Bench;71609;Boulder Work Bench;1f94dee0ce6e7f6a3e741c4e46e4b249;1;1;;1;;;22;1790004222
5868;Cracked Blue Brick;7039;Cracked Blue Brick;948cac924462555b28be129bd97bf25b;1;1;;1;;;22;1790004223
5869;Cracked Green Brick;10452;Cracked Green Brick;98887fbd020ec74f88c13d47d80de88a;1;1;;1;;;22;1790004223
5870;Diamond Gem Lock;7716;Diamond Gem Lock;fc5e367d3ad7aad7868879944bc63873;1;1;;1;;;22;1790004223
5871;Cracked Pink Brick;12410;Cracked Pink Brick;1a7f1df9d4a38965666fa7c057dc2203;1;1;;1;;;22;1790004223
5872;Emerald Gem Lock;14920;Emerald Gem Lock;03362429edf72cfc656645b70388fc09;1;1;;1;;;22;1790004223
5873;Ruby Gem Lock;12994;Ruby Gem Lock;7f5f1c9022113f246578b0b5f6a2f9b6;1;1;;1;;;22;1790004224
5874;Stone Bathtub;72148;Stone Bathtub;4ad34b42438f90dcd979d480e6bdce83;1;1;;1;;;22;1790004224
5875;Sapphire Gem Lock;12834;Sapphire Gem Lock;c3537100d28981083a4bdb8a12f0796d;1;1;;1;;;22;1790004224
5876;Stone Bookcase;72150;Stone Bookcase;3dd50a4ca2ed93a0760f6aac6d044cf8;1;1;;1;;;22;1790004224
5877;Stone Bed;72149;Stone Bed;6d450a9b612ce55f7db4ecde78a9dfa1;1;1;;1;;;22;1790004224
5878;Stone Chair;72153;Stone Chair;30523b6e795fcc112aebe0358f43b3d9;1;1;;1;;;22;1790004225
5879;Stone Candelabra;72151;Stone Candelabra;0aef1f2fff662f32b00a7a0a78fd56c9;1;1;;1;;;22;1790004225
5880;Stone Candle;72152;Stone Candle;18038b9fdfc8dd1c32022a2fa1390109;1;1;;1;;;22;1790004225
5881;Stone Lamp;72156;Stone Lamp;01b921965381c8a975f23c0f1b5d847e;1;1;;1;;;22;1790004225
5882;Stone Clock;72154;Stone Clock;8c60ee2411cbf6e9a09f425401e9f90f;1;1;;1;;;22;1790004225
5883;Stone Door;8645;Stone Door;68fd9fed39a2a2ad24ec89818287cc07;1;1;;1;;;22;1790004225
5884;Stone Chest;71707;Stone Chest;d8d721d5ffe2823b7582e29a609cd0a0;1;1;;1;;;22;1790004225
5885;Stone Dresser;72155;Stone Dresser;3bce8f218477c4ce2ab89cf790f8ad64;1;1;;1;;;22;1790004225
5886;Stone Piano;72158;Stone Piano;506956c1c5cf3c46de06f0891e63c67b;1;1;;1;;;22;1790004225
5887;Stone Lantern;72157;Stone Lantern;a64063cb22a28cb536c2389b9b35f779;1;1;;1;;;22;1790004225
5888;Stone Sink;72159;Stone Sink;1cc3b7820fcec0b31a75b3f9b0946453;1;1;;1;;;22;1790004225
5889;Stone Table;72161;Stone Table;6284eeb9871a46dbc5e3124d6479e718;1;1;;1;;;22;1790004225
5890;Stone Sofa;72160;Stone Sofa;bcd20db9082f2d12be935a716885866a;1;1;;1;;;22;1790004225
5891;Stone Toilet;72162;Stone Toilet;0a70dc66b8d47b126fcdf812edc28836;1;1;;1;;;22;1790004226
5892;Stone Work Bench;72163;Stone Work Bench;797002008879b1eab277174ca7504f4a;1;1;;1;;;22;1790004226
5893;Topaz Gem Lock;12298;Topaz Gem Lock;aaa15c81659984a2cb36921960495ddf;1;1;;1;;;22;1790004226
5894;Trapped Ash Wood Chest;59262;Trapped Ash Wood Chest;e78c1c7d1ac8ac0511433b667c064245;1;1;;1;;;22;1790004226
5895;Trapped Balloon Chest;59240;Trapped Balloon Chest;96d67222896daff53e27203b197c9b5a;1;1;;1;;;22;1790004226
5896;Trapped Blue Dungeon Chest;9348;Trapped Blue Dungeon Chest;ea74a08aa53c1d2f6a05eb50223446b1;1;1;;1;;;22;1790004226
5897;Trapped Bamboo Chest;11084;Trapped Bamboo Chest;130de1600af1f5d746ffee433c77d378;1;1;;1;;;22;1790004226
5898;Trapped Boreal Wood Chest;12345;Trapped Boreal Wood Chest;dfff9d9059622d945aa0bb826a061a6a;1;1;;1;;;22;1790004226
5899;Trapped Bone Chest;11780;Trapped Bone Chest;6bdc4d66dedcafb1a2982f2fa21af6e7;1;1;;1;;;22;1790004226
5900;Trapped Cactus Chest;10685;Trapped Cactus Chest;c8eceef6ba072842e0cc78ff35f54a11;1;1;;1;;;22;1790004227
5901;Trapped Boulder Chest;71610;Trapped Boulder Chest;230a759e7b2f9569a7790c849b67feac;1;1;;1;;;22;1790004227
5902;Trapped Corruption Chest;15080;Trapped Corruption Chest;c0a611378e926782ddfb8cde597a7cb0;1;1;;1;;;22;1790004227
5903;Trapped Crimtane Chest;71874;Trapped Crimtane Chest;675e136c1d18b0162a473b2a9968c39e;1;1;;1;;;22;1790004227
5904;Trapped Chest;8563;Trapped Chest;4316f333700f2b82eab08a4c4dc3d8b9;1;1;;1;;;22;1790004227
5905;Trapped Crimson Chest;9144;Trapped Crimson Chest;fa2dbc25ae5c867678d62d8e611c4eff;1;1;;1;;;22;1790004227
5906;Trapped Crystal Chest;12106;Trapped Crystal Chest;93567f830552caa7db0e89f855055348;1;1;;1;;;22;1790004227
5907;Trapped Demonite Chest;71873;Trapped Demonite Chest;bd288db77ab09d3378ae1a549ea97984;1;1;;1;;;22;1790004227
5908;Trapped Desert Chest;5710;Trapped Desert Chest;9ba055676fb50cd2f026ec91e46d0f65;1;1;;1;;;22;1790004227
5909;Trapped Dynasty Chest;6481;Trapped Dynasty Chest;222b0e3f3ac57cf4f1b764f65ca6ce24;1;1;;1;;;22;1790004227
5910;Trapped Easter Chest;71872;Trapped Easter Chest;a67bb19a63968ad5a5752442e7ccb950;1;1;;1;;;22;1790004227
5911;Trapped Ebonwood Chest;13763;Trapped Ebonwood Chest;43db923fb73c723caf46ea19b6e70997;1;1;;1;;;22;1790004227
5912;Trapped Fancy Hallowed Chest;71871;Trapped Fancy Hallowed Chest;0e07d4f0d104203b742a47b9536935df;1;1;;1;;;22;1790004227
5913;Trapped Flesh Chest;9650;Trapped Flesh Chest;2125c46a59eea4e4c53b0c65a0a0c5fc;1;1;;1;;;22;1790004228
5914;Trapped Fallen Star Chest;71660;Trapped Fallen Star Chest;f8211269637947f2ef253a46a4075a7f;1;1;;1;;;22;1790004228
5915;Trapped Forbidden Chest;71870;Trapped Forbidden Chest;44d718132d3038eefeb0785dc193300d;1;1;;1;;;22;1790004228
5916;Trapped Glass Chest;6047;Trapped Glass Chest;ce6a5569da49ecff5a3fb2ea16d892e1;1;1;;1;;;22;1790004228
5917;Trapped Gold Chest;9835;Trapped Gold Chest;36f8d59265936ed593d4abc420989bb2;1;1;;1;;;22;1790004228
5918;Trapped Frozen Chest;15671;Trapped Frozen Chest;d15c1f41221bb63a3bdcdb0f9a1c0cc4;1;1;;1;;;22;1790004228
5919;Trapped Golden Chest;6682;Trapped Golden Chest;a9a86e02655a43804bb25d918ec8438d;1;1;;1;;;22;1790004228
5920;Trapped Golf Chest;5611;Trapped Golf Chest;a4f2069e8a7ac6155104a8fbd3725ec6;1;1;;1;;;22;1790004228
5921;Trapped Green Dungeon Chest;9200;Trapped Green Dungeon Chest;80c48121f734aee75c112e3fdf68eb08;1;1;;1;;;22;1790004228
5922;Trapped Honey Chest;3991;Trapped Honey Chest;e12bb5d2ca0b7f129bc48e601795a32a;1;1;;1;;;22;1790004228
5923;Trapped Granite Chest;4530;Trapped Granite Chest;c8a59776bebd0e025c1c4499945e294b;1;1;;1;;;22;1790004228
5924;Trapped Hallowed Chest;6922;Trapped Hallowed Chest;17f84a313c2256d0945494497b47035e;1;1;;1;;;22;1790004229
5925;Trapped Ivy Chest;11895;Trapped Ivy Chest;5ce0f32eb54c1f74644d63715c4dba42;1;1;;1;;;22;1790004229
5926;Trapped Ice Chest;13726;Trapped Ice Chest;097dab4531d59f939830e6c77e6621ab;1;1;;1;;;22;1790004229
5927;Trapped Jellyfish Chest;71869;Trapped Jellyfish Chest;c081af3604088e4e6fd88c180484a551;1;1;;1;;;22;1790004229
5928;Trapped Jungle Chest;15943;Trapped Jungle Chest;15ab671ec4685d97128e61ddcdf2ecd4;1;1;;1;;;22;1790004229
5929;Trapped Martian Chest;10414;Trapped Martian Chest;856a6e20df23d116716005f338a61b05;1;1;;1;;;22;1790004229
5930;Trapped Lesion Chest;6006;Trapped Lesion Chest;4fc9b19e4165aa55f0691560d438e0c9;1;1;;1;;;22;1790004229
5931;Trapped Lihzahrd Chest;11846;Trapped Lihzahrd Chest;d4f13b9c2f9e2effe45f6d82c865c092;1;1;;1;;;22;1790004229
5932;Trapped Living Wood Chest;6689;Trapped Living Wood Chest;9ff9b2754dab21bfdadd29430921ef52;1;1;;1;;;22;1790004229
5933;Trapped Marble Chest;12205;Trapped Marble Chest;5ec51ec5779287b5a7640e794e0e36b2;1;1;;1;;;22;1790004229
5934;Trapped Meteorite Chest;15329;Trapped Meteorite Chest;b7f727e5526106e0f5e8b200fa2e8f8c;1;1;;1;;;22;1790004230
5935;Trapped Mushroom Chest;8468;Trapped Mushroom Chest;e429c560982426320d5a48947d58d676;1;1;;1;;;22;1790004230
5936;Trapped Nebula Chest;9624;Trapped Nebula Chest;61920a7c3c6e122c1d5bce3665c958e3;1;1;;1;;;22;1790004230
5937;Trapped Palm Wood Chest;9632;Trapped Palm Wood Chest;7bbef2793ce6405eace9da6354649833;1;1;;1;;;22;1790004230
5938;Trapped Obsidian Chest;7260;Trapped Obsidian Chest;802ab7928fb9bffb5ebb71726c304954;1;1;;1;;;22;1790004230
5939;Trapped Office Chest;71659;Trapped Office Chest;5c9ae6f9560f4a8bc91ff6681f198985;1;1;;1;;;22;1790004230
5940;Trapped Pearlwood Chest;15168;Trapped Pearlwood Chest;4461e2af29b4cecae09d0cb7d43db6ae;1;1;;1;;;22;1790004230
5941;Trapped Pine Chest;71867;Trapped Pine Chest;7eccb2c15673d8f52a12c56938174021;1;1;;1;;;22;1790004230
5942;Trapped Pink Dungeon Chest;13510;Trapped Pink Dungeon Chest;5f5c83cf5bb826c5b75a6e2558279075;1;1;;1;;;22;1790004230
5943;Trapped Pumpkin Chest;13539;Trapped Pumpkin Chest;d3976fd73bfe43c81a4175fc6478125c;1;1;;1;;;22;1790004230
5944;Trapped Sandstone Chest;14649;Trapped Sandstone Chest;5cf015432720a80ec5cde675861fc860;1;1;;1;;;22;1790004231
5945;Trapped Rich Mahogany Chest;10785;Trapped Rich Mahogany Chest;22afa2a442f22a244dd0d4df8e6f8378;1;1;;1;;;22;1790004231
5946;Trapped Reef Chest;59219;Trapped Reef Chest;872db9d7b7ed0d2118da579682c11c4f;1;1;;1;;;22;1790004231
5947;Trapped Shadewood Chest;5688;Trapped Shadewood Chest;10b01715dfb79052724ddf1d15b6121b;1;1;;1;;;22;1790004231
5948;Trapped Skyware Chest;10249;Trapped Skyware Chest;f5fdc9b0d26a82a4b8091b6a5e88e32a;1;1;;1;;;22;1790004231
5949;Trapped Shadow Chest;10996;Trapped Shadow Chest;8c5bb313376fc0f0d7136037c93cc21c;1;1;;1;;;22;1790004231
5950;Trapped Slime Chest;7471;Trapped Slime Chest;0f2e3004656b5e348a7223353c149c4c;1;1;;1;;;22;1790004231
5951;Trapped Solar Chest;10230;Trapped Solar Chest;3a3cfd7d84ef7a436304ed8865949552;1;1;;1;;;22;1790004231
5952;Trapped Spider Chest;6662;Trapped Spider Chest;17395dcc179906432ab7697074d83ee1;1;1;;1;;;22;1790004231
5953;Trapped Spike Chest;71868;Trapped Spike Chest;37223581d7a319e61a7ffc84c5351fd5;1;1;;1;;;22;1790004231
5954;Trapped Spooky Chest;9989;Trapped Spooky Chest;f4efd235493ce794433fc50f3068989d;1;1;;1;;;22;1790004232
5955;Trapped Stardust Chest;10305;Trapped Stardust Chest;a746969c2da42f51ad65d9850b6e28b3;1;1;;1;;;22;1790004232
5956;Trapped Vortex Chest;10442;Trapped Vortex Chest;3cf43849dd90bd0a0f22bef9ac8afebe;1;1;;1;;;22;1790004232
5957;Trapped Steampunk Chest;14867;Trapped Steampunk Chest;e8306c58ebaf3384a36ff3eba2f925fb;1;1;;1;;;22;1790004232
5958;Trapped Water Chest;14962;Trapped Water Chest;d1ebae3ba347798e5b79d4981859b3c1;1;1;;1;;;22;1790004232
5959;Trapped Web Covered Chest;14503;Trapped Web Covered Chest;1dfb380d33b4a4fa740f30e42fc7cf4e;1;1;;1;;;22;1790004232
5960;1/4 Second Timer;5035;1/4 Second Timer;e7f694de87d6eae0d7827d2d0901d819;1;1;;1;;;22;1790004234
5961;A Horrible Night for Alchemy;59568;A Horrible Night for Alchemy;ccdc0cf96e3f6f381e4f0cc50b067a21;1;1;;1;;;22;1790004234
5962;1/2 Second Timer;15208;1/2 Second Timer;03f2e87a169fdac734c48ce49962cd77;1;1;;1;;;22;1790004234
5963;Aaron's Leggings;11198;Aaron's Leggings;1c04101794129be34a95c4465f468d23;1;1;;1;;;22;1790004234
5964;A Machine for Terrarians;59560;A Machine for Terrarians;412634a643434357074fa4da66124e6b;1;1;;1;;;22;1790004235
5965;Aaron's Helmet;4124;Aaron's Helmet;6dd66a75e67217dd31e38c05e9b9479f;1;1;;1;;;22;1790004235
5966;Aaron's Breastplate;6899;Aaron's Breastplate;d61fee23c96ddb9f39fef7e9aed4eb32;1;1;;1;;;22;1790004235
5967;Acorns;11981;Acorns;dd13be47289653b688e1a7fe93639b19;1;1;;1;;;22;1790004235
5968;Aether Campfire;59505;Aether Campfire;e8842d9f0fbc67c2e7fd79c540de3c09;1;1;;1;;;22;1790004235
5969;Aether Monolith;59621;Aether Monolith;ef0f55ba7eee0076a1c67d0bebf617d0;1;1;;1;;;22;1790004235
5970;Aether Torch;59449;Aether Torch;1d99c4e859e52d3fe37100b3576c2ba1;1;1;;1;;;22;1790004235
5971;Aetherium Bookcase;71913;Aetherium Bookcase;62f68015ba7d9c0f7291ce77e4242e4f;1;1;;1;;;22;1790004235
5972;Aetherium Candle;72047;Aetherium Candle;ecd2786a3f00e7c8a88c602382f20c23;1;1;;1;;;22;1790004236
5973;Aetherium Chest;71876;Aetherium Chest;5565240d44f772f54b0f58196d01c0d3;1;1;;1;;;22;1790004236
5974;Aetherium Chandelier;71682;Aetherium Chandelier;e4a6b857ffcb67cd67b6e79446b32e18;1;1;;1;;;22;1790004236
5975;Aetherium Clock;71923;Aetherium Clock;c04e4eadc05e6ad2f8de146fe55214d5;1;1;;1;;;22;1790004236
5976;Aetherium Door;72044;Aetherium Door;53f092d037f22edce034428263f6ac3a;1;1;;1;;;22;1790004236
5977;Aetherium Dresser;71931;Aetherium Dresser;6d69888668b3141b59f24369a3b6c911;1;1;;1;;;22;1790004236
5978;Aetherium Lantern;72042;Aetherium Lantern;28358a9c2c8562236c776aafbf3950f4;1;1;;1;;;22;1790004236
5979;Aetherium Candelabra;72048;Aetherium Candelabra;36e2886d858ad10952b1c781fade6e27;1;1;;1;;;22;1790004236
5980;Aetherium Chair;72045;Aetherium Chair;1dc35610b6fb3f716f5a79715a39b6ea;1;1;;1;;;22;1790004236
5981;Aetherium Piano;71940;Aetherium Piano;202359dcfd8230d7294a978257b3a443;1;1;;1;;;22;1790004236
5982;Aetherium Platform;71509;Aetherium Platform;dbe98bb4636fcd7b9441aa168862d6e7;1;1;;1;;;22;1790004236
5983;Aetherium Lamp;72043;Aetherium Lamp;3b66282d6e4a31250a830ee4c0f2b4c3;1;1;;1;;;22;1790004236
5984;Aetherium Sofa;71948;Aetherium Sofa;e2590bb33fba311907bd92ee8b847188;1;1;;1;;;22;1790004236
5985;Aetherium Sink;72041;Aetherium Sink;c18008d98d21856e0892f365ec296283;1;1;;1;;;22;1790004236
5986;Aetherium Toilet;71963;Aetherium Toilet;02343b0031c0472edd6afd8fa92bd000;1;1;;1;;;22;1790004237
5987;Aetherium Table;72040;Aetherium Table;6122f4ea0c8ba1e4a6e8bc62049c0dee;1;1;;1;;;22;1790004237
5988;Aetherium Work Bench;71847;Aetherium Work Bench;9b7c701aab01f1a7c23101de6329fe7c;1;1;;1;;;22;1790004237
5989;Alien Hornet Banner;13515;Alien Hornet Banner;385fce09bf3ac2f07cb51d9f8c3016c9;1;1;;1;;;22;1790004237
5990;Alien Larva Banner;14591;Alien Larva Banner;b7618cafc64419952da8f846d8b58f38;1;1;;1;;;22;1790004237
5991;Alien Queen Banner;5247;Alien Queen Banner;830ddccb51037a4056feb199b05cb4a9;1;1;;1;;;22;1790004237
5992;Amber Bunny Cage;9366;Amber Bunny Cage;a614ef6b7dea75405d5fd4e9afb4b731;1;1;;1;;;22;1790004238
5993;Amber Gem Lock;11730;Amber Gem Lock;1f925a3853fbdb6496e92ba8846c1fbf;1;1;;1;;;22;1790004238
5994;Amber Bunny;10958;Amber Bunny;9589924090e044003273208ba365254d;1;1;;1;;;22;1790004238
5995;Amber Gemcorn;9236;Amber Gemcorn;008ee22fe2c27e3f62ce3196233978ce;1;1;;1;;;22;1790004238
5996;Amber Gemspark Block;7805;Amber Gemspark Block;c1358836c6df8f177ec1971643770c68;1;1;1;1;;;30;1790004238
5997;Amber Gemspark Wall;5180;Amber Gemspark Wall;d3d7d9beaf77c3c2c0e835e6f429921e;1;1;1;1;;;30;1790004238
5998;Amber Hook;10762;Amber Hook;d6ef8ef69f6681f30a9800977f4ae63b;1;1;;1;;;22;1790004238
5999;Amber Minecart;11264;Amber Minecart;9ab1941db5d8b8d1c4d92f45f22aa161;1;1;;1;;;22;1790004238
6000;Amber Squirrel;8340;Amber Squirrel;19b4edd40d420ff6893baeae9ca4696b;1;1;;1;;;22;1790004238
6001;Amber Squirrel Cage;13286;Amber Squirrel Cage;f220e61f1e085ab9c2e456a4cf144edb;1;1;;1;;;22;1790004238
6002;Amber Stone Block;6959;Amber Stone Block;8774125f179aa843e5c67d49112f0203;1;1;;1;;;22;1790004239
6003;Amber Stone Wall;14519;Amber Stone Wall;41085e01135c9099bd0609253f55c276;1;1;;1;;;22;1790004239
6004;Amethyst Bunny;12281;Amethyst Bunny;6f8d54f37162a3bcc2c37733caf38816;1;1;;1;;;22;1790004239
6005;Amethyst Gemspark Block;7542;Amethyst Gemspark Block;d982ab13df143c1d3957dec05feb56e7;1;1;1;1;;;30;1790004239
6006;Amethyst Gem Lock;7072;Amethyst Gem Lock;bea0f993e03a91da4debc7b27f4b8654;1;1;;1;;;22;1790004239
6007;Amethyst Gemcorn;6350;Amethyst Gemcorn;03f180a82908052cceb149831b74b259;1;1;;1;;;22;1790004239
6008;Amethyst Bunny Cage;5918;Amethyst Bunny Cage;0126a2dbdccf6bf1895a8eb36cac45fe;1;1;;1;;;22;1790004239
6009;Amethyst Gemspark Wall;10906;Amethyst Gemspark Wall;3a243202ea5fd458ee0f5baf1f636cae;1;1;1;1;;;30;1790004239
6010;Amethyst Minecart;4322;Amethyst Minecart;227410da90cbb6adbef2a3a0f5e761fe;1;1;;1;;;22;1790004239
6011;Amethyst Squirrel Cage;14142;Amethyst Squirrel Cage;3775ef7952792c01afcafc9a9a5c8c3a;1;1;;1;;;22;1790004239
6012;Amethyst Squirrel;14815;Amethyst Squirrel;c221025874c8106207327f8270a0983d;1;1;;1;;;22;1790004240
6013;Amethyst Stone Block;6440;Amethyst Stone Block;e9b40f69acf35d631dbb0a4909b01d9d;1;1;;1;;;22;1790004240
6014;Ancient Blue Brick Wall;60240;Ancient Blue Brick Wall;c678cbf3785a06c252562fc4863b863c;1;1;;1;;;22;1790004240
6015;Ancient Blue Brick;59991;Ancient Blue Brick;05d63e04bb919b9153b5641e3ea48dce;1;1;;1;;;22;1790004240
6016;Ancient Garments;13990;Ancient Garments;ba0289f1ace13117047a24fa10706d9d;1;1;;1;;;22;1790004240
6017;Ancient Hallowed Greaves;15049;Ancient Hallowed Greaves;d96d6ea5800ec91f5dd5935c69b2a568;1;1;;1;;;22;1790004241
6018;Ancient Hallowed Headgear;13860;Ancient Hallowed Headgear;e149cd141234f129861ea8414dc21264;1;1;;1;;;22;1790004241
6019;Ancient Hallowed Hood;15299;Ancient Hallowed Hood;3dc67b646bb2db02555d3d6ef9be2783;1;1;;1;;;22;1790004241
6020;Ancient Hallowed Helmet;13200;Ancient Hallowed Helmet;47500c05dcecbeb976169f43484016ca;1;1;;1;;;22;1790004241
6021;Ancient Hallowed Mask;8076;Ancient Hallowed Mask;84d8640ef7af8a5f964b422005ad688a;1;1;;1;;;22;1790004241
6022;Ancient Green Brick Wall;60241;Ancient Green Brick Wall;c715a58b3bf798b022e903a9c6acbc43;1;1;;1;;;22;1790004241
6023;Ancient Green Brick;59990;Ancient Green Brick;460b686e8a062ae8ed94501abec1a142;1;1;;1;;;22;1790004241
6024;Ancient Hallowed Plate Mail;11289;Ancient Hallowed Plate Mail;ba2789d4df85a9c86851f68fad398e15;1;1;;1;;;22;1790004241
6025;Ancient Headdress;14472;Ancient Headdress;9d8da128bd8a95df7f74049d96b24baf;1;1;;1;;;22;1790004241
6026;Ancient Pink Brick;59992;Ancient Pink Brick;f90bdf5187e6658aec2b9388fe9c17c5;1;1;;1;;;22;1790004241
6027;Ancient Pink Brick Wall;60242;Ancient Pink Brick Wall;b79ce347fd62a547003d0628c640e9a2;1;1;;1;;;22;1790004242
6028;Ancient Slacks;13816;Ancient Slacks;e08bc8f3b73544e365a2a5351d4fa876;1;1;;1;;;22;1790004242
6029;Ancient Tablet;4793;Ancient Tablet;8a7c6d09a6fa4fb4babe9a6ceaaa4146;1;1;;1;;;22;1790004242
6030;Andrew Sphinx;15713;Andrew Sphinx;548d28e4d7b6d53e4abf8f841900b465;1;1;;1;;;22;1790004242
6031;Angry Dandelion Banner;4877;Angry Dandelion Banner;3d59b2b37a632d4708a4cb9a2ce97690;1;1;;1;;;22;1790004243
6032;Angry Bones Banner;6214;Angry Bones Banner;237a795576edd18fc7ab097316b347e2;1;1;;1;;;22;1790004243
6033;Angry Trapper Banner;5938;Angry Trapper Banner;4f81d48145ef588b69e0698f7b5208fe;1;1;;1;;;22;1790004243
6034;Angry Trapper Kite;4474;Angry Trapper Kite;3e2c319ddeab60103cff77b52c6ff30d;1;1;;1;;;22;1790004243
6035;Angry Tumbler Banner;8415;Angry Tumbler Banner;11c60ba336526852b34abd824405846c;1;1;;1;;;22;1790004243
6036;Antlion Larva Banner;7645;Antlion Larva Banner;866c525bbd16b59e7c3a99f275554931;1;1;;1;;;22;1790004244
6037;Antlion Charger Banner;4678;Antlion Charger Banner;c84545011e0a04921d002370b47caa75;1;1;;1;;;22;1790004244
6038;Antlion Swarmer Banner;9124;Antlion Swarmer Banner;92b32666bf583af7029b02b3cbffcdbc;1;1;;1;;;22;1790004244
6039;Apprentice's Hat;8810;Apprentice's Hat;eee46d8a23e3a2823fb05e4c1c7b1eaa;1;1;;1;;;22;1790004244
6040;Apprentice's Robe;6858;Apprentice's Robe;d56e8709124a69cdb4a898111fcc3f02;1;1;;1;;;22;1790004244
6041;Apprentice's Trousers;14216;Apprentice's Trousers;f0702713964a6b53b8ecb987fb7dec7c;1;1;;1;;;22;1790004244
6042;Aquarium Bathtub;71625;Aquarium Bathtub;1d8b0292a4e1b4c108d0d78a287a3401;1;1;;1;;;22;1790004244
6043;Aquarium Bed;71626;Aquarium Bed;6a416801f2475aa186c76e16e1b5eb37;1;1;;1;;;22;1790004244
6044;Aquarium Bookcase;71627;Aquarium Bookcase;37fe4d02d4ae60243c5929316ce60011;1;1;;1;;;22;1790004244
6045;Aquarium Candelabra;72219;Aquarium Candelabra;76d89f607a76bc83730de14f5f83b174;1;1;;1;;;22;1790004245
6046;Aquarium Chandelier;71624;Aquarium Chandelier;283621a5f99606623e660d5fd9220a42;1;1;;1;;;22;1790004245
6047;Aquarium Candle;72240;Aquarium Candle;0af29b3738208f88fbfeea76bf4002d9;1;1;;1;;;22;1790004245
6048;Aquarium Chair;72241;Aquarium Chair;3edceb210ce91cf55117350a86b8727e;1;1;;1;;;22;1790004245
6049;Aquarium Clock;71628;Aquarium Clock;39829ee90532d990ad38d5c77e48eea9;1;1;;1;;;22;1790004245
6050;Aquarium Lamp;72243;Aquarium Lamp;05cc41b60fe84dbdbe06330b604da80b;1;1;;1;;;22;1790004245
6051;Aquarium Door;72242;Aquarium Door;3c8c5e1fe08ed212efb7612feb45af74;1;1;;1;;;22;1790004245
6052;Aquarium Piano;71630;Aquarium Piano;ab1e147795d73aff7fb96ff5638b0c71;1;1;;1;;;22;1790004245
6053;Aquarium Dresser;71629;Aquarium Dresser;7ac9a3a42ed1e5b22f618e25cdcf91ce;1;1;;1;;;22;1790004245
6054;Aquarium Lantern;72244;Aquarium Lantern;95536950004412031ae34d20a1a3df23;1;1;;1;;;22;1790004245
6055;Aquarium Sink;72245;Aquarium Sink;5dee8a546fe1def4dfe5ef819e40507c;1;1;;1;;;22;1790004245
6056;Aquarium Platform;71528;Aquarium Platform;90f478bee4790a019b7a807064c6af3b;1;1;;1;;;22;1790004245
6057;Aquarium Sofa;71631;Aquarium Sofa;287084b5f84433208785f14e76fe9ad9;1;1;;1;;;22;1790004245
6058;Aquarium Table;72246;Aquarium Table;6e1eb43f67c7e1302fcd125b1c7f50dc;1;1;;1;;;22;1790004246
6059;Aquarium Toilet;71633;Aquarium Toilet;3b94a463012d2bb2dd4ea1b255ad31b3;1;1;;1;;;22;1790004246
6060;Aquarium Work Bench;71623;Aquarium Work Bench;2ac6c02c01dadd38602cda6e9998b6fe;1;1;;1;;;22;1790004246
6061;Argon Moss Fishing Bobber;59475;Argon Moss Fishing Bobber;cf89d0a9f2ab8a407632bf31e4afe76e;1;1;;1;;;22;1790004247
6062;Argon Moss;8414;Argon Moss;f414a5e0a6bfeecf63acae6488d17463;1;1;;1;;;22;1790004247
6063;Arkhalis' Bodice;12112;Arkhalis' Bodice;d14d7894a24304d710a3aa8ec6654e43;1;1;;1;;;22;1790004247
6064;Arkhalis' Hood;12191;Arkhalis' Hood;8f1088e05a8c26ae5ccc08a67ed80042;1;1;;1;;;22;1790004247
6065;Arkhalis' Tights;11110;Arkhalis' Tights;cb382cf05eecf32206bac3d47111c2f9;1;1;;1;;;22;1790004247
6066;Arkhalis' Lightwings;11488;Arkhalis' Lightwings;3ea78f5bca7a397ed825836b435d0d66;1;1;;1;;;22;1790004247
6067;Armed Zombie Statue;15948;Armed Zombie Statue;891414c8c2855d780e01f2f538c19eea;1;1;;1;;;22;1790004247
6068;Ash Wood Bathtub;59242;Ash Wood Bathtub;c4ee71f683a35e3d3e42a4def189e90a;1;1;;1;;;22;1790004248
6069;Ash Wood Bed;59243;Ash Wood Bed;1fe00782ea552ec05c8a1e6660fc10d8;1;1;;1;;;22;1790004248
6070;Armored Viking Banner;11705;Armored Viking Banner;366c57a55269a5435c96ff0cd59eeee4;1;1;;1;;;22;1790004248
6071;Arrow Sign;4604;Arrow Sign;3b6fa7b829c88bba4038578b39c4a6d3;1;1;;1;;;22;1790004248
6072;Ash Wood Breastplate;60125;Ash Wood Breastplate;ce5186f8256f3720497121b0b2677976;1;1;;1;;;22;1790004248
6073;Ash Wood Bookcase;59244;Ash Wood Bookcase;5f984454251591a8afebc61877ecaac6;1;1;;1;;;22;1790004248
6074;Ash Wood Candelabra;59246;Ash Wood Candelabra;1bf0e5c8b9325eb5fe5a11623a1246b8;1;1;;1;;;22;1790004248
6075;Ash Wood Candle;59247;Ash Wood Candle;ba6abaa5f4e35dd8efb973b18dd70162;1;1;;1;;;22;1790004248
6076;Ash Wood Chandelier;59249;Ash Wood Chandelier;2ed37a4c4e901f0796461b9ad696b8e9;1;1;;1;;;22;1790004249
6077;Ash Wood Chair;59248;Ash Wood Chair;795759032409c1b1dee91167e5e9c7bc;1;1;;1;;;22;1790004249
6078;Ash Wood Chest;59250;Ash Wood Chest;1c7c05bf95f82432376bdad351d611d2;1;1;;1;;;22;1790004249
6079;Ash Wood Dresser;59245;Ash Wood Dresser;e09b3b1d6d640e50525ca8c1511a56e9;1;1;;1;;;22;1790004249
6080;Ash Wood Clock;59251;Ash Wood Clock;e146ca7651f38224c67c39a515a2418d;1;1;;1;;;22;1790004249
6081;Ash Wood Fence;59468;Ash Wood Fence;5900dc16bcf00e4e8caafaa3e63264cc;1;1;;1;;;22;1790004249
6082;Ash Wood Door;59252;Ash Wood Door;b7a59427417546e7b84c1dd0219cae0d;1;1;;1;;;22;1790004250
6083;Ash Wood Greaves;59388;Ash Wood Greaves;8d55097534d1f0b4cffc14cc4a7425cf;1;1;;1;;;22;1790004250
6084;Ash Wood Lamp;59253;Ash Wood Lamp;f79490d0ceb5f93e6eaaf90fe160b011;1;1;;1;;;22;1790004250
6085;Ash Wood Platform;59256;Ash Wood Platform;043914d18fdb2341eaa1f9902021032e;1;1;;1;;;22;1790004250
6086;Ash Wood Sink;59257;Ash Wood Sink;3c093a735f6aa385374249bf13aba9c6;1;1;;1;;;22;1790004250
6087;Ash Wood Helmet;59390;Ash Wood Helmet;42be2c54eb19544f16a2c4c352c75235;1;1;;1;;;22;1790004250
6088;Ash Wood Piano;59255;Ash Wood Piano;4d48e4bf1314023c43c67f35d531de31;1;1;;1;;;22;1790004250
6089;Ash Wood Lantern;59254;Ash Wood Lantern;26ff57e99e28b846c8c970b598f5a479;1;1;;1;;;22;1790004250
6090;Ash Wood Sofa;59258;Ash Wood Sofa;0795b66eb8b4ef2d344b3eb5e211b643;1;1;;1;;;22;1790004250
6091;Ash Wood Table;59259;Ash Wood Table;782085bf3e7d0c1bf9ab6e8eed94b825;1;1;;1;;;22;1790004250
6092;Ash Wood Toilet;59263;Ash Wood Toilet;f957ad1b126e58bfb38bcc39e96fa186;1;1;;1;;;22;1790004250
6093;Ash Wood Work Bench;59261;Ash Wood Work Bench;b33bfc91558ac25a4e06923725565dde;1;1;;1;;;22;1790004250
6094;Aurora Borealis;59515;Aurora Borealis;4e81797e20c5790d144f59e7d22c472d;1;1;;1;;;22;1790004251
6095;Ballista Cane;9342;Ballista Cane;95ee8e2ffa429aa76b3fd45fba9daf7f;1;1;;1;;;22;1790004251
6096;Ballista Rod;14640;Ballista Rod;0c6dca18a6b3c0a1fc835b3402b445a8;1;1;;1;;;22;1790004251
6097;Ballista Staff;14633;Ballista Staff;3275ad4782809a90837a4b21e4cdcf2b;1;1;;1;;;22;1790004251
6098;Balloon Bathtub;59221;Balloon Bathtub;8a63be02d02d55072b365150b4702439;1;1;;1;;;22;1790004251
6099;Balloon Bed;59222;Balloon Bed;13f05cac2e3b779562e6905b5612637e;1;1;;1;;;22;1790004251
6100;Balloon Candelabra;59225;Balloon Candelabra;c128fbcae783ca7e46c0b8297af4bfed;1;1;;1;;;22;1790004251
6101;Balloon Bookcase;59223;Balloon Bookcase;d21bebb05863d9e5e6736bae89c6aa2e;1;1;;1;;;22;1790004251
6102;Balloon Chandelier;59228;Balloon Chandelier;bde0c889740260d5a355142bd7f2d84c;1;1;;1;;;22;1790004252
6103;Balloon Candle;59226;Balloon Candle;31cdf358b211866911eb0715d627a02d;1;1;;1;;;22;1790004252
6104;Balloon Chair;59227;Balloon Chair;ccb5c2151609f6647766392d025e0e57;1;1;;1;;;22;1790004252
6105;Balloon Clock;59230;Balloon Clock;2b5d4d450ba0fcb2aa7b6fdeb2509bfa;1;1;;1;;;22;1790004252
6106;Balloon Dresser;59224;Balloon Dresser;89f6995c6c81d239f6dd74f3ccdac07c;1;1;;1;;;22;1790004252
6107;Balloon Lamp;59232;Balloon Lamp;3432ea06f28deca239a441481ab90c76;1;1;;1;;;22;1790004252
6108;Balloon Lantern;59233;Balloon Lantern;d5f9c5f961a231c62de5038e50f635b5;1;1;;1;;;22;1790004252
6109;Balloon Chest;59229;Balloon Chest;1f359e8e732489f6583c4b621269e5ff;1;1;;1;;;22;1790004252
6110;Balloon Door;59231;Balloon Door;4bfa7b629530e048343d134e599ce033;1;1;;1;;;22;1790004252
6111;Balloon Piano;59234;Balloon Piano;4be6889b1272458d5e0f94eec832b112;1;1;;1;;;22;1790004252
6112;Balloon Platform;59235;Balloon Platform;30b701065c56c8eefd8ac636eaa528f4;1;1;;1;;;22;1790004253
6113;Balloon Sofa;59237;Balloon Sofa;b27648597d9973b04710a761c7cb6f88;1;1;;1;;;22;1790004253
6114;Balloon Sink;59236;Balloon Sink;62da75d918a56dd2859a74af55ee3a69;1;1;;1;;;22;1790004253
6115;Balloon Table;59238;Balloon Table;cea88f3707523b7fdb9ce3dc1ad98eda;1;1;;1;;;22;1790004253
6116;Bamboo Bed;10189;Bamboo Bed;13c28f3aacf300c8a7d9798b172818e4;1;1;;1;;;22;1790004253
6117;Balloon Work Bench;59239;Balloon Work Bench;b61d593cb5f9d443c398cc5070909d3b;1;1;;1;;;22;1790004254
6118;Bamboo Bathtub;5492;Bamboo Bathtub;36b8b4e95aa42f74997bdf65b6efe77c;1;1;;1;;;22;1790004254
6119;Bamboo Bookcase;14844;Bamboo Bookcase;8d5279bb42abd0eebfb48793324dea3f;1;1;;1;;;22;1790004254
6120;Bamboo Candelabra;15912;Bamboo Candelabra;286e14f0561bd9897ec3a5ab10f23ec0;1;1;;1;;;22;1790004254
6121;Balloon Toilet;59241;Balloon Toilet;af67166e364b26738ac9b10c04e8a61d;1;1;;1;;;22;1790004254
6122;Bamboo Chair;13424;Bamboo Chair;86ec82327b8e0b584ee8183c3e63bec6;1;1;;1;;;22;1790004254
6123;Bamboo Candle;7479;Bamboo Candle;715f40c40bca1d16ae7e79df9bc1dacd;1;1;;1;;;22;1790004254
6124;Bamboo Chandelier;10745;Bamboo Chandelier;a900ee452e974bd42a45fb9bcac94621;1;1;;1;;;22;1790004254
6125;Bamboo Chest;8033;Bamboo Chest;124be6a66e0d42f757477d20f878f938;1;1;;1;;;22;1790004255
6126;Bamboo Door;5323;Bamboo Door;05cd46c323344ca980664846c2e6ac1d;1;1;;1;;;22;1790004255
6127;Bamboo Lamp;5693;Bamboo Lamp;acb97ac8b9d8bf2783a44d73747ae5bb;1;1;;1;;;22;1790004255
6128;Bamboo Dresser;13531;Bamboo Dresser;66cab8a5d5cfe750836f82e75cbd6649;1;1;;1;;;22;1790004255
6129;Bamboo Fence;9056;Bamboo Fence;ab05c2555ba7b00ed0a2558d84e99770;1;1;;1;;;22;1790004255
6130;Bamboo Clock;12777;Bamboo Clock;1aecde4d9a305205a13dfb7d1fe5386d;1;1;;1;;;22;1790004255
6131;Terragrim;7761;Terragrim;6b2a8acbbd1e7a5622ffcf19bf0a706e;1;1;;1;;;22;1790005656
6134;Jungle Juice;71057;Jungle Juice;583fc97f30db9e6445f4d13fb2d9f12e;1;1;;1;;;22;1790014097
6136;Cascade;10616;Cascade;2dc2b15e8b0ee7ed3fdd4cf53ad0a8c3;1;1;;1;;;22;1790020573
6137;Rally;11764;Rally;389c73a6ba1026088d6893cb66518093;1;1;;1;;;22;1790020631
6138;Code 1;13911;Code 1;1438932ebd932b41ea95c8c5d5c7fb64;1;1;;1;;;22;1790020979
6139;Valor;10438;Valor;c55e0976a4f45ced356f8775d550307e;1;1;;1;;;22;1790021056
6142;Chik;9293;Chik;5e1db946c703e17c22d0b913534729bb;1;1;;1;;;22;1790021404
6144;Code 2;7983;Code 2;e1596561cde9827b668129164d58fd6c;1;1;;1;;;22;1790022253
6145;Yelets;8223;Yelets;948960054dcac23a4d43631f5489613a;1;1;;1;;;22;1790022502
6146;Shadowflame Bow;6957;Shadowflame Bow;6a7681fbcb444f6d1e6395d71f6dcded;1;1;;1;;;22;1790025769
6148;Gradient;9373;Gradient;5e59525cb7d1d1cd93be0b9f36e9d09a;1;1;;1;;;22;1790039148
6151;Ouroboros Ring;79936;Ouroboros Ring;3458948620f80acf4d71b9afce823f88;1;1;;1;;;22;1790048919
6155;Solar Tablet Fragment;5347;Solar Tablet Fragment;bf4190307c5a9f53406c7398e742c4a6;1;1;;1;;;22;1790074590
6156;Spore Sac;7709;Spore Sac;dbf1e05493197ce8aeac32c24fc13eef;1;1;;1;;;22;1790076478
6157;Kraken;10875;Kraken;049a956dfeb0eb2e19c417a1dde4d680;1;1;;1;;;22;1790079669
6159;Celestial Pillars;14548;Celestial Pillars;e7cc4c1d80b9c8de8b02616400adde6b;1;1;;1;;;22;1790089237
6163;Lucy the Axe;13493;Lucy the Axe;ceb0a0e52af0d76b00013b67f7be7768;1;1;;1;;;22;1790097389
6170;Bone Helm;11638;Bone Helm;50bdcbbfbc6b9600bb9c45af1c814706;1;1;;1;;;22;1790104631
6171;Skeleton Merchant;13813;Skeleton Merchant;63c14cd78b2ad1a1ef1ac4f3f0500f37;1;1;;1;;;22;1790110348
6172;Eventide;4168;Eventide;5b8cc8c7650c9bddb60af76b218f0523;1;1;;1;;;22;1790113300
6175;Graveyard;9769;Graveyard;426fdc79046e281c5322161f011ce68c;1;1;;1;;;22;1790123093
6176;Gladius;9268;Gladius;3bf7b7b38bc467f487691889b4636d0b;1;1;;1;;;22;1790124544
6178;Explosive Trap sentry summons;11011;Explosive Trap sentry summons;ccbdd07a39448444c3cdade122f0a639;1;1;;1;;;22;1790127050
6179;The Aether;59571;The Aether;94a758e29131663fa363b39ba83097d2;1;1;;1;;;22;1790127201
6180;Gold Worm;3946;Gold Worm;7f0667d323411074a0e14301def73723;1;1;;1;;;22;1790128115
6181;Fishing Bobbers;59434;Fishing Bobbers;622c1dfba48e8efe200bdf35055d6ebc;1;1;;1;;;22;1790128603
6182;Rainbow Glowstick;71996;Rainbow Glowstick;6adb789ffa3d3ca66b2c472e0570ba5a;1;1;;1;;;22;1790129985
6183;Helium Moss Brick;60232;Helium Moss Brick;b2eee3676d3aac24163a6e815d45efb1;1;1;;1;;;22;1790130029
6184;Helium Moss Brick Wall;60238;Helium Moss Brick Wall;f0f075fe4207156ba96c3539effcf59c;1;1;;1;;;22;1790130063
6185;Crystal Assassin armor;11648;Crystal Assassin armor;8d13623718c011cf03a89abf83f412de;1;1;;1;;;22;1790131432
6187;Nailhead;4489;Nailhead;6fed1e707ed1aee3a5903dd7b673ed41;1;1;;1;;;22;1790137796
6188;Wicked Claws;79961;Wicked Claws;2066579722f7313103abe2dc3c3bf8dc;1;1;;1;;;22;1790140544
6189;No Traps;59624;No Traps;a979092a16fbd7e58e2645d8c8769e42;1;1;;1;;;22;1790140918
6194;1.4.5.7;79885;1.4.5.7;58d85fd57386633b0d627a3503b9602a;1;1;;1;;;22;1790166633
6198;Blue Chicken Egg;59608;Blue Chicken Egg;ed45faddc4ea0bdc0f0d18137008f08c;1;1;;1;;;22;1790169927
6200;Solar Eruption;11645;Solar Eruption;851542537a667a8965dabd12c7491d4e;1;1;;1;;;22;1790176994
6207;Zenith;4649;Zenith;da481495311e13bed8405e0fcc115357;1;1;;1;;;22;1790190836
6208;Shimmer;59383;Shimmer;c1a87453174ef39939f55ea3a4f2a8ef;1;1;;1;;;22;1790191231
6210;Twilight Grasp;79942;Twilight Grasp;c58b39fcfc0eb9e16283686cdefcf608;1;1;;1;;;22;1790212393
6212;Super Star Shooter;9852;Super Star Shooter;78ed5a8812c122004e0612d348b02134;1;1;;1;;;22;1790249188
6213;Sandstorm;9115;Sandstorm;cb1d02cef2818bf17e1724c0b217b936;1;1;;1;;;22;1790263643
6215;Yoyos;15872;Yoyos;d6fc5be59bb060f0fb4cf920d6416780;1;1;;1;;;22;1790268848
6216;Format:C;15195;Format:C;a459ece62c08ae658218d07a035608f9;1;1;;1;;;22;1790270427
6218;Vampire Frog Staff;15232;Vampire Frog Staff;d2ce9cff166cb4eabd6d1a53d484f4b8;1;1;;1;;;22;1790276868
6221;Achievements;7008;Achievements;f5c7922da355fd289ec1d6469e0583a7;1;1;1;1;;;30;1790282196
6223;Cobwhip;70560;Cobwhip;b4dcc20d6f8fc721b91157036d0d5680;1;1;;1;;;22;1790283392
6225;Gi;15501;Gi;bc4280d2ade3a681153467e45636bdc6;1;1;1;1;;;30;1790285601
6227;Butcher's Chainsaw;13484;Butcher's Chainsaw;9c1177d0d830027c5feef2294deb49a6;1;1;;1;;;22;1790287458
6229;Super Mana Potion;4750;Super Mana Potion;27ae057e74ab512600a108c45f9bad4d;1;1;1;1;;;30;1790288989
6230;Music Boxes;6296;Music Boxes;3ac6a906d90a1bc57877f8602315443a;1;1;1;1;;;30;1790289113
6232;Red Potion;10844;Red Potion;652d7cb92c8ab1f7ddc10e32cb7c86c9;1;1;;1;;;22;1790289147
6233;Cell Phone;4183;Cell Phone;faab5da77b26184402e64e2ee7a70060;1;1;;1;;;22;1790289573
6240;Ambient entities;10029;Ambient entities;5c307ec3113f4aef5a0da56f515a1237;1;1;;1;;;22;1790316640
6245;Desert Tiger Staff;15525;Desert Tiger Staff;ab7ac0ca04b01b71a064b40bf0016c8e;1;1;;1;;;22;1790347577
6247;1.2.3;15250;1.2.3;b0e8daa258acbb6fc4c86f89e0c9183e;1;1;1;1;;;30;1790352198
6249;Clinger Staff;15737;Clinger Staff;34f9380a385caba8a42bf06de5203825;1;1;;1;;;22;1790352201
6253;Super Healing Potion;4240;Super Healing Potion;f5ba9addeea9ad3ddbfd373be1ebc5af;1;1;;1;;;22;1790366244
6260;Football;14971;Football;449a5f6d01d5f416810d04b4df596b6a;1;1;;1;;;22;1790385600
6262;Aerial Bane;8599;Aerial Bane;f7735c5a79b48b2f303ec3cfa976025f;1;1;;1;;;22;1790386595
6263;Actuation Rod;11335;Actuation Rod;2b3aa0ad030f553ae6b1bea06978a7d6;1;1;;1;;;22;1790387039
6264;Abigail's Flower;4871;Abigail's Flower;655b3236b65aaf0b8f965c339d88cb1b;1;1;;1;;;22;1790387541
6265;Special world seeds;4414;Special world seeds;95667dad64360053552fa887e8c0ce45;1;1;;1;;;22;1790392956
6279;Celestial Cuffs;10356;Celestial Cuffs;27dd9b26e243bf1aa59db9863eee10b3;1;1;1;1;;;30;1790427955
6281;Gatligator;13271;Gatligator;9762527edf96daf3f510a3df5f394570;1;1;1;1;;;30;1790428187
6283;Magnet Flower;11796;Magnet Flower;73e7bb786754d55e61d52b559a35501a;1;1;;1;;;22;1790428308
6287;Celestial Magnet;12224;Celestial Magnet;02b50fe13467fc713d9d523e9ee38c7b;1;1;1;1;;;30;1790428568
6292;Shiny Stone;13436;Shiny Stone;3895e42550d83239430b0c5b2598b350;1;1;;1;;;22;1790428919
6295;Prismatic Lacewing;12618;Prismatic Lacewing;9fce68b3b179ca8420b31251052b5ca5;1;1;;1;;;22;1790430780
6299;Solar Fragment;5340;Solar Fragment;8865a0b29364770f4100a41b2f8e0b27;1;1;;1;;;22;1790431363
6300;Vortex Fragment;13019;Vortex Fragment;c26a6aa99cdc60cabc4409653e4d02dc;1;1;;1;;;22;1790431373
6301;Nebula Fragment;15458;Nebula Fragment;0858a2fa84b070d3c5b3235a3d954573;1;1;;1;;;22;1790431383
6302;Stardust Fragment;5361;Stardust Fragment;5a22ca926063478a0d8605025ecb8f7e;1;1;;1;;;22;1790431391
6308;Fledgling Wings;5648;Fledgling Wings;bde5ed4276e89fee1f6b42ef051e52aa;1;1;;1;;;22;1790463749
6318;Luminite Pickaxes;9326;Luminite Pickaxes;1c9ac98ed47fb5138aeb088f32e513eb;1;1;;1;;;22;1790488044
6326;Hellfire;9401;Hellfire;2ad0245c6d5a228e1be1b32e8a755de9;1;1;;1;;;22;1790495627
6329;Journey Mode;4388;Journey Mode;c912c533d1f2ffd22d1481c500d027a3;1;1;;1;;;22;1790498013
6330;Red's Throw;6577;Red's Throw;8a62bde3c40ebddb8c05394d0e31a836;1;1;;1;;;22;1790514045
6331;Valkyrie Yoyo;4348;Valkyrie Yoyo;972458ffa16a05547a1a1b50b5db0ea5;1;1;;1;;;22;1790514161
6336;Mana Cloak;6033;Mana Cloak;3901b0174b54e2edb2845597b02efbaf;1;1;;1;;;22;1790546545
6337;Moon Lord Legs;10608;Moon Lord Legs;dcec834ca1ca56ba35237786f656c9a5;1;1;;1;;;22;1790551677
6338;Antlion Eggs;12399;Antlion Eggs;4b9e79896ed9ffa4dd3558d6bc29f580;1;1;;1;;;22;1790554028
6339;Treasure Bag;9240;Treasure Bag;37eeebc841988883db49d3382fe359ed;1;1;;1;;;22;1790559483
6341;Obsidian Crate;11428;Obsidian Crate;54e36dffa6b90c2557064d0be0a28eda;1;1;;1;;;22;1790566248
6344;Vicious Mushroom;9001;Vicious Mushroom;8f83cfbe520fa6d95123f9dd2473da2a;1;1;;1;;;22;1790584197
6346;Ocram's Razor;59614;Ocram's Razor;35f3123f14b7db29f27e5ebf265c93fd;1;1;;1;;;22;1790600474
6348;Dark Harvest;12522;Dark Harvest;9f7a6b2a45f9e291f0277a6ecfb8619a;1;1;;1;;;22;1790603835
6354;Axearang;71957;Axearang;61436e20f05ae5465d2ae3e627439f7c;1;1;;1;;;22;1790611250
6355;Putrid Scent;14990;Putrid Scent;5a016e90ac94e3b435ab11fcd231ef44;1;1;;1;;;22;1790613884
6357;Acorn Slingshot;71124;Acorn Slingshot;9f9a9f877e4f36d2fe321c1e6f3f9775;1;1;;1;;;22;1790618743
6360;Last Prism;5775;Last Prism;b441e80feaae0cb4ee367fbea6ee11b5;1;1;;1;;;22;1790637131
6361;Ale Tosser;4120;Ale Tosser;8eee5962043d10e1d48f6c23b201e49d;1;1;;1;;;22;1790639735
6365;Terraprisma;5497;Terraprisma;621735958447dc27e0d4a4ebd2f4b865;1;1;;1;;;22;1790643591
6366;Celebration Mk 10;10821;Celebration Mk 10;24a61d082ef4f160a89d51f8dadfe8be;1;1;;1;;;22;1790645163
6367;I am error;71488;I am error;e060f71aecc0bb69fc660ac583634bb7;1;1;;1;;;22;1790645457
6368;Detonator;6234;Detonator;2cf2eefb65079d5d340327d37072242f;1;1;;1;;;22;1790645980
6369;Relics;4072;Relics;b51dbce071522232bdd58537db45c0d7;1;1;;1;;;22;1790646116
6374;Pirate Staff;10204;Pirate Staff;40d708d6ca7df58874711aac460bfed2;1;1;1;1;;;30;1790657666
6380;Electric Eel;70618;Electric Eel;8a9f95b355e4109cabfe6fbf9845282a;1;1;;1;;;22;1790662837
6382;Chlorophyte Extractinator;59610;Chlorophyte Extractinator;3abc7a7eaff4092678e0b9fc0543c497;1;1;;1;;;22;1790667774
6383;Roller Skates;71111;Roller Skates;2f2b4fb5e1e09bd3a96e2c0a581828a4;1;1;;1;;;22;1790690073
6384;Starlight;7235;Starlight;d51792b4d5f7e5523e2fa6df873e8051;1;1;;1;;;22;1790705942
6385;Sake;4689;Sake;e2c94fa18a0176b88c14816b23dd9e3e;1;1;1;1;;;30;1790720193
6390;Alchemy Flask;71098;Alchemy Flask;f2efbd90f1384f418446e51947c1f10d;1;1;;1;;;22;1790767155
6393;Pylons;11105;Pylons;4296022c2dea6f2075194958a9f42c03;1;1;;1;;;22;1790772621
6401;Infused Fertilizer;71960;Infused Fertilizer;8875084616766c8a068821690463aef4;1;1;;1;;;22;1790784558
6403;Digging Molecart;12431;Digging Molecart;5e68dac626fc0ff48f15d1d6d11f6135;1;1;;1;;;22;1790786549
6405;Golden Slime;12076;Golden Slime;5d8fb0bc858ad0a3e90d418e8b1f83f7;1;1;;1;;;22;1790808587
6408;Special seed combinations;70685;Special seed combinations;63d4509e2374d923ae1a39c23d931a2f;1;1;;1;;;22;1790871038
6410;Ichor Dart;13668;Ichor Dart;f168f90e39727d3ece5235c0a0a98e9b;1;1;;1;;;22;1790878892
6411;Gem Locks;4767;Gem Locks;a89768d7dee1ca7048b392e8d7463814;1;1;;1;;;22;1790879025
6412;Traveling Merchant;4295;Traveling Merchant;f3e1241fe2145cdaec8add577ecf2c39;1;1;1;1;;;30;1790880752
6413;Pine Tree Block;11404;Pine Tree Block;d7fec6bb9c5a6f4cdc5dd45227fffb7f;1;1;1;1;;;30;1790881388
6416;Weapon Rack;7925;Weapon Rack;faabc8a92aef5d7b57c03e3d49284ea3;1;1;1;1;;;30;1790905407
6417;We don't even test for that;73422;We don't even test for that;170f691f38463fedf84237812ddb8f24;1;1;;1;;;22;1790909675
6418;Bouncy Glowstick;6292;Bouncy Glowstick;4444557450f74b9cf82a77c1c9038d7a;1;1;;1;;;22;1790910024
6419;Spelunker Glowstick;4398;Spelunker Glowstick;d25c298d90db5967f4fd493463d61e9e;1;1;;1;;;22;1790910952
6420;Bone Arrow;12844;Bone Arrow;c762738492ad184c105fafb12e391788;1;1;;1;;;22;1790911600
6421;Javelin;10227;Javelin;640266a6d25dc6a8f8e723691dab6df9;1;1;;1;;;22;1790913994
6422;Frost Daggerfish;10627;Frost Daggerfish;0ea33890d2df108e637841df4373c474;1;1;;1;;;22;1790914176
6425;Frostbite;11475;Frostbite;5d1801a70481550d3de71ee64068b62d;1;1;;1;;;22;1790931712
6430;Remix;60246;Remix;d3932716505231ac00a4471c5766efe4;1;1;;1;;;22;1790952093
6434;Hornet Staff;10099;Hornet Staff;f74bdeb4e33fd71c4645337716aec2df;1;1;1;1;;;30;1790987402
6436;Parry;80522;Parry;ae6aad00b2c68dbc984fbe8411d4caba;1;1;;1;;;22;1790999205
6437;Queen Slime;5589;Queen Slime;0573f3265d0197b7cc5bfd24e9604315;1;1;;1;;;22;1791004974
6438;Voice accessories;75232;Voice accessories;5ef2e087853a81414ca1b5bb284570c8;1;1;;1;;;22;1791009291
6439;Freeze Bomb;71691;Freeze Bomb;d72751e20235ba85992a835d2b193551;1;1;;1;;;22;1791027357
6441;Stress Ball;71693;Stress Ball;c34483b94013f989e766ef037480325b;1;1;;1;;;22;1791030390
6443;Stardust armor;5213;Stardust armor;4c36f4fd93a19937ce0804abec1a5905;1;1;;1;;;22;1791059549
6445;1.4.5.8;80144;1.4.5.8;640605b6efa5cb84d6c67d25bf9249dd;1;1;;1;;;22;1791066105
6447;Zenith (seed);59654;Zenith (seed);b8c5d8f9e2877442e2c52cd1be7dbf04;1;1;;1;;;22;1791069085
6448;Ball O' Fuse Wire;6308;Ball O' Fuse Wire;fb4e8ad4c2bfae0dd60925e8be847dd8;1;1;;1;;;22;1791072138
6449;Seafood Dinner;5315;Seafood Dinner;8164a5532f2549932ede8023e5132bd3;1;1;;1;;;22;1791072708
6450;The Bride;8610;The Bride;c4efc08074deeb56f1b049abc0778e8b;1;1;;1;;;22;1791073605
6451;Gem Bunnies;10815;Gem Bunnies;6e9b508331d5da2e88e6872304ea172d;1;1;;1;;;22;1791074963
6452;Gem Squirrels;7751;Gem Squirrels;b789e863006ac497415edfde430715d4;1;1;;1;;;22;1791075483
6453;Moon Lord;7426;Moon Lord;7498f6048f7a276d4f3c53f109859ebc;1;1;;1;;;22;1791078090
6455;Conveyor Belt;9252;Conveyor Belt;1877721b12e1dde8ff8bd14477cecb09;1;1;;1;;;22;1791078939
6456;Crystal Vile Shard;6331;Crystal Vile Shard;a1eb17aa17060aa1a2ee8d67a428bf31;1;1;;1;;;22;1791079817
6457;Daedalus Stormbow;14451;Daedalus Stormbow;4413fa5c96eec31113308ac76acd3937;1;1;;1;;;22;1791079838
6458;Flying Knife;4731;Flying Knife;178326b1b1156101a73fbf55c5295f92;1;1;;1;;;22;1791079859
6461;Dead Man's Chest;10700;Dead Man's Chest;30c6cd0f28badbbb8b0b93f5cd899b39;1;1;;1;;;22;1791091868
6463;Martian Madness;7177;Martian Madness;b729d25e3756e330e2b39bb37e3b81a5;1;1;;1;;;22;1791110389
6464;Optic Staff;8263;Optic Staff;c4febf11f0dc55070474364fb4c14132;1;1;1;1;;;30;1791112857
6465;Spinal Tap;5584;Spinal Tap;f9d3c9b22fc7bc82259879a627e21a83;1;1;;1;;;22;1791119167
6466;Compass;6059;Compass;83ca2d1346e6423497cb1b449c392cb7;1;1;1;1;;;30;1791128773
6467;Houndius Shootius;7187;Houndius Shootius;8292b7accc9ec7935106b6c59739aec3;1;1;;1;;;22;1791133480
6468;Golf;8809;Golf;690c3b1042564741e15a5ce503979172;1;1;;1;;;22;1791135289
6469;Golf Balls;6823;Golf Balls;c51f56cdc6d6ac9da04bb7464007d413;1;1;;1;;;22;1791135416
6470;Pufferfish;71108;Pufferfish;072a214949b09e3c98e608bafa35ae1b;1;1;;1;;;22;1791135566
6471;Shimmerfall Block;72353;Shimmerfall Block;7610dc127ed48a12aadd6316ab3bc3f8;1;1;;1;;;22;1791137644
6472;Shimmerfall Wall;72354;Shimmerfall Wall;feb5fa5a2f0af484506750c77124a6f2;1;1;;1;;;22;1791137922
6473;Crimson Heart (item);13752;Crimson Heart (item);af2b9bfeb07b0a4d849d2aaa7014c695;1;1;;1;;;22;1791152359
6476;Smoke Block;7705;Smoke Block;dada846903a1f86470b239cdb4b5bdd5;1;1;;1;;;22;1791158511
6477;Living Fire Blocks;12462;Living Fire Blocks;3c04e4f4eafa6b47c00a0bea29cb8d5c;1;1;1;1;;;30;1791158523
6482;Gnome;10708;Gnome;1fd967a816834982761258785b9d0b52;1;1;;1;;;22;1791189775
6485;Arcane Flower;9068;Arcane Flower;dacfacf16b5b1f1baa45b0dc6a79f1f6;1;1;;1;;;22;1791196948
6487;Captain armor;71195;Captain armor;4ef0538445a9e11828c1e2dcc0c25534;1;1;;1;;;22;1791197647
6497;Double daring dangers;72876;Double daring dangers;b92e3dfdd18058eddd20bf020354542e;1;1;;1;;;22;1791214193
6498;Blood Thorn;8230;Blood Thorn;2a5a5350036039d842df8327d78346fd;1;1;;1;;;22;1791218140
6500;Slime Whip;70563;Slime Whip;5b04b88375d9a981b77f003ae9eb3b06;1;1;;1;;;22;1791221127
6502;Terraspark Boots;11231;Terraspark Boots;e1f524256dacc80de33ef283aa4cabf6;1;1;;1;;;22;1791238848
6504;Night of the Living Dead;74066;Night of the Living Dead;7ea2d6e06ef5d966594d6bf9b6808a5b;1;1;;1;;;22;1791255709
6505;Mothron;7089;Mothron;1ba71c9411094e1297ba8b69742bda1f;1;1;;1;;;22;1791258978
6507;Power Bomb;71543;Power Bomb;892f8c3e36fca6d2e7a63d1fb98ee9d6;1;1;;1;;;22;1791264765
6508;Sticky Power Bomb;71993;Sticky Power Bomb;61e7d58e67d04edc58a7a754432a332a;1;1;;1;;;22;1791264826
6509;Cattiva;71349;Cattiva;a2c063773cea6d3b94bc20cc76fcf4a7;1;1;;1;;;22;1791264921
6510;Digtoise;71055;Digtoise;59383ffdb69d119095a39ec41feaeb1a;1;1;;1;;;22;1791264992
6514;Enchanted Sundial;7506;Enchanted Sundial;8380d15f8c74853839042585c4c0b480;1;1;;1;;;22;1791288627
6516;Unbreakable Wall;73121;Unbreakable Wall;95a4315e292e151b84325a7f6a14d3c2;1;1;;1;;;22;1791288872
6520;Town Slimes;59372;Town Slimes;8829c146a50ecc7295566a078c84cd1f;1;1;;1;;;22;1791309008
6521;Luck;13751;Luck;a2181e5c9365a838badcc644d7125e8e;1;1;;1;;;22;1791309654
6522;Dye Trader;10488;Dye Trader;c4b4ae9f3ee0e9be46fa6f653fd4587a;1;1;1;1;;;30;1791316676
6526;Cultists;12874;Cultists;2caf3d1ce0a6b0ae8efd9a621e6a532e;1;1;;1;;;22;1791337143
6528;True Copper Shortsword;70900;True Copper Shortsword;637a258eac7d9bb37815ff08d2e715d2;1;1;;1;;;22;1791338710
6529;Vulgar Display of Flower;70621;Vulgar Display of Flower;55296c0df4e1170ecf237b46c8d9a360;1;1;;1;;;22;1791339999
6530;Bone Glove;5774;Bone Glove;3a665f5d633c217f0e7f3cd5caa891ba;1;1;;1;;;22;1791347948
6532;Foxparks;71122;Foxparks;806e4b184c1c395f637ae18c30032e0e;1;1;;1;;;22;1791348169
6536;Invisible plane;73413;Invisible plane;5b1cffe520ed4a4e225b169630a22eca;1;1;;1;;;22;1791349678
6538;Monochrome;73414;Monochrome;7d51f2b8ce7130e9f9d023ad7f887589;1;1;;1;;;22;1791350617
6541;Negative infinity;73415;Negative infinity;f3986615e82dc4174b18cb42cf4d81a6;1;1;;1;;;22;1791351064
6542;X-ray vision;73958;X-ray vision;74d708a71d0429ea1586fe95cb9e1d70;1;1;;1;;;22;1791352024
6544;Gravedigger's Shovel;4059;Gravedigger's Shovel;f6d879037ebfea0fbbff937d066ac595;1;1;;1;;;22;1791365763
6545;Royal Guard's Harness;79945;Royal Guard's Harness;975f79145246d999c17c7f68f8c08282;1;1;;1;;;22;1791371636
6547;Too easy;73428;Too easy;4072b97b4fcd9a07a89ac63fee384b12;1;1;;1;;;22;1791375913
6548;Mole people;71491;Mole people;284e9867ed47d7f443dd9c8f053d4215;1;1;;1;;;22;1791381597
6549;Such great heights;71490;Such great heights;9cd1e8752d63d8c8b02715e95395f914;1;1;;1;;;22;1791381883
6550;Love Potion;6310;Love Potion;9fb9d3346603335566802db44c217220;1;1;1;1;;;30;1791381891
6551;Waterpark;73418;Waterpark;aaf98a8d2512d3a43df97c2cd7e2a29a;1;1;;1;;;22;1791383025
6552;Rainbow Road;71486;Rainbow Road;233e220d256d56297f3cba5156a8f824;1;1;;1;;;22;1791385219
6553;Imp Staff;12221;Imp Staff;c976f9dbbd3cee97ecbdf0756a40e944;1;1;1;1;;;30;1791395987
6556;Secret world seeds;70904;Secret world seeds;3f00cb6e69b10fc82642ed19916f523e;1;1;;1;;;22;1791403502
6558;Whips;5607;Whips;452b2c43da970c4e09f4ab8571b22907;1;1;;1;;;22;1791418400
6560;Life Drain;7843;Life Drain;583db6036c165b8c496b46044b542414;1;1;;1;;;22;1791439888
6561;Skyblock;71183;Skyblock;c2059e168027ec0e78c15ffc0503a241;1;1;;1;;;22;1791450574
6562;Does that sparkle;73209;Does that sparkle;18795df9ed2fdc3039737d95a2fc1e6c;1;1;;1;;;22;1791454538
6563;Nebula Blaze;5919;Nebula Blaze;9f56a9d2b4ca830b2fa0de5723c07ca8;1;1;;1;;;22;1791459389
6565;Daybloom Staff;79900;Daybloom Staff;df939133296e886de4874a8ebaa143ed;1;1;;1;;;22;1791488603
6566;Glacier Fang;79901;Glacier Fang;460fbaacf8c6adee377c27a8b3d3ff20;1;1;;1;;;22;1791488953
6567;Mystic Bloom;79902;Mystic Bloom;0ff1ae39536bfc20ca814b00cc592802;1;1;;1;;;22;1791489285
6568;Lightning Strike;71760;Lightning Strike;63cb4268dc011ada588d871a0b88bd70;1;1;;1;;;22;1791489564
6569;Clay Bud Staff;79913;Clay Bud Staff;4df50f4b00a90a58e55fd3d5277a99fe;1;1;;1;;;22;1791489813
6570;Arc Surge;79919;Arc Surge;fa78bc5bde748d16b7374b9904bec887;1;1;;1;;;22;1791490042
6571;Silver Bracer;79920;Silver Bracer;22a7958afed06d231fa9ee6ef01f030b;1;1;;1;;;22;1791490387
6572;Snake Band;79921;Snake Band;5d9ed25493edf5e283d948f2bf2dee82;1;1;;1;;;22;1791490647
6573;Mobius Strip;79923;Mobius Strip;7f5f616bdf161c537aad3d04fa08cfdc;1;1;;1;;;22;1791490943
6574;Wicked Armlet;79924;Wicked Armlet;10431f18b574cba52b4bc3adde8faa74;1;1;;1;;;22;1791491171
6575;Harpy Charm;79931;Harpy Charm;e37cd796e0770acf43f66c43cff8dee8;1;1;;1;;;22;1791491422
6576;Snapping Stone;79932;Snapping Stone;049339172740b969a09ae68d5f9f3d64;1;1;;1;;;22;1791491840
6577;Chaos Cylinder;79933;Chaos Cylinder;9c4eac86513a9d13770e96634c4a3fae;1;1;;1;;;22;1791492211
6578;Heavy Sling;79935;Heavy Sling;1032f566cfa4d42ed922d7728a70ab17;1;1;;1;;;22;1791492441
6579;Pyroclastic Stone;79946;Pyroclastic Stone;85b1ee7abd3cf2f3f054e5f431710770;1;1;;1;;;22;1791492717
6580;Prospector armor;71281;Prospector armor;ea9a48449c6272f90864c397bb6523f5;1;1;;1;;;22;1791492795
6581;Armlet Of Ruin;79951;Armlet Of Ruin;20cba3b0488ee3350e2b29b643280089;1;1;;1;;;22;1791492955
6582;Seraph Necklace;79959;Seraph Necklace;6a2fdac44b22ee97c236538c41cfab89;1;1;;1;;;22;1791493276
