_ID;_pageName;_pageID;result;resultid;resultimage;resulttext;amount;version;station;ingredients;ings;args;legacy
3738;Legacy:Recipes/Bookcase/register;66693;Crystal Storm;518;Crystal Storm (old).png;;1;old-gen 3ds;Bookcase;¦Spell Tome¦^¦Crystal Shard¦^¦Soul of Light¦;¦Crystal Shard¦30^¦Soul of Light¦15^¦Spell Tome¦1;Spell Tome#i:old¦1^Crystal Shard#i:old¦30^Soul of Light#i:old¦15;1
3739;Legacy:Recipes/Bookcase/register;66693;Cursed Flames;519;Cursed Flames (old).png;;1;old-gen 3ds;Bookcase;¦Spell Tome¦^¦Cursed Flame¦^¦Soul of Night¦;¦Cursed Flame¦30^¦Soul of Night¦15^¦Spell Tome¦1;Spell Tome#i:old¦1^Cursed Flame¦30^Soul of Night#i:old¦15;1
3740;Legacy:Recipes/Bookcase/register;66693;Golden Shower;1336;Golden Shower (old).png;;1;old-gen 3ds;Bookcase;¦Spell Tome¦^¦Ichor¦^¦Soul of Night¦;¦Ichor¦30^¦Soul of Night¦15^¦Spell Tome¦1;Spell Tome#i:old¦1^Ichor¦30^Soul of Night#i:old¦15;1
3741;Legacy:Recipes/By Hand/register;66694;Blue Torch;427;;;3;old-gen 3ds;By Hand;¦Torch¦^¦Sapphire¦;¦Sapphire¦1^¦Torch¦3;Torch¦3^Sapphire#i:old¦1;1
3742;Legacy:Recipes/By Hand/register;66694;Red Torch;428;;;3;old-gen 3ds;By Hand;¦Torch¦^¦Ruby¦;¦Ruby¦1^¦Torch¦3;Torch¦3^Ruby#i:old¦1;1
3743;Legacy:Recipes/By Hand/register;66694;Green Torch;429;;;3;old-gen 3ds;By Hand;¦Torch¦^¦Emerald¦;¦Emerald¦1^¦Torch¦3;Torch¦3^Emerald#i:old¦1;1
3744;Legacy:Recipes/By Hand/register;66694;Yellow Torch;432;;;3;old-gen 3ds;By Hand;¦Torch¦^¦Topaz¦;¦Topaz¦1^¦Torch¦3;Torch¦3^Topaz#i:old¦1;1
3745;Legacy:Recipes/By Hand/register;66694;Purple Torch;430;;;3;old-gen 3ds;By Hand;¦Torch¦^¦Amethyst¦;¦Amethyst¦1^¦Torch¦3;Torch¦3^Amethyst#i:old¦1;1
3746;Legacy:Recipes/By Hand/register;66694;White Torch;431;;;3;old-gen 3ds;By Hand;¦Torch¦^¦Diamond¦;¦Diamond¦1^¦Torch¦3;Torch¦3^Diamond#i:old¦1;1
3747;Legacy:Recipes/By Hand/register;66694;Orange Torch;1245;;;3;old-gen 3ds;By Hand;¦Torch¦^¦Amber¦;¦Amber¦1^¦Torch¦3;Torch¦3^Amber#i:old¦1;1
3748;Legacy:Recipes/By Hand/register;66694;Campfire;966;Campfire (pre-1.3.0.1).png;;1;old-gen 3ds;By Hand;¦Any Wood¦^¦Torch¦;¦Any Wood¦20^¦Torch¦5;Any Wood¦20^Torch¦5;1
3749;Legacy:Recipes/By Hand/register;66694;Molotov Cocktail;2590;;;10;old-gen;By Hand;¦Ale¦^¦Silk¦^¦Torch¦;¦Ale¦10^¦Silk¦1^¦Torch¦1;Ale#i:old¦10^Silk#i:old¦1^Torch¦1;1
3750;Legacy:Recipes/By Hand/register;66694;Holy Water;422;Holy Water (old).png;;5;old-gen 3ds;By Hand;¦Bottled Water¦^¦Pixie Dust¦^¦Hallowed Seeds¦;¦Bottled Water¦1^¦Hallowed Seeds¦1^¦Pixie Dust¦5;Bottled Water#i:old¦1^Pixie Dust#i:old¦5^Hallowed Seeds#i:old¦1;1
3751;Legacy:Recipes/By Hand/register;66694;Unholy Water;423;Unholy Water (old).png;;5;old-gen 3ds;By Hand;¦Bottled Water¦^¦Ebonsand Block¦^¦Corrupt Seeds¦;¦Bottled Water¦1^¦Corrupt Seeds¦1^¦Ebonsand Block¦1;Bottled Water#i:old¦1^Ebonsand Block¦1^Corrupt Seeds#i:old¦1;1
3752;Legacy:Recipes/By Hand/register;66694;Snowball;949;;;10;old-gen 3ds;By Hand;¦Snow Block¦;¦Snow Block¦1;Snow Block#i:old¦1;1
3753;Legacy:Recipes/By Hand/register;66694;Flaming Arrow;41;Flaming Arrow (old).png;;5;old-gen 3ds;By Hand;¦Wooden Arrow¦^¦Torch¦;¦Torch¦1^¦Wooden Arrow¦5;Wooden Arrow#i:old¦5^Torch¦1;1
3754;Legacy:Recipes/By Hand/register;66694;Frostburn Arrow;988;Frostburn Arrow (old).png;;5;old-gen 3ds;By Hand;¦Wooden Arrow¦^¦Ice Torch¦;¦Ice Torch¦1^¦Wooden Arrow¦5;Wooden Arrow#i:old¦5^Ice Torch¦1;1
3755;Legacy:Recipes/By Hand/register;66694;Poison Dart;1310;;;50;old-gen 3ds;By Hand;¦Stinger¦;¦Stinger¦1;Stinger¦1;1
3756;Legacy:Recipes/By Hand/register;66694;Poisoned Knife;287;Poisoned Knife (old).png;;20;old-gen 3ds;By Hand;¦Throwing Knife¦^¦Vile Powder¦;¦Throwing Knife¦20^¦Vile Powder¦1;Throwing Knife¦20^Vile Powder¦1;1
3757;Legacy:Recipes/By Hand/register;66694;Slime Work Bench;815;;;1;old-gen 3ds;By Hand;¦Slime Block¦;¦Slime Block¦10;Slime Block¦10;1
3758;Legacy:Recipes/By Hand/register;66694;Mana Crystal;109;;;1;3ds;By Hand;¦Fallen Star¦;¦Fallen Star¦3;Fallen Star#i:old¦3;1
3759;Legacy:Recipes/By Hand/register;66694;Bone Work Bench;811;;;1;3ds;By Hand;¦Bone¦;¦Bone¦10;Bone#i:old¦10;1
3760;Legacy:Recipes/By Hand/register;66694;Pot o' Gold;5053;;;1;;By Hand;¦Rainbow Piece¦;¦Rainbow Piece¦5;Rainbow Piece¦5;1
3761;Legacy:Recipes/By Hand/register;66694;Jungle Key;1533;Jungle Key (old).png;;1;old-gen 3ds;By Hand;¦Temple Key¦^¦Jungle Key Mold¦^¦Soul of Fright¦^¦Soul of Might¦^¦Soul of Sight¦;¦Jungle Key Mold¦1^¦Soul of Fright¦5^¦Soul of Might¦5^¦Soul of Sight¦5^¦Temple Key¦1;Temple Key#i:old¦1^Jungle Key Mold¦1^Soul of Fright#i:old¦5^Soul of Might#i:old¦5^Soul of Sight#i:old¦5;1
3762;Legacy:Recipes/By Hand/register;66694;Corruption Key;1534;Corruption Key (old).png;;1;old-gen 3ds;By Hand;¦Temple Key¦^¦Corruption Key Mold¦^¦Soul of Fright¦^¦Soul of Might¦^¦Soul of Sight¦;¦Corruption Key Mold¦1^¦Soul of Fright¦5^¦Soul of Might¦5^¦Soul of Sight¦5^¦Temple Key¦1;Temple Key#i:old¦1^Corruption Key Mold¦1^Soul of Fright#i:old¦5^Soul of Might#i:old¦5^Soul of Sight#i:old¦5;1
3763;Legacy:Recipes/By Hand/register;66694;Crimson Key;1535;;;1;old-gen 3ds;By Hand;¦Temple Key¦^¦Crimson Key Mold¦^¦Soul of Fright¦^¦Soul of Might¦^¦Soul of Sight¦;¦Crimson Key Mold¦1^¦Soul of Fright¦5^¦Soul of Might¦5^¦Soul of Sight¦5^¦Temple Key¦1;Temple Key#i:old¦1^Crimson Key Mold¦1^Soul of Fright#i:old¦5^Soul of Might#i:old¦5^Soul of Sight#i:old¦5;1
3764;Legacy:Recipes/By Hand/register;66694;Hallowed Key;1536;Hallowed Key (old).png;;1;old-gen 3ds;By Hand;¦Temple Key¦^¦Hallowed Key Mold¦^¦Soul of Fright¦^¦Soul of Might¦^¦Soul of Sight¦;¦Hallowed Key Mold¦1^¦Soul of Fright¦5^¦Soul of Might¦5^¦Soul of Sight¦5^¦Temple Key¦1;Temple Key#i:old¦1^Hallowed Key Mold¦1^Soul of Fright#i:old¦5^Soul of Might#i:old¦5^Soul of Sight#i:old¦5;1
3765;Legacy:Recipes/By Hand/register;66694;Frozen Key;1537;;;1;old-gen 3ds;By Hand;¦Temple Key¦^¦Frozen Key Mold¦^¦Soul of Fright¦^¦Soul of Might¦^¦Soul of Sight¦;¦Frozen Key Mold¦1^¦Soul of Fright¦5^¦Soul of Might¦5^¦Soul of Sight¦5^¦Temple Key¦1;Temple Key#i:old¦1^Frozen Key Mold¦1^Soul of Fright#i:old¦5^Soul of Might#i:old¦5^Soul of Sight#i:old¦5;1
3766;Legacy:Recipes/Cooking Pot/register;66695;Bowl of Soup;357;Bowl of Soup (old).png;;1;old-gen 3ds;Cooking Pot;¦Bowl¦^¦Mushroom¦^¦Goldfish¦;¦Bowl¦1^¦Goldfish¦1^¦Mushroom¦1;Bowl¦1^Mushroom#i:old¦1^Goldfish¦1;1
3767;Legacy:Recipes/Cooking Pot/register;66695;Cooked Fish;2425;Cooked Fish (old).png;;1;old-gen 3ds;Cooking Pot;¦Salmon¦;¦Salmon¦1;Salmon#i:old¦1;1
3768;Legacy:Recipes/Cooking Pot/register;66695;Cooked Fish;2425;Cooked Fish (old).png;;1;old-gen 3ds;Cooking Pot;¦Tuna¦;¦Tuna¦1;Tuna#i:old¦1;1
3769;Legacy:Recipes/Cooking Pot/register;66695;Cooked Fish;2425;Cooked Fish (old).png;;1;old-gen 3ds;Cooking Pot;¦Red Snapper¦;¦Red Snapper¦1;Red Snapper#i:old¦1;1
3803;Legacy:Recipes/Glass Kiln/register;66698;Glass Clock;2239;;;1;old-gen;Glass Kiln;¦Glass¦;¦Glass¦18;Glass¦18;1
3804;Legacy:Recipes/Hardmode Forge/register;66699;Adamantite Bar;391;Adamantite Bar (old).png;;1;old-gen 3ds;Adamantite Forge;¦Adamantite Ore¦;¦Adamantite Ore¦5;Adamantite Ore#i:old¦5;1
3805;Legacy:Recipes/Hardmode Forge/register;66699;Titanium Bar;1198;Titanium Bar (old).png;;1;old-gen 3ds;Adamantite Forge;¦Titanium Ore¦;¦Titanium Ore¦5;Titanium Ore#i:old¦5;1
3806;Legacy:Recipes/Hardmode Forge/register;66699;Chlorophyte Bar;1006;Chlorophyte Bar (old).png;;1;old-gen 3ds;Adamantite Forge;¦Chlorophyte Ore¦;¦Chlorophyte Ore¦6;Chlorophyte Ore#i:old¦6;1
3809;Legacy:Recipes/Honey Dispenser/register;66701;Honey Platform;2630;;;2;old-gen;Honey Dispenser;¦Honey Block¦;¦Honey Block¦1;Honey Block¦1;1
3810;Legacy:Recipes/Honey Dispenser/register;66701;Honey Block;1125;;;1;old-gen;Honey Dispenser;¦Honey Platform¦;¦Honey Platform¦2;Honey Platform¦2;1
3811;Legacy:Recipes/Honey/register;66702;Honey Block;1125;;;1;3ds;Honey;¦Crispy Honey Block¦;¦Crispy Honey Block¦1;Crispy Honey Block#i:old¦1;1
3812;Legacy:Recipes/Imbuing Station/register;66703;Flask of Poison;1359;Flask of Poison (old).png;;1;old-gen 3ds;Imbuing Station;¦Bottled Water¦^¦Stinger¦;¦Bottled Water¦1^¦Stinger¦5;Bottled Water¦1^Stinger¦5;1
3813;Legacy:Recipes/Imbuing Station/register;66703;Flask of Fire;1354;Flask of Fire (old).png;;1;old-gen 3ds;Imbuing Station;¦Bottled Water¦^¦Hellstone¦;¦Bottled Water¦1^¦Hellstone¦5;Bottled Water¦1^Hellstone¦5;1
3814;Legacy:Recipes/Imbuing Station/register;66703;Flask of Ichor;1356;Flask of Ichor (old).png;;1;old-gen 3ds;Imbuing Station;¦Bottled Water¦^¦Ichor¦;¦Bottled Water¦1^¦Ichor¦5;Bottled Water¦1^Ichor¦5;1
3815;Legacy:Recipes/Imbuing Station/register;66703;Flask of Cursed Flames;1353;Flask of Cursed Flames (old).png;;1;old-gen 3ds;Imbuing Station;¦Bottled Water¦^¦Cursed Flame¦;¦Bottled Water¦1^¦Cursed Flame¦5;Bottled Water¦1^Cursed Flame¦5;1
3816;Legacy:Recipes/Living Loom/register;66704;Living Wood Wall;1723;;;4;3ds;Living Wood;¦Wood¦;¦Wood¦1;Wood¦1;1
3831;Legacy:Recipes/Sky Mill/register;66707;Skyware Platform;2628;Skyware Platform (old).png;;2;old-gen;Sky Mill;¦Sunplate Block¦;¦Sunplate Block¦1;Sunplate Block¦1;1
3832;Legacy:Recipes/Sky Mill/register;66707;Sunplate Block;824;Sunplate Block (old).png;;1;old-gen;Sky Mill;¦Skyware Platform¦;¦Skyware Platform¦2;Skyware Platform¦2;1
6272;Legacy:Recipes/Hardmode Anvil/register;66667;Light Disc;561;Light Disc (old).png;;1;old-gen 3ds;Mythril Anvil;¦Hallowed Bar¦^¦Soul of Light¦^¦Soul of Might¦;¦Hallowed Bar¦4^¦Soul of Light¦3^¦Soul of Might¦5;Hallowed Bar#i:old¦4^Soul of Light#i:old¦3^Soul of Might#i:old¦5;1
6273;Legacy:Recipes/Hardmode Anvil/register;66667;Angel Wings;493;;;1;old-gen 3ds;Mythril Anvil;¦Feather¦^¦Soul of Flight¦^¦Soul of Light¦;¦Feather¦10^¦Soul of Flight¦20^¦Soul of Light¦25;Feather#i:old¦10^Soul of Flight#i:old¦20^Soul of Light#i:old¦25;1
6274;Legacy:Recipes/Hardmode Anvil/register;66667;Demon Wings;492;;;1;old-gen 3ds;Mythril Anvil;¦Feather¦^¦Soul of Flight¦^¦Soul of Night¦;¦Feather¦10^¦Soul of Flight¦20^¦Soul of Night¦25;Feather#i:old¦10^Soul of Flight#i:old¦20^Soul of Night#i:old¦25;1
6275;Legacy:Recipes/Hardmode Anvil/register;66667;Chlorophyte Arrow;1235;;;50;old-gen 3ds;Mythril Anvil;¦Chlorophyte Bar¦;¦Chlorophyte Bar¦1;Chlorophyte Bar#i:old¦1;1
6276;Legacy:Recipes/Hardmode Anvil/register;66667;Cursed Bullet;546;;;50;old-gen 3ds;Mythril Anvil;¦Musket Ball¦^¦Cursed Flame¦;¦Cursed Flame¦1^¦Musket Ball¦50;Musket Ball#i:old¦50^Cursed Flame¦1;1
6277;Legacy:Recipes/Hardmode Anvil/register;66667;Cursed Arrow;545;Cursed Arrow (old).png;;35;old-gen 3ds;Mythril Anvil;¦Wooden Arrow¦^¦Cursed Flame¦;¦Cursed Flame¦1^¦Wooden Arrow¦35;Wooden Arrow#i:old¦35^Cursed Flame¦1;1
6278;Legacy:Recipes/Hardmode Anvil/register;66667;Ichor Arrow;1334;;;35;old-gen 3ds;Mythril Anvil;¦Wooden Arrow¦^¦Ichor¦;¦Ichor¦1^¦Wooden Arrow¦35;Wooden Arrow#i:old¦35^Ichor¦1;1
6279;Legacy:Recipes/Hardmode Anvil/register;66667;Holy Arrow;516;Holy Arrow (old).png;;45;old-gen 3ds;Mythril Anvil;¦Wooden Arrow¦^¦Pixie Dust¦^¦Unicorn Horn¦;¦Pixie Dust¦6^¦Unicorn Horn¦1^¦Wooden Arrow¦45;Wooden Arrow#i:old¦45^Pixie Dust#i:old¦6^Unicorn Horn#i:old¦1;1
6280;Legacy:Recipes/Hardmode Anvil/register;66667;Crystal Bullet;515;Crystal Bullet (old).png;;50;old-gen 3ds;Mythril Anvil;¦Musket Ball¦^¦Crystal Shard¦;¦Crystal Shard¦1^¦Musket Ball¦50;Musket Ball#i:old¦50^Crystal Shard#i:old¦1;1
6281;Legacy:Recipes/Hardmode Anvil/register;66667;Ichor Bullet;1335;;;50;old-gen 3ds;Mythril Anvil;¦Musket Ball¦^¦Ichor¦;¦Ichor¦1^¦Musket Ball¦50;Musket Ball#i:old¦50^Ichor¦1;1
6282;Legacy:Recipes/Hardmode Anvil/register;66667;Chlorophyte Bullet;1179;;;70;old-gen 3ds;Mythril Anvil;¦Musket Ball¦^¦Chlorophyte Bar¦;¦Chlorophyte Bar¦1^¦Musket Ball¦70;Musket Ball#i:old¦70^Chlorophyte Bar#i:old¦1;1
6283;Legacy:Recipes/Hardmode Anvil/register;66667;True Night's Edge;675;True Night's Edge (old).png;;1;old-gen 3ds;Mythril Anvil;¦Night's Edge¦^¦Broken Hero Sword¦;¦Broken Hero Sword¦1^¦Night's Edge¦1;Night's Edge#i:old¦1^Broken Hero Sword#i:old¦1;1
6284;Legacy:Recipes/Hardmode Anvil/register;66667;True Excalibur;674;True Excalibur (old).png;;1;old-gen 3ds;Mythril Anvil;¦Excalibur¦^¦Broken Hero Sword¦;¦Broken Hero Sword¦1^¦Excalibur¦1;Excalibur#i:old¦1^Broken Hero Sword#i:old¦1;1
6285;Legacy:Recipes/Hardmode Anvil/register;66667;Mythril Sword;484;Mythril Sword (old).png;;1;old-gen 3ds;Mythril Anvil;¦Mythril Bar¦;¦Mythril Bar¦10;Mythril Bar#i:old¦10;1
6286;Legacy:Recipes/Hardmode Anvil/register;66667;Orichalcum Sword;1192;Orichalcum Sword (old).png;;1;old-gen 3ds;Mythril Anvil;¦Orichalcum Bar¦;¦Orichalcum Bar¦12;Orichalcum Bar#i:old¦12;1
6287;Legacy:Recipes/Hardmode Anvil/register;66667;Frost Helmet;684;Frost Helmet (old).png;;1;old-gen;Mythril Anvil;¦Hallowed Bar¦^¦Frost Core¦;¦Frost Core¦1^¦Hallowed Bar¦10;Hallowed Bar#i:old¦10^Frost Core¦1;1
6288;Legacy:Recipes/Hardmode Anvil/register;66667;Frost Breastplate;685;Frost Breastplate (old).png;;1;old-gen;Mythril Anvil;¦Hallowed Bar¦^¦Frost Core¦;¦Frost Core¦1^¦Hallowed Bar¦20;Hallowed Bar#i:old¦20^Frost Core¦1;1
6289;Legacy:Recipes/Hardmode Anvil/register;66667;Frost Leggings;686;Frost Leggings (old).png;;1;old-gen;Mythril Anvil;¦Hallowed Bar¦^¦Frost Core¦;¦Frost Core¦1^¦Hallowed Bar¦16;Hallowed Bar#i:old¦16^Frost Core¦1;1
6290;Legacy:Recipes/Hardmode Anvil/register;66667;Spectre Mask;2189;;;1;old-gen;Mythril Anvil;¦Chlorophyte Bar¦^¦Ectoplasm¦;¦Chlorophyte Bar¦12^¦Ectoplasm¦12;Chlorophyte Bar#i:old¦12^Ectoplasm¦12;1
6291;Legacy:Recipes/Hardmode Anvil/register;66667;Spectre Hood;1503;Spectre Hood (old).png;;1;old-gen 3ds;Mythril Anvil;¦Chlorophyte Bar¦^¦Ectoplasm¦;¦Chlorophyte Bar¦12^¦Ectoplasm¦12;Chlorophyte Bar#i:old¦12^Ectoplasm¦12;1
6292;Legacy:Recipes/Hardmode Anvil/register;66667;Spectre Robe;1504;Spectre Robe (old).png;;1;old-gen 3ds;Mythril Anvil;¦Chlorophyte Bar¦^¦Ectoplasm¦;¦Chlorophyte Bar¦24^¦Ectoplasm¦24;Chlorophyte Bar#i:old¦24^Ectoplasm¦24;1
6293;Legacy:Recipes/Hardmode Anvil/register;66667;Spectre Pants;1505;Spectre Pants (old).png;;1;old-gen 3ds;Mythril Anvil;¦Chlorophyte Bar¦^¦Ectoplasm¦;¦Chlorophyte Bar¦18^¦Ectoplasm¦18;Chlorophyte Bar#i:old¦18^Ectoplasm¦18;1
6294;Legacy:Recipes/Hardmode Anvil/register;66667;Spectre Pickaxe;1506;;;1;old-gen 3ds;Mythril Anvil;¦Ectoplasm¦^¦Chlorophyte Bar¦;¦Chlorophyte Bar¦18^¦Ectoplasm¦18;Ectoplasm¦18^Chlorophyte Bar#i:old¦18;1
6295;Legacy:Recipes/Hardmode Anvil/register;66667;Spectre Hamaxe;1507;;;1;old-gen 3ds;Mythril Anvil;¦Ectoplasm¦^¦Chlorophyte Bar¦;¦Chlorophyte Bar¦18^¦Ectoplasm¦18;Ectoplasm¦18^Chlorophyte Bar#i:old¦18;1
6296;Legacy:Recipes/Hardmode Anvil/register;66667;Spectre Paintbrush;1543;;;1;old-gen;Mythril Anvil;¦Ectoplasm¦^¦Chlorophyte Bar¦;¦Chlorophyte Bar¦8^¦Ectoplasm¦8;Ectoplasm¦8^Chlorophyte Bar#i:old¦8;1
6297;Legacy:Recipes/Hardmode Anvil/register;66667;Spectre Paint Roller;1544;;;1;old-gen;Mythril Anvil;¦Chlorophyte Bar¦^¦Ectoplasm¦;¦Chlorophyte Bar¦8^¦Ectoplasm¦8;Chlorophyte Bar#i:old¦8^Ectoplasm¦8;1
6298;Legacy:Recipes/Hardmode Anvil/register;66667;Spectre Paint Scraper;1545;;;1;old-gen;Mythril Anvil;¦Ectoplasm¦^¦Chlorophyte Bar¦;¦Chlorophyte Bar¦8^¦Ectoplasm¦8;Ectoplasm¦8^Chlorophyte Bar#i:old¦8;1
6299;Legacy:Recipes/Hardmode Anvil/register;66667;Magical Harp;494;Magical Harp (old).png;;1;old-gen 3ds;Mythril Anvil;¦Harp¦^¦Crystal Shard¦^¦Soul of Night¦^¦Soul of Sight¦;¦Crystal Shard¦25^¦Harp¦1^¦Soul of Night¦12^¦Soul of Sight¦20;Harp#i:old¦1^Crystal Shard#i:old¦25^Soul of Night#i:old¦12^Soul of Sight#i:old¦20;1
6300;Legacy:Recipes/Hardmode Anvil/register;66667;Fairy Bell;425;Fairy Bell (old).png;;1;old-gen 3ds;Mythril Anvil;¦Bell¦^¦Pixie Dust¦^¦Soul of Light¦^¦Soul of Sight¦;¦Bell¦1^¦Pixie Dust¦80^¦Soul of Light¦12^¦Soul of Sight¦20;Bell#i:old¦1^Pixie Dust#i:old¦80^Soul of Light#i:old¦12^Soul of Sight#i:old¦20;1
6301;Legacy:Recipes/Hardmode Anvil/register;66667;Rainbow Rod;495;Rainbow Rod (old).png;;1;old-gen 3ds;Mythril Anvil;¦Crystal Shard¦^¦Unicorn Horn¦^¦Pixie Dust¦^¦Soul of Light¦^¦Soul of Sight¦;¦Crystal Shard¦30^¦Pixie Dust¦60^¦Soul of Light¦10^¦Soul of Sight¦20^¦Unicorn Horn¦4;Crystal Shard#i:old¦30^Unicorn Horn#i:old¦4^Pixie Dust#i:old¦60^Soul of Light#i:old¦10^Soul of Sight#i:old¦20;1
6302;Legacy:Recipes/Hardmode Anvil/register;66667;Fairy Wings;761;Fairy Wings (old).png;;1;old-gen 3ds;Mythril Anvil;¦Soul of Flight¦^¦Pixie Dust¦;¦Pixie Dust¦100^¦Soul of Flight¦20;Soul of Flight#i:old¦20^Pixie Dust#i:old¦100;1
6303;Legacy:Recipes/Hardmode Anvil/register;66667;Ghost Wings;823;;;1;old-gen 3ds;Mythril Anvil;¦Soul of Flight¦^¦Ectoplasm¦;¦Ectoplasm¦10^¦Soul of Flight¦20;Soul of Flight#i:old¦20^Ectoplasm¦10;1
6304;Legacy:Recipes/Hardmode Anvil/register;66667;Titan Helmet;5002;;;1;old-gen;Mythril Anvil;¦Hallowed Helmet¦^¦Cobalt Mask¦^¦Mythril Hat¦^¦Adamantite Mask¦Titanium Mask¦^¦Soul of Blight¦;¦Adamantite Mask¦Titanium Mask¦1^¦Cobalt Mask¦1^¦Hallowed Helmet¦1^¦Mythril Hat¦1^¦Soul of Blight¦15;Hallowed Helmet#i:old¦1^Cobalt Mask#i:old¦1^Mythril Hat#i:old¦1^Adamantite Mask/Titanium Mask#i:old¦1^Soul of Blight¦15;1
6305;Legacy:Recipes/Hardmode Anvil/register;66667;Titan Helmet;5002;;;1;3ds;Mythril Anvil;¦Hallowed Helmet¦^¦Cobalt Mask¦^¦Mythril Hat¦^¦Adamantite Mask¦^¦Soul of Blight¦;¦Adamantite Mask¦1^¦Cobalt Mask¦1^¦Hallowed Helmet¦1^¦Mythril Hat¦1^¦Soul of Blight¦15;Hallowed Helmet#i:old¦1^Cobalt Mask#i:old¦1^Mythril Hat#i:old¦1^Adamantite Mask#i:old¦1^Soul of Blight¦15;1
6306;Legacy:Recipes/Hardmode Anvil/register;66667;Titan Leggings;5008;;;1;old-gen;Mythril Anvil;¦Hallowed Greaves¦^¦Cobalt Leggings¦^¦Mythril Greaves¦^¦Adamantite Leggings¦Titanium Leggings¦^¦Soul of Sight¦^¦Soul of Blight¦;¦Adamantite Leggings¦Titanium Leggings¦1^¦Cobalt Leggings¦1^¦Hallowed Greaves¦1^¦Mythril Greaves¦1^¦Soul of Blight¦15^¦Soul of Sight¦10;Hallowed Greaves#i:old¦1^Cobalt Leggings#i:old¦1^Mythril Greaves#i:old¦1^Adamantite/Titanium Leggings#i:old¦1^Soul of Sight#i:old¦10^Soul of Blight¦15;1
6307;Legacy:Recipes/Hardmode Anvil/register;66667;Titan Leggings;5008;;;1;3ds;Mythril Anvil;¦Hallowed Greaves¦^¦Cobalt Leggings¦^¦Mythril Greaves¦^¦Adamantite Leggings¦^¦Soul of Sight¦^¦Soul of Blight¦;¦Adamantite Leggings¦1^¦Cobalt Leggings¦1^¦Hallowed Greaves¦1^¦Mythril Greaves¦1^¦Soul of Blight¦15^¦Soul of Sight¦10;Hallowed Greaves#i:old¦1^Cobalt Leggings#i:old¦1^Mythril Greaves#i:old¦1^Adamantite Leggings#i:old¦1^Soul of Sight#i:old¦10^Soul of Blight¦15;1
6308;Legacy:Recipes/Hardmode Anvil/register;66667;Titan Mail;5005;;;1;old-gen;Mythril Anvil;¦Hallowed Plate Mail¦^¦Cobalt Breastplate¦^¦Mythril Chainmail¦^¦Adamantite Breastplate¦Titanium Breastplate¦^¦Soul of Sight¦^¦Soul of Blight¦;¦Adamantite Breastplate¦Titanium Breastplate¦1^¦Cobalt Breastplate¦1^¦Hallowed Plate Mail¦1^¦Mythril Chainmail¦1^¦Soul of Blight¦20^¦Soul of Sight¦20;Hallowed Plate Mail#i:old¦1^Cobalt Breastplate#i:old¦1^Mythril Chainmail#i:old¦1^Adamantite/Titanium Breastplate#i:old¦1^Soul of Sight#i:old¦20^Soul of Blight¦20;1
6309;Legacy:Recipes/Hardmode Anvil/register;66667;Titan Mail;5005;;;1;3ds;Mythril Anvil;¦Hallowed Plate Mail¦^¦Cobalt Breastplate¦^¦Mythril Chainmail¦^¦Adamantite Breastplate¦^¦Soul of Sight¦^¦Soul of Blight¦;¦Adamantite Breastplate¦1^¦Cobalt Breastplate¦1^¦Hallowed Plate Mail¦1^¦Mythril Chainmail¦1^¦Soul of Blight¦20^¦Soul of Sight¦20;Hallowed Plate Mail#i:old¦1^Cobalt Breastplate#i:old¦1^Mythril Chainmail#i:old¦1^Adamantite Breastplate#i:old¦1^Soul of Sight#i:old¦20^Soul of Blight¦20;1
6310;Legacy:Recipes/Hardmode Anvil/register;66667;Spectral Armor;5006;;;1;old-gen;Mythril Anvil;¦Hallowed Plate Mail¦^¦Cobalt Breastplate¦^¦Mythril Chainmail¦^¦Adamantite Breastplate¦Titanium Breastplate¦^¦Soul of Fright¦^¦Soul of Blight¦;¦Adamantite Breastplate¦Titanium Breastplate¦1^¦Cobalt Breastplate¦1^¦Hallowed Plate Mail¦1^¦Mythril Chainmail¦1^¦Soul of Blight¦20^¦Soul of Fright¦10;Hallowed Plate Mail#i:old¦1^Cobalt Breastplate#i:old¦1^Mythril Chainmail#i:old¦1^Adamantite/Titanium Breastplate#i:old¦1^Soul of Fright#i:old¦10^Soul of Blight¦20;1
6311;Legacy:Recipes/Hardmode Anvil/register;66667;Spectral Armor;5006;;;1;3ds;Mythril Anvil;¦Hallowed Plate Mail¦^¦Cobalt Breastplate¦^¦Mythril Chainmail¦^¦Adamantite Breastplate¦^¦Soul of Fright¦^¦Soul of Blight¦;¦Adamantite Breastplate¦1^¦Cobalt Breastplate¦1^¦Hallowed Plate Mail¦1^¦Mythril Chainmail¦1^¦Soul of Blight¦20^¦Soul of Fright¦10;Hallowed Plate Mail#i:old¦1^Cobalt Breastplate#i:old¦1^Mythril Chainmail#i:old¦1^Adamantite Breastplate#i:old¦1^Soul of Fright#i:old¦10^Soul of Blight¦20;1
6312;Legacy:Recipes/Hardmode Anvil/register;66667;Spectral Headgear;5003;;;1;old-gen;Mythril Anvil;¦Hallowed Headgear¦^¦Cobalt Hat¦^¦Mythril Hood¦^¦Adamantite Headgear¦Titanium Headgear¦^¦Soul of Blight¦;¦Adamantite Headgear¦Titanium Headgear¦1^¦Cobalt Hat¦1^¦Hallowed Headgear¦1^¦Mythril Hood¦1^¦Soul of Blight¦15;Hallowed Headgear#i:old¦1^Cobalt Hat#i:old¦1^Mythril Hood#i:old¦1^Adamantite/Titanium Headgear#i:old¦1^Soul of Blight¦15;1
6313;Legacy:Recipes/Hardmode Anvil/register;66667;Spectral Headgear;5003;;;1;3ds;Mythril Anvil;¦Hallowed Headgear¦^¦Cobalt Hat¦^¦Mythril Hood¦^¦Adamantite Headgear¦^¦Soul of Blight¦;¦Adamantite Headgear¦1^¦Cobalt Hat¦1^¦Hallowed Headgear¦1^¦Mythril Hood¦1^¦Soul of Blight¦15;Hallowed Headgear#i:old¦1^Cobalt Hat#i:old¦1^Mythril Hood#i:old¦1^Adamantite Headgear#i:old¦1^Soul of Blight¦15;1
6314;Legacy:Recipes/Hardmode Anvil/register;66667;Spectral Subligar;5009;;;1;old-gen;Mythril Anvil;¦Hallowed Greaves¦^¦Cobalt Leggings¦^¦Mythril Greaves¦^¦Adamantite Leggings¦Titanium Leggings¦^¦Soul of Fright¦^¦Soul of Blight¦;¦Adamantite Leggings¦Titanium Leggings¦1^¦Cobalt Leggings¦1^¦Hallowed Greaves¦1^¦Mythril Greaves¦1^¦Soul of Blight¦15^¦Soul of Fright¦10;Hallowed Greaves#i:old¦1^Cobalt Leggings#i:old¦1^Mythril Greaves#i:old¦1^Adamantite/Titanium Leggings#i:old¦1^Soul of Fright#i:old¦10^Soul of Blight¦15;1
6315;Legacy:Recipes/Hardmode Anvil/register;66667;Spectral Subligar;5009;;;1;3ds;Mythril Anvil;¦Hallowed Greaves¦^¦Cobalt Leggings¦^¦Mythril Greaves¦^¦Adamantite Leggings¦^¦Soul of Fright¦^¦Soul of Blight¦;¦Adamantite Leggings¦1^¦Cobalt Leggings¦1^¦Hallowed Greaves¦1^¦Mythril Greaves¦1^¦Soul of Blight¦15^¦Soul of Fright¦10;Hallowed Greaves#i:old¦1^Cobalt Leggings#i:old¦1^Mythril Greaves#i:old¦1^Adamantite Leggings#i:old¦1^Soul of Fright#i:old¦10^Soul of Blight¦15;1
6316;Legacy:Recipes/Hardmode Anvil/register;66667;Dragon Breastplate;5004 / 1870;;;1;old-gen;Mythril Anvil;¦Hallowed Plate Mail¦^¦Cobalt Breastplate¦^¦Mythril Chainmail¦^¦Adamantite Breastplate¦Titanium Breastplate¦^¦Soul of Might¦^¦Soul of Blight¦;¦Adamantite Breastplate¦Titanium Breastplate¦1^¦Cobalt Breastplate¦1^¦Hallowed Plate Mail¦1^¦Mythril Chainmail¦1^¦Soul of Blight¦20^¦Soul of Might¦15;Hallowed Plate Mail#i:old¦1^Cobalt Breastplate#i:old¦1^Mythril Chainmail#i:old¦1^Adamantite/Titanium Breastplate#i:old¦1^Soul of Might#i:old¦15^Soul of Blight¦20;1
6317;Legacy:Recipes/Hardmode Anvil/register;66667;Dragon Breastplate;5004 / 1870;;;1;3ds;Mythril Anvil;¦Hallowed Plate Mail¦^¦Cobalt Breastplate¦^¦Mythril Chainmail¦^¦Adamantite Breastplate¦^¦Soul of Might¦^¦Soul of Blight¦;¦Adamantite Breastplate¦1^¦Cobalt Breastplate¦1^¦Hallowed Plate Mail¦1^¦Mythril Chainmail¦1^¦Soul of Blight¦20^¦Soul of Might¦15;Hallowed Plate Mail#i:old¦1^Cobalt Breastplate#i:old¦1^Mythril Chainmail#i:old¦1^Adamantite Breastplate#i:old¦1^Soul of Might#i:old¦15^Soul of Blight¦20;1
6318;Legacy:Recipes/Hardmode Anvil/register;66667;Dragon Greaves;5007 / 1873;;;1;old-gen;Mythril Anvil;¦Hallowed Greaves¦^¦Cobalt Leggings¦^¦Mythril Greaves¦^¦Adamantite Leggings¦Titanium Leggings¦^¦Soul of Might¦^¦Soul of Blight¦;¦Adamantite Leggings¦Titanium Leggings¦1^¦Cobalt Leggings¦1^¦Hallowed Greaves¦1^¦Mythril Greaves¦1^¦Soul of Blight¦15^¦Soul of Might¦15;Hallowed Greaves#i:old¦1^Cobalt Leggings#i:old¦1^Mythril Greaves#i:old¦1^Adamantite/Titanium Leggings#i:old¦1^Soul of Might#i:old¦15^Soul of Blight¦15;1
6319;Legacy:Recipes/Hardmode Anvil/register;66667;Dragon Greaves;5007 / 1873;;;1;3ds;Mythril Anvil;¦Hallowed Greaves¦^¦Cobalt Leggings¦^¦Mythril Greaves¦^¦Adamantite Leggings¦^¦Soul of Might¦^¦Soul of Blight¦;¦Adamantite Leggings¦1^¦Cobalt Leggings¦1^¦Hallowed Greaves¦1^¦Mythril Greaves¦1^¦Soul of Blight¦15^¦Soul of Might¦15;Hallowed Greaves#i:old¦1^Cobalt Leggings#i:old¦1^Mythril Greaves#i:old¦1^Adamantite Leggings#i:old¦1^Soul of Might#i:old¦15^Soul of Blight¦15;1
6320;Legacy:Recipes/Hardmode Anvil/register;66667;Dragon Mask;5001 / 1867;;;1;old-gen;Mythril Anvil;¦Hallowed Mask¦^¦Cobalt Helmet¦^¦Mythril Helmet¦^¦Adamantite Helmet¦Titanium Helmet¦^¦Soul of Blight¦;¦Adamantite Helmet¦Titanium Helmet¦1^¦Cobalt Helmet¦1^¦Hallowed Mask¦1^¦Mythril Helmet¦1^¦Soul of Blight¦15;Hallowed Mask#i:old¦1^Cobalt Helmet#i:old¦1^Mythril Helmet#i:old¦1^Adamantite Helmet/Titanium Helmet#i:old¦1^Soul of Blight¦15;1
6321;Legacy:Recipes/Hardmode Anvil/register;66667;Dragon Mask;5001 / 1867;;;1;3ds;Mythril Anvil;¦Hallowed Mask¦^¦Cobalt Helmet¦^¦Mythril Helmet¦^¦Adamantite Helmet¦^¦Soul of Blight¦;¦Adamantite Helmet¦1^¦Cobalt Helmet¦1^¦Hallowed Mask¦1^¦Mythril Helmet¦1^¦Soul of Blight¦15;Hallowed Mask#i:old¦1^Cobalt Helmet#i:old¦1^Mythril Helmet#i:old¦1^Adamantite Helmet#i:old¦1^Soul of Blight¦15;1
6322;Legacy:Recipes/Hardmode Anvil/register;66667;Sparkly Wings;5035sp;;;1;;Mythril Anvil;¦Soul of Flight¦^¦Feather¦^¦Soul of Blight¦;¦Feather¦10^¦Soul of Blight¦10^¦Soul of Flight¦15;Soul of Flight#i:old¦15^Feather#i:old¦10^Soul of Blight¦10;1
6323;Legacy:Recipes/Hardmode Anvil/register;66667;Tizona;5010;;;1;;Mythril Anvil;¦Excalibur¦^¦Soul of Blight¦^¦Adamantite Bar¦Titanium Bar¦;¦Adamantite Bar¦Titanium Bar¦15^¦Excalibur¦1^¦Soul of Blight¦15;Excalibur#i:old¦1^Soul of Blight¦15^Adamantite/Titanium Bar#i:old¦15;1
6324;Legacy:Recipes/Hardmode Anvil/register;66667;Tonbogiri;5011;;;1;;Mythril Anvil;¦Gungnir¦^¦Soul of Blight¦^¦Adamantite Bar¦Titanium Bar¦;¦Adamantite Bar¦Titanium Bar¦15^¦Gungnir¦1^¦Soul of Blight¦15;Gungnir#i:old¦1^Soul of Blight¦15^Adamantite/Titanium Bar#i:old¦15;1
6325;Legacy:Recipes/Hardmode Anvil/register;66667;Vulcan Repeater;5014;;;1;;Mythril Anvil;¦Hallowed Repeater¦^¦Soul of Blight¦^¦Adamantite Bar¦Titanium Bar¦;¦Adamantite Bar¦Titanium Bar¦15^¦Hallowed Repeater¦1^¦Soul of Blight¦15;Hallowed Repeater#i:old¦1^Soul of Blight¦15^Adamantite/Titanium Bar#i:old¦15;1
6326;Legacy:Recipes/Hardmode Anvil/register;66667;Neptune's Shell;497;Neptune's Shell (old).png;;1;old-gen 3ds;Mythril Anvil;¦Soul of Fright¦^¦Coral¦^¦Goldfish¦^¦Shark Fin¦^¦Soul of Light¦^¦Soul of Night¦;¦Coral¦15^¦Goldfish¦15^¦Shark Fin¦5^¦Soul of Fright¦20^¦Soul of Light¦5^¦Soul of Night¦5;Soul of Fright#i:old¦20^Coral#i:old¦15^Goldfish¦15^Shark Fin#i:old¦5^Soul of Light#i:old¦5^Soul of Night#i:old¦5;1
6327;Legacy:Recipes/Hardmode Anvil/register;66667;Suspicious Looking Skull;5016;;;1;;Mythril Anvil;¦Mechanical Skull¦^¦Mechanical Eye¦^¦Adamantite Bar¦Titanium Bar¦^¦Soul of Night¦^¦Soul of Light¦;¦Adamantite Bar¦Titanium Bar¦10^¦Mechanical Eye¦2^¦Mechanical Skull¦1^¦Soul of Light¦5^¦Soul of Night¦5;Mechanical Skull#i:old¦1^Mechanical Eye#i:old¦2^Adamantite/Titanium Bar#i:old¦10^Soul of Night#i:old¦5^Soul of Light#i:old¦5;1
9629;Recipes/Autohammer/register;11552;Mini Nuke I;4457;;;100;;Autohammer;¦Rocket III¦^¦Shroomite Bar¦;¦Rocket III¦100^¦Shroomite Bar¦1;Rocket III¦100^Shroomite Bar¦1;0
9631;Recipes/Autohammer/register;11552;Mini Nuke II;4458;;;100;;Autohammer;¦Rocket IV¦^¦Shroomite Bar¦;¦Rocket IV¦100^¦Shroomite Bar¦1;Rocket IV¦100^Shroomite Bar¦1;0
9633;Recipes/Autohammer/register;11552;Shroomite Bar;1552;;;1;;Autohammer;¦Chlorophyte Bar¦^¦Glowing Mushroom¦;¦Chlorophyte Bar¦1^¦Glowing Mushroom¦15;Chlorophyte Bar¦1^Glowing Mushroom¦15;0
9707;Recipes/Blend-O-Matic/register;14653;Asphalt Block;775;;;1;;Blend-O-Matic;¦Stone Block¦^¦Gel¦;¦Gel¦1^¦Stone Block¦2;Stone Block¦2^Gel¦1;0
9899;Recipes/Decay Chamber/register;9226;Lesion Work Bench;3975;;;1;;Decay Chamber;¦Lesion Block¦;¦Lesion Block¦10;Lesion Block¦10;0
9900;Recipes/Decay Chamber/register;9226;Lesion Door;3967;;;1;;Decay Chamber;¦Lesion Block¦;¦Lesion Block¦6;Lesion Block¦6;0
9901;Recipes/Decay Chamber/register;9226;Lesion Chair;3963;;;1;;Decay Chamber;¦Lesion Block¦;¦Lesion Block¦4;Lesion Block¦4;0
9902;Recipes/Decay Chamber/register;9226;Lesion Chest;3965;;;1;;Decay Chamber;¦Lesion Block¦^¦Any Iron Bar¦;¦Any Iron Bar¦2^¦Lesion Block¦8;Lesion Block¦8^Any Iron Bar¦2;0
9903;Recipes/Decay Chamber/register;9226;Lesion Table;3974;;;1;;Decay Chamber;¦Lesion Block¦;¦Lesion Block¦8;Lesion Block¦8;0
9904;Recipes/Decay Chamber/register;9226;Lesion Sink;3972;;;1;;Decay Chamber;¦Lesion Block¦^¦Water Bucket¦;¦Lesion Block¦6^¦Water Bucket¦1;Lesion Block¦6^Water Bucket¦1;0
9905;Recipes/Decay Chamber/register;9226;Lesion Lantern;3970;;;1;;Decay Chamber;¦Lesion Block¦^¦Torch¦;¦Lesion Block¦6^¦Torch¦1;Lesion Block¦6^Torch¦1;0
9906;Recipes/Decay Chamber/register;9226;Lesion Candle;3962;;;1;;Decay Chamber;¦Lesion Block¦^¦Torch¦;¦Lesion Block¦4^¦Torch¦1;Lesion Block¦4^Torch¦1;0
9907;Recipes/Decay Chamber/register;9226;Lesion Lamp;3969;;;1;;Decay Chamber;¦Lesion Block¦^¦Torch¦;¦Lesion Block¦3^¦Torch¦1;Lesion Block¦3^Torch¦1;0
9908;Recipes/Decay Chamber/register;9226;Lesion Candelabra;3961;;;1;;Decay Chamber;¦Lesion Block¦^¦Torch¦;¦Lesion Block¦5^¦Torch¦3;Lesion Block¦5^Torch¦3;0
9909;Recipes/Decay Chamber/register;9226;Lesion Bed;3959;;;1;;Decay Chamber;¦Lesion Block¦^¦Silk¦;¦Lesion Block¦15^¦Silk¦5;Lesion Block¦15^Silk¦5;0
9910;Recipes/Decay Chamber/register;9226;Lesion Dresser;3968;;;1;;Decay Chamber;¦Lesion Block¦;¦Lesion Block¦16;Lesion Block¦16;0
9911;Recipes/Decay Chamber/register;9226;Lesion Bookcase;3960;;;1;;Decay Chamber;¦Lesion Block¦^¦Book¦;¦Book¦10^¦Lesion Block¦20;Lesion Block¦20^Book¦10;0
9912;Recipes/Decay Chamber/register;9226;Lesion Clock;3966;;;1;;Decay Chamber;¦Any Iron Bar¦^¦Glass¦^¦Lesion Block¦;¦Any Iron Bar¦3^¦Glass¦6^¦Lesion Block¦10;Any Iron Bar¦3^Glass¦6^Lesion Block¦10;0
9913;Recipes/Decay Chamber/register;9226;Lesion Sofa;3973;;;1;;Decay Chamber;¦Lesion Block¦^¦Silk¦;¦Lesion Block¦5^¦Silk¦2;Lesion Block¦5^Silk¦2;0
9914;Recipes/Decay Chamber/register;9226;Lesion Piano;3971;;;1;;Decay Chamber;¦Bone¦^¦Lesion Block¦^¦Book¦;¦Bone¦4^¦Book¦1^¦Lesion Block¦15;Bone¦4^Lesion Block¦15^Book¦1;0
9915;Recipes/Decay Chamber/register;9226;Lesion Bathtub;3958;;;1;;Decay Chamber;¦Lesion Block¦;¦Lesion Block¦14;Lesion Block¦14;0
9916;Recipes/Decay Chamber/register;9226;Lesion Chandelier;3964;;;1;;Decay Chamber;¦Lesion Block¦^¦Torch¦^¦Chain¦;¦Chain¦1^¦Lesion Block¦4^¦Torch¦4;Lesion Block¦4^Torch¦4^Chain¦1;0
9917;Recipes/Decay Chamber/register;9226;Lesion Toilet;4126;;;1;;Decay Chamber;¦Lesion Block¦;¦Lesion Block¦6;Lesion Block¦6;0
9918;Recipes/Dye Vat/register;14652;Black Golf Ball;4242;;;1;;Dye Vat;¦Golf Ball¦^¦Black Dye¦;¦Black Dye¦1^¦Golf Ball¦1;Golf Ball¦1^Black Dye¦1;0
9919;Recipes/Dye Vat/register;14652;Blue Golf Ball;4243;;;1;;Dye Vat;¦Golf Ball¦^¦Blue Dye¦;¦Blue Dye¦1^¦Golf Ball¦1;Golf Ball¦1^Blue Dye¦1;0
9920;Recipes/Dye Vat/register;14652;Brown Golf Ball;4244;;;1;;Dye Vat;¦Golf Ball¦^¦Brown Dye¦;¦Brown Dye¦1^¦Golf Ball¦1;Golf Ball¦1^Brown Dye¦1;0
9921;Recipes/Dye Vat/register;14652;Cyan Golf Ball;4245;;;1;;Dye Vat;¦Golf Ball¦^¦Cyan Dye¦;¦Cyan Dye¦1^¦Golf Ball¦1;Golf Ball¦1^Cyan Dye¦1;0
9922;Recipes/Dye Vat/register;14652;Green Golf Ball;4246;;;1;;Dye Vat;¦Golf Ball¦^¦Green Dye¦;¦Golf Ball¦1^¦Green Dye¦1;Golf Ball¦1^Green Dye¦1;0
9923;Recipes/Dye Vat/register;14652;Lime Golf Ball;4247;;;1;;Dye Vat;¦Golf Ball¦^¦Lime Dye¦;¦Golf Ball¦1^¦Lime Dye¦1;Golf Ball¦1^Lime Dye¦1;0
9924;Recipes/Dye Vat/register;14652;Orange Golf Ball;4248;;;1;;Dye Vat;¦Golf Ball¦^¦Orange Dye¦;¦Golf Ball¦1^¦Orange Dye¦1;Golf Ball¦1^Orange Dye¦1;0
9925;Recipes/Dye Vat/register;14652;Pink Golf Ball;4249;;;1;;Dye Vat;¦Golf Ball¦^¦Pink Dye¦;¦Golf Ball¦1^¦Pink Dye¦1;Golf Ball¦1^Pink Dye¦1;0
9926;Recipes/Dye Vat/register;14652;Purple Golf Ball;4250;;;1;;Dye Vat;¦Golf Ball¦^¦Purple Dye¦;¦Golf Ball¦1^¦Purple Dye¦1;Golf Ball¦1^Purple Dye¦1;0
9927;Recipes/Dye Vat/register;14652;Red Golf Ball;4251;;;1;;Dye Vat;¦Golf Ball¦^¦Red Dye¦;¦Golf Ball¦1^¦Red Dye¦1;Golf Ball¦1^Red Dye¦1;0
9928;Recipes/Dye Vat/register;14652;Sky Blue Golf Ball;4252;;;1;;Dye Vat;¦Golf Ball¦^¦Sky Blue Dye¦;¦Golf Ball¦1^¦Sky Blue Dye¦1;Golf Ball¦1^Sky Blue Dye¦1;0
9929;Recipes/Dye Vat/register;14652;Teal Golf Ball;4253;;;1;;Dye Vat;¦Golf Ball¦^¦Teal Dye¦;¦Golf Ball¦1^¦Teal Dye¦1;Golf Ball¦1^Teal Dye¦1;0
9930;Recipes/Dye Vat/register;14652;Violet Golf Ball;4254;;;1;;Dye Vat;¦Golf Ball¦^¦Violet Dye¦;¦Golf Ball¦1^¦Violet Dye¦1;Golf Ball¦1^Violet Dye¦1;0
9931;Recipes/Dye Vat/register;14652;Yellow Golf Ball;4255;;;1;;Dye Vat;¦Golf Ball¦^¦Yellow Dye¦;¦Golf Ball¦1^¦Yellow Dye¦1;Golf Ball¦1^Yellow Dye¦1;0
9932;Recipes/Dye Vat/register;14652;Red String;3293;;;1;;Dye Vat;¦White String¦^¦Red Dye¦;¦Red Dye¦1^¦White String¦1;White String¦1^Red Dye¦1;0
9933;Recipes/Dye Vat/register;14652;Orange String;3294;;;1;;Dye Vat;¦White String¦^¦Orange Dye¦;¦Orange Dye¦1^¦White String¦1;White String¦1^Orange Dye¦1;0
9934;Recipes/Dye Vat/register;14652;Yellow String;3295;;;1;;Dye Vat;¦White String¦^¦Yellow Dye¦;¦White String¦1^¦Yellow Dye¦1;White String¦1^Yellow Dye¦1;0
9935;Recipes/Dye Vat/register;14652;Lime String;3296;;;1;;Dye Vat;¦White String¦^¦Lime Dye¦;¦Lime Dye¦1^¦White String¦1;White String¦1^Lime Dye¦1;0
9936;Recipes/Dye Vat/register;14652;Green String;3297;;;1;;Dye Vat;¦White String¦^¦Green Dye¦;¦Green Dye¦1^¦White String¦1;White String¦1^Green Dye¦1;0
9937;Recipes/Dye Vat/register;14652;Teal String;3298;;;1;;Dye Vat;¦White String¦^¦Teal Dye¦;¦Teal Dye¦1^¦White String¦1;White String¦1^Teal Dye¦1;0
9938;Recipes/Dye Vat/register;14652;Cyan String;3299;;;1;;Dye Vat;¦White String¦^¦Cyan Dye¦;¦Cyan Dye¦1^¦White String¦1;White String¦1^Cyan Dye¦1;0
9939;Recipes/Dye Vat/register;14652;Sky Blue String;3300;;;1;;Dye Vat;¦White String¦^¦Sky Blue Dye¦;¦Sky Blue Dye¦1^¦White String¦1;White String¦1^Sky Blue Dye¦1;0
9940;Recipes/Dye Vat/register;14652;Blue String;3301;;;1;;Dye Vat;¦White String¦^¦Blue Dye¦;¦Blue Dye¦1^¦White String¦1;White String¦1^Blue Dye¦1;0
9941;Recipes/Dye Vat/register;14652;Purple String;3302;;;1;;Dye Vat;¦White String¦^¦Purple Dye¦;¦Purple Dye¦1^¦White String¦1;White String¦1^Purple Dye¦1;0
9942;Recipes/Dye Vat/register;14652;Violet String;3303;;;1;;Dye Vat;¦White String¦^¦Violet Dye¦;¦Violet Dye¦1^¦White String¦1;White String¦1^Violet Dye¦1;0
9943;Recipes/Dye Vat/register;14652;Pink String;3304;;;1;;Dye Vat;¦White String¦^¦Pink Dye¦;¦Pink Dye¦1^¦White String¦1;White String¦1^Pink Dye¦1;0
9944;Recipes/Dye Vat/register;14652;Black String;3308;;;1;;Dye Vat;¦White String¦^¦Black Dye¦;¦Black Dye¦1^¦White String¦1;White String¦1^Black Dye¦1;0
9945;Recipes/Dye Vat/register;14652;Brown String;3305;;;1;;Dye Vat;¦White String¦^¦Brown Dye¦;¦Brown Dye¦1^¦White String¦1;White String¦1^Brown Dye¦1;0
9946;Recipes/Dye Vat/register;14652;Rainbow String;3307;;;1;;Dye Vat;¦White String¦^¦Rainbow Dye¦;¦Rainbow Dye¦1^¦White String¦1;White String¦1^Rainbow Dye¦1;0
9947;Recipes/Dye Vat/register;14652;Deep Red Paint;1085;;;1;;Dye Vat;¦Red Paint¦;¦Red Paint¦2;Red Paint¦2;0
9948;Recipes/Dye Vat/register;14652;Deep Orange Paint;1086;;;1;;Dye Vat;¦Orange Paint¦;¦Orange Paint¦2;Orange Paint¦2;0
9949;Recipes/Dye Vat/register;14652;Deep Yellow Paint;1087;;;1;;Dye Vat;¦Yellow Paint¦;¦Yellow Paint¦2;Yellow Paint¦2;0
9950;Recipes/Dye Vat/register;14652;Deep Lime Paint;1088;;;1;;Dye Vat;¦Lime Paint¦;¦Lime Paint¦2;Lime Paint¦2;0
9951;Recipes/Dye Vat/register;14652;Deep Green Paint;1089;;;1;;Dye Vat;¦Green Paint¦;¦Green Paint¦2;Green Paint¦2;0
9952;Recipes/Dye Vat/register;14652;Deep Teal Paint;1090;;;1;;Dye Vat;¦Teal Paint¦;¦Teal Paint¦2;Teal Paint¦2;0
9953;Recipes/Dye Vat/register;14652;Deep Cyan Paint;1091;;;1;;Dye Vat;¦Cyan Paint¦;¦Cyan Paint¦2;Cyan Paint¦2;0
9954;Recipes/Dye Vat/register;14652;Deep Sky Blue Paint;1092;;;1;;Dye Vat;¦Sky Blue Paint¦;¦Sky Blue Paint¦2;Sky Blue Paint¦2;0
9955;Recipes/Dye Vat/register;14652;Deep Blue Paint;1093;;;1;;Dye Vat;¦Blue Paint¦;¦Blue Paint¦2;Blue Paint¦2;0
9956;Recipes/Dye Vat/register;14652;Deep Purple Paint;1094;;;1;;Dye Vat;¦Purple Paint¦;¦Purple Paint¦2;Purple Paint¦2;0
9957;Recipes/Dye Vat/register;14652;Deep Violet Paint;1095;;;1;;Dye Vat;¦Violet Paint¦;¦Violet Paint¦2;Violet Paint¦2;0
9958;Recipes/Dye Vat/register;14652;Deep Pink Paint;1096;;;1;;Dye Vat;¦Pink Paint¦;¦Pink Paint¦2;Pink Paint¦2;0
9959;Recipes/Dye Vat/register;14652;Red Dye;1007;;;2;desktop console mobile;Dye Vat;¦Red Husk¦;¦Red Husk¦1;Red Husk¦1;0
9960;Recipes/Dye Vat/register;14652;Orange Dye;1008;;;2;desktop console mobile;Dye Vat;¦Orange Bloodroot¦;¦Orange Bloodroot¦1;Orange Bloodroot¦1;0
9961;Recipes/Dye Vat/register;14652;Yellow Dye;1009;;;2;desktop console mobile;Dye Vat;¦Yellow Marigold¦;¦Yellow Marigold¦1;Yellow Marigold¦1;0
9962;Recipes/Dye Vat/register;14652;Lime Dye;1010;;;2;desktop console mobile;Dye Vat;¦Lime Kelp¦;¦Lime Kelp¦1;Lime Kelp¦1;0
9963;Recipes/Dye Vat/register;14652;Green Dye;1011;;;2;desktop console mobile;Dye Vat;¦Green Mushroom¦;¦Green Mushroom¦1;Green Mushroom¦1;0
9964;Recipes/Dye Vat/register;14652;Teal Dye;1012;;;2;desktop console mobile;Dye Vat;¦Teal Mushroom¦;¦Teal Mushroom¦1;Teal Mushroom¦1;0
9965;Recipes/Dye Vat/register;14652;Cyan Dye;1013;;;2;desktop console mobile;Dye Vat;¦Cyan Husk¦;¦Cyan Husk¦1;Cyan Husk¦1;0
9966;Recipes/Dye Vat/register;14652;Sky Blue Dye;1014;;;2;desktop console mobile;Dye Vat;¦Sky Blue Flower¦;¦Sky Blue Flower¦1;Sky Blue Flower¦1;0
9967;Recipes/Dye Vat/register;14652;Blue Dye;1015;;;2;desktop console mobile;Dye Vat;¦Blue Berries¦;¦Blue Berries¦1;Blue Berries¦1;0
9968;Recipes/Dye Vat/register;14652;Purple Dye;1016;;;2;desktop console mobile;Dye Vat;¦Purple Mucus¦;¦Purple Mucus¦1;Purple Mucus¦1;0
9969;Recipes/Dye Vat/register;14652;Violet Dye;1017;;;2;desktop console mobile;Dye Vat;¦Violet Husk¦;¦Violet Husk¦1;Violet Husk¦1;0
9970;Recipes/Dye Vat/register;14652;Pink Dye;1018;;;2;desktop console mobile;Dye Vat;¦Pink Prickly Pear¦;¦Pink Prickly Pear¦1;Pink Prickly Pear¦1;0
9971;Recipes/Dye Vat/register;14652;Black Dye;1050;;;2;desktop console mobile;Dye Vat;¦Black Ink¦;¦Black Ink¦1;Black Ink¦1;0
9972;Recipes/Dye Vat/register;14652;Flame Dye;1031;;;1;;Dye Vat;¦Red Dye¦^¦Orange Dye¦^¦Yellow Dye¦;¦Orange Dye¦1^¦Red Dye¦1^¦Yellow Dye¦1;Red Dye¦1^Orange Dye¦1^Yellow Dye¦1;0
9973;Recipes/Dye Vat/register;14652;Green Flame Dye;1033;;;1;;Dye Vat;¦Yellow Dye¦^¦Lime Dye¦^¦Green Dye¦;¦Green Dye¦1^¦Lime Dye¦1^¦Yellow Dye¦1;Yellow Dye¦1^Lime Dye¦1^Green Dye¦1;0
9974;Recipes/Dye Vat/register;14652;Blue Flame Dye;1035;;;1;;Dye Vat;¦Cyan Dye¦^¦Sky Blue Dye¦^¦Blue Dye¦;¦Blue Dye¦1^¦Cyan Dye¦1^¦Sky Blue Dye¦1;Cyan Dye¦1^Sky Blue Dye¦1^Blue Dye¦1;0
9975;Recipes/Dye Vat/register;14652;Intense Flame Dye;1063;;;1;;Dye Vat;¦Flame Dye¦;¦Flame Dye¦2;Flame Dye¦2;0
9976;Recipes/Dye Vat/register;14652;Intense Green Flame Dye;1064;;;1;;Dye Vat;¦Green Flame Dye¦;¦Green Flame Dye¦2;Green Flame Dye¦2;0
9977;Recipes/Dye Vat/register;14652;Intense Blue Flame Dye;1065;;;1;;Dye Vat;¦Blue Flame Dye¦;¦Blue Flame Dye¦2;Blue Flame Dye¦2;0
9978;Recipes/Dye Vat/register;14652;Flame and Black Dye;1032;;;1;;Dye Vat;¦Flame Dye¦^¦Black Dye¦;¦Black Dye¦1^¦Flame Dye¦1;Flame Dye¦1^Black Dye¦1;0
9979;Recipes/Dye Vat/register;14652;Green Flame and Black Dye;1034;;;1;;Dye Vat;¦Green Flame Dye¦^¦Black Dye¦;¦Black Dye¦1^¦Green Flame Dye¦1;Green Flame Dye¦1^Black Dye¦1;0
9980;Recipes/Dye Vat/register;14652;Blue Flame and Black Dye;1036;;;1;;Dye Vat;¦Blue Flame Dye¦^¦Black Dye¦;¦Black Dye¦1^¦Blue Flame Dye¦1;Blue Flame Dye¦1^Black Dye¦1;0
9981;Recipes/Dye Vat/register;14652;Flame and Silver Dye;3550;;;1;;Dye Vat;¦Flame Dye¦^¦Silver Dye¦;¦Flame Dye¦1^¦Silver Dye¦1;Flame Dye¦1^Silver Dye¦1;0
9982;Recipes/Dye Vat/register;14652;Green Flame and Silver Dye;3551;;;1;;Dye Vat;¦Green Flame Dye¦^¦Silver Dye¦;¦Green Flame Dye¦1^¦Silver Dye¦1;Green Flame Dye¦1^Silver Dye¦1;0
9983;Recipes/Dye Vat/register;14652;Blue Flame and Silver Dye;3552;;;1;;Dye Vat;¦Blue Flame Dye¦^¦Silver Dye¦;¦Blue Flame Dye¦1^¦Silver Dye¦1;Blue Flame Dye¦1^Silver Dye¦1;0
9984;Recipes/Dye Vat/register;14652;Yellow Gradient Dye;1068;;;1;;Dye Vat;¦Orange Dye¦^¦Yellow Dye¦^¦Lime Dye¦;¦Lime Dye¦1^¦Orange Dye¦1^¦Yellow Dye¦1;Orange Dye¦1^Yellow Dye¦1^Lime Dye¦1;0
9985;Recipes/Dye Vat/register;14652;Cyan Gradient Dye;1069;;;1;;Dye Vat;¦Teal Dye¦^¦Cyan Dye¦^¦Sky Blue Dye¦;¦Cyan Dye¦1^¦Sky Blue Dye¦1^¦Teal Dye¦1;Teal Dye¦1^Cyan Dye¦1^Sky Blue Dye¦1;0
9986;Recipes/Dye Vat/register;14652;Violet Gradient Dye;1070;;;1;;Dye Vat;¦Purple Dye¦^¦Violet Dye¦^¦Pink Dye¦;¦Pink Dye¦1^¦Purple Dye¦1^¦Violet Dye¦1;Purple Dye¦1^Violet Dye¦1^Pink Dye¦1;0
9987;Recipes/Dye Vat/register;14652;Rainbow Dye;1066;;;1;;Dye Vat;¦Yellow Gradient Dye¦^¦Cyan Gradient Dye¦^¦Violet Gradient Dye¦;¦Cyan Gradient Dye¦1^¦Violet Gradient Dye¦1^¦Yellow Gradient Dye¦1;Yellow Gradient Dye¦1^Cyan Gradient Dye¦1^Violet Gradient Dye¦1;0
9988;Recipes/Dye Vat/register;14652;Intense Rainbow Dye;1067;;;1;;Dye Vat;¦Rainbow Dye¦;¦Rainbow Dye¦2;Rainbow Dye¦2;0
9989;Recipes/Dye Vat/register;14652;Red and Black Dye;1019;;;1;;Dye Vat;¦Red Dye¦^¦Black Dye¦;¦Black Dye¦1^¦Red Dye¦1;Red Dye¦1^Black Dye¦1;0
9990;Recipes/Dye Vat/register;14652;Orange and Black Dye;1020;;;1;;Dye Vat;¦Orange Dye¦^¦Black Dye¦;¦Black Dye¦1^¦Orange Dye¦1;Orange Dye¦1^Black Dye¦1;0
9991;Recipes/Dye Vat/register;14652;Yellow and Black Dye;1021;;;1;;Dye Vat;¦Yellow Dye¦^¦Black Dye¦;¦Black Dye¦1^¦Yellow Dye¦1;Yellow Dye¦1^Black Dye¦1;0
9992;Recipes/Dye Vat/register;14652;Lime and Black Dye;1022;;;1;;Dye Vat;¦Lime Dye¦^¦Black Dye¦;¦Black Dye¦1^¦Lime Dye¦1;Lime Dye¦1^Black Dye¦1;0
9993;Recipes/Dye Vat/register;14652;Green and Black Dye;1023;;;1;;Dye Vat;¦Green Dye¦^¦Black Dye¦;¦Black Dye¦1^¦Green Dye¦1;Green Dye¦1^Black Dye¦1;0
9994;Recipes/Dye Vat/register;14652;Teal and Black Dye;1024;;;1;;Dye Vat;¦Teal Dye¦^¦Black Dye¦;¦Black Dye¦1^¦Teal Dye¦1;Teal Dye¦1^Black Dye¦1;0
9995;Recipes/Dye Vat/register;14652;Cyan and Black Dye;1025;;;1;;Dye Vat;¦Cyan Dye¦^¦Black Dye¦;¦Black Dye¦1^¦Cyan Dye¦1;Cyan Dye¦1^Black Dye¦1;0
9996;Recipes/Dye Vat/register;14652;Sky Blue and Black Dye;1026;;;1;;Dye Vat;¦Sky Blue Dye¦^¦Black Dye¦;¦Black Dye¦1^¦Sky Blue Dye¦1;Sky Blue Dye¦1^Black Dye¦1;0
9997;Recipes/Dye Vat/register;14652;Blue and Black Dye;1027;;;1;;Dye Vat;¦Blue Dye¦^¦Black Dye¦;¦Black Dye¦1^¦Blue Dye¦1;Blue Dye¦1^Black Dye¦1;0
9998;Recipes/Dye Vat/register;14652;Purple and Black Dye;1028;;;1;;Dye Vat;¦Purple Dye¦^¦Black Dye¦;¦Black Dye¦1^¦Purple Dye¦1;Purple Dye¦1^Black Dye¦1;0
9999;Recipes/Dye Vat/register;14652;Violet and Black Dye;1029;;;1;;Dye Vat;¦Violet Dye¦^¦Black Dye¦;¦Black Dye¦1^¦Violet Dye¦1;Violet Dye¦1^Black Dye¦1;0
10000;Recipes/Dye Vat/register;14652;Pink and Black Dye;1030;;;1;;Dye Vat;¦Pink Dye¦^¦Black Dye¦;¦Black Dye¦1^¦Pink Dye¦1;Pink Dye¦1^Black Dye¦1;0
10001;Recipes/Dye Vat/register;14652;Brown and Black Dye;2875;;;1;;Dye Vat;¦Brown Dye¦^¦Black Dye¦;¦Black Dye¦1^¦Brown Dye¦1;Brown Dye¦1^Black Dye¦1;0
10002;Recipes/Dye Vat/register;14652;Bright Red Dye;1038;;;1;;Dye Vat;¦Red Dye¦^¦Silver Dye¦;¦Red Dye¦1^¦Silver Dye¦1;Red Dye¦1^Silver Dye¦1;0
10003;Recipes/Dye Vat/register;14652;Bright Orange Dye;1039;;;1;;Dye Vat;¦Orange Dye¦^¦Silver Dye¦;¦Orange Dye¦1^¦Silver Dye¦1;Orange Dye¦1^Silver Dye¦1;0
10004;Recipes/Dye Vat/register;14652;Bright Yellow Dye;1040;;;1;;Dye Vat;¦Yellow Dye¦^¦Silver Dye¦;¦Silver Dye¦1^¦Yellow Dye¦1;Yellow Dye¦1^Silver Dye¦1;0
10005;Recipes/Dye Vat/register;14652;Bright Lime Dye;1041;;;1;;Dye Vat;¦Lime Dye¦^¦Silver Dye¦;¦Lime Dye¦1^¦Silver Dye¦1;Lime Dye¦1^Silver Dye¦1;0
10006;Recipes/Dye Vat/register;14652;Bright Green Dye;1042;;;1;;Dye Vat;¦Green Dye¦^¦Silver Dye¦;¦Green Dye¦1^¦Silver Dye¦1;Green Dye¦1^Silver Dye¦1;0
10007;Recipes/Dye Vat/register;14652;Bright Teal Dye;1043;;;1;;Dye Vat;¦Teal Dye¦^¦Silver Dye¦;¦Silver Dye¦1^¦Teal Dye¦1;Teal Dye¦1^Silver Dye¦1;0
10008;Recipes/Dye Vat/register;14652;Bright Cyan Dye;1044;;;1;;Dye Vat;¦Cyan Dye¦^¦Silver Dye¦;¦Cyan Dye¦1^¦Silver Dye¦1;Cyan Dye¦1^Silver Dye¦1;0
10009;Recipes/Dye Vat/register;14652;Bright Sky Blue Dye;1045;;;1;;Dye Vat;¦Sky Blue Dye¦^¦Silver Dye¦;¦Silver Dye¦1^¦Sky Blue Dye¦1;Sky Blue Dye¦1^Silver Dye¦1;0
10010;Recipes/Dye Vat/register;14652;Bright Blue Dye;1046;;;1;;Dye Vat;¦Blue Dye¦^¦Silver Dye¦;¦Blue Dye¦1^¦Silver Dye¦1;Blue Dye¦1^Silver Dye¦1;0
10011;Recipes/Dye Vat/register;14652;Bright Purple Dye;1047;;;1;;Dye Vat;¦Purple Dye¦^¦Silver Dye¦;¦Purple Dye¦1^¦Silver Dye¦1;Purple Dye¦1^Silver Dye¦1;0
10012;Recipes/Dye Vat/register;14652;Bright Violet Dye;1048;;;1;;Dye Vat;¦Violet Dye¦^¦Silver Dye¦;¦Silver Dye¦1^¦Violet Dye¦1;Violet Dye¦1^Silver Dye¦1;0
10013;Recipes/Dye Vat/register;14652;Bright Pink Dye;1049;;;1;;Dye Vat;¦Pink Dye¦^¦Silver Dye¦;¦Pink Dye¦1^¦Silver Dye¦1;Pink Dye¦1^Silver Dye¦1;0
10014;Recipes/Dye Vat/register;14652;Bright Brown Dye;2876;;;1;;Dye Vat;¦Brown Dye¦^¦Silver Dye¦;¦Brown Dye¦1^¦Silver Dye¦1;Brown Dye¦1^Silver Dye¦1;0
10015;Recipes/Dye Vat/register;14652;Red and Silver Dye;1051;;;1;;Dye Vat;¦Red Dye¦^¦Silver Dye¦;¦Red Dye¦1^¦Silver Dye¦1;Red Dye¦1^Silver Dye¦1;0
10016;Recipes/Dye Vat/register;14652;Orange and Silver Dye;1052;;;1;;Dye Vat;¦Orange Dye¦^¦Silver Dye¦;¦Orange Dye¦1^¦Silver Dye¦1;Orange Dye¦1^Silver Dye¦1;0
10017;Recipes/Dye Vat/register;14652;Yellow and Silver Dye;1053;;;1;;Dye Vat;¦Yellow Dye¦^¦Silver Dye¦;¦Silver Dye¦1^¦Yellow Dye¦1;Yellow Dye¦1^Silver Dye¦1;0
10018;Recipes/Dye Vat/register;14652;Lime and Silver Dye;1054;;;1;;Dye Vat;¦Lime Dye¦^¦Silver Dye¦;¦Lime Dye¦1^¦Silver Dye¦1;Lime Dye¦1^Silver Dye¦1;0
10019;Recipes/Dye Vat/register;14652;Green and Silver Dye;1055;;;1;;Dye Vat;¦Green Dye¦^¦Silver Dye¦;¦Green Dye¦1^¦Silver Dye¦1;Green Dye¦1^Silver Dye¦1;0
10020;Recipes/Dye Vat/register;14652;Teal and Silver Dye;1056;;;1;;Dye Vat;¦Teal Dye¦^¦Silver Dye¦;¦Silver Dye¦1^¦Teal Dye¦1;Teal Dye¦1^Silver Dye¦1;0
10021;Recipes/Dye Vat/register;14652;Cyan and Silver Dye;1057;;;1;;Dye Vat;¦Cyan Dye¦^¦Silver Dye¦;¦Cyan Dye¦1^¦Silver Dye¦1;Cyan Dye¦1^Silver Dye¦1;0
10022;Recipes/Dye Vat/register;14652;Sky Blue and Silver Dye;1058;;;1;;Dye Vat;¦Sky Blue Dye¦^¦Silver Dye¦;¦Silver Dye¦1^¦Sky Blue Dye¦1;Sky Blue Dye¦1^Silver Dye¦1;0
10024;Recipes/Dye Vat/register;14652;Blue and Silver Dye;1059;;;1;;Dye Vat;¦Blue Dye¦^¦Silver Dye¦;¦Blue Dye¦1^¦Silver Dye¦1;Blue Dye¦1^Silver Dye¦1;0
10026;Recipes/Dye Vat/register;14652;Purple and Silver Dye;1060;;;1;;Dye Vat;¦Purple Dye¦^¦Silver Dye¦;¦Purple Dye¦1^¦Silver Dye¦1;Purple Dye¦1^Silver Dye¦1;0
10027;Recipes/Dye Vat/register;14652;Violet and Silver Dye;1061;;;1;;Dye Vat;¦Violet Dye¦^¦Silver Dye¦;¦Silver Dye¦1^¦Violet Dye¦1;Violet Dye¦1^Silver Dye¦1;0
10028;Recipes/Dye Vat/register;14652;Pink and Silver Dye;1062;;;1;;Dye Vat;¦Pink Dye¦^¦Silver Dye¦;¦Pink Dye¦1^¦Silver Dye¦1;Pink Dye¦1^Silver Dye¦1;0
10029;Recipes/Dye Vat/register;14652;Brown and Silver Dye;2877;;;1;;Dye Vat;¦Brown Dye¦^¦Silver Dye¦;¦Brown Dye¦1^¦Silver Dye¦1;Brown Dye¦1^Silver Dye¦1;0
10030;Recipes/Dye Vat/register;14652;Silver and Black Dye;3559;;;1;;Dye Vat;¦Silver Dye¦^¦Black Dye¦;¦Black Dye¦1^¦Silver Dye¦1;Silver Dye¦1^Black Dye¦1;0
10031;Recipes/Dye Vat/register;14652;Black and White Dye;3557;;;1;;Dye Vat;¦Silver Dye¦^¦Black Dye¦;¦Black Dye¦1^¦Silver Dye¦1;Silver Dye¦1^Black Dye¦1;0
10032;Recipes/Dye Vat/register;14652;Bright Silver Dye;3558;;;1;;Dye Vat;¦Silver Dye¦;¦Silver Dye¦2;Silver Dye¦2;0
10033;Recipes/Dye Vat/register;14652;Pink Gel Dye;3562;;;1;;Dye Vat;¦Gel Dye¦^¦Pink Gel¦;¦Gel Dye¦1^¦Pink Gel¦10;Gel Dye¦1^Pink Gel¦10;0
10034;Recipes/Dye Vat/register;14652;Shifting Pearlsands Dye;3535;;;1;;Dye Vat;¦Shifting Sands Dye¦^¦Crystal Shard¦;¦Crystal Shard¦20^¦Shifting Sands Dye¦1;Shifting Sands Dye¦1^Crystal Shard¦20;0
10035;Recipes/Dye Vat/register;14652;Solar Dye;3526;;;1;;Dye Vat;¦Bottled Water¦^¦Solar Fragment¦;¦Bottled Water¦1^¦Solar Fragment¦10;Bottled Water¦1^Solar Fragment¦10;0
10036;Recipes/Dye Vat/register;14652;Vortex Dye;3528;;;1;;Dye Vat;¦Bottled Water¦^¦Vortex Fragment¦;¦Bottled Water¦1^¦Vortex Fragment¦10;Bottled Water¦1^Vortex Fragment¦10;0
10037;Recipes/Dye Vat/register;14652;Nebula Dye;3527;;;1;;Dye Vat;¦Bottled Water¦^¦Nebula Fragment¦;¦Bottled Water¦1^¦Nebula Fragment¦10;Bottled Water¦1^Nebula Fragment¦10;0
10038;Recipes/Dye Vat/register;14652;Stardust Dye;3529;;;1;;Dye Vat;¦Bottled Water¦^¦Stardust Fragment¦;¦Bottled Water¦1^¦Stardust Fragment¦10;Bottled Water¦1^Stardust Fragment¦10;0
10039;Recipes/Dye Vat/register;14652;Void Dye;3530;;;1;;Dye Vat;¦Bottled Water¦^¦Luminite Bar¦;¦Bottled Water¦1^¦Luminite Bar¦5;Bottled Water¦1^Luminite Bar¦5;0
10313;Recipes/Honey/register;8565;Bottled Honey;1134;;;1;;Honey;¦Bottle¦;¦Bottle¦1;Bottle¦1;0
10314;Recipes/Honey/register;8565;Honey Rocket;4449;;;1;;Honey;¦Dry Rocket¦;¦Dry Rocket¦1;Dry Rocket¦1;0
10315;Recipes/Honey/register;8565;Honey Bomb;4826;;;1;;Honey;¦Dry Bomb¦;¦Dry Bomb¦1;Dry Bomb¦1;0
10316;Recipes/Honey/register;8565;Flymeal;5129;;;1;;Honey;¦Platinum Broadsword¦^¦Stinkbug¦;¦Platinum Broadsword¦1^¦Stinkbug¦5;Platinum Broadsword¦1^Stinkbug¦5;0
10317;Recipes/Honey/register;8565;Flymeal;5129;;;1;;Honey;¦Gold Broadsword¦^¦Stinkbug¦;¦Gold Broadsword¦1^¦Stinkbug¦5;Gold Broadsword¦1^Stinkbug¦5;0
10357;Recipes/Imbuing Station/register;15552;Flask of Poison;1359;;;1;desktop console mobile;Imbuing Station;¦Bottled Water¦^¦Stinger¦;¦Bottled Water¦1^¦Stinger¦1;Bottled Water¦1^Stinger¦1;0
10358;Recipes/Imbuing Station/register;15552;Flask of Fire;1354;;;1;desktop console mobile;Imbuing Station;¦Bottled Water¦^¦Hellstone¦;¦Bottled Water¦1^¦Hellstone¦3;Bottled Water¦1^Hellstone¦3;0
10359;Recipes/Imbuing Station/register;15552;Flask of Venom;1340;;;1;;Imbuing Station;¦Bottled Water¦^¦Vial of Venom¦;¦Bottled Water¦1^¦Vial of Venom¦5;Bottled Water¦1^Vial of Venom¦5;0
10360;Recipes/Imbuing Station/register;15552;Flask of Gold;1355;;;1;;Imbuing Station;¦Bottled Water¦^¦Gold Dust¦;¦Bottled Water¦1^¦Gold Dust¦5;Bottled Water¦1^Gold Dust¦5;0
10361;Recipes/Imbuing Station/register;15552;Flask of Ichor;1356;;;1;desktop console mobile;Imbuing Station;¦Bottled Water¦^¦Ichor¦;¦Bottled Water¦1^¦Ichor¦2;Bottled Water¦1^Ichor¦2;0
10362;Recipes/Imbuing Station/register;15552;Flask of Cursed Flames;1353;;;1;desktop console mobile;Imbuing Station;¦Bottled Water¦^¦Cursed Flame¦;¦Bottled Water¦1^¦Cursed Flame¦2;Bottled Water¦1^Cursed Flame¦2;0
10363;Recipes/Imbuing Station/register;15552;Flask of Nanites;1357;;;1;;Imbuing Station;¦Bottled Water¦^¦Nanites¦;¦Bottled Water¦1^¦Nanites¦5;Bottled Water¦1^Nanites¦5;0
10364;Recipes/Imbuing Station/register;15552;Flask of Party;1358;;;1;;Imbuing Station;¦Bottled Water¦^¦Confetti¦;¦Bottled Water¦1^¦Confetti¦5;Bottled Water¦1^Confetti¦5;0
10365;Recipes/Keg/register;7966;Ale;353;;;1;;Keg;¦Mug¦;¦Mug¦1;Mug¦1;0
10366;Recipes/Lava/register;12550;Lava Rocket;4448;;;1;;Lava;¦Dry Rocket¦;¦Dry Rocket¦1;Dry Rocket¦1;0
10367;Recipes/Lava/register;12550;Lava Bomb;4825;;;1;;Lava;¦Dry Bomb¦;¦Dry Bomb¦1;Dry Bomb¦1;0
10475;Recipes/Meat Grinder/register;11759;Lesion Block;3955;;;1;;Meat Grinder;¦Ebonstone Block¦;¦Ebonstone Block¦2;Ebonstone Block¦2;0
10476;Recipes/Meat Grinder/register;11759;Flesh Block;763;;;1;;Meat Grinder;¦Crimstone Block¦;¦Crimstone Block¦2;Crimstone Block¦2;0
10657;Recipes/Steampunk Boiler/register;13703;Steampunk Chair;1708;;;1;;Steampunk Boiler;¦Cog¦;¦Cog¦4;Cog¦4;0
10658;Recipes/Steampunk Boiler/register;13703;Steampunk Candle;2649;;;1;;Steampunk Boiler;¦Cog¦^¦Torch¦;¦Cog¦4^¦Torch¦1;Cog¦4^Torch¦1;0
10659;Recipes/Steampunk Boiler/register;13703;Steampunk Chandelier;2655;;;1;;Steampunk Boiler;¦Cog¦^¦Torch¦^¦Chain¦;¦Chain¦1^¦Cog¦4^¦Torch¦4;Cog¦4^Torch¦4^Chain¦1;0
10660;Recipes/Steampunk Boiler/register;13703;Steampunk Door;1712;;;1;;Steampunk Boiler;¦Cog¦;¦Cog¦6;Cog¦6;0
10661;Recipes/Steampunk Boiler/register;13703;Steampunk Dresser;2638;;;1;;Steampunk Boiler;¦Cog¦;¦Cog¦16;Cog¦16;0
10662;Recipes/Steampunk Boiler/register;13703;Steampunk Sink;2845;;;1;;Steampunk Boiler;¦Cog¦^¦Water Bucket¦;¦Cog¦6^¦Water Bucket¦1;Cog¦6^Water Bucket¦1;0
10663;Recipes/Steampunk Boiler/register;13703;Steampunk Table;1718;;;1;;Steampunk Boiler;¦Cog¦;¦Cog¦8;Cog¦8;0
10664;Recipes/Steampunk Boiler/register;13703;Steampunk Work Bench;2253;;;1;;Steampunk Boiler;¦Cog¦;¦Cog¦10;Cog¦10;0
10665;Recipes/Steampunk Boiler/register;13703;Steampunk Bed;1722;;;1;;Steampunk Boiler;¦Cog¦^¦Silk¦;¦Cog¦15^¦Silk¦5;Cog¦15^Silk¦5;0
10666;Recipes/Steampunk Boiler/register;13703;Steampunk Piano;2256;;;1;;Steampunk Boiler;¦Bone¦^¦Cog¦^¦Book¦;¦Bone¦4^¦Book¦1^¦Cog¦15;Bone¦4^Cog¦15^Book¦1;0
10667;Recipes/Steampunk Boiler/register;13703;Steampunk Bathtub;2125;;;1;;Steampunk Boiler;¦Cog¦;¦Cog¦14;Cog¦14;0
10668;Recipes/Steampunk Boiler/register;13703;Steampunk Chest;2250;;;1;;Steampunk Boiler;¦Cog¦^¦Any Iron Bar¦;¦Any Iron Bar¦2^¦Cog¦8;Cog¦8^Any Iron Bar¦2;0
10669;Recipes/Steampunk Boiler/register;13703;Steampunk Clock;2241;;;1;;Steampunk Boiler;¦Any Iron Bar¦^¦Glass¦^¦Cog¦;¦Any Iron Bar¦3^¦Cog¦10^¦Glass¦6;Any Iron Bar¦3^Glass¦6^Cog¦10;0
10670;Recipes/Steampunk Boiler/register;13703;Steampunk Bookcase;2024;;;1;;Steampunk Boiler;¦Cog¦^¦Book¦;¦Book¦10^¦Cog¦20;Cog¦20^Book¦10;0
10671;Recipes/Steampunk Boiler/register;13703;Steampunk Lantern;2036;;;1;;Steampunk Boiler;¦Cog¦^¦Torch¦;¦Cog¦6^¦Torch¦1;Cog¦6^Torch¦1;0
10672;Recipes/Steampunk Boiler/register;13703;Steampunk Candelabra;2096;;;1;;Steampunk Boiler;¦Cog¦^¦Torch¦;¦Cog¦5^¦Torch¦3;Cog¦5^Torch¦3;0
10673;Recipes/Steampunk Boiler/register;13703;Steampunk Lamp;2130;;;1;;Steampunk Boiler;¦Torch¦^¦Cog¦;¦Cog¦3^¦Torch¦1;Torch¦1^Cog¦3;0
10674;Recipes/Steampunk Boiler/register;13703;Steampunk Sofa;2412;;;1;;Steampunk Boiler;¦Cog¦^¦Silk¦;¦Cog¦5^¦Silk¦2;Cog¦5^Silk¦2;0
10675;Recipes/Steampunk Boiler/register;13703;Steampunk Toilet;4114;;;1;;Steampunk Boiler;¦Cog¦;¦Cog¦6;Cog¦6;0
10682;Recipes/Teapot/register;9079;Teacup;5009;;;1;;Teapot;¦Bottled Water¦;¦Bottled Water¦1;Bottled Water¦1;0
12066;Recipes/Chlorophyte Extractinator/register;60564;Tin Ore;699;;;1;;Chlorophyte Extractinator;¦Copper Ore¦;¦Copper Ore¦1;Copper Ore¦1;0
12067;Recipes/Chlorophyte Extractinator/register;60564;Copper Ore;12;;;1;;Chlorophyte Extractinator;¦Tin Ore¦;¦Tin Ore¦1;Tin Ore¦1;0
12068;Recipes/Chlorophyte Extractinator/register;60564;Lead Ore;700;;;1;;Chlorophyte Extractinator;¦Iron Ore¦;¦Iron Ore¦1;Iron Ore¦1;0
12069;Recipes/Chlorophyte Extractinator/register;60564;Iron Ore;11;;;1;;Chlorophyte Extractinator;¦Lead Ore¦;¦Lead Ore¦1;Lead Ore¦1;0
12070;Recipes/Chlorophyte Extractinator/register;60564;Tungsten Ore;701;;;1;;Chlorophyte Extractinator;¦Silver Ore¦;¦Silver Ore¦1;Silver Ore¦1;0
12071;Recipes/Chlorophyte Extractinator/register;60564;Silver Ore;14;;;1;;Chlorophyte Extractinator;¦Tungsten Ore¦;¦Tungsten Ore¦1;Tungsten Ore¦1;0
12072;Recipes/Chlorophyte Extractinator/register;60564;Platinum Ore;702;;;1;;Chlorophyte Extractinator;¦Gold Ore¦;¦Gold Ore¦1;Gold Ore¦1;0
12073;Recipes/Chlorophyte Extractinator/register;60564;Gold Ore;13;;;1;;Chlorophyte Extractinator;¦Platinum Ore¦;¦Platinum Ore¦1;Platinum Ore¦1;0
12074;Recipes/Chlorophyte Extractinator/register;60564;Crimtane Ore;880;;;1;;Chlorophyte Extractinator;¦Demonite Ore¦;¦Demonite Ore¦1;Demonite Ore¦1;0
12075;Recipes/Chlorophyte Extractinator/register;60564;Demonite Ore;56;;;1;;Chlorophyte Extractinator;¦Crimtane Ore¦;¦Crimtane Ore¦1;Crimtane Ore¦1;0
12076;Recipes/Chlorophyte Extractinator/register;60564;Palladium Ore;1104;;;1;;Chlorophyte Extractinator;¦Cobalt Ore¦;¦Cobalt Ore¦1;Cobalt Ore¦1;0
12077;Recipes/Chlorophyte Extractinator/register;60564;Cobalt Ore;364;;;1;;Chlorophyte Extractinator;¦Palladium Ore¦;¦Palladium Ore¦1;Palladium Ore¦1;0
12078;Recipes/Chlorophyte Extractinator/register;60564;Orichalcum Ore;1105;;;1;;Chlorophyte Extractinator;¦Mythril Ore¦;¦Mythril Ore¦1;Mythril Ore¦1;0
12079;Recipes/Chlorophyte Extractinator/register;60564;Mythril Ore;365;;;1;;Chlorophyte Extractinator;¦Orichalcum Ore¦;¦Orichalcum Ore¦1;Orichalcum Ore¦1;0
12080;Recipes/Chlorophyte Extractinator/register;60564;Titanium Ore;1106;;;1;;Chlorophyte Extractinator;¦Adamantite Ore¦;¦Adamantite Ore¦1;Adamantite Ore¦1;0
12081;Recipes/Chlorophyte Extractinator/register;60564;Adamantite Ore;366;;;1;;Chlorophyte Extractinator;¦Titanium Ore¦;¦Titanium Ore¦1;Titanium Ore¦1;0
12082;Recipes/Chlorophyte Extractinator/register;60564;Tin Bar;703;;;1;;Chlorophyte Extractinator;¦Copper Bar¦;¦Copper Bar¦1;Copper Bar¦1;0
12083;Recipes/Chlorophyte Extractinator/register;60564;Copper Bar;20;;;1;;Chlorophyte Extractinator;¦Tin Bar¦;¦Tin Bar¦1;Tin Bar¦1;0
12084;Recipes/Chlorophyte Extractinator/register;60564;Lead Bar;704;;;1;;Chlorophyte Extractinator;¦Iron Bar¦;¦Iron Bar¦1;Iron Bar¦1;0
12085;Recipes/Chlorophyte Extractinator/register;60564;Iron Bar;22;;;1;;Chlorophyte Extractinator;¦Lead Bar¦;¦Lead Bar¦1;Lead Bar¦1;0
12086;Recipes/Chlorophyte Extractinator/register;60564;Tungsten Bar;705;;;1;;Chlorophyte Extractinator;¦Silver Bar¦;¦Silver Bar¦1;Silver Bar¦1;0
12087;Recipes/Chlorophyte Extractinator/register;60564;Silver Bar;21;;;1;;Chlorophyte Extractinator;¦Tungsten Bar¦;¦Tungsten Bar¦1;Tungsten Bar¦1;0
12088;Recipes/Chlorophyte Extractinator/register;60564;Platinum Bar;706;;;1;;Chlorophyte Extractinator;¦Gold Bar¦;¦Gold Bar¦1;Gold Bar¦1;0
12089;Recipes/Chlorophyte Extractinator/register;60564;Gold Bar;19;;;1;;Chlorophyte Extractinator;¦Platinum Bar¦;¦Platinum Bar¦1;Platinum Bar¦1;0
12090;Recipes/Chlorophyte Extractinator/register;60564;Crimtane Bar;1257;;;1;;Chlorophyte Extractinator;¦Demonite Bar¦;¦Demonite Bar¦1;Demonite Bar¦1;0
12091;Recipes/Chlorophyte Extractinator/register;60564;Demonite Bar;57;;;1;;Chlorophyte Extractinator;¦Crimtane Bar¦;¦Crimtane Bar¦1;Crimtane Bar¦1;0
12092;Recipes/Chlorophyte Extractinator/register;60564;Palladium Bar;1184;;;1;;Chlorophyte Extractinator;¦Cobalt Bar¦;¦Cobalt Bar¦1;Cobalt Bar¦1;0
12093;Recipes/Chlorophyte Extractinator/register;60564;Cobalt Bar;381;;;1;;Chlorophyte Extractinator;¦Palladium Bar¦;¦Palladium Bar¦1;Palladium Bar¦1;0
12094;Recipes/Chlorophyte Extractinator/register;60564;Orichalcum Bar;1191;;;1;;Chlorophyte Extractinator;¦Mythril Bar¦;¦Mythril Bar¦1;Mythril Bar¦1;0
12095;Recipes/Chlorophyte Extractinator/register;60564;Mythril Bar;382;;;1;;Chlorophyte Extractinator;¦Orichalcum Bar¦;¦Orichalcum Bar¦1;Orichalcum Bar¦1;0
12096;Recipes/Chlorophyte Extractinator/register;60564;Titanium Bar;1198;;;1;;Chlorophyte Extractinator;¦Adamantite Bar¦;¦Adamantite Bar¦1;Adamantite Bar¦1;0
12097;Recipes/Chlorophyte Extractinator/register;60564;Adamantite Bar;391;;;1;;Chlorophyte Extractinator;¦Titanium Bar¦;¦Titanium Bar¦1;Titanium Bar¦1;0
12098;Recipes/Chlorophyte Extractinator/register;60564;Shadow Scale;86;;;1;;Chlorophyte Extractinator;¦Tissue Sample¦;¦Tissue Sample¦1;Tissue Sample¦1;0
12099;Recipes/Chlorophyte Extractinator/register;60564;Tissue Sample;1329;;;1;;Chlorophyte Extractinator;¦Shadow Scale¦;¦Shadow Scale¦1;Shadow Scale¦1;0
12100;Recipes/Chlorophyte Extractinator/register;60564;Stone Block;3;;;1;;Chlorophyte Extractinator;¦Ebonstone Block¦;¦Ebonstone Block¦1;Ebonstone Block¦1;0
12101;Recipes/Chlorophyte Extractinator/register;60564;Stone Block;3;;;1;;Chlorophyte Extractinator;¦Crimstone Block¦;¦Crimstone Block¦1;Crimstone Block¦1;0
12102;Recipes/Chlorophyte Extractinator/register;60564;Stone Block;3;;;1;;Chlorophyte Extractinator;¦Pearlstone Block¦;¦Pearlstone Block¦1;Pearlstone Block¦1;0
12103;Recipes/Chlorophyte Extractinator/register;60564;Sand Block;169;;;1;;Chlorophyte Extractinator;¦Ebonsand Block¦;¦Ebonsand Block¦1;Ebonsand Block¦1;0
12104;Recipes/Chlorophyte Extractinator/register;60564;Sand Block;169;;;1;;Chlorophyte Extractinator;¦Crimsand Block¦;¦Crimsand Block¦1;Crimsand Block¦1;0
12105;Recipes/Chlorophyte Extractinator/register;60564;Sand Block;169;;;1;;Chlorophyte Extractinator;¦Pearlsand Block¦;¦Pearlsand Block¦1;Pearlsand Block¦1;0
12106;Recipes/Chlorophyte Extractinator/register;60564;Ice Block;664;;;1;;Chlorophyte Extractinator;¦Purple Ice Block¦;¦Purple Ice Block¦1;Purple Ice Block¦1;0
12107;Recipes/Chlorophyte Extractinator/register;60564;Ice Block;664;;;1;;Chlorophyte Extractinator;¦Red Ice Block¦;¦Red Ice Block¦1;Red Ice Block¦1;0
12108;Recipes/Chlorophyte Extractinator/register;60564;Ice Block;664;;;1;;Chlorophyte Extractinator;¦Pink Ice Block¦;¦Pink Ice Block¦1;Pink Ice Block¦1;0
12109;Recipes/Chlorophyte Extractinator/register;60564;Sandstone Block;396;;;1;;Chlorophyte Extractinator;¦Ebonsandstone Block¦;¦Ebonsandstone Block¦1;Ebonsandstone Block¦1;0
12110;Recipes/Chlorophyte Extractinator/register;60564;Sandstone Block;396;;;1;;Chlorophyte Extractinator;¦Crimsandstone Block¦;¦Crimsandstone Block¦1;Crimsandstone Block¦1;0
12111;Recipes/Chlorophyte Extractinator/register;60564;Sandstone Block;396;;;1;;Chlorophyte Extractinator;¦Pearlsandstone Block¦;¦Pearlsandstone Block¦1;Pearlsandstone Block¦1;0
12112;Recipes/Chlorophyte Extractinator/register;60564;Hardened Sand Block;397;;;1;;Chlorophyte Extractinator;¦Hardened Ebonsand Block¦;¦Hardened Ebonsand Block¦1;Hardened Ebonsand Block¦1;0
12113;Recipes/Chlorophyte Extractinator/register;60564;Hardened Sand Block;397;;;1;;Chlorophyte Extractinator;¦Hardened Crimsand Block¦;¦Hardened Crimsand Block¦1;Hardened Crimsand Block¦1;0
12114;Recipes/Chlorophyte Extractinator/register;60564;Hardened Sand Block;397;;;1;;Chlorophyte Extractinator;¦Hardened Pearlsand Block¦;¦Hardened Pearlsand Block¦1;Hardened Pearlsand Block¦1;0
12115;Recipes/Chlorophyte Extractinator/register;60564;Blue Brick;134;;;1;;Chlorophyte Extractinator;¦Pink Brick¦;¦Pink Brick¦1;Pink Brick¦1;0
12116;Recipes/Chlorophyte Extractinator/register;60564;Green Brick;137;;;1;;Chlorophyte Extractinator;¦Blue Brick¦;¦Blue Brick¦1;Blue Brick¦1;0
12117;Recipes/Chlorophyte Extractinator/register;60564;Pink Brick;139;;;1;;Chlorophyte Extractinator;¦Green Brick¦;¦Green Brick¦1;Green Brick¦1;0
13286;Legacy:Recipes/Heavy Work Bench/register;66700;Copper Plating;2173;;;1;old-gen;Heavy Work Bench;¦Stone Block¦^¦Copper Ore¦;¦Copper Ore¦1^¦Stone Block¦1;Stone Block¦1^Copper Ore#i:old¦1;1
13287;Legacy:Recipes/Heavy Work Bench/register;66700;Tin Plating;2692;;;1;old-gen;Heavy Work Bench;¦Stone Block¦^¦Tin Ore¦;¦Stone Block¦1^¦Tin Ore¦1;Stone Block¦1^Tin Ore#i:old¦1;1
13316;Legacy:Recipes/Altar/register;66665;Bloody Spine;1331;Bloody Spine (old).png;;1;old-gen 3ds;Demon Altar;¦Vertebra¦;¦Vertebra¦15;Vertebra#i:old¦15;1
13317;Legacy:Recipes/Altar/register;66665;Slime Crown;560;Slime Crown (old).png;;1;old-gen 3ds;Demon Altar;¦Gel¦^¦Gold Crown¦;¦Gel¦99^¦Gold Crown¦1;Gel¦99^Gold Crown#i:old¦1;1
13318;Legacy:Recipes/Altar/register;66665;Slime Crown;560;Slime Crown (old).png;;1;old-gen 3ds;Demon Altar;¦Gel¦^¦Platinum Crown¦;¦Gel¦99^¦Platinum Crown¦1;Gel¦99^Platinum Crown#i:old¦1;1
13319;Legacy:Recipes/Altar/register;66665;Abeemination;1133;Abeemination (old).png;;1;3ds;Demon Altar;¦Honey Block¦^¦Stinger¦^¦Hive¦^¦Bottled Honey¦^¦Crispy Honey Block¦^¦Obsidian¦;¦Bottled Honey¦1^¦Crispy Honey Block¦3^¦Hive¦5^¦Honey Block¦5^¦Obsidian¦2^¦Stinger¦1;Honey Block¦5^Stinger#i:old¦1^Hive#i:old¦5^Bottled Honey#i:old¦1^Crispy Honey Block#i:old¦3^Obsidian#i:old¦2;1
13320;Legacy:Recipes/Altar/register;66665;Night's Edge;273;Night's Edge (old).png;;1;;Demon Altar;¦Light's Bane¦^¦Muramasa¦^¦Blade of Grass¦^¦Fiery Greatsword¦;¦Blade of Grass¦1^¦Fiery Greatsword¦1^¦Light's Bane¦1^¦Muramasa¦1;Light's Bane#i:old¦1^Muramasa#i:old¦1^Blade of Grass#i:old¦1^Fiery Greatsword#i:Volcano (old).png¦1;1
13321;Legacy:Recipes/Altar/register;66665;Night's Edge;273;Night's Edge (old).png;;1;;Demon Altar;¦Blood Butcherer¦^¦Muramasa¦^¦Blade of Grass¦^¦Fiery Greatsword¦;¦Blade of Grass¦1^¦Blood Butcherer¦1^¦Fiery Greatsword¦1^¦Muramasa¦1;Blood Butcherer#i:old¦1^Muramasa#i:old¦1^Blade of Grass#i:old¦1^Fiery Greatsword#i:Volcano (old).png¦1;1
13332;Legacy:Recipes/Loom/register;66705;Hero's Hat;247;Hero's Hat (exclusive variant).png;;1;old-gen;Loom;¦Silk¦^¦Purple Thread¦;¦Purple Thread¦3^¦Silk¦20;Silk#i:old¦20^Purple Thread¦3;1
13333;Legacy:Recipes/Loom/register;66705;Hero's Shirt;248;Hero's Shirt (exclusive variant).png;;1;old-gen;Loom;¦Silk¦^¦Purple Thread¦;¦Purple Thread¦3^¦Silk¦20;Silk#i:old¦20^Purple Thread¦3;1
13334;Legacy:Recipes/Loom/register;66705;Hero's Pants;249;Hero's Pants (exclusive variant).png;;1;old-gen;Loom;¦Silk¦^¦Purple Thread¦;¦Purple Thread¦3^¦Silk¦20;Silk#i:old¦20^Purple Thread¦3;1
13335;Legacy:Recipes/Loom/register;66705;Hero's Hat;247;Hero's Hat (old).png;;1;3ds;Loom;¦Silk¦^¦Purple Thread¦;¦Purple Thread¦3^¦Silk¦20;Silk¦20^Purple Thread¦3;1
13336;Legacy:Recipes/Loom/register;66705;Hero's Shirt;248;;;1;3ds;Loom;¦Silk¦^¦Purple Thread¦;¦Purple Thread¦3^¦Silk¦20;Silk¦20^Purple Thread¦3;1
13337;Legacy:Recipes/Loom/register;66705;Hero's Pants;249;;;1;3ds;Loom;¦Silk¦^¦Purple Thread¦;¦Purple Thread¦3^¦Silk¦20;Silk¦20^Purple Thread¦3;1
13338;Legacy:Recipes/Loom/register;66705;Monokuma Head;;;;1;;Loom;¦Silk¦^¦White Thread¦^¦Black Thread¦;¦Black Thread¦3^¦Silk¦20^¦White Thread¦3;Silk¦20^White Thread¦3^Black Thread¦3;1
13339;Legacy:Recipes/Loom/register;66705;Monokuma Body;;;;1;;Loom;¦Silk¦^¦White Thread¦^¦Black Thread¦;¦Black Thread¦3^¦Silk¦20^¦White Thread¦3;Silk¦20^White Thread¦3^Black Thread¦3;1
13340;Legacy:Recipes/Loom/register;66705;Monokuma Legs;;;;1;;Loom;¦Silk¦^¦White Thread¦^¦Black Thread¦;¦Black Thread¦3^¦Silk¦20^¦White Thread¦3;Silk¦20^White Thread¦3^Black Thread¦3;1
13496;Legacy:Recipes/Steampunk Boiler/register;66708;Steampunk Platform;2627;;;2;old-gen;Steampunk Boiler;¦Cog¦;¦Cog¦1;Cog¦1;1
13497;Legacy:Recipes/Steampunk Boiler/register;66708;Cog;1344;;;1;old-gen;Steampunk Boiler;¦Steampunk Platform¦;¦Steampunk Platform¦2;Steampunk Platform¦2;1
13655;Recipes/Hardmode Forge/register;11978;Crystal Block;3234;;;5;;Adamantite Forge;¦Stone Block¦^¦Crystal Shard¦;¦Crystal Shard¦1^¦Stone Block¦5;Stone Block¦5^Crystal Shard¦1;0
13656;Recipes/Hardmode Forge/register;11978;Adamantite Bar;391;;;1;desktop console mobile;Adamantite Forge;¦Adamantite Ore¦;¦Adamantite Ore¦4;Adamantite Ore¦4;0
13657;Recipes/Hardmode Forge/register;11978;Titanium Bar;1198;;;1;desktop console mobile;Adamantite Forge;¦Titanium Ore¦;¦Titanium Ore¦4;Titanium Ore¦4;0
13658;Recipes/Hardmode Forge/register;11978;Chlorophyte Bar;1006;;;1;desktop console mobile;Adamantite Forge;¦Chlorophyte Ore¦;¦Chlorophyte Ore¦5;Chlorophyte Ore¦5;0
13659;Recipes/Hardmode Forge/register;11978;Spectre Bar;3261;;;2;;Adamantite Forge;¦Chlorophyte Bar¦^¦Ectoplasm¦;¦Chlorophyte Bar¦2^¦Ectoplasm¦1;Chlorophyte Bar¦2^Ectoplasm¦1;0
13660;Recipes/Hardmode Forge/register;11978;Flint;5462;;;1;;Adamantite Forge;¦Any Adamantite Bar¦^¦Hellstone Bar¦;¦Any Adamantite Bar¦24^¦Hellstone Bar¦20;Any Adamantite Bar¦24^Hellstone Bar¦20;0
13661;Recipes/Altar/register;10078;Deer Thing;5120;;;1;;Demon Altar;¦Flinx Fur¦^¦Demonite Ore¦^¦Lens¦;¦Demonite Ore¦5^¦Flinx Fur¦3^¦Lens¦1;Flinx Fur¦3^Demonite Ore¦5^Lens¦1;0
13662;Recipes/Altar/register;10078;Deer Thing;5120;;;1;;Demon Altar;¦Flinx Fur¦^¦Crimtane Ore¦^¦Lens¦;¦Crimtane Ore¦5^¦Flinx Fur¦3^¦Lens¦1;Flinx Fur¦3^Crimtane Ore¦5^Lens¦1;0
13663;Recipes/Altar/register;10078;Night's Edge;273;;;1;;Demon Altar;¦Light's Bane¦^¦Muramasa¦^¦Blade of Grass¦^¦Volcano¦;¦Blade of Grass¦1^¦Light's Bane¦1^¦Muramasa¦1^¦Volcano¦1;Light's Bane¦1^Muramasa¦1^Blade of Grass¦1^Volcano¦1;0
13664;Recipes/Altar/register;10078;Night's Edge;273;;;1;;Demon Altar;¦Blood Butcherer¦^¦Muramasa¦^¦Blade of Grass¦^¦Volcano¦;¦Blade of Grass¦1^¦Blood Butcherer¦1^¦Muramasa¦1^¦Volcano¦1;Blood Butcherer¦1^Muramasa¦1^Blade of Grass¦1^Volcano¦1;0
13665;Recipes/Altar/register;10078;Ancient Hallowed Mask;4896;;;1;;Demon Altar;¦Hallowed Bar¦;¦Hallowed Bar¦12;Hallowed Bar¦12;0
13666;Recipes/Altar/register;10078;Ancient Hallowed Helmet;4897;;;1;;Demon Altar;¦Hallowed Bar¦;¦Hallowed Bar¦12;Hallowed Bar¦12;0
13667;Recipes/Altar/register;10078;Ancient Hallowed Headgear;4898;;;1;;Demon Altar;¦Hallowed Bar¦;¦Hallowed Bar¦12;Hallowed Bar¦12;0
13668;Recipes/Altar/register;10078;Ancient Hallowed Hood;4899;;;1;;Demon Altar;¦Hallowed Bar¦;¦Hallowed Bar¦12;Hallowed Bar¦12;0
13669;Recipes/Altar/register;10078;Ancient Hallowed Plate Mail;4900;;;1;;Demon Altar;¦Hallowed Bar¦;¦Hallowed Bar¦24;Hallowed Bar¦24;0
13670;Recipes/Altar/register;10078;Ancient Hallowed Greaves;4901;;;1;;Demon Altar;¦Hallowed Bar¦;¦Hallowed Bar¦18;Hallowed Bar¦18;0
13671;Recipes/Altar/register;10078;Suspicious Looking Eye;43;;;1;;Demon Altar;¦Lens¦;¦Lens¦6;Lens¦6;0
13672;Recipes/Altar/register;10078;Void Bag;4131;;;1;;Demon Altar;¦Bone¦^¦Jungle Spores¦^¦Shadow Scale¦;¦Bone¦30^¦Jungle Spores¦15^¦Shadow Scale¦30;Bone¦30^Jungle Spores¦15^Shadow Scale¦30;0
13673;Recipes/Altar/register;10078;Void Bag;4131;;;1;;Demon Altar;¦Bone¦^¦Jungle Spores¦^¦Tissue Sample¦;¦Bone¦30^¦Jungle Spores¦15^¦Tissue Sample¦30;Bone¦30^Jungle Spores¦15^Tissue Sample¦30;0
13674;Recipes/Altar/register;10078;Void Vault;4076;;;1;;Demon Altar;¦Bone¦^¦Jungle Spores¦^¦Tissue Sample¦;¦Bone¦15^¦Jungle Spores¦8^¦Tissue Sample¦15;Bone¦15^Jungle Spores¦8^Tissue Sample¦15;0
13675;Recipes/Altar/register;10078;Void Vault;4076;;;1;;Demon Altar;¦Bone¦^¦Jungle Spores¦^¦Shadow Scale¦;¦Bone¦15^¦Jungle Spores¦8^¦Shadow Scale¦15;Bone¦15^Jungle Spores¦8^Shadow Scale¦15;0
13676;Recipes/Altar/register;10078;Worm Food;70;;;1;;Demon Altar;¦Vile Powder¦^¦Rotten Chunk¦;¦Rotten Chunk¦15^¦Vile Powder¦30;Vile Powder¦30^Rotten Chunk¦15;0
13677;Recipes/Altar/register;10078;Bloody Spine;1331;;;1;desktop console mobile;Demon Altar;¦Vicious Powder¦^¦Vertebra¦;¦Vertebra¦15^¦Vicious Powder¦30;Vicious Powder¦30^Vertebra¦15;0
13678;Recipes/Altar/register;10078;Slime Crown;560;;;1;desktop console mobile;Demon Altar;¦Gel¦^¦Gold Crown¦;¦Gel¦20^¦Gold Crown¦1;Gel¦20^Gold Crown¦1;0
13679;Recipes/Altar/register;10078;Slime Crown;560;;;1;desktop console mobile;Demon Altar;¦Gel¦^¦Platinum Crown¦;¦Gel¦20^¦Platinum Crown¦1;Gel¦20^Platinum Crown¦1;0
13680;Recipes/Altar/register;10078;The Beheaded's Head;5457;;;1;;Demon Altar;¦Soul of Night¦^¦Shadow Candle¦^¦Rotten Chunk¦;¦Rotten Chunk¦10^¦Shadow Candle¦1^¦Soul of Night¦10;Soul of Night¦10^Shadow Candle¦1^Rotten Chunk¦10;0
13681;Recipes/Altar/register;10078;The Beheaded's Head;5457;;;1;;Demon Altar;¦Soul of Night¦^¦Shadow Candle¦^¦Vertebra¦;¦Shadow Candle¦1^¦Soul of Night¦10^¦Vertebra¦10;Soul of Night¦10^Shadow Candle¦1^Vertebra¦10;0
13682;Recipes/Altar/register;10078;Replica Shadow Orb;5469;;;1;;Demon Altar;¦Demonite Bar¦^¦Shadow Scale¦;¦Demonite Bar¦5^¦Shadow Scale¦5;Demonite Bar¦5^Shadow Scale¦5;0
13683;Recipes/Altar/register;10078;Replica Crimson Heart;5470;;;1;;Demon Altar;¦Crimtane Bar¦^¦Tissue Sample¦;¦Crimtane Bar¦5^¦Tissue Sample¦5;Crimtane Bar¦5^Tissue Sample¦5;0
14448;Recipes/Cooking Pot/register;5641;Bowl of Soup;357;;;1;desktop console mobile;Cooking Pot;¦Mushroom¦^¦Goldfish¦;¦Goldfish¦1^¦Mushroom¦1;Mushroom¦1^Goldfish¦1;0
14449;Recipes/Cooking Pot/register;5641;Grub Soup;3195;;;1;;Cooking Pot;¦Grubby¦^¦Sluggy¦^¦Buggy¦;¦Buggy¦1^¦Grubby¦1^¦Sluggy¦1;Grubby¦1^Sluggy¦1^Buggy¦1;0
14450;Recipes/Cooking Pot/register;5641;Monster Lasagna;5092;;;1;;Cooking Pot;¦Rotten Chunk¦;¦Rotten Chunk¦8;Rotten Chunk¦8;0
14451;Recipes/Cooking Pot/register;5641;Monster Lasagna;5092;;;1;;Cooking Pot;¦Vertebra¦;¦Vertebra¦8;Vertebra¦8;0
14452;Recipes/Cooking Pot/register;5641;Froggle Bunwich;5093;;;1;;Cooking Pot;¦Frog¦;¦Frog¦2;Frog¦2;0
14453;Recipes/Cooking Pot/register;5641;Sauteed Frog Legs;4033;;;1;;Cooking Pot;¦Frog¦;¦Frog¦1;Frog¦1;0
14454;Recipes/Cooking Pot/register;5641;Roasted Duck;4032;;;1;;Cooking Pot;¦Duck¦;¦Duck¦1;Duck¦1;0
14455;Recipes/Cooking Pot/register;5641;Roasted Duck;4032;;;1;;Cooking Pot;¦Mallard Duck¦;¦Mallard Duck¦1;Mallard Duck¦1;0
14456;Recipes/Cooking Pot/register;5641;Roasted Duck;4032;;;1;;Cooking Pot;¦Grebe¦;¦Grebe¦1;Grebe¦1;0
14457;Recipes/Cooking Pot/register;5641;Roasted Bird;4031;;;1;;Cooking Pot;¦Bird¦;¦Bird¦1;Bird¦1;0
14458;Recipes/Cooking Pot/register;5641;Roasted Bird;4031;;;1;;Cooking Pot;¦Cardinal¦;¦Cardinal¦1;Cardinal¦1;0
14459;Recipes/Cooking Pot/register;5641;Roasted Bird;4031;;;1;;Cooking Pot;¦Blue Jay¦;¦Blue Jay¦1;Blue Jay¦1;0
14460;Recipes/Cooking Pot/register;5641;Roasted Bird;4031;;;1;;Cooking Pot;¦Penguin¦;¦Penguin¦1;Penguin¦1;0
14461;Recipes/Cooking Pot/register;5641;Roasted Bird;4031;;;1;;Cooking Pot;¦Seagull¦;¦Seagull¦1;Seagull¦1;0
14462;Recipes/Cooking Pot/register;5641;Grilled Squirrel;4024;;;1;;Cooking Pot;¦Squirrel¦;¦Squirrel¦1;Squirrel¦1;0
14463;Recipes/Cooking Pot/register;5641;Grilled Squirrel;4024;;;1;;Cooking Pot;¦Red Squirrel¦;¦Red Squirrel¦1;Red Squirrel¦1;0
14464;Recipes/Cooking Pot/register;5641;Bunny Stew;4014;;;1;;Cooking Pot;¦Bunny¦;¦Bunny¦1;Bunny¦1;0
14465;Recipes/Cooking Pot/register;5641;Escargot;4019;;;1;;Cooking Pot;¦Snail¦;¦Snail¦1;Snail¦1;0
14466;Recipes/Cooking Pot/register;5641;Golden Delight;4022;;;1;;Cooking Pot;¦Gold Bird¦;¦Gold Bird¦1;Gold Bird¦1;0
14467;Recipes/Cooking Pot/register;5641;Golden Delight;4022;;;1;;Cooking Pot;¦Gold Bunny¦;¦Gold Bunny¦1;Gold Bunny¦1;0
14468;Recipes/Cooking Pot/register;5641;Golden Delight;4022;;;1;;Cooking Pot;¦Gold Frog¦;¦Gold Frog¦1;Gold Frog¦1;0
14469;Recipes/Cooking Pot/register;5641;Golden Delight;4022;;;1;;Cooking Pot;¦Gold Mouse¦;¦Gold Mouse¦1;Gold Mouse¦1;0
14470;Recipes/Cooking Pot/register;5641;Golden Delight;4022;;;1;;Cooking Pot;¦Gold Squirrel¦;¦Gold Squirrel¦1;Gold Squirrel¦1;0
14471;Recipes/Cooking Pot/register;5641;Golden Delight;4022;;;1;;Cooking Pot;¦Gold Grasshopper¦;¦Gold Grasshopper¦1;Gold Grasshopper¦1;0
14472;Recipes/Cooking Pot/register;5641;Golden Delight;4022;;;1;;Cooking Pot;¦Gold Worm¦;¦Gold Worm¦1;Gold Worm¦1;0
14473;Recipes/Cooking Pot/register;5641;Golden Delight;4022;;;1;;Cooking Pot;¦Gold Butterfly¦;¦Gold Butterfly¦1;Gold Butterfly¦1;0
14474;Recipes/Cooking Pot/register;5641;Golden Delight;4022;;;1;;Cooking Pot;¦Gold Goldfish¦;¦Gold Goldfish¦1;Gold Goldfish¦1;0
14475;Recipes/Cooking Pot/register;5641;Golden Delight;4022;;;1;;Cooking Pot;¦Gold Dragonfly¦;¦Gold Dragonfly¦1;Gold Dragonfly¦1;0
14476;Recipes/Cooking Pot/register;5641;Golden Delight;4022;;;1;;Cooking Pot;¦Gold Ladybug¦;¦Gold Ladybug¦1;Gold Ladybug¦1;0
14477;Recipes/Cooking Pot/register;5641;Golden Delight;4022;;;1;;Cooking Pot;¦Gold Seahorse¦;¦Gold Seahorse¦1;Gold Seahorse¦1;0
14478;Recipes/Cooking Pot/register;5641;Golden Delight;4022;;;1;;Cooking Pot;¦Gold Water Strider¦;¦Gold Water Strider¦1;Gold Water Strider¦1;0
14479;Recipes/Cooking Pot/register;5641;Cooked Fish;2425;;;1;;Cooking Pot;¦Bass¦;¦Bass¦1;Bass¦1;0
14480;Recipes/Cooking Pot/register;5641;Cooked Fish;2425;;;1;;Cooking Pot;¦Trout¦;¦Trout¦1;Trout¦1;0
14481;Recipes/Cooking Pot/register;5641;Cooked Fish;2425;;;1;;Cooking Pot;¦Atlantic Cod¦;¦Atlantic Cod¦1;Atlantic Cod¦1;0
14482;Recipes/Cooking Pot/register;5641;Cooked Shrimp;2426;;;1;;Cooking Pot;¦Shrimp¦;¦Shrimp¦1;Shrimp¦1;0
14483;Recipes/Cooking Pot/register;5641;Lobster Tail;4403;;;1;;Cooking Pot;¦Rock Lobster¦;¦Rock Lobster¦1;Rock Lobster¦1;0
14484;Recipes/Cooking Pot/register;5641;Apple Juice;4614;;;1;;Cooking Pot;¦Apple¦^¦Bottle¦;¦Apple¦1^¦Bottle¦1;Apple¦1^Bottle¦1;0
14485;Recipes/Cooking Pot/register;5641;Frozen Banana Daiquiri;4617;;;1;;Cooking Pot;¦Banana¦^¦Bottle¦^¦Snow Block¦;¦Banana¦1^¦Bottle¦1^¦Snow Block¦1;Banana¦1^Bottle¦1^Snow Block¦1;0
14486;Recipes/Cooking Pot/register;5641;Grape Juice;4615;;;1;;Cooking Pot;¦Grapes¦^¦Bottle¦;¦Bottle¦1^¦Grapes¦2;Grapes¦2^Bottle¦1;0
14487;Recipes/Cooking Pot/register;5641;Lemonade;4616;;;1;;Cooking Pot;¦Lemon¦^¦Bottle¦;¦Bottle¦1^¦Lemon¦1;Lemon¦1^Bottle¦1;0
14488;Recipes/Cooking Pot/register;5641;Peach Sangria;4618;;;1;;Cooking Pot;¦Peach¦^¦Bottle¦;¦Bottle¦1^¦Peach¦1;Peach¦1^Bottle¦1;0
14489;Recipes/Cooking Pot/register;5641;Piña Colada;4619;;;1;;Cooking Pot;¦Pineapple¦^¦Coconut¦^¦Bottle¦;¦Bottle¦1^¦Coconut¦1^¦Pineapple¦1;Pineapple¦1^Coconut¦1^Bottle¦1;0
14490;Recipes/Cooking Pot/register;5641;Tropical Smoothie;4620;;;1;;Cooking Pot;¦Mango¦^¦Pineapple¦^¦Bottle¦;¦Bottle¦1^¦Mango¦1^¦Pineapple¦1;Mango¦1^Pineapple¦1^Bottle¦1;0
14491;Recipes/Cooking Pot/register;5641;Bloody Moscato;4621;;;1;;Cooking Pot;¦Blood Orange¦^¦Rambutan¦^¦Bottle¦;¦Blood Orange¦1^¦Bottle¦1^¦Rambutan¦1;Blood Orange¦1^Rambutan¦1^Bottle¦1;0
14492;Recipes/Cooking Pot/register;5641;Smoothie of Darkness;4622;;;1;;Cooking Pot;¦Blackcurrant¦^¦Elderberry¦^¦Bottle¦;¦Blackcurrant¦1^¦Bottle¦1^¦Elderberry¦1;Blackcurrant¦1^Elderberry¦1^Bottle¦1;0
14493;Recipes/Cooking Pot/register;5641;Fruit Juice;4624;;;1;;Cooking Pot;¦Any Fruit¦^¦Bottle¦;¦Any Fruit¦2^¦Bottle¦1;Any Fruit¦2^Bottle¦1;0
14494;Recipes/Cooking Pot/register;5641;Fruit Salad;4625;;;1;;Cooking Pot;¦Any Fruit¦^¦Bowl¦;¦Any Fruit¦3^¦Bowl¦1;Any Fruit¦3^Bowl¦1;0
14495;Recipes/Cooking Pot/register;5641;Prismatic Punch;4623;;;1;;Cooking Pot;¦Star Fruit¦^¦Dragon Fruit¦^¦Bottle¦;¦Bottle¦1^¦Dragon Fruit¦1^¦Star Fruit¦1;Star Fruit¦1^Dragon Fruit¦1^Bottle¦1;0
14496;Recipes/Cooking Pot/register;5641;Seafood Dinner;4034;;;1;;Cooking Pot;¦Armored Cavefish¦;¦Armored Cavefish¦2;Armored Cavefish¦2;0
14497;Recipes/Cooking Pot/register;5641;Seafood Dinner;4034;;;1;;Cooking Pot;¦Chaos Fish¦;¦Chaos Fish¦2;Chaos Fish¦2;0
14498;Recipes/Cooking Pot/register;5641;Seafood Dinner;4034;;;1;;Cooking Pot;¦Crimson Tigerfish¦;¦Crimson Tigerfish¦2;Crimson Tigerfish¦2;0
14499;Recipes/Cooking Pot/register;5641;Seafood Dinner;4034;;;1;;Cooking Pot;¦Damselfish¦;¦Damselfish¦2;Damselfish¦2;0
14500;Recipes/Cooking Pot/register;5641;Seafood Dinner;4034;;;1;;Cooking Pot;¦Double Cod¦;¦Double Cod¦2;Double Cod¦2;0
14501;Recipes/Cooking Pot/register;5641;Seafood Dinner;4034;;;1;;Cooking Pot;¦Ebonkoi¦;¦Ebonkoi¦2;Ebonkoi¦2;0
14502;Recipes/Cooking Pot/register;5641;Seafood Dinner;4034;;;1;;Cooking Pot;¦Flarefin Koi¦;¦Flarefin Koi¦2;Flarefin Koi¦2;0
14503;Recipes/Cooking Pot/register;5641;Seafood Dinner;4034;;;1;;Cooking Pot;¦Frost Minnow¦;¦Frost Minnow¦2;Frost Minnow¦2;0
14504;Recipes/Cooking Pot/register;5641;Seafood Dinner;4034;;;1;;Cooking Pot;¦Hemopiranha¦;¦Hemopiranha¦2;Hemopiranha¦2;0
14505;Recipes/Cooking Pot/register;5641;Seafood Dinner;4034;;;1;;Cooking Pot;¦Honeyfin¦;¦Honeyfin¦2;Honeyfin¦2;0
14506;Recipes/Cooking Pot/register;5641;Seafood Dinner;4034;;;1;;Cooking Pot;¦Neon Tetra¦;¦Neon Tetra¦2;Neon Tetra¦2;0
14507;Recipes/Cooking Pot/register;5641;Seafood Dinner;4034;;;1;;Cooking Pot;¦Obsidifish¦;¦Obsidifish¦2;Obsidifish¦2;0
14508;Recipes/Cooking Pot/register;5641;Seafood Dinner;4034;;;1;;Cooking Pot;¦Princess Fish¦;¦Princess Fish¦2;Princess Fish¦2;0
14509;Recipes/Cooking Pot/register;5641;Seafood Dinner;4034;;;1;;Cooking Pot;¦Prismite¦;¦Prismite¦2;Prismite¦2;0
14510;Recipes/Cooking Pot/register;5641;Seafood Dinner;4034;;;1;;Cooking Pot;¦Specular Fish¦;¦Specular Fish¦2;Specular Fish¦2;0
14511;Recipes/Cooking Pot/register;5641;Seafood Dinner;4034;;;1;;Cooking Pot;¦Stinkfish¦;¦Stinkfish¦2;Stinkfish¦2;0
14512;Recipes/Cooking Pot/register;5641;Seafood Dinner;4034;;;1;;Cooking Pot;¦Variegated Lardfish¦;¦Variegated Lardfish¦2;Variegated Lardfish¦2;0
14513;Recipes/Cooking Pot/register;5641;Roasted Bird;4031;;;1;;Cooking Pot;¦Owl¦;¦Owl¦1;Owl¦1;0
14514;Recipes/Cooking Pot/register;5641;Rock Candy;5645;;;1;;Cooking Pot;¦Any Gem Critter¦;¦Any Gem Critter¦1;Any Gem Critter¦1;0
14515;Recipes/Cooking Pot/register;5641;Golden Delight;4022;;;1;;Cooking Pot;¦Golden Carp¦;¦Golden Carp¦1;Golden Carp¦1;0
15263;Recipes/Hellforge/register;15592;Obsidian Outlaw Hat;3266;;;1;;Hellforge;¦Silk¦^¦Obsidian¦^¦Shadow Scale¦;¦Obsidian¦20^¦Shadow Scale¦5^¦Silk¦10;Silk¦10^Obsidian¦20^Shadow Scale¦5;0
15264;Recipes/Hellforge/register;15592;Obsidian Longcoat;3267;;;1;;Hellforge;¦Silk¦^¦Obsidian¦^¦Shadow Scale¦;¦Obsidian¦20^¦Shadow Scale¦10^¦Silk¦10;Silk¦10^Obsidian¦20^Shadow Scale¦10;0
15265;Recipes/Hellforge/register;15592;Obsidian Pants;3268;;;1;;Hellforge;¦Silk¦^¦Obsidian¦^¦Shadow Scale¦;¦Obsidian¦20^¦Shadow Scale¦5^¦Silk¦10;Silk¦10^Obsidian¦20^Shadow Scale¦5;0
15266;Recipes/Hellforge/register;15592;Obsidian Outlaw Hat;3266;;;1;;Hellforge;¦Silk¦^¦Obsidian¦^¦Tissue Sample¦;¦Obsidian¦20^¦Silk¦10^¦Tissue Sample¦5;Silk¦10^Obsidian¦20^Tissue Sample¦5;0
15267;Recipes/Hellforge/register;15592;Obsidian Longcoat;3267;;;1;;Hellforge;¦Silk¦^¦Obsidian¦^¦Tissue Sample¦;¦Obsidian¦20^¦Silk¦10^¦Tissue Sample¦10;Silk¦10^Obsidian¦20^Tissue Sample¦10;0
15268;Recipes/Hellforge/register;15592;Obsidian Pants;3268;;;1;;Hellforge;¦Silk¦^¦Obsidian¦^¦Tissue Sample¦;¦Obsidian¦20^¦Silk¦10^¦Tissue Sample¦5;Silk¦10^Obsidian¦20^Tissue Sample¦5;0
15269;Recipes/Hellforge/register;15592;Hellstone Bar;175;;;1;;Hellforge;¦Hellstone¦^¦Obsidian¦;¦Hellstone¦3^¦Obsidian¦1;Hellstone¦3^Obsidian¦1;0
15270;Recipes/Hellforge/register;15592;Lavaproof Bug Net;4821;;;1;;Hellforge;¦Hellstone Bar¦^¦Bug Net¦;¦Bug Net¦1^¦Hellstone Bar¦15;Hellstone Bar¦15^Bug Net¦1;0
15271;Recipes/Hellforge/register;15592;Ash Block;172;;;1;desktop console mobile;Hellforge;¦Any Wood¦;¦Any Wood¦5;Any Wood¦5;0
15878;Recipes/Flesh Cloning Vat/register;11265;Flesh Clock;2598;;;1;;Flesh Cloning Vat;¦Any Iron Bar¦^¦Glass¦^¦Flesh Block¦;¦Any Iron Bar¦3^¦Flesh Block¦10^¦Glass¦6;Any Iron Bar¦3^Glass¦6^Flesh Block¦10;0
15879;Recipes/Flesh Cloning Vat/register;11265;Flesh Door;817;;;1;;Flesh Cloning Vat;¦Flesh Block¦;¦Flesh Block¦6;Flesh Block¦6;0
15880;Recipes/Flesh Cloning Vat/register;11265;Flesh Dresser;2640;;;1;;Flesh Cloning Vat;¦Flesh Block¦;¦Flesh Block¦16;Flesh Block¦16;0
15881;Recipes/Flesh Cloning Vat/register;11265;Flesh Chair;809;;;1;;Flesh Cloning Vat;¦Flesh Block¦;¦Flesh Block¦4;Flesh Block¦4;0
15882;Recipes/Flesh Cloning Vat/register;11265;Flesh Chest;2617;;;1;;Flesh Cloning Vat;¦Flesh Block¦^¦Any Iron Bar¦;¦Any Iron Bar¦2^¦Flesh Block¦8;Flesh Block¦8^Any Iron Bar¦2;0
15883;Recipes/Flesh Cloning Vat/register;11265;Flesh Work Bench;813;;;1;;Flesh Cloning Vat;¦Flesh Block¦;¦Flesh Block¦10;Flesh Block¦10;0
15884;Recipes/Flesh Cloning Vat/register;11265;Flesh Sink;2832;;;1;;Flesh Cloning Vat;¦Flesh Block¦^¦Water Bucket¦;¦Flesh Block¦6^¦Water Bucket¦1;Flesh Block¦6^Water Bucket¦1;0
15885;Recipes/Flesh Cloning Vat/register;11265;Flesh Table;828;;;1;;Flesh Cloning Vat;¦Flesh Block¦;¦Flesh Block¦8;Flesh Block¦8;0
15886;Recipes/Flesh Cloning Vat/register;11265;Flesh Piano;2246;;;1;;Flesh Cloning Vat;¦Bone¦^¦Flesh Block¦^¦Book¦;¦Bone¦4^¦Book¦1^¦Flesh Block¦15;Bone¦4^Flesh Block¦15^Book¦1;0
15887;Recipes/Flesh Cloning Vat/register;11265;Flesh Bookcase;2022;;;1;;Flesh Cloning Vat;¦Flesh Block¦^¦Book¦;¦Book¦10^¦Flesh Block¦20;Flesh Block¦20^Book¦10;0
15888;Recipes/Flesh Cloning Vat/register;11265;Flesh Bed;2067;;;1;;Flesh Cloning Vat;¦Flesh Block¦^¦Silk¦;¦Flesh Block¦15^¦Silk¦5;Flesh Block¦15^Silk¦5;0
15889;Recipes/Flesh Cloning Vat/register;11265;Flesh Bathtub;2074;;;1;;Flesh Cloning Vat;¦Flesh Block¦;¦Flesh Block¦14;Flesh Block¦14;0
15890;Recipes/Flesh Cloning Vat/register;11265;Flesh Lantern;2034;;;1;;Flesh Cloning Vat;¦Flesh Block¦^¦Torch¦;¦Flesh Block¦6^¦Torch¦1;Flesh Block¦6^Torch¦1;0
15891;Recipes/Flesh Cloning Vat/register;11265;Flesh Candle;2047;;;1;;Flesh Cloning Vat;¦Flesh Block¦^¦Torch¦;¦Flesh Block¦4^¦Torch¦1;Flesh Block¦4^Torch¦1;0
15892;Recipes/Flesh Cloning Vat/register;11265;Flesh Chandelier;2057;;;1;;Flesh Cloning Vat;¦Flesh Block¦^¦Torch¦^¦Chain¦;¦Chain¦1^¦Flesh Block¦4^¦Torch¦4;Flesh Block¦4^Torch¦4^Chain¦1;0
15893;Recipes/Flesh Cloning Vat/register;11265;Flesh Lamp;2084;;;1;;Flesh Cloning Vat;¦Torch¦^¦Flesh Block¦;¦Flesh Block¦3^¦Torch¦1;Torch¦1^Flesh Block¦3;0
15894;Recipes/Flesh Cloning Vat/register;11265;Flesh Candelabra;2094;;;1;;Flesh Cloning Vat;¦Flesh Block¦^¦Torch¦;¦Flesh Block¦5^¦Torch¦3;Flesh Block¦5^Torch¦3;0
15895;Recipes/Flesh Cloning Vat/register;11265;Flesh Sofa;2634;;;1;;Flesh Cloning Vat;¦Flesh Block¦^¦Silk¦;¦Flesh Block¦5^¦Silk¦2;Flesh Block¦5^Silk¦2;0
15896;Recipes/Flesh Cloning Vat/register;11265;Flesh Toilet;4102;;;1;;Flesh Cloning Vat;¦Flesh Block¦;¦Flesh Block¦6;Flesh Block¦6;0
15897;Recipes/Glass Kiln/register;10460;Glass Clock;2239;;;1;desktop console mobile;Glass Kiln;¦Any Iron Bar¦^¦Glass¦;¦Any Iron Bar¦3^¦Glass¦16;Any Iron Bar¦3^Glass¦16;0
15898;Recipes/Glass Kiln/register;10460;Glass Chair;1703;;;1;;Glass Kiln;¦Glass¦;¦Glass¦4;Glass¦4;0
15899;Recipes/Glass Kiln/register;10460;Glass Chest;2748;;;1;;Glass Kiln;¦Glass¦^¦Any Iron Bar¦;¦Any Iron Bar¦2^¦Glass¦8;Glass¦8^Any Iron Bar¦2;0
15900;Recipes/Glass Kiln/register;10460;Glass Door;1709;;;1;;Glass Kiln;¦Glass¦;¦Glass¦6;Glass¦6;0
15901;Recipes/Glass Kiln/register;10460;Glass Dresser;2639;;;1;;Glass Kiln;¦Glass¦;¦Glass¦16;Glass¦16;0
15902;Recipes/Glass Kiln/register;10460;Glass Sink;2842;;;1;;Glass Kiln;¦Glass¦^¦Water Bucket¦;¦Glass¦6^¦Water Bucket¦1;Glass¦6^Water Bucket¦1;0
15903;Recipes/Glass Kiln/register;10460;Glass Table;1713;;;1;;Glass Kiln;¦Glass¦;¦Glass¦8;Glass¦8;0
15904;Recipes/Glass Kiln/register;10460;Glass Bed;1719;;;1;;Glass Kiln;¦Glass¦^¦Silk¦;¦Glass¦15^¦Silk¦5;Glass¦15^Silk¦5;0
15905;Recipes/Glass Kiln/register;10460;Glass Piano;2254;;;1;;Glass Kiln;¦Bone¦^¦Glass¦^¦Book¦;¦Bone¦4^¦Book¦1^¦Glass¦15;Bone¦4^Glass¦15^Book¦1;0
15906;Recipes/Glass Kiln/register;10460;Glass Bookcase;2025;;;1;;Glass Kiln;¦Glass¦^¦Book¦;¦Book¦10^¦Glass¦20;Glass¦20^Book¦10;0
15907;Recipes/Glass Kiln/register;10460;Glass Bathtub;2075;;;1;;Glass Kiln;¦Glass¦;¦Glass¦14;Glass¦14;0
15908;Recipes/Glass Kiln/register;10460;Glass Lantern;2037;;;1;;Glass Kiln;¦Glass¦^¦Torch¦;¦Glass¦6^¦Torch¦1;Glass¦6^Torch¦1;0
15909;Recipes/Glass Kiln/register;10460;Glass Candle;2048;;;1;;Glass Kiln;¦Glass¦^¦Torch¦;¦Glass¦4^¦Torch¦1;Glass¦4^Torch¦1;0
15910;Recipes/Glass Kiln/register;10460;Glass Chandelier;2065;;;1;;Glass Kiln;¦Glass¦^¦Torch¦^¦Chain¦;¦Chain¦1^¦Glass¦4^¦Torch¦4;Glass¦4^Torch¦4^Chain¦1;0
15911;Recipes/Glass Kiln/register;10460;Glass Lamp;2085;;;1;;Glass Kiln;¦Torch¦^¦Glass¦;¦Glass¦3^¦Torch¦1;Torch¦1^Glass¦3;0
15912;Recipes/Glass Kiln/register;10460;Glass Candelabra;2097;;;1;;Glass Kiln;¦Glass¦^¦Torch¦;¦Glass¦5^¦Torch¦3;Glass¦5^Torch¦3;0
15913;Recipes/Glass Kiln/register;10460;Glass Sofa;2414;;;1;;Glass Kiln;¦Glass¦^¦Silk¦;¦Glass¦5^¦Silk¦2;Glass¦5^Silk¦2;0
15914;Recipes/Glass Kiln/register;10460;Glass Toilet;4112;;;1;;Glass Kiln;¦Glass¦;¦Glass¦6;Glass¦6;0
15915;Recipes/Glass Kiln/register;10460;Glass Work Bench;2632;;;1;;Glass Kiln;¦Glass¦;¦Glass¦10;Glass¦10;0
15916;Recipes/Honey Dispenser/register;11044;Honey Chair;1707;;;1;;Honey Dispenser;¦Honey Block¦;¦Honey Block¦4;Honey Block¦4;0
15917;Recipes/Honey Dispenser/register;11044;Honey Door;1711;;;1;;Honey Dispenser;¦Honey Block¦;¦Honey Block¦6;Honey Block¦6;0
15918;Recipes/Honey Dispenser/register;11044;Honey Sink;2844;;;1;;Honey Dispenser;¦Honey Block¦^¦Water Bucket¦;¦Honey Block¦6^¦Water Bucket¦1;Honey Block¦6^Water Bucket¦1;0
15919;Recipes/Honey Dispenser/register;11044;Honey Table;1717;;;1;;Honey Dispenser;¦Honey Block¦;¦Honey Block¦8;Honey Block¦8;0
15920;Recipes/Honey Dispenser/register;11044;Honey Work Bench;2251;;;1;;Honey Dispenser;¦Honey Block¦;¦Honey Block¦10;Honey Block¦10;0
15921;Recipes/Honey Dispenser/register;11044;Honey Bed;1721;;;1;desktop console old-gen mobile;Honey Dispenser;¦Honey Block¦^¦Silk¦;¦Honey Block¦15^¦Silk¦5;Honey Block¦15^Silk¦5;0
15922;Recipes/Honey Dispenser/register;11044;Honey Piano;2255;;;1;;Honey Dispenser;¦Bone¦^¦Honey Block¦^¦Book¦;¦Bone¦4^¦Book¦1^¦Honey Block¦15;Bone¦4^Honey Block¦15^Book¦1;0
15923;Recipes/Honey Dispenser/register;11044;Honey Bathtub;2124;;;1;;Honey Dispenser;¦Honey Block¦;¦Honey Block¦14;Honey Block¦14;0
15924;Recipes/Honey Dispenser/register;11044;Honey Chest;2249;;;1;;Honey Dispenser;¦Honey Block¦^¦Any Iron Bar¦;¦Any Iron Bar¦2^¦Honey Block¦8;Honey Block¦8^Any Iron Bar¦2;0
15925;Recipes/Honey Dispenser/register;11044;Honey Clock;2240;;;1;;Honey Dispenser;¦Any Iron Bar¦^¦Glass¦^¦Honey Block¦;¦Any Iron Bar¦3^¦Glass¦6^¦Honey Block¦10;Any Iron Bar¦3^Glass¦6^Honey Block¦10;0
15926;Recipes/Honey Dispenser/register;11044;Honey Bookcase;2023;;;1;;Honey Dispenser;¦Honey Block¦^¦Book¦;¦Book¦10^¦Honey Block¦20;Honey Block¦20^Book¦10;0
15927;Recipes/Honey Dispenser/register;11044;Honey Lantern;2035;;;1;;Honey Dispenser;¦Honey Block¦^¦Torch¦;¦Honey Block¦6^¦Torch¦1;Honey Block¦6^Torch¦1;0
15928;Recipes/Honey Dispenser/register;11044;Honey Candle;2648;;;1;;Honey Dispenser;¦Honey Block¦^¦Torch¦;¦Honey Block¦4^¦Torch¦1;Honey Block¦4^Torch¦1;0
15929;Recipes/Honey Dispenser/register;11044;Honey Chandelier;2058;;;1;;Honey Dispenser;¦Honey Block¦^¦Torch¦^¦Chain¦;¦Chain¦1^¦Honey Block¦4^¦Torch¦4;Honey Block¦4^Torch¦4^Chain¦1;0
15930;Recipes/Honey Dispenser/register;11044;Honey Candelabra;2095;;;1;;Honey Dispenser;¦Honey Block¦^¦Torch¦;¦Honey Block¦5^¦Torch¦3;Honey Block¦5^Torch¦3;0
15931;Recipes/Honey Dispenser/register;11044;Honey Lamp;2129;;;1;;Honey Dispenser;¦Torch¦^¦Honey Block¦;¦Honey Block¦3^¦Torch¦1;Torch¦1^Honey Block¦3;0
15932;Recipes/Honey Dispenser/register;11044;Honey Cup;2257;;;1;;Honey Dispenser;¦Honey Block¦;¦Honey Block¦1;Honey Block¦1;0
15933;Recipes/Honey Dispenser/register;11044;Honey Dresser;2395;;;1;;Honey Dispenser;¦Honey Block¦;¦Honey Block¦16;Honey Block¦16;0
15934;Recipes/Honey Dispenser/register;11044;Honey Sofa;2411;;;1;;Honey Dispenser;¦Honey Block¦^¦Silk¦;¦Honey Block¦5^¦Silk¦2;Honey Block¦5^Silk¦2;0
15935;Recipes/Honey Dispenser/register;11044;Honey Toilet;4113;;;1;;Honey Dispenser;¦Honey Block¦;¦Honey Block¦6;Honey Block¦6;0
18888;Recipes/Loom/register;7290;Silk Rope;3077;;;30;;Loom;¦Silk¦;¦Silk¦1;Silk¦1;0
18889;Recipes/Loom/register;7290;Flinx Fur Coat;5068;;;1;;Loom;¦Silk¦^¦Flinx Fur¦^¦Gold Bar¦;¦Flinx Fur¦8^¦Gold Bar¦8^¦Silk¦10;Silk¦10^Flinx Fur¦8^Gold Bar¦8;0
18890;Recipes/Loom/register;7290;Flinx Fur Coat;5068;;;1;;Loom;¦Silk¦^¦Flinx Fur¦^¦Platinum Bar¦;¦Flinx Fur¦8^¦Platinum Bar¦8^¦Silk¦10;Silk¦10^Flinx Fur¦8^Platinum Bar¦8;0
18891;Recipes/Loom/register;7290;Goblin Battle Standard;361;;;1;;Loom;¦Tattered Cloth¦^¦Any Wood¦;¦Any Wood¦5^¦Tattered Cloth¦10;Tattered Cloth¦10^Any Wood¦5;0
18892;Recipes/Loom/register;7290;Silk;225;;;1;;Loom;¦Cobweb¦;¦Cobweb¦7;Cobweb¦7;0
18893;Recipes/Loom/register;7290;Red Banner;337;;;1;;Loom;¦Silk¦;¦Silk¦3;Silk¦3;0
18894;Recipes/Loom/register;7290;Green Banner;338;;;1;;Loom;¦Silk¦;¦Silk¦3;Silk¦3;0
18895;Recipes/Loom/register;7290;Blue Banner;339;;;1;;Loom;¦Silk¦;¦Silk¦3;Silk¦3;0
18896;Recipes/Loom/register;7290;Yellow Banner;340;;;1;;Loom;¦Silk¦;¦Silk¦3;Silk¦3;0
18897;Recipes/Loom/register;7290;Green Thread;255;;;1;;Loom;¦Jungle Grass Seeds¦;¦Jungle Grass Seeds¦3;Jungle Grass Seeds¦3;0
18898;Recipes/Loom/register;7290;Hero's Hat;247;;;1;desktop console mobile;Loom;¦Silk¦^¦Green Thread¦;¦Green Thread¦3^¦Silk¦20;Silk¦20^Green Thread¦3;0
18899;Recipes/Loom/register;7290;Hero's Shirt;248;;;1;desktop console mobile;Loom;¦Silk¦^¦Green Thread¦;¦Green Thread¦3^¦Silk¦20;Silk¦20^Green Thread¦3;0
18900;Recipes/Loom/register;7290;Hero's Pants;249;;;1;desktop console mobile;Loom;¦Silk¦^¦Green Thread¦;¦Green Thread¦3^¦Silk¦20;Silk¦20^Green Thread¦3;0
18901;Recipes/Loom/register;7290;Ancient Headdress;3773;;;1;;Loom;¦Silk¦^¦Ancient Cloth¦;¦Ancient Cloth¦5^¦Silk¦15;Silk¦15^Ancient Cloth¦5;0
18902;Recipes/Loom/register;7290;Ancient Garments;3774;;;1;;Loom;¦Silk¦^¦Ancient Cloth¦;¦Ancient Cloth¦5^¦Silk¦15;Silk¦15^Ancient Cloth¦5;0
18903;Recipes/Loom/register;7290;Ancient Slacks;3775;;;1;;Loom;¦Silk¦^¦Ancient Cloth¦;¦Ancient Cloth¦5^¦Silk¦15;Silk¦15^Ancient Cloth¦5;0
18904;Recipes/Loom/register;7290;Tuxedo Shirt;240;;;1;;Loom;¦Silk¦^¦Black Thread¦;¦Black Thread¦3^¦Silk¦20;Silk¦20^Black Thread¦3;0
18905;Recipes/Loom/register;7290;Tuxedo Pants;241;;;1;;Loom;¦Silk¦^¦Black Thread¦;¦Black Thread¦3^¦Silk¦20;Silk¦20^Black Thread¦3;0
18906;Recipes/Loom/register;7290;Pink Maid Bonnet;4132;;;1;;Loom;¦Silk¦^¦Pink Thread¦;¦Pink Thread¦3^¦Silk¦20;Silk¦20^Pink Thread¦3;0
18907;Recipes/Loom/register;7290;Pink Maid Dress;4133;;;1;;Loom;¦Silk¦^¦Pink Thread¦;¦Pink Thread¦3^¦Silk¦20;Silk¦20^Pink Thread¦3;0
18908;Recipes/Loom/register;7290;Pink Maid Shoes;4134;;;1;;Loom;¦Silk¦^¦Pink Thread¦;¦Pink Thread¦3^¦Silk¦20;Silk¦20^Pink Thread¦3;0
18909;Recipes/Loom/register;7290;Maid Bonnet;4128;;;1;;Loom;¦Silk¦^¦Black Thread¦;¦Black Thread¦3^¦Silk¦20;Silk¦20^Black Thread¦3;0
18910;Recipes/Loom/register;7290;Maid Dress;4129;;;1;;Loom;¦Silk¦^¦Black Thread¦;¦Black Thread¦3^¦Silk¦20;Silk¦20^Black Thread¦3;0
18911;Recipes/Loom/register;7290;Maid Shoes;4130;;;1;;Loom;¦Silk¦^¦Black Thread¦;¦Black Thread¦3^¦Silk¦20;Silk¦20^Black Thread¦3;0
18912;Recipes/Loom/register;7290;Superhero Mask;4652;;;1;;Loom;¦Silk¦^¦Green Thread¦;¦Green Thread¦3^¦Silk¦20;Silk¦20^Green Thread¦3;0
18913;Recipes/Loom/register;7290;Superhero Costume;4653;;;1;;Loom;¦Silk¦^¦Green Thread¦;¦Green Thread¦3^¦Silk¦20;Silk¦20^Green Thread¦3;0
18914;Recipes/Loom/register;7290;Superhero Tights;4654;;;1;;Loom;¦Silk¦^¦Green Thread¦;¦Green Thread¦3^¦Silk¦20;Silk¦20^Green Thread¦3;0
18915;Recipes/Loom/register;7290;Plaguebringer's Skull;5045;;;1;;Loom;¦Vertebra¦^¦Bone¦;¦Bone¦10^¦Vertebra¦10;Vertebra¦10^Bone¦10;0
18916;Recipes/Loom/register;7290;Plaguebringer's Cloak;5046;;;1;;Loom;¦Silk¦^¦Vertebra¦^¦Black Dye¦;¦Black Dye¦1^¦Silk¦20^¦Vertebra¦10;Silk¦20^Vertebra¦10^Black Dye¦1;0
18917;Recipes/Loom/register;7290;Plaguebringer's Treads;5047;;;1;;Loom;¦Silk¦^¦Vertebra¦^¦Black Dye¦;¦Black Dye¦1^¦Silk¦20^¦Vertebra¦10;Silk¦20^Vertebra¦10^Black Dye¦1;0
18918;Recipes/Loom/register;7290;Wandering Jingasa;5048;;;1;;Loom;¦Clay Block¦^¦Firefly¦;¦Clay Block¦10^¦Firefly¦3;Clay Block¦10^Firefly¦3;0
18919;Recipes/Loom/register;7290;Wandering Yukata;5049;;;1;;Loom;¦Silk¦^¦Firefly¦;¦Firefly¦3^¦Silk¦20;Silk¦20^Firefly¦3;0
18920;Recipes/Loom/register;7290;Wandering Geta;5050;;;1;;Loom;¦Silk¦^¦Firefly¦;¦Firefly¦3^¦Silk¦20;Silk¦20^Firefly¦3;0
18921;Recipes/Loom/register;7290;Timeless Traveler's Hood;5051;;;1;;Loom;¦Silk¦^¦Bone¦;¦Bone¦10^¦Silk¦10;Silk¦10^Bone¦10;0
18922;Recipes/Loom/register;7290;Timeless Traveler's Cloak;5052;;;1;;Loom;¦Silk¦^¦Rotten Chunk¦^¦Black Dye¦;¦Black Dye¦1^¦Rotten Chunk¦10^¦Silk¦20;Silk¦20^Rotten Chunk¦10^Black Dye¦1;0
18923;Recipes/Loom/register;7290;Timeless Traveler's Footwear;5053;;;1;;Loom;¦Silk¦^¦Rotten Chunk¦^¦Black Dye¦;¦Black Dye¦1^¦Rotten Chunk¦10^¦Silk¦20;Silk¦20^Rotten Chunk¦10^Black Dye¦1;0
18924;Recipes/Loom/register;7290;Floret Protector Helmet;5054;;;1;;Loom;¦Glass¦^¦Dirt Block¦^¦Daybloom¦;¦Daybloom¦1^¦Dirt Block¦10^¦Glass¦20;Glass¦20^Dirt Block¦10^Daybloom¦1;0
18925;Recipes/Loom/register;7290;Floret Protector Shirt;5055;;;1;;Loom;¦Silk¦^¦Dirt Block¦;¦Dirt Block¦15^¦Silk¦20;Silk¦20^Dirt Block¦15;0
18926;Recipes/Loom/register;7290;Floret Protector Pants;5056;;;1;;Loom;¦Silk¦^¦Dirt Block¦;¦Dirt Block¦15^¦Silk¦20;Silk¦20^Dirt Block¦15;0
18927;Recipes/Loom/register;7290;Capricorn Helmet;5057;;;1;;Loom;¦Coral¦^¦Fallen Star¦;¦Coral¦15^¦Fallen Star¦5;Coral¦15^Fallen Star¦5;0
18928;Recipes/Loom/register;7290;Capricorn Chestplate;5058;;;1;;Loom;¦Silk¦^¦Fallen Star¦^¦Silver Dye¦;¦Fallen Star¦5^¦Silk¦20^¦Silver Dye¦1;Silk¦20^Fallen Star¦5^Silver Dye¦1;0
18929;Recipes/Loom/register;7290;Capricorn Tail;5060;;;1;;Loom;¦Silk¦^¦Fallen Star¦^¦Silver Dye¦;¦Fallen Star¦5^¦Silk¦20^¦Silver Dye¦1;Silk¦20^Fallen Star¦5^Silver Dye¦1;0
18930;Recipes/Loom/register;7290;Video Visage;5061;;;1;;Loom;¦Glass¦^¦Wire¦;¦Glass¦10^¦Wire¦10;Glass¦10^Wire¦10;0
18931;Recipes/Loom/register;7290;Lazer Blazer;5062;;;1;;Loom;¦Silk¦^¦Purple Dye¦;¦Purple Dye¦1^¦Silk¦20;Silk¦20^Purple Dye¦1;0
18932;Recipes/Loom/register;7290;Pinstripe Pants;5063;;;1;;Loom;¦Silk¦^¦Purple Dye¦;¦Purple Dye¦1^¦Silk¦20;Silk¦20^Purple Dye¦1;0
18933;Recipes/Loom/register;7290;Gentleman's Vest;5102;;;1;;Loom;¦Silk¦;¦Silk¦20;Silk¦20;0
18934;Recipes/Loom/register;7290;Gentleman's Trousers;5103;;;1;;Loom;¦Silk¦;¦Silk¦20;Silk¦20;0
18935;Recipes/Loom/register;7290;Firestarter's Sweater;5115;;;1;;Loom;¦Silk¦;¦Silk¦20;Silk¦20;0
18936;Recipes/Loom/register;7290;Firestarter's Skirt;5116;;;1;;Loom;¦Silk¦;¦Silk¦20;Silk¦20;0
18937;Recipes/Loom/register;7290;Robe;262;;;1;;Loom;¦Silk¦;¦Silk¦20;Silk¦20;0
18938;Recipes/Loom/register;7290;Amethyst Robe;1282;;;1;;Loom;¦Robe¦^¦Amethyst¦;¦Amethyst¦10^¦Robe¦1;Robe¦1^Amethyst¦10;0
18939;Recipes/Loom/register;7290;Topaz Robe;1283;;;1;;Loom;¦Robe¦^¦Topaz¦;¦Robe¦1^¦Topaz¦10;Robe¦1^Topaz¦10;0
18940;Recipes/Loom/register;7290;Sapphire Robe;1284;;;1;;Loom;¦Robe¦^¦Sapphire¦;¦Robe¦1^¦Sapphire¦10;Robe¦1^Sapphire¦10;0
18941;Recipes/Loom/register;7290;Emerald Robe;1285;;;1;;Loom;¦Robe¦^¦Emerald¦;¦Emerald¦10^¦Robe¦1;Robe¦1^Emerald¦10;0
18942;Recipes/Loom/register;7290;Ruby Robe;1286;;;1;;Loom;¦Robe¦^¦Ruby¦;¦Robe¦1^¦Ruby¦10;Robe¦1^Ruby¦10;0
18943;Recipes/Loom/register;7290;Diamond Robe;1287;;;1;;Loom;¦Robe¦^¦Diamond¦;¦Diamond¦10^¦Robe¦1;Robe¦1^Diamond¦10;0
18944;Recipes/Loom/register;7290;Amber Robe;4256;;;1;;Loom;¦Robe¦^¦Amber¦;¦Amber¦10^¦Robe¦1;Robe¦1^Amber¦10;0
18945;Recipes/Loom/register;7290;White String;3306;;;1;;Loom;¦Cobweb¦;¦Cobweb¦30;Cobweb¦30;0
18946;Recipes/Loom/register;7290;Crawdad Banner;3393;;;1;;Loom and Ecto Mist;¦Salamander Banner¦^¦Giant Shelly Banner¦;¦Giant Shelly Banner¦1^¦Salamander Banner¦1;Salamander Banner¦1^Giant Shelly Banner¦1;0
18947;Recipes/Loom/register;7290;Salamander Banner;3391;;;1;;Loom and Ecto Mist;¦Giant Shelly Banner¦^¦Crawdad Banner¦;¦Crawdad Banner¦1^¦Giant Shelly Banner¦1;Giant Shelly Banner¦1^Crawdad Banner¦1;0
18948;Recipes/Loom/register;7290;Giant Shelly Banner;3392;;;1;;Loom and Ecto Mist;¦Salamander Banner¦^¦Crawdad Banner¦;¦Crawdad Banner¦1^¦Salamander Banner¦1;Salamander Banner¦1^Crawdad Banner¦1;0
18949;Recipes/Loom/register;7290;Pink Banner;5497;;;1;;Loom;¦Silk¦;¦Silk¦3;Silk¦3;0
18950;Recipes/Loom/register;7290;White Banner;5498;;;1;;Loom;¦Silk¦;¦Silk¦3;Silk¦3;0
18951;Recipes/Loom/register;7290;The Beheaded's Cuirass;5458;;;1;;Loom;¦Ancient Cloth¦^¦Shackle¦;¦Ancient Cloth¦5^¦Shackle¦1;Ancient Cloth¦5^Shackle¦1;0
18952;Recipes/Loom/register;7290;The Beheaded's Trousers;5459;;;1;;Loom;¦Ancient Cloth¦^¦Tattered Cloth¦;¦Ancient Cloth¦5^¦Tattered Cloth¦5;Ancient Cloth¦5^Tattered Cloth¦5;0
18953;Recipes/Loom/register;7290;Blue Bikini Top;5646;;;1;;Loom;¦Silk¦;¦Silk¦20;Silk¦20;0
18954;Recipes/Loom/register;7290;Blue Bikini Bottom;5647;;;1;;Loom;¦Silk¦;¦Silk¦20;Silk¦20;0
18955;Recipes/Loom/register;7290;Red Swimsuit;5648;;;1;;Loom;¦Silk¦;¦Silk¦20;Silk¦20;0
18956;Recipes/Loom/register;7290;Green Swimshorts;5649;;;1;;Loom;¦Silk¦;¦Silk¦20;Silk¦20;0
18957;Recipes/Loom/register;7290;Gray Swimshorts;5650;;;1;;Loom;¦Silk¦;¦Silk¦20;Silk¦20;0
18958;Recipes/Loom/register;7290;Cobwhip;5473;;;1;;Loom;¦Cobweb¦^¦Any Wood¦;¦Any Wood¦10^¦Cobweb¦30;Cobweb¦30^Any Wood¦10;0
18959;Recipes/Loom/register;7290;Decorative Cobweb;5471;;;1;;Loom and Ecto Mist;¦Cobweb¦;¦Cobweb¦1;Cobweb¦1;0
18960;Recipes/Loom/register;7290;Cobweb;150;;;1;;Loom and Ecto Mist;¦Decorative Cobweb¦;¦Decorative Cobweb¦1;Decorative Cobweb¦1;0
21291;Recipes/Ice Machine/register;12825;Frozen Sink;2848;;;1;;Ice Machine;¦Ice Block¦^¦Water Bucket¦;¦Ice Block¦6^¦Water Bucket¦1;Ice Block¦6^Water Bucket¦1;0
21292;Recipes/Ice Machine/register;12825;Frozen Table;2248;;;1;;Ice Machine;¦Ice Block¦;¦Ice Block¦8;Ice Block¦8;0
21293;Recipes/Ice Machine/register;12825;Frozen Sofa;2635;;;1;;Ice Machine;¦Ice Block¦^¦Silk¦;¦Ice Block¦5^¦Silk¦2;Ice Block¦5^Silk¦2;0
21294;Recipes/Ice Machine/register;12825;Frozen Work Bench;2252;;;1;;Ice Machine;¦Ice Block¦;¦Ice Block¦10;Ice Block¦10;0
21295;Recipes/Ice Machine/register;12825;Frozen Bookcase;2031;;;1;;Ice Machine;¦Ice Block¦^¦Book¦;¦Book¦10^¦Ice Block¦20;Ice Block¦20^Book¦10;0
21296;Recipes/Ice Machine/register;12825;Frozen Piano;2247;;;1;;Ice Machine;¦Bone¦^¦Ice Block¦^¦Book¦;¦Bone¦4^¦Book¦1^¦Ice Block¦15;Bone¦4^Ice Block¦15^Book¦1;0
21297;Recipes/Ice Machine/register;12825;Frozen Bed;2068;;;1;;Ice Machine;¦Ice Block¦^¦Silk¦;¦Ice Block¦15^¦Silk¦5;Ice Block¦15^Silk¦5;0
21298;Recipes/Ice Machine/register;12825;Frozen Bathtub;2076;;;1;;Ice Machine;¦Ice Block¦;¦Ice Block¦14;Ice Block¦14;0
21299;Recipes/Ice Machine/register;12825;Frozen Chest;681;;;1;desktop console mobile;Ice Machine;¦Ice Block¦^¦Any Iron Bar¦;¦Any Iron Bar¦2^¦Ice Block¦8;Ice Block¦8^Any Iron Bar¦2;0
21300;Recipes/Ice Machine/register;12825;Frozen Clock;2594;;;1;;Ice Machine;¦Any Iron Bar¦^¦Glass¦^¦Ice Block¦;¦Any Iron Bar¦3^¦Glass¦6^¦Ice Block¦10;Any Iron Bar¦3^Glass¦6^Ice Block¦10;0
21301;Recipes/Ice Machine/register;12825;Frozen Door;2044;;;1;;Ice Machine;¦Ice Block¦;¦Ice Block¦6;Ice Block¦6;0
21302;Recipes/Ice Machine/register;12825;Frozen Dresser;3913;;;1;;Ice Machine;¦Ice Block¦;¦Ice Block¦16;Ice Block¦16;0
21303;Recipes/Ice Machine/register;12825;Frozen Lantern;2040;;;1;;Ice Machine;¦Ice Block¦^¦Ice Torch¦;¦Ice Block¦6^¦Ice Torch¦1;Ice Block¦6^Ice Torch¦1;0
21304;Recipes/Ice Machine/register;12825;Frozen Candle;2049;;;1;;Ice Machine;¦Ice Block¦^¦Ice Torch¦;¦Ice Block¦4^¦Ice Torch¦1;Ice Block¦4^Ice Torch¦1;0
21305;Recipes/Ice Machine/register;12825;Frozen Chandelier;2059;;;1;;Ice Machine;¦Ice Block¦^¦Ice Torch¦^¦Chain¦;¦Chain¦1^¦Ice Block¦4^¦Ice Torch¦4;Ice Block¦4^Ice Torch¦4^Chain¦1;0
21306;Recipes/Ice Machine/register;12825;Frozen Lamp;2086;;;1;;Ice Machine;¦Ice Torch¦^¦Ice Block¦;¦Ice Block¦3^¦Ice Torch¦1;Ice Torch¦1^Ice Block¦3;0
21307;Recipes/Ice Machine/register;12825;Frozen Candelabra;2100;;;1;;Ice Machine;¦Ice Block¦^¦Ice Torch¦;¦Ice Block¦5^¦Ice Torch¦3;Ice Block¦5^Ice Torch¦3;0
21308;Recipes/Ice Machine/register;12825;Frozen Chair;2288;;;1;;Ice Machine;¦Ice Block¦;¦Ice Block¦4;Ice Block¦4;0
21309;Recipes/Ice Machine/register;12825;Frozen Toilet;4111;;;1;;Ice Machine;¦Ice Block¦;¦Ice Block¦6;Ice Block¦6;0
21310;Recipes/Ice Machine/register;12825;Snow Bathtub;5798;;;1;;Ice Machine;¦Snow Block¦;¦Snow Block¦14;Snow Block¦14;0
21311;Recipes/Ice Machine/register;12825;Snow Bed;5799;;;1;;Ice Machine;¦Snow Block¦^¦Silk¦;¦Silk¦5^¦Snow Block¦15;Snow Block¦15^Silk¦5;0
21312;Recipes/Ice Machine/register;12825;Snow Bookcase;5800;;;1;;Ice Machine;¦Snow Block¦^¦Book¦;¦Book¦10^¦Snow Block¦20;Snow Block¦20^Book¦10;0
21313;Recipes/Ice Machine/register;12825;Snow Dresser;5808;;;1;;Ice Machine;¦Snow Block¦;¦Snow Block¦16;Snow Block¦16;0
21314;Recipes/Ice Machine/register;12825;Snow Candelabra;5801;;;1;;Ice Machine;¦Snow Block¦^¦Torch¦;¦Snow Block¦5^¦Torch¦3;Snow Block¦5^Torch¦3;0
21315;Recipes/Ice Machine/register;12825;Snow Candle;5802;;;1;;Ice Machine;¦Snow Block¦^¦Torch¦;¦Snow Block¦4^¦Torch¦1;Snow Block¦4^Torch¦1;0
21316;Recipes/Ice Machine/register;12825;Snow Chair;5803;;;1;;Ice Machine;¦Snow Block¦;¦Snow Block¦4;Snow Block¦4;0
21317;Recipes/Ice Machine/register;12825;Snow Chandelier;5804;;;1;;Ice Machine;¦Snow Block¦^¦Torch¦^¦Chain¦;¦Chain¦1^¦Snow Block¦4^¦Torch¦4;Snow Block¦4^Torch¦4^Chain¦1;0
21318;Recipes/Ice Machine/register;12825;Snow Chest;5805;;;1;;Ice Machine;¦Snow Block¦^¦Any Iron Bar¦;¦Any Iron Bar¦2^¦Snow Block¦8;Snow Block¦8^Any Iron Bar¦2;0
21319;Recipes/Ice Machine/register;12825;Snow Clock;5806;;;1;;Ice Machine;¦Snow Block¦^¦Any Iron Bar¦^¦Glass¦;¦Any Iron Bar¦3^¦Glass¦6^¦Snow Block¦10;Snow Block¦10^Any Iron Bar¦3^Glass¦6;0
21320;Recipes/Ice Machine/register;12825;Snow Door;5807;;;1;;Ice Machine;¦Snow Block¦;¦Snow Block¦6;Snow Block¦6;0
21321;Recipes/Ice Machine/register;12825;Snow Lamp;5809;;;1;;Ice Machine;¦Torch¦^¦Snow Block¦;¦Snow Block¦3^¦Torch¦1;Torch¦1^Snow Block¦3;0
21322;Recipes/Ice Machine/register;12825;Snow Lantern;5810;;;1;;Ice Machine;¦Snow Block¦^¦Torch¦;¦Snow Block¦6^¦Torch¦1;Snow Block¦6^Torch¦1;0
21323;Recipes/Ice Machine/register;12825;Snow Piano;5811;;;1;;Ice Machine;¦Snow Block¦^¦Bone¦^¦Book¦;¦Bone¦4^¦Book¦1^¦Snow Block¦15;Snow Block¦15^Bone¦4^Book¦1;0
21324;Recipes/Ice Machine/register;12825;Snow Sink;5813;;;1;;Ice Machine;¦Snow Block¦^¦Water Bucket¦;¦Snow Block¦6^¦Water Bucket¦1;Snow Block¦6^Water Bucket¦1;0
21325;Recipes/Ice Machine/register;12825;Snow Sofa;5814;;;1;;Ice Machine;¦Snow Block¦^¦Silk¦;¦Silk¦2^¦Snow Block¦5;Snow Block¦5^Silk¦2;0
21326;Recipes/Ice Machine/register;12825;Snow Table;5815;;;1;;Ice Machine;¦Snow Block¦;¦Snow Block¦8;Snow Block¦8;0
21327;Recipes/Ice Machine/register;12825;Snow Work Bench;5817;;;1;;Ice Machine;¦Snow Block¦;¦Snow Block¦10;Snow Block¦10;0
21328;Recipes/Ice Machine/register;12825;Snow Toilet;5816;;;1;;Ice Machine;¦Snow Block¦;¦Snow Block¦6;Snow Block¦6;0
21329;Recipes/Living Loom/register;8738;Living Wood Platform;2629;;;2;;Living Loom;¦Wood¦;¦Wood¦1;Wood¦1;0
21330;Recipes/Living Loom/register;8738;Wood;9;;;1;;Living Loom;¦Living Wood Platform¦;¦Living Wood Platform¦2;Living Wood Platform¦2;0
21331;Recipes/Living Loom/register;8738;Living Wood Wall;1723;;;4;;Living Loom;¦Wood¦;¦Wood¦1;Wood¦1;0
21332;Recipes/Living Loom/register;8738;Wood;9;;;1;;Living Loom;¦Living Wood Wall¦;¦Living Wood Wall¦4;Living Wood Wall¦4;0
21333;Recipes/Living Loom/register;8738;Living Leaf Wall;3584;;;4;;Living Loom;¦Wood¦;¦Wood¦1;Wood¦1;0
21334;Recipes/Living Loom/register;8738;Wood;9;;;1;;Living Loom;¦Living Leaf Wall¦;¦Living Leaf Wall¦4;Living Leaf Wall¦4;0
21335;Recipes/Living Loom/register;8738;Living Wood Clock;2596;;;1;;Living Loom;¦Any Iron Bar¦^¦Glass¦^¦Wood¦;¦Any Iron Bar¦3^¦Glass¦6^¦Wood¦10;Any Iron Bar¦3^Glass¦6^Wood¦10;0
21336;Recipes/Living Loom/register;8738;Living Wood Chair;806;;;1;;Living Loom;¦Wood¦;¦Wood¦4;Wood¦4;0
21337;Recipes/Living Loom/register;8738;Living Wood Chest;831;;;1;desktop console mobile;Living Loom;¦Wood¦^¦Any Iron Bar¦;¦Any Iron Bar¦2^¦Wood¦8;Wood¦8^Any Iron Bar¦2;0
21338;Recipes/Living Loom/register;8738;Living Wood Door;819;;;1;;Living Loom;¦Wood¦;¦Wood¦6;Wood¦6;0
21339;Recipes/Living Loom/register;8738;Living Wood Dresser;3914;;;1;;Living Loom;¦Wood¦;¦Wood¦16;Wood¦16;0
21340;Recipes/Living Loom/register;8738;Living Wood Sink;2833;;;1;;Living Loom;¦Wood¦^¦Water Bucket¦;¦Water Bucket¦1^¦Wood¦6;Wood¦6^Water Bucket¦1;0
21341;Recipes/Living Loom/register;8738;Living Wood Table;829;;;1;;Living Loom;¦Wood¦;¦Wood¦8;Wood¦8;0
21342;Recipes/Living Loom/register;8738;Living Wood Bed;2139;;;1;;Living Loom;¦Wood¦^¦Silk¦;¦Silk¦5^¦Wood¦15;Wood¦15^Silk¦5;0
21343;Recipes/Living Loom/register;8738;Living Wood Piano;2245;;;1;;Living Loom;¦Bone¦^¦Wood¦^¦Book¦;¦Bone¦4^¦Book¦1^¦Wood¦15;Bone¦4^Wood¦15^Book¦1;0
21344;Recipes/Living Loom/register;8738;Living Wood Bookcase;2135;;;1;;Living Loom;¦Wood¦^¦Book¦;¦Book¦10^¦Wood¦20;Wood¦20^Book¦10;0
21345;Recipes/Living Loom/register;8738;Living Wood Bathtub;2126;;;1;;Living Loom;¦Wood¦;¦Wood¦14;Wood¦14;0
21346;Recipes/Living Loom/register;8738;Living Wood Lantern;2145;;;1;;Living Loom;¦Wood¦^¦Torch¦;¦Torch¦1^¦Wood¦6;Wood¦6^Torch¦1;0
21347;Recipes/Living Loom/register;8738;Living Wood Candle;2153;;;1;;Living Loom;¦Wood¦^¦Torch¦;¦Torch¦1^¦Wood¦4;Wood¦4^Torch¦1;0
21348;Recipes/Living Loom/register;8738;Living Wood Chandelier;2141;;;1;;Living Loom;¦Wood¦^¦Torch¦^¦Chain¦;¦Chain¦1^¦Torch¦4^¦Wood¦4;Wood¦4^Torch¦4^Chain¦1;0
21349;Recipes/Living Loom/register;8738;Living Wood Lamp;2131;;;1;;Living Loom;¦Torch¦^¦Wood¦;¦Torch¦1^¦Wood¦3;Torch¦1^Wood¦3;0
21350;Recipes/Living Loom/register;8738;Living Wood Candelabra;2149;;;1;;Living Loom;¦Wood¦^¦Torch¦;¦Torch¦3^¦Wood¦5;Wood¦5^Torch¦3;0
21351;Recipes/Living Loom/register;8738;Living Wood Sofa;2636;;;1;;Living Loom;¦Wood¦^¦Silk¦;¦Silk¦2^¦Wood¦5;Wood¦5^Silk¦2;0
21352;Recipes/Living Loom/register;8738;Living Wood Work Bench;2633;;;1;;Living Loom;¦Wood¦;¦Wood¦10;Wood¦10;0
21353;Recipes/Living Loom/register;8738;Living Wood Toilet;4099;;;1;;Living Loom;¦Wood¦;¦Wood¦6;Wood¦6;0
21354;Recipes/Living Loom/register;8738;Feywood;5710;;;20;;Living Loom;¦Any Wood¦^¦Mushroom¦;¦Any Wood¦20^¦Mushroom¦1;Any Wood¦20^Mushroom¦1;0
21355;Recipes/Living Loom/register;8738;Feywood Bathtub;5689;;;1;;Living Loom;¦Feywood¦;¦Feywood¦14;Feywood¦14;0
21356;Recipes/Living Loom/register;8738;Feywood Bed;5690;;;1;;Living Loom;¦Feywood¦^¦Silk¦;¦Feywood¦15^¦Silk¦5;Feywood¦15^Silk¦5;0
21357;Recipes/Living Loom/register;8738;Feywood Bookcase;5691;;;1;;Living Loom;¦Feywood¦^¦Book¦;¦Book¦10^¦Feywood¦20;Feywood¦20^Book¦10;0
21358;Recipes/Living Loom/register;8738;Feywood Dresser;5692;;;1;;Living Loom;¦Feywood¦;¦Feywood¦16;Feywood¦16;0
21359;Recipes/Living Loom/register;8738;Feywood Candelabra;5693;;;1;;Living Loom;¦Feywood¦^¦Torch¦;¦Feywood¦5^¦Torch¦3;Feywood¦5^Torch¦3;0
21360;Recipes/Living Loom/register;8738;Feywood Candle;5694;;;1;;Living Loom;¦Feywood¦^¦Torch¦;¦Feywood¦4^¦Torch¦1;Feywood¦4^Torch¦1;0
21361;Recipes/Living Loom/register;8738;Feywood Chair;5695;;;1;;Living Loom;¦Feywood¦;¦Feywood¦4;Feywood¦4;0
21362;Recipes/Living Loom/register;8738;Feywood Chandelier;5696;;;1;;Living Loom;¦Feywood¦^¦Torch¦^¦Chain¦;¦Chain¦1^¦Feywood¦4^¦Torch¦4;Feywood¦4^Torch¦4^Chain¦1;0
21363;Recipes/Living Loom/register;8738;Feywood Chest;5697;;;1;;Living Loom;¦Feywood¦^¦Any Iron Bar¦;¦Any Iron Bar¦2^¦Feywood¦8;Feywood¦8^Any Iron Bar¦2;0
21364;Recipes/Living Loom/register;8738;Feywood Clock;5698;;;1;;Living Loom;¦Feywood¦^¦Any Iron Bar¦^¦Glass¦;¦Any Iron Bar¦3^¦Feywood¦10^¦Glass¦6;Feywood¦10^Any Iron Bar¦3^Glass¦6;0
21365;Recipes/Living Loom/register;8738;Feywood Door;5699;;;1;;Living Loom;¦Feywood¦;¦Feywood¦6;Feywood¦6;0
21366;Recipes/Living Loom/register;8738;Feywood Lamp;5700;;;1;;Living Loom;¦Torch¦^¦Feywood¦;¦Feywood¦3^¦Torch¦1;Torch¦1^Feywood¦3;0
21367;Recipes/Living Loom/register;8738;Feywood Lantern;5701;;;1;;Living Loom;¦Feywood¦^¦Torch¦;¦Feywood¦6^¦Torch¦1;Feywood¦6^Torch¦1;0
21368;Recipes/Living Loom/register;8738;Feywood Piano;5702;;;1;;Living Loom;¦Feywood¦^¦Bone¦^¦Book¦;¦Bone¦4^¦Book¦1^¦Feywood¦15;Feywood¦15^Bone¦4^Book¦1;0
21369;Recipes/Living Loom/register;8738;Feywood Sink;5704;;;1;;Living Loom;¦Feywood¦^¦Water Bucket¦;¦Feywood¦6^¦Water Bucket¦1;Feywood¦6^Water Bucket¦1;0
21370;Recipes/Living Loom/register;8738;Feywood Sofa;5705;;;1;;Living Loom;¦Feywood¦^¦Silk¦;¦Feywood¦5^¦Silk¦2;Feywood¦5^Silk¦2;0
21371;Recipes/Living Loom/register;8738;Feywood Table;5706;;;1;;Living Loom;¦Feywood¦;¦Feywood¦8;Feywood¦8;0
21372;Recipes/Living Loom/register;8738;Feywood Work Bench;5707;;;1;;Living Loom;¦Feywood¦;¦Feywood¦10;Feywood¦10;0
21373;Recipes/Living Loom/register;8738;Feywood Toilet;5709;;;1;;Living Loom;¦Feywood¦;¦Feywood¦6;Feywood¦6;0
21374;Recipes/Sky Mill/register;14789;Sunplate Block;824;;;25;desktop console mobile;Sky Mill;¦Stone Block¦^¦Fallen Star¦;¦Fallen Star¦1^¦Stone Block¦25;Stone Block¦25^Fallen Star¦1;0
21375;Recipes/Sky Mill/register;14789;Skyware Chair;826;;;1;;Sky Mill;¦Sunplate Block¦;¦Sunplate Block¦4;Sunplate Block¦4;0
21376;Recipes/Sky Mill/register;14789;Skyware Clock;2606;;;1;;Sky Mill;¦Any Iron Bar¦^¦Glass¦^¦Sunplate Block¦;¦Any Iron Bar¦3^¦Glass¦6^¦Sunplate Block¦10;Any Iron Bar¦3^Glass¦6^Sunplate Block¦10;0
21377;Recipes/Sky Mill/register;14789;Skyware Chest;838;;;1;desktop console mobile;Sky Mill;¦Sunplate Block¦^¦Any Iron Bar¦;¦Any Iron Bar¦2^¦Sunplate Block¦8;Sunplate Block¦8^Any Iron Bar¦2;0
21378;Recipes/Sky Mill/register;14789;Sunplate Clock;3899;;;1;;Sky Mill;¦Any Iron Bar¦^¦Glass¦^¦Sunplate Block¦;¦Any Iron Bar¦3^¦Glass¦6^¦Sunplate Block¦15;Any Iron Bar¦3^Glass¦6^Sunplate Block¦15;0
21379;Recipes/Sky Mill/register;14789;Skyware Door;837;;;1;;Sky Mill;¦Sunplate Block¦;¦Sunplate Block¦6;Sunplate Block¦6;0
21380;Recipes/Sky Mill/register;14789;Skyware Sink;2834;;;1;;Sky Mill;¦Sunplate Block¦^¦Water Bucket¦;¦Sunplate Block¦6^¦Water Bucket¦1;Sunplate Block¦6^Water Bucket¦1;0
21381;Recipes/Sky Mill/register;14789;Skyware Table;830;;;1;;Sky Mill;¦Sunplate Block¦;¦Sunplate Block¦8;Sunplate Block¦8;0
21382;Recipes/Sky Mill/register;14789;Skyware Bookcase;2029;;;1;;Sky Mill;¦Sunplate Block¦^¦Book¦;¦Book¦10^¦Sunplate Block¦20;Sunplate Block¦20^Book¦10;0
21383;Recipes/Sky Mill/register;14789;Skyware Bed;2070;;;1;;Sky Mill;¦Sunplate Block¦^¦Silk¦;¦Silk¦5^¦Sunplate Block¦15;Sunplate Block¦15^Silk¦5;0
21384;Recipes/Sky Mill/register;14789;Skyware Bathtub;2080;;;1;;Sky Mill;¦Sunplate Block¦;¦Sunplate Block¦14;Sunplate Block¦14;0
21385;Recipes/Sky Mill/register;14789;Skyware Lantern;2042;;;1;;Sky Mill;¦Sunplate Block¦^¦Torch¦;¦Sunplate Block¦6^¦Torch¦1;Sunplate Block¦6^Torch¦1;0
21386;Recipes/Sky Mill/register;14789;Skyware Candle;2053;;;1;;Sky Mill;¦Sunplate Block¦^¦Torch¦;¦Sunplate Block¦4^¦Torch¦1;Sunplate Block¦4^Torch¦1;0
21387;Recipes/Sky Mill/register;14789;Skyware Chandelier;2063;;;1;;Sky Mill;¦Sunplate Block¦^¦Torch¦^¦Chain¦;¦Chain¦1^¦Sunplate Block¦4^¦Torch¦4;Sunplate Block¦4^Torch¦4^Chain¦1;0
21388;Recipes/Sky Mill/register;14789;Skyware Lamp;2090;;;1;;Sky Mill;¦Torch¦^¦Sunplate Block¦;¦Sunplate Block¦3^¦Torch¦1;Torch¦1^Sunplate Block¦3;0
21389;Recipes/Sky Mill/register;14789;Skyware Candelabra;2102;;;1;;Sky Mill;¦Sunplate Block¦^¦Torch¦;¦Sunplate Block¦5^¦Torch¦3;Sunplate Block¦5^Torch¦3;0
21390;Recipes/Sky Mill/register;14789;Skyware Piano;2384;;;1;;Sky Mill;¦Bone¦^¦Sunplate Block¦^¦Book¦;¦Bone¦4^¦Book¦1^¦Sunplate Block¦15;Bone¦4^Sunplate Block¦15^Book¦1;0
21391;Recipes/Sky Mill/register;14789;Skyware Dresser;2394;;;1;;Sky Mill;¦Sunplate Block¦;¦Sunplate Block¦16;Sunplate Block¦16;0
21392;Recipes/Sky Mill/register;14789;Skyware Sofa;2410;;;1;;Sky Mill;¦Sunplate Block¦^¦Silk¦;¦Silk¦2^¦Sunplate Block¦5;Sunplate Block¦5^Silk¦2;0
21393;Recipes/Sky Mill/register;14789;Skyware Work Bench;2631;;;1;;Sky Mill;¦Sunplate Block¦;¦Sunplate Block¦10;Sunplate Block¦10;0
21394;Recipes/Sky Mill/register;14789;Skyware Toilet;4104;;;1;;Sky Mill;¦Sunplate Block¦;¦Sunplate Block¦6;Sunplate Block¦6;0
21395;Recipes/Sky Mill/register;14789;Harpy Block;5953;;;10;;Sky Mill;¦Feather¦;¦Feather¦1;Feather¦1;0
21396;Recipes/Sky Mill/register;14789;Star Cloud;5570;;;10;;Sky Mill;¦Cloud¦^¦Fallen Star¦;¦Cloud¦10^¦Fallen Star¦1;Cloud¦10^Fallen Star¦1;0
21397;Recipes/Sky Mill/register;14789;Rainbow Cloud;5571;;;10;;Sky Mill;¦Cloud¦^¦Rainbow Brick¦;¦Cloud¦10^¦Rainbow Brick¦1;Cloud¦10^Rainbow Brick¦1;0
21398;Recipes/Sky Mill/register;14789;Harpy Bathtub;5932;;;1;;Sky Mill;¦Harpy Block¦;¦Harpy Block¦14;Harpy Block¦14;0
21399;Recipes/Sky Mill/register;14789;Harpy Bed;5933;;;1;;Sky Mill;¦Harpy Block¦^¦Silk¦;¦Harpy Block¦15^¦Silk¦5;Harpy Block¦15^Silk¦5;0
21400;Recipes/Sky Mill/register;14789;Harpy Bookcase;5934;;;1;;Sky Mill;¦Harpy Block¦^¦Book¦;¦Book¦10^¦Harpy Block¦20;Harpy Block¦20^Book¦10;0
21401;Recipes/Sky Mill/register;14789;Harpy Dresser;5942;;;1;;Sky Mill;¦Harpy Block¦;¦Harpy Block¦16;Harpy Block¦16;0
21402;Recipes/Sky Mill/register;14789;Harpy Candelabra;5935;;;1;;Sky Mill;¦Harpy Block¦^¦Torch¦;¦Harpy Block¦5^¦Torch¦3;Harpy Block¦5^Torch¦3;0
21403;Recipes/Sky Mill/register;14789;Harpy Candle;5936;;;1;;Sky Mill;¦Harpy Block¦^¦Torch¦;¦Harpy Block¦4^¦Torch¦1;Harpy Block¦4^Torch¦1;0
21404;Recipes/Sky Mill/register;14789;Harpy Chair;5937;;;1;;Sky Mill;¦Harpy Block¦;¦Harpy Block¦4;Harpy Block¦4;0
21405;Recipes/Sky Mill/register;14789;Harpy Chandelier;5938;;;1;;Sky Mill;¦Harpy Block¦^¦Torch¦^¦Chain¦;¦Chain¦1^¦Harpy Block¦4^¦Torch¦4;Harpy Block¦4^Torch¦4^Chain¦1;0
21406;Recipes/Sky Mill/register;14789;Harpy Chest;5939;;;1;;Sky Mill;¦Harpy Block¦^¦Any Iron Bar¦;¦Any Iron Bar¦2^¦Harpy Block¦8;Harpy Block¦8^Any Iron Bar¦2;0
21407;Recipes/Sky Mill/register;14789;Harpy Clock;5940;;;1;;Sky Mill;¦Harpy Block¦^¦Any Iron Bar¦^¦Glass¦;¦Any Iron Bar¦3^¦Glass¦6^¦Harpy Block¦10;Harpy Block¦10^Any Iron Bar¦3^Glass¦6;0
21408;Recipes/Sky Mill/register;14789;Harpy Door;5941;;;1;;Sky Mill;¦Harpy Block¦;¦Harpy Block¦6;Harpy Block¦6;0
21409;Recipes/Sky Mill/register;14789;Harpy Lamp;5943;;;1;;Sky Mill;¦Torch¦^¦Harpy Block¦;¦Harpy Block¦3^¦Torch¦1;Torch¦1^Harpy Block¦3;0
21410;Recipes/Sky Mill/register;14789;Harpy Lantern;5944;;;1;;Sky Mill;¦Harpy Block¦^¦Torch¦;¦Harpy Block¦6^¦Torch¦1;Harpy Block¦6^Torch¦1;0
21411;Recipes/Sky Mill/register;14789;Harpy Piano;5945;;;1;;Sky Mill;¦Harpy Block¦^¦Bone¦^¦Book¦;¦Bone¦4^¦Book¦1^¦Harpy Block¦15;Harpy Block¦15^Bone¦4^Book¦1;0
21412;Recipes/Sky Mill/register;14789;Harpy Sink;5947;;;1;;Sky Mill;¦Harpy Block¦^¦Water Bucket¦;¦Harpy Block¦6^¦Water Bucket¦1;Harpy Block¦6^Water Bucket¦1;0
21413;Recipes/Sky Mill/register;14789;Harpy Sofa;5948;;;1;;Sky Mill;¦Harpy Block¦^¦Silk¦;¦Harpy Block¦5^¦Silk¦2;Harpy Block¦5^Silk¦2;0
21414;Recipes/Sky Mill/register;14789;Harpy Table;5949;;;1;;Sky Mill;¦Harpy Block¦;¦Harpy Block¦8;Harpy Block¦8;0
21415;Recipes/Sky Mill/register;14789;Harpy Work Bench;5951;;;1;;Sky Mill;¦Harpy Block¦;¦Harpy Block¦10;Harpy Block¦10;0
21416;Recipes/Sky Mill/register;14789;Harpy Toilet;5950;;;1;;Sky Mill;¦Harpy Block¦;¦Harpy Block¦6;Harpy Block¦6;0
21417;Recipes/Sky Mill/register;14789;Cloud Bathtub;5955;;;1;;Sky Mill;¦Cloud¦;¦Cloud¦14;Cloud¦14;0
21418;Recipes/Sky Mill/register;14789;Cloud Bed;5956;;;1;;Sky Mill;¦Cloud¦^¦Silk¦;¦Cloud¦15^¦Silk¦5;Cloud¦15^Silk¦5;0
21419;Recipes/Sky Mill/register;14789;Cloud Bookcase;5957;;;1;;Sky Mill;¦Cloud¦^¦Book¦;¦Book¦10^¦Cloud¦20;Cloud¦20^Book¦10;0
21420;Recipes/Sky Mill/register;14789;Cloud Dresser;5965;;;1;;Sky Mill;¦Cloud¦;¦Cloud¦16;Cloud¦16;0
21421;Recipes/Sky Mill/register;14789;Cloud Candelabra;5958;;;1;;Sky Mill;¦Cloud¦^¦Torch¦;¦Cloud¦5^¦Torch¦3;Cloud¦5^Torch¦3;0
21422;Recipes/Sky Mill/register;14789;Cloud Candle;5959;;;1;;Sky Mill;¦Cloud¦^¦Torch¦;¦Cloud¦4^¦Torch¦1;Cloud¦4^Torch¦1;0
21423;Recipes/Sky Mill/register;14789;Cloud Chair;5960;;;1;;Sky Mill;¦Cloud¦;¦Cloud¦4;Cloud¦4;0
21424;Recipes/Sky Mill/register;14789;Cloud Chandelier;5961;;;1;;Sky Mill;¦Cloud¦^¦Torch¦^¦Chain¦;¦Chain¦1^¦Cloud¦4^¦Torch¦4;Cloud¦4^Torch¦4^Chain¦1;0
21425;Recipes/Sky Mill/register;14789;Cloud Chest;5962;;;1;;Sky Mill;¦Cloud¦^¦Any Iron Bar¦;¦Any Iron Bar¦2^¦Cloud¦8;Cloud¦8^Any Iron Bar¦2;0
21426;Recipes/Sky Mill/register;14789;Cloud Clock;5963;;;1;;Sky Mill;¦Cloud¦^¦Any Iron Bar¦^¦Glass¦;¦Any Iron Bar¦3^¦Cloud¦10^¦Glass¦6;Cloud¦10^Any Iron Bar¦3^Glass¦6;0
21427;Recipes/Sky Mill/register;14789;Cloud Door;5964;;;1;;Sky Mill;¦Cloud¦;¦Cloud¦6;Cloud¦6;0
21428;Recipes/Sky Mill/register;14789;Cloud Lamp;5966;;;1;;Sky Mill;¦Torch¦^¦Cloud¦;¦Cloud¦3^¦Torch¦1;Torch¦1^Cloud¦3;0
21429;Recipes/Sky Mill/register;14789;Cloud Lantern;5967;;;1;;Sky Mill;¦Cloud¦^¦Torch¦;¦Cloud¦6^¦Torch¦1;Cloud¦6^Torch¦1;0
21430;Recipes/Sky Mill/register;14789;Cloud Piano;5968;;;1;;Sky Mill;¦Cloud¦^¦Bone¦^¦Book¦;¦Bone¦4^¦Book¦1^¦Cloud¦15;Cloud¦15^Bone¦4^Book¦1;0
21431;Recipes/Sky Mill/register;14789;Cloud Sink;5969;;;1;;Sky Mill;¦Cloud¦^¦Water Bucket¦;¦Cloud¦6^¦Water Bucket¦1;Cloud¦6^Water Bucket¦1;0
21432;Recipes/Sky Mill/register;14789;Cloud Sofa;5970;;;1;;Sky Mill;¦Cloud¦^¦Silk¦;¦Cloud¦5^¦Silk¦2;Cloud¦5^Silk¦2;0
21433;Recipes/Sky Mill/register;14789;Cloud Table;5971;;;1;;Sky Mill;¦Cloud¦;¦Cloud¦8;Cloud¦8;0
21434;Recipes/Sky Mill/register;14789;Cloud Work Bench;5973;;;1;;Sky Mill;¦Cloud¦;¦Cloud¦10;Cloud¦10;0
21435;Recipes/Sky Mill/register;14789;Cloud Toilet;5972;;;1;;Sky Mill;¦Cloud¦;¦Cloud¦6;Cloud¦6;0
21436;Recipes/Sky Mill/register;14789;Duskware Bathtub;5975;;;1;;Sky Mill;¦Moonplate Block¦;¦Moonplate Block¦14;Moonplate Block¦14;0
21437;Recipes/Sky Mill/register;14789;Duskware Bed;5976;;;1;;Sky Mill;¦Moonplate Block¦^¦Silk¦;¦Moonplate Block¦15^¦Silk¦5;Moonplate Block¦15^Silk¦5;0
21438;Recipes/Sky Mill/register;14789;Duskware Bookcase;5977;;;1;;Sky Mill;¦Moonplate Block¦^¦Book¦;¦Book¦10^¦Moonplate Block¦20;Moonplate Block¦20^Book¦10;0
21439;Recipes/Sky Mill/register;14789;Duskware Dresser;5985;;;1;;Sky Mill;¦Moonplate Block¦;¦Moonplate Block¦16;Moonplate Block¦16;0
21440;Recipes/Sky Mill/register;14789;Duskware Candelabra;5978;;;1;;Sky Mill;¦Moonplate Block¦^¦Torch¦;¦Moonplate Block¦5^¦Torch¦3;Moonplate Block¦5^Torch¦3;0
21441;Recipes/Sky Mill/register;14789;Duskware Candle;5979;;;1;;Sky Mill;¦Moonplate Block¦^¦Torch¦;¦Moonplate Block¦4^¦Torch¦1;Moonplate Block¦4^Torch¦1;0
21442;Recipes/Sky Mill/register;14789;Duskware Chair;5980;;;1;;Sky Mill;¦Moonplate Block¦;¦Moonplate Block¦4;Moonplate Block¦4;0
21443;Recipes/Sky Mill/register;14789;Duskware Chandelier;5981;;;1;;Sky Mill;¦Moonplate Block¦^¦Torch¦^¦Chain¦;¦Chain¦1^¦Moonplate Block¦4^¦Torch¦4;Moonplate Block¦4^Torch¦4^Chain¦1;0
21444;Recipes/Sky Mill/register;14789;Duskware Chest;5982;;;1;;Sky Mill;¦Moonplate Block¦^¦Any Iron Bar¦;¦Any Iron Bar¦2^¦Moonplate Block¦8;Moonplate Block¦8^Any Iron Bar¦2;0
21445;Recipes/Sky Mill/register;14789;Duskware Clock;5983;;;1;;Sky Mill;¦Moonplate Block¦^¦Any Iron Bar¦^¦Glass¦;¦Any Iron Bar¦3^¦Glass¦6^¦Moonplate Block¦10;Moonplate Block¦10^Any Iron Bar¦3^Glass¦6;0
21446;Recipes/Sky Mill/register;14789;Duskware Door;5984;;;1;;Sky Mill;¦Moonplate Block¦;¦Moonplate Block¦6;Moonplate Block¦6;0
21447;Recipes/Sky Mill/register;14789;Duskware Lamp;5986;;;1;;Sky Mill;¦Torch¦^¦Moonplate Block¦;¦Moonplate Block¦3^¦Torch¦1;Torch¦1^Moonplate Block¦3;0
21448;Recipes/Sky Mill/register;14789;Duskware Lantern;5987;;;1;;Sky Mill;¦Moonplate Block¦^¦Torch¦;¦Moonplate Block¦6^¦Torch¦1;Moonplate Block¦6^Torch¦1;0
21449;Recipes/Sky Mill/register;14789;Duskware Piano;5988;;;1;;Sky Mill;¦Moonplate Block¦^¦Bone¦^¦Book¦;¦Bone¦4^¦Book¦1^¦Moonplate Block¦15;Moonplate Block¦15^Bone¦4^Book¦1;0
21450;Recipes/Sky Mill/register;14789;Duskware Sink;5990;;;1;;Sky Mill;¦Moonplate Block¦^¦Water Bucket¦;¦Moonplate Block¦6^¦Water Bucket¦1;Moonplate Block¦6^Water Bucket¦1;0
21451;Recipes/Sky Mill/register;14789;Duskware Sofa;5991;;;1;;Sky Mill;¦Moonplate Block¦^¦Silk¦;¦Moonplate Block¦5^¦Silk¦2;Moonplate Block¦5^Silk¦2;0
21452;Recipes/Sky Mill/register;14789;Duskware Table;5992;;;1;;Sky Mill;¦Moonplate Block¦;¦Moonplate Block¦8;Moonplate Block¦8;0
21453;Recipes/Sky Mill/register;14789;Duskware Work Bench;5994;;;1;;Sky Mill;¦Moonplate Block¦;¦Moonplate Block¦10;Moonplate Block¦10;0
21454;Recipes/Sky Mill/register;14789;Duskware Toilet;5993;;;1;;Sky Mill;¦Moonplate Block¦;¦Moonplate Block¦6;Moonplate Block¦6;0
21455;Recipes/Sky Mill/register;14789;Rain Cloud;765;;;1;desktop console mobile;Sky Mill and Water;¦Cloud¦;¦Cloud¦1;Cloud¦1;0
21456;Recipes/Sky Mill/register;14789;Snow Cloud;3756;;;1;;Sky Mill and Snow Biome;¦Cloud¦;¦Cloud¦1;Cloud¦1;0
21457;Recipes/Sky Mill/register;14789;Lava Cloud;5569;;;1;;Sky Mill and Lava;¦Cloud¦;¦Cloud¦1;Cloud¦1;0
26309;Recipes/Campfire/register;15045;Honey Bucket;1128;;;1;desktop console mobile;Campfire;¦Honey Block¦^¦Empty Bucket¦;¦Empty Bucket¦1^¦Honey Block¦1;Honey Block¦1^Empty Bucket¦1;0
26310;Recipes/Campfire/register;15045;Blackened Fish;5537;;;1;;Campfire;¦Bass¦;¦Bass¦1;Bass¦1;0
26311;Recipes/Campfire/register;15045;Blackened Fish;5537;;;1;;Campfire;¦Trout¦;¦Trout¦1;Trout¦1;0
26312;Recipes/Campfire/register;15045;Blackened Fish;5537;;;1;;Campfire;¦Atlantic Cod¦;¦Atlantic Cod¦1;Atlantic Cod¦1;0
26313;Recipes/Campfire/register;15045;Blackened Fish;5537;;;1;;Campfire;¦Flounder¦;¦Flounder¦1;Flounder¦1;0
26314;Recipes/Campfire/register;15045;Blackened Fish;5537;;;1;;Campfire;¦Neon Tetra¦;¦Neon Tetra¦1;Neon Tetra¦1;0
26315;Recipes/Campfire/register;15045;Blackened Fish;5537;;;1;;Campfire;¦Salmon¦;¦Salmon¦1;Salmon¦1;0
26316;Recipes/Campfire/register;15045;Blackened Fish;5537;;;1;;Campfire;¦Tuna¦;¦Tuna¦1;Tuna¦1;0
26317;Recipes/Campfire/register;15045;Blackened Fish;5537;;;1;;Campfire;¦Red Snapper¦;¦Red Snapper¦1;Red Snapper¦1;0
26318;Recipes/Bone Welder/register;4068;Wood Shelf;1389;;;2;;Bone Welder and Ecto Mist;¦Wood¦;¦Wood¦1;Wood¦1;0
26319;Recipes/Bone Welder/register;4068;Wood;9;;;1;desktop console mobile;Bone Welder;¦Wood Shelf¦;¦Wood Shelf¦2;Wood Shelf¦2;0
26320;Recipes/Bone Welder/register;4068;Brass Shelf;1388;;;2;;Bone Welder and Ecto Mist;¦Copper Brick¦;¦Copper Brick¦1;Copper Brick¦1;0
26321;Recipes/Bone Welder/register;4068;Copper Brick;145;;;1;desktop console mobile;Bone Welder;¦Brass Shelf¦;¦Brass Shelf¦2;Brass Shelf¦2;0
26322;Recipes/Bone Welder/register;4068;Dungeon Shelf;1418;;;2;;Bone Welder and Ecto Mist;¦Wood¦;¦Wood¦1;Wood¦1;0
26323;Recipes/Bone Welder/register;4068;Wood;9;;;1;desktop console mobile;Bone Welder;¦Dungeon Shelf¦;¦Dungeon Shelf¦2;Dungeon Shelf¦2;0
26324;Recipes/Bone Welder/register;4068;Metal Shelf;1387;;;2;;Bone Welder and Ecto Mist;¦Tin Brick¦;¦Tin Brick¦1;Tin Brick¦1;0
26325;Recipes/Bone Welder/register;4068;Tin Brick;717;;;1;desktop console mobile;Bone Welder;¦Metal Shelf¦;¦Metal Shelf¦2;Metal Shelf¦2;0
26326;Recipes/Bone Welder/register;4068;Bone Block Wall;768;;;4;desktop console old-gen mobile;Bone Welder;¦Bone¦;¦Bone¦1;Bone¦1;0
26327;Recipes/Bone Welder/register;4068;Bone;154;;;1;desktop console old-gen mobile;Bone Welder;¦Bone Block Wall¦;¦Bone Block Wall¦4;Bone Block Wall¦4;0
26328;Recipes/Bone Welder/register;4068;Bone Door;820;;;1;;Bone Welder;¦Bone¦;¦Bone¦6;Bone¦6;0
26329;Recipes/Bone Welder/register;4068;Bone Chest;2615;;;1;;Bone Welder;¦Bone¦^¦Any Iron Bar¦;¦Any Iron Bar¦2^¦Bone¦8;Bone¦8^Any Iron Bar¦2;0
26330;Recipes/Bone Welder/register;4068;Bone Clock;2591;;;1;;Bone Welder;¦Any Iron Bar¦^¦Glass¦^¦Bone¦;¦Any Iron Bar¦3^¦Bone¦10^¦Glass¦6;Any Iron Bar¦3^Glass¦6^Bone¦10;0
26331;Recipes/Bone Welder/register;4068;Bone Chair;808;;;1;;Bone Welder;¦Bone¦;¦Bone¦4;Bone¦4;0
26332;Recipes/Bone Welder/register;4068;Bone Work Bench;811;;;1;desktop console old-gen mobile;Bone Welder;¦Bone¦;¦Bone¦10;Bone¦10;0
26333;Recipes/Bone Welder/register;4068;Bone Sink;2831;;;1;;Bone Welder;¦Bone¦^¦Water Bucket¦;¦Bone¦6^¦Water Bucket¦1;Bone¦6^Water Bucket¦1;0
26334;Recipes/Bone Welder/register;4068;Bone Table;827;;;1;;Bone Welder;¦Bone¦;¦Bone¦8;Bone¦8;0
26335;Recipes/Bone Welder/register;4068;Bone Bookcase;2138;;;1;;Bone Welder;¦Bone¦^¦Book¦;¦Bone¦20^¦Book¦10;Bone¦20^Book¦10;0
26336;Recipes/Bone Welder/register;4068;Bone Bed;2140;;;1;;Bone Welder;¦Bone¦^¦Silk¦;¦Bone¦15^¦Silk¦5;Bone¦15^Silk¦5;0
26337;Recipes/Bone Welder/register;4068;Bone Bathtub;2128;;;1;;Bone Welder;¦Bone¦;¦Bone¦14;Bone¦14;0
26338;Recipes/Bone Welder/register;4068;Bone Chandelier;2144;;;1;;Bone Welder;¦Bone¦^¦Torch¦^¦Chain¦;¦Bone¦4^¦Chain¦1^¦Torch¦4;Bone¦4^Torch¦4^Chain¦1;0
26339;Recipes/Bone Welder/register;4068;Bone Candelabra;2152;;;1;;Bone Welder;¦Bone¦^¦Torch¦;¦Bone¦5^¦Torch¦3;Bone¦5^Torch¦3;0
26340;Recipes/Bone Welder/register;4068;Bone Lamp;2134;;;1;;Bone Welder;¦Torch¦^¦Bone¦;¦Bone¦3^¦Torch¦1;Torch¦1^Bone¦3;0
26341;Recipes/Bone Welder/register;4068;Bone Lantern;2148;;;1;;Bone Welder;¦Bone¦^¦Torch¦;¦Bone¦6^¦Torch¦1;Bone¦6^Torch¦1;0
26342;Recipes/Bone Welder/register;4068;Bone Piano;2381;;;1;;Bone Welder;¦Bone¦^¦Book¦;¦Bone¦19^¦Book¦1;Bone¦19^Book¦1;0
26343;Recipes/Bone Welder/register;4068;Bone Dresser;2391;;;1;;Bone Welder;¦Bone¦;¦Bone¦16;Bone¦16;0
26344;Recipes/Bone Welder/register;4068;Bone Toilet;4101;;;1;;Bone Welder;¦Bone¦;¦Bone¦6;Bone¦6;0
26345;Recipes/Bone Welder/register;4068;Bone Sofa;2407;;;1;;Bone Welder;¦Bone¦^¦Silk¦;¦Bone¦5^¦Silk¦2;Bone¦5^Silk¦2;0
26346;Recipes/Bone Welder/register;4068;Gothic Brick;5922;;;20;;Bone Welder;¦Stone Block¦^¦Cobweb¦^¦Bone¦;¦Bone¦5^¦Cobweb¦5^¦Stone Block¦20;Stone Block¦20^Cobweb¦5^Bone¦5;0
26347;Recipes/Bone Welder/register;4068;Gothic Bathtub;5739;;;1;;Bone Welder;¦Gothic Brick¦;¦Gothic Brick¦14;Gothic Brick¦14;0
26348;Recipes/Bone Welder/register;4068;Gothic Bed;5740;;;1;;Bone Welder;¦Gothic Brick¦^¦Silk¦;¦Gothic Brick¦15^¦Silk¦5;Gothic Brick¦15^Silk¦5;0
26349;Recipes/Bone Welder/register;4068;Gothic Bookcase;1512;;;1;;Bone Welder;¦Gothic Brick¦^¦Book¦;¦Book¦10^¦Gothic Brick¦20;Gothic Brick¦20^Book¦10;0
26350;Recipes/Bone Welder/register;4068;Gothic Dresser;5741;;;1;;Bone Welder;¦Gothic Brick¦;¦Gothic Brick¦16;Gothic Brick¦16;0
26351;Recipes/Bone Welder/register;4068;Gothic Candelabra;5742;;;1;;Bone Welder;¦Gothic Brick¦^¦Torch¦;¦Gothic Brick¦5^¦Torch¦3;Gothic Brick¦5^Torch¦3;0
26352;Recipes/Bone Welder/register;4068;Gothic Candle;5743;;;1;;Bone Welder;¦Gothic Brick¦^¦Torch¦;¦Gothic Brick¦4^¦Torch¦1;Gothic Brick¦4^Torch¦1;0
26353;Recipes/Bone Welder/register;4068;Gothic Chair;1509;;;1;;Bone Welder;¦Gothic Brick¦;¦Gothic Brick¦4;Gothic Brick¦4;0
26354;Recipes/Bone Welder/register;4068;Gothic Chandelier;5744;;;1;;Bone Welder;¦Gothic Brick¦^¦Torch¦^¦Chain¦;¦Chain¦1^¦Gothic Brick¦4^¦Torch¦4;Gothic Brick¦4^Torch¦4^Chain¦1;0
26355;Recipes/Bone Welder/register;4068;Gothic Chest;5745;;;1;;Bone Welder;¦Gothic Brick¦^¦Any Iron Bar¦;¦Any Iron Bar¦2^¦Gothic Brick¦8;Gothic Brick¦8^Any Iron Bar¦2;0
26356;Recipes/Bone Welder/register;4068;Gothic Clock;5746;;;1;;Bone Welder;¦Gothic Brick¦^¦Any Iron Bar¦^¦Glass¦;¦Any Iron Bar¦3^¦Glass¦6^¦Gothic Brick¦10;Gothic Brick¦10^Any Iron Bar¦3^Glass¦6;0
26357;Recipes/Bone Welder/register;4068;Gothic Door;5747;;;1;;Bone Welder;¦Gothic Brick¦;¦Gothic Brick¦6;Gothic Brick¦6;0
26358;Recipes/Bone Welder/register;4068;Gothic Lamp;5748;;;1;;Bone Welder;¦Torch¦^¦Gothic Brick¦;¦Gothic Brick¦3^¦Torch¦1;Torch¦1^Gothic Brick¦3;0
26359;Recipes/Bone Welder/register;4068;Gothic Lantern;5749;;;1;;Bone Welder;¦Gothic Brick¦^¦Torch¦;¦Gothic Brick¦6^¦Torch¦1;Gothic Brick¦6^Torch¦1;0
26360;Recipes/Bone Welder/register;4068;Gothic Piano;5750;;;1;;Bone Welder;¦Gothic Brick¦^¦Bone¦^¦Book¦;¦Bone¦4^¦Book¦1^¦Gothic Brick¦15;Gothic Brick¦15^Bone¦4^Book¦1;0
26361;Recipes/Bone Welder/register;4068;Gothic Sink;5752;;;1;;Bone Welder;¦Gothic Brick¦^¦Water Bucket¦;¦Gothic Brick¦6^¦Water Bucket¦1;Gothic Brick¦6^Water Bucket¦1;0
26362;Recipes/Bone Welder/register;4068;Gothic Sofa;5753;;;1;;Bone Welder;¦Gothic Brick¦^¦Silk¦;¦Gothic Brick¦5^¦Silk¦2;Gothic Brick¦5^Silk¦2;0
26363;Recipes/Bone Welder/register;4068;Gothic Table;1510;;;1;;Bone Welder;¦Gothic Brick¦;¦Gothic Brick¦8;Gothic Brick¦8;0
26364;Recipes/Bone Welder/register;4068;Gothic Work Bench;1511;;;1;;Bone Welder;¦Gothic Brick¦;¦Gothic Brick¦10;Gothic Brick¦10;0
26365;Recipes/Bone Welder/register;4068;Gothic Toilet;5755;;;1;;Bone Welder;¦Gothic Brick¦;¦Gothic Brick¦6;Gothic Brick¦6;0
26366;Recipes/Bookcase/register;11507;Crystal Storm;518;;;1;desktop console mobile;Bookcase;¦Spell Tome¦^¦Crystal Shard¦^¦Soul of Light¦;¦Crystal Shard¦20^¦Soul of Light¦15^¦Spell Tome¦1;Spell Tome¦1^Crystal Shard¦20^Soul of Light¦15;0
26367;Recipes/Bookcase/register;11507;Cursed Flames;519;;;1;desktop console mobile;Bookcase;¦Spell Tome¦^¦Cursed Flame¦^¦Soul of Night¦;¦Cursed Flame¦20^¦Soul of Night¦15^¦Spell Tome¦1;Spell Tome¦1^Cursed Flame¦20^Soul of Night¦15;0
26368;Recipes/Bookcase/register;11507;Golden Shower;1336;;;1;desktop console mobile;Bookcase;¦Spell Tome¦^¦Ichor¦^¦Soul of Night¦;¦Ichor¦20^¦Soul of Night¦15^¦Spell Tome¦1;Spell Tome¦1^Ichor¦20^Soul of Night¦15;0
26369;Recipes/Bookcase/register;11507;Librarian Block;6019;;;20;;Bookcase;¦Any Wood¦^¦Book¦;¦Any Wood¦20^¦Book¦1;Any Wood¦20^Book¦1;0
26370;Recipes/Bookcase/register;11507;Librarian Bathtub;5998;;;1;;Bookcase;¦Librarian Block¦;¦Librarian Block¦14;Librarian Block¦14;0
26371;Recipes/Bookcase/register;11507;Librarian Bed;5999;;;1;;Bookcase;¦Librarian Block¦^¦Silk¦;¦Librarian Block¦15^¦Silk¦5;Librarian Block¦15^Silk¦5;0
26372;Recipes/Bookcase/register;11507;Librarian Bookcase;6000;;;1;;Bookcase;¦Librarian Block¦^¦Book¦;¦Book¦10^¦Librarian Block¦20;Librarian Block¦20^Book¦10;0
26373;Recipes/Bookcase/register;11507;Librarian Dresser;6008;;;1;;Bookcase;¦Librarian Block¦;¦Librarian Block¦16;Librarian Block¦16;0
26374;Recipes/Bookcase/register;11507;Librarian Candelabra;6001;;;1;;Bookcase;¦Librarian Block¦^¦Torch¦;¦Librarian Block¦5^¦Torch¦3;Librarian Block¦5^Torch¦3;0
26375;Recipes/Bookcase/register;11507;Librarian Candle;6002;;;1;;Bookcase;¦Librarian Block¦^¦Torch¦;¦Librarian Block¦4^¦Torch¦1;Librarian Block¦4^Torch¦1;0
26376;Recipes/Bookcase/register;11507;Librarian Chair;6003;;;1;;Bookcase;¦Librarian Block¦;¦Librarian Block¦4;Librarian Block¦4;0
26377;Recipes/Bookcase/register;11507;Librarian Chandelier;6004;;;1;;Bookcase;¦Librarian Block¦^¦Torch¦^¦Chain¦;¦Chain¦1^¦Librarian Block¦4^¦Torch¦4;Librarian Block¦4^Torch¦4^Chain¦1;0
26378;Recipes/Bookcase/register;11507;Librarian Chest;6005;;;1;;Bookcase;¦Librarian Block¦^¦Any Iron Bar¦;¦Any Iron Bar¦2^¦Librarian Block¦8;Librarian Block¦8^Any Iron Bar¦2;0
26379;Recipes/Bookcase/register;11507;Librarian Clock;6006;;;1;;Bookcase;¦Librarian Block¦^¦Any Iron Bar¦^¦Glass¦;¦Any Iron Bar¦3^¦Glass¦6^¦Librarian Block¦10;Librarian Block¦10^Any Iron Bar¦3^Glass¦6;0
26380;Recipes/Bookcase/register;11507;Librarian Door;6007;;;1;;Bookcase;¦Librarian Block¦;¦Librarian Block¦6;Librarian Block¦6;0
26381;Recipes/Bookcase/register;11507;Librarian Lamp;6009;;;1;;Bookcase;¦Torch¦^¦Librarian Block¦;¦Librarian Block¦3^¦Torch¦1;Torch¦1^Librarian Block¦3;0
26382;Recipes/Bookcase/register;11507;Librarian Lantern;6010;;;1;;Bookcase;¦Librarian Block¦^¦Torch¦;¦Librarian Block¦6^¦Torch¦1;Librarian Block¦6^Torch¦1;0
26383;Recipes/Bookcase/register;11507;Librarian Piano;6011;;;1;;Bookcase;¦Librarian Block¦^¦Bone¦^¦Book¦;¦Bone¦4^¦Book¦1^¦Librarian Block¦15;Librarian Block¦15^Bone¦4^Book¦1;0
26384;Recipes/Bookcase/register;11507;Librarian Sink;6013;;;1;;Bookcase;¦Librarian Block¦^¦Water Bucket¦;¦Librarian Block¦6^¦Water Bucket¦1;Librarian Block¦6^Water Bucket¦1;0
26385;Recipes/Bookcase/register;11507;Librarian Sofa;6014;;;1;;Bookcase;¦Librarian Block¦^¦Silk¦;¦Librarian Block¦5^¦Silk¦2;Librarian Block¦5^Silk¦2;0
26386;Recipes/Bookcase/register;11507;Librarian Table;6015;;;1;;Bookcase;¦Librarian Block¦;¦Librarian Block¦8;Librarian Block¦8;0
26387;Recipes/Bookcase/register;11507;Librarian Work Bench;6017;;;1;;Bookcase;¦Librarian Block¦;¦Librarian Block¦10;Librarian Block¦10;0
26388;Recipes/Bookcase/register;11507;Librarian Toilet;6016;;;1;;Bookcase;¦Librarian Block¦;¦Librarian Block¦6;Librarian Block¦6;0
31151;Recipes/Sawmill/register;9911;Large Bamboo;4547;;;1;;Sawmill;¦Bamboo¦;¦Bamboo¦1;Bamboo¦1;0
31152;Recipes/Sawmill/register;9911;Bamboo;4564;;;1;;Sawmill;¦Large Bamboo¦;¦Large Bamboo¦1;Large Bamboo¦1;0
31153;Recipes/Sawmill/register;9911;Piano;333;;;1;;Sawmill;¦Bone¦^¦Wood¦^¦Book¦;¦Bone¦4^¦Book¦1^¦Wood¦15;Bone¦4^Wood¦15^Book¦1;0
31154;Recipes/Sawmill/register;9911;Bed;224;;;1;;Sawmill;¦Wood¦^¦Silk¦;¦Silk¦5^¦Wood¦15;Wood¦15^Silk¦5;0
31155;Recipes/Sawmill/register;9911;Dresser;334;;;1;;Sawmill;¦Wood¦;¦Wood¦16;Wood¦16;0
31156;Recipes/Sawmill/register;9911;Bookcase;354;;;1;;Sawmill;¦Wood¦^¦Book¦;¦Book¦10^¦Wood¦20;Wood¦20^Book¦10;0
31157;Recipes/Sawmill/register;9911;Palm Wood Bathtub;2519;;;1;;Sawmill;¦Palm Wood¦;¦Palm Wood¦14;Palm Wood¦14;0
31158;Recipes/Sawmill/register;9911;Palm Wood Bed;2520;;;1;;Sawmill;¦Palm Wood¦^¦Silk¦;¦Palm Wood¦15^¦Silk¦5;Palm Wood¦15^Silk¦5;0
31159;Recipes/Sawmill/register;9911;Palm Wood Bench;2521;;;1;;Sawmill;¦Palm Wood¦;¦Palm Wood¦8;Palm Wood¦8;0
31160;Recipes/Sawmill/register;9911;Palm Wood Bookcase;2536;;;1;;Sawmill;¦Palm Wood¦^¦Book¦;¦Book¦10^¦Palm Wood¦20;Palm Wood¦20^Book¦10;0
31161;Recipes/Sawmill/register;9911;Palm Wood Clock;2601;;;1;;Sawmill;¦Any Iron Bar¦^¦Glass¦^¦Palm Wood¦;¦Any Iron Bar¦3^¦Glass¦6^¦Palm Wood¦10;Any Iron Bar¦3^Glass¦6^Palm Wood¦10;0
31162;Recipes/Sawmill/register;9911;Palm Wood Dresser;2529;;;1;;Sawmill;¦Palm Wood¦;¦Palm Wood¦16;Palm Wood¦16;0
31163;Recipes/Sawmill/register;9911;Palm Wood Piano;2531;;;1;;Sawmill;¦Bone¦^¦Palm Wood¦^¦Book¦;¦Bone¦4^¦Book¦1^¦Palm Wood¦15;Bone¦4^Palm Wood¦15^Book¦1;0
31164;Recipes/Sawmill/register;9911;Palm Wood Sofa;2527;;;1;;Sawmill;¦Palm Wood¦^¦Silk¦;¦Palm Wood¦5^¦Silk¦2;Palm Wood¦5^Silk¦2;0
31165;Recipes/Sawmill/register;9911;Palm Wood Toilet;4118;;;1;;Sawmill;¦Palm Wood¦;¦Palm Wood¦6;Palm Wood¦6;0
31166;Recipes/Sawmill/register;9911;Boreal Beam;4717;;;2;;Sawmill;¦Boreal Wood¦;¦Boreal Wood¦1;Boreal Wood¦1;0
31167;Recipes/Sawmill/register;9911;Boreal Wood Bathtub;2552;;;1;;Sawmill;¦Boreal Wood¦;¦Boreal Wood¦14;Boreal Wood¦14;0
31168;Recipes/Sawmill/register;9911;Boreal Wood Bed;2553;;;1;;Sawmill;¦Boreal Wood¦^¦Silk¦;¦Boreal Wood¦15^¦Silk¦5;Boreal Wood¦15^Silk¦5;0
31169;Recipes/Sawmill/register;9911;Boreal Wood Bookcase;2554;;;1;;Sawmill;¦Boreal Wood¦^¦Book¦;¦Book¦10^¦Boreal Wood¦20;Boreal Wood¦20^Book¦10;0
31170;Recipes/Sawmill/register;9911;Boreal Wood Clock;2560;;;1;;Sawmill;¦Any Iron Bar¦^¦Glass¦^¦Boreal Wood¦;¦Any Iron Bar¦3^¦Boreal Wood¦10^¦Glass¦6;Any Iron Bar¦3^Glass¦6^Boreal Wood¦10;0
31171;Recipes/Sawmill/register;9911;Boreal Wood Dresser;2562;;;1;;Sawmill;¦Boreal Wood¦;¦Boreal Wood¦16;Boreal Wood¦16;0
31172;Recipes/Sawmill/register;9911;Boreal Wood Piano;2565;;;1;;Sawmill;¦Bone¦^¦Boreal Wood¦^¦Book¦;¦Bone¦4^¦Book¦1^¦Boreal Wood¦15;Bone¦4^Boreal Wood¦15^Book¦1;0
31173;Recipes/Sawmill/register;9911;Boreal Wood Sofa;858;;;1;;Sawmill;¦Boreal Wood¦^¦Silk¦;¦Boreal Wood¦5^¦Silk¦2;Boreal Wood¦5^Silk¦2;0
31174;Recipes/Sawmill/register;9911;Boreal Wood Toilet;4119;;;1;;Sawmill;¦Boreal Wood¦;¦Boreal Wood¦6;Boreal Wood¦6;0
31175;Recipes/Sawmill/register;9911;Rich Mahogany Beam;4718;;;2;;Sawmill;¦Rich Mahogany¦;¦Rich Mahogany¦1;Rich Mahogany¦1;0
31176;Recipes/Sawmill/register;9911;Rich Mahogany Clock;2597;;;1;;Sawmill;¦Any Iron Bar¦^¦Glass¦^¦Rich Mahogany¦;¦Any Iron Bar¦3^¦Glass¦6^¦Rich Mahogany¦10;Any Iron Bar¦3^Glass¦6^Rich Mahogany¦10;0
31177;Recipes/Sawmill/register;9911;Rich Mahogany Piano;642;;;1;;Sawmill;¦Bone¦^¦Rich Mahogany¦^¦Book¦;¦Bone¦4^¦Book¦1^¦Rich Mahogany¦15;Bone¦4^Rich Mahogany¦15^Book¦1;0
31178;Recipes/Sawmill/register;9911;Rich Mahogany Bed;645;;;1;;Sawmill;¦Rich Mahogany¦^¦Silk¦;¦Rich Mahogany¦15^¦Silk¦5;Rich Mahogany¦15^Silk¦5;0
31179;Recipes/Sawmill/register;9911;Rich Mahogany Dresser;648;;;1;;Sawmill;¦Rich Mahogany¦;¦Rich Mahogany¦16;Rich Mahogany¦16;0
31180;Recipes/Sawmill/register;9911;Rich Mahogany Bookcase;2026;;;1;;Sawmill;¦Rich Mahogany¦^¦Book¦;¦Book¦10^¦Rich Mahogany¦20;Rich Mahogany¦20^Book¦10;0
31181;Recipes/Sawmill/register;9911;Rich Mahogany Bathtub;2077;;;1;desktop console mobile;Sawmill;¦Rich Mahogany¦;¦Rich Mahogany¦14;Rich Mahogany¦14;0
31182;Recipes/Sawmill/register;9911;Rich Mahogany Sofa;2399;;;1;;Sawmill;¦Rich Mahogany¦^¦Silk¦;¦Rich Mahogany¦5^¦Silk¦2;Rich Mahogany¦5^Silk¦2;0
31183;Recipes/Sawmill/register;9911;Rich Mahogany Toilet;4097;;;1;;Sawmill;¦Rich Mahogany¦;¦Rich Mahogany¦6;Rich Mahogany¦6;0
31184;Recipes/Sawmill/register;9911;Ebonwood Clock;2593;;;1;;Sawmill;¦Any Iron Bar¦^¦Glass¦^¦Ebonwood¦;¦Any Iron Bar¦3^¦Ebonwood¦10^¦Glass¦6;Any Iron Bar¦3^Glass¦6^Ebonwood¦10;0
31185;Recipes/Sawmill/register;9911;Ebonwood Piano;641;;;1;;Sawmill;¦Bone¦^¦Ebonwood¦^¦Book¦;¦Bone¦4^¦Book¦1^¦Ebonwood¦15;Bone¦4^Ebonwood¦15^Book¦1;0
31186;Recipes/Sawmill/register;9911;Ebonwood Bed;644;;;1;;Sawmill;¦Ebonwood¦^¦Silk¦;¦Ebonwood¦15^¦Silk¦5;Ebonwood¦15^Silk¦5;0
31187;Recipes/Sawmill/register;9911;Ebonwood Dresser;647;;;1;;Sawmill;¦Ebonwood¦;¦Ebonwood¦16;Ebonwood¦16;0
31188;Recipes/Sawmill/register;9911;Ebonwood Bookcase;2021;;;1;;Sawmill;¦Ebonwood¦^¦Book¦;¦Book¦10^¦Ebonwood¦20;Ebonwood¦20^Book¦10;0
31189;Recipes/Sawmill/register;9911;Ebonwood Bathtub;2073;;;1;desktop console mobile;Sawmill;¦Ebonwood¦;¦Ebonwood¦14;Ebonwood¦14;0
31190;Recipes/Sawmill/register;9911;Ebonwood Sofa;2398;;;1;;Sawmill;¦Ebonwood¦^¦Silk¦;¦Ebonwood¦5^¦Silk¦2;Ebonwood¦5^Silk¦2;0
31191;Recipes/Sawmill/register;9911;Ebonwood Toilet;4096;;;1;;Sawmill;¦Ebonwood¦;¦Ebonwood¦6;Ebonwood¦6;0
31192;Recipes/Sawmill/register;9911;Shadewood Clock;2604;;;1;;Sawmill;¦Any Iron Bar¦^¦Glass¦^¦Shadewood¦;¦Any Iron Bar¦3^¦Glass¦6^¦Shadewood¦10;Any Iron Bar¦3^Glass¦6^Shadewood¦10;0
31193;Recipes/Sawmill/register;9911;Shadewood Piano;919;;;1;;Sawmill;¦Bone¦^¦Shadewood¦^¦Book¦;¦Bone¦4^¦Book¦1^¦Shadewood¦15;Bone¦4^Shadewood¦15^Book¦1;0
31194;Recipes/Sawmill/register;9911;Shadewood Bed;920;;;1;;Sawmill;¦Shadewood¦^¦Silk¦;¦Shadewood¦15^¦Silk¦5;Shadewood¦15^Silk¦5;0
31195;Recipes/Sawmill/register;9911;Shadewood Bathtub;2127;;;1;desktop console mobile;Sawmill;¦Shadewood¦;¦Shadewood¦14;Shadewood¦14;0
31196;Recipes/Sawmill/register;9911;Shadewood Bookcase;2136;;;1;;Sawmill;¦Shadewood¦^¦Book¦;¦Book¦10^¦Shadewood¦20;Shadewood¦20^Book¦10;0
31197;Recipes/Sawmill/register;9911;Shadewood Dresser;918;;;1;;Sawmill;¦Shadewood¦;¦Shadewood¦16;Shadewood¦16;0
31198;Recipes/Sawmill/register;9911;Shadewood Sofa;2401;;;1;;Sawmill;¦Shadewood¦^¦Silk¦;¦Shadewood¦5^¦Silk¦2;Shadewood¦5^Silk¦2;0
31199;Recipes/Sawmill/register;9911;Shadewood Toilet;4105;;;1;;Sawmill;¦Shadewood¦;¦Shadewood¦6;Shadewood¦6;0
31200;Recipes/Sawmill/register;9911;Pearlwood Clock;2602;;;1;;Sawmill;¦Any Iron Bar¦^¦Glass¦^¦Pearlwood¦;¦Any Iron Bar¦3^¦Glass¦6^¦Pearlwood¦10;Any Iron Bar¦3^Glass¦6^Pearlwood¦10;0
31201;Recipes/Sawmill/register;9911;Pearlwood Piano;643;;;1;;Sawmill;¦Bone¦^¦Pearlwood¦^¦Book¦;¦Bone¦4^¦Book¦1^¦Pearlwood¦15;Bone¦4^Pearlwood¦15^Book¦1;0
31202;Recipes/Sawmill/register;9911;Pearlwood Bed;646;;;1;;Sawmill;¦Pearlwood¦^¦Silk¦;¦Pearlwood¦15^¦Silk¦5;Pearlwood¦15^Silk¦5;0
31203;Recipes/Sawmill/register;9911;Pearlwood Dresser;649;;;1;;Sawmill;¦Pearlwood¦;¦Pearlwood¦16;Pearlwood¦16;0
31204;Recipes/Sawmill/register;9911;Pearlwood Bookcase;2027;;;1;;Sawmill;¦Pearlwood¦^¦Book¦;¦Book¦10^¦Pearlwood¦20;Pearlwood¦20^Book¦10;0
31205;Recipes/Sawmill/register;9911;Pearlwood Bathtub;2078;;;1;desktop console mobile;Sawmill;¦Pearlwood¦;¦Pearlwood¦14;Pearlwood¦14;0
31206;Recipes/Sawmill/register;9911;Pearlwood Sofa;2400;;;1;;Sawmill;¦Pearlwood¦^¦Silk¦;¦Pearlwood¦5^¦Silk¦2;Pearlwood¦5^Silk¦2;0
31207;Recipes/Sawmill/register;9911;Pearlwood Toilet;4098;;;1;;Sawmill;¦Pearlwood¦;¦Pearlwood¦6;Pearlwood¦6;0
31208;Recipes/Sawmill/register;9911;Ash Wood Bathtub;5190;;;1;;Sawmill;¦Ash Wood¦;¦Ash Wood¦14;Ash Wood¦14;0
31209;Recipes/Sawmill/register;9911;Ash Wood Bed;5191;;;1;;Sawmill;¦Ash Wood¦^¦Silk¦;¦Ash Wood¦15^¦Silk¦5;Ash Wood¦15^Silk¦5;0
31210;Recipes/Sawmill/register;9911;Ash Wood Bookcase;5192;;;1;;Sawmill;¦Ash Wood¦^¦Book¦;¦Ash Wood¦20^¦Book¦10;Ash Wood¦20^Book¦10;0
31211;Recipes/Sawmill/register;9911;Ash Wood Dresser;5193;;;1;;Sawmill;¦Ash Wood¦;¦Ash Wood¦16;Ash Wood¦16;0
31212;Recipes/Sawmill/register;9911;Ash Wood Clock;5199;;;1;;Sawmill;¦Ash Wood¦^¦Any Iron Bar¦^¦Glass¦;¦Any Iron Bar¦3^¦Ash Wood¦10^¦Glass¦6;Ash Wood¦10^Any Iron Bar¦3^Glass¦6;0
31213;Recipes/Sawmill/register;9911;Ash Wood Piano;5203;;;1;;Sawmill;¦Ash Wood¦^¦Bone¦^¦Book¦;¦Ash Wood¦15^¦Bone¦4^¦Book¦1;Ash Wood¦15^Bone¦4^Book¦1;0
31214;Recipes/Sawmill/register;9911;Ash Wood Sofa;5206;;;1;;Sawmill;¦Ash Wood¦^¦Silk¦;¦Ash Wood¦5^¦Silk¦2;Ash Wood¦5^Silk¦2;0
31215;Recipes/Sawmill/register;9911;Ash Wood Toilet;5210;;;1;;Sawmill;¦Ash Wood¦;¦Ash Wood¦6;Ash Wood¦6;0
31216;Recipes/Sawmill/register;9911;Mushroom Beam;4721;;;2;;Sawmill;¦Glowing Mushroom¦;¦Glowing Mushroom¦1;Glowing Mushroom¦1;0
31217;Recipes/Sawmill/register;9911;Mushroom Bathtub;2537;;;1;;Sawmill;¦Glowing Mushroom¦;¦Glowing Mushroom¦14;Glowing Mushroom¦14;0
31218;Recipes/Sawmill/register;9911;Mushroom Bed;2538;;;1;;Sawmill;¦Glowing Mushroom¦^¦Silk¦;¦Glowing Mushroom¦15^¦Silk¦5;Glowing Mushroom¦15^Silk¦5;0
31219;Recipes/Sawmill/register;9911;Mushroom Bench;2539;;;1;;Sawmill;¦Glowing Mushroom¦;¦Glowing Mushroom¦8;Glowing Mushroom¦8;0
31220;Recipes/Sawmill/register;9911;Mushroom Bookcase;2540;;;1;;Sawmill;¦Glowing Mushroom¦^¦Book¦;¦Book¦10^¦Glowing Mushroom¦20;Glowing Mushroom¦20^Book¦10;0
31221;Recipes/Sawmill/register;9911;Mushroom Clock;2599;;;1;desktop console mobile;Sawmill;¦Any Iron Bar¦^¦Glass¦^¦Glowing Mushroom¦;¦Any Iron Bar¦3^¦Glass¦6^¦Glowing Mushroom¦10;Any Iron Bar¦3^Glass¦6^Glowing Mushroom¦10;0
31222;Recipes/Sawmill/register;9911;Mushroom Dresser;2545;;;1;;Sawmill;¦Glowing Mushroom¦;¦Glowing Mushroom¦16;Glowing Mushroom¦16;0
31223;Recipes/Sawmill/register;9911;Mushroom Piano;2548;;;1;;Sawmill;¦Bone¦^¦Glowing Mushroom¦^¦Book¦;¦Bone¦4^¦Book¦1^¦Glowing Mushroom¦15;Bone¦4^Glowing Mushroom¦15^Book¦1;0
31224;Recipes/Sawmill/register;9911;Mushroom Sofa;2413;;;1;;Sawmill;¦Glowing Mushroom¦^¦Silk¦;¦Glowing Mushroom¦5^¦Silk¦2;Glowing Mushroom¦5^Silk¦2;0
31225;Recipes/Sawmill/register;9911;Mushroom Toilet;4103;;;1;;Sawmill;¦Glowing Mushroom¦;¦Glowing Mushroom¦6;Glowing Mushroom¦6;0
31226;Recipes/Sawmill/register;9911;Meteorite Bathtub;3159;;;1;;Sawmill;¦Meteorite Brick¦;¦Meteorite Brick¦14;Meteorite Brick¦14;0
31227;Recipes/Sawmill/register;9911;Meteorite Bed;3162;;;1;;Sawmill;¦Meteorite Brick¦^¦Silk¦;¦Meteorite Brick¦15^¦Silk¦5;Meteorite Brick¦15^Silk¦5;0
31228;Recipes/Sawmill/register;9911;Meteorite Bookcase;3165;;;1;;Sawmill;¦Meteorite Brick¦^¦Book¦;¦Book¦10^¦Meteorite Brick¦20;Meteorite Brick¦20^Book¦10;0
31229;Recipes/Sawmill/register;9911;Meteorite Clock;3126;;;1;;Sawmill;¦Any Iron Bar¦^¦Glass¦^¦Meteorite Brick¦;¦Any Iron Bar¦3^¦Glass¦6^¦Meteorite Brick¦10;Any Iron Bar¦3^Glass¦6^Meteorite Brick¦10;0
31230;Recipes/Sawmill/register;9911;Meteorite Dresser;3132;;;1;;Sawmill;¦Meteorite Brick¦;¦Meteorite Brick¦16;Meteorite Brick¦16;0
31231;Recipes/Sawmill/register;9911;Meteorite Piano;3141;;;1;;Sawmill;¦Bone¦^¦Meteorite Brick¦^¦Book¦;¦Bone¦4^¦Book¦1^¦Meteorite Brick¦15;Bone¦4^Meteorite Brick¦15^Book¦1;0
31232;Recipes/Sawmill/register;9911;Meteorite Sofa;3150;;;1;;Sawmill;¦Meteorite Brick¦^¦Silk¦;¦Meteorite Brick¦5^¦Silk¦2;Meteorite Brick¦5^Silk¦2;0
31233;Recipes/Sawmill/register;9911;Marble Column;4554;;;2;;Sawmill;¦Smooth Marble Block¦;¦Smooth Marble Block¦1;Smooth Marble Block¦1;0
31234;Recipes/Sawmill/register;9911;Marble Bathtub;3160;;;1;;Sawmill;¦Smooth Marble Block¦;¦Smooth Marble Block¦14;Smooth Marble Block¦14;0
31235;Recipes/Sawmill/register;9911;Marble Bed;3163;;;1;;Sawmill;¦Smooth Marble Block¦^¦Silk¦;¦Silk¦5^¦Smooth Marble Block¦15;Smooth Marble Block¦15^Silk¦5;0
31236;Recipes/Sawmill/register;9911;Marble Bookcase;3166;;;1;;Sawmill;¦Smooth Marble Block¦^¦Book¦;¦Book¦10^¦Smooth Marble Block¦20;Smooth Marble Block¦20^Book¦10;0
31237;Recipes/Sawmill/register;9911;Marble Clock;3127;;;1;;Sawmill;¦Any Iron Bar¦^¦Glass¦^¦Smooth Marble Block¦;¦Any Iron Bar¦3^¦Glass¦6^¦Smooth Marble Block¦10;Any Iron Bar¦3^Glass¦6^Smooth Marble Block¦10;0
31238;Recipes/Sawmill/register;9911;Marble Dresser;3133;;;1;;Sawmill;¦Smooth Marble Block¦;¦Smooth Marble Block¦16;Smooth Marble Block¦16;0
31239;Recipes/Sawmill/register;9911;Marble Piano;3142;;;1;;Sawmill;¦Bone¦^¦Smooth Marble Block¦^¦Book¦;¦Bone¦4^¦Book¦1^¦Smooth Marble Block¦15;Bone¦4^Smooth Marble Block¦15^Book¦1;0
31240;Recipes/Sawmill/register;9911;Marble Sofa;3151;;;1;;Sawmill;¦Smooth Marble Block¦^¦Silk¦;¦Silk¦2^¦Smooth Marble Block¦5;Smooth Marble Block¦5^Silk¦2;0
31241;Recipes/Sawmill/register;9911;Marble Toilet;4123;;;1;;Sawmill;¦Smooth Marble Block¦;¦Smooth Marble Block¦6;Smooth Marble Block¦6;0
31242;Recipes/Sawmill/register;9911;Granite Column;4719;;;2;;Sawmill;¦Smooth Granite Block¦;¦Smooth Granite Block¦1;Smooth Granite Block¦1;0
31243;Recipes/Sawmill/register;9911;Granite Bathtub;3161;;;1;;Sawmill;¦Smooth Granite Block¦;¦Smooth Granite Block¦14;Smooth Granite Block¦14;0
31244;Recipes/Sawmill/register;9911;Granite Bed;3164;;;1;;Sawmill;¦Smooth Granite Block¦^¦Silk¦;¦Silk¦5^¦Smooth Granite Block¦15;Smooth Granite Block¦15^Silk¦5;0
31245;Recipes/Sawmill/register;9911;Granite Bookcase;3167;;;1;;Sawmill;¦Smooth Granite Block¦^¦Book¦;¦Book¦10^¦Smooth Granite Block¦20;Smooth Granite Block¦20^Book¦10;0
31246;Recipes/Sawmill/register;9911;Granite Clock;3128;;;1;;Sawmill;¦Any Iron Bar¦^¦Glass¦^¦Smooth Granite Block¦;¦Any Iron Bar¦3^¦Glass¦6^¦Smooth Granite Block¦10;Any Iron Bar¦3^Glass¦6^Smooth Granite Block¦10;0
31247;Recipes/Sawmill/register;9911;Granite Dresser;3134;;;1;;Sawmill;¦Smooth Granite Block¦;¦Smooth Granite Block¦16;Smooth Granite Block¦16;0
31248;Recipes/Sawmill/register;9911;Granite Piano;3143;;;1;;Sawmill;¦Bone¦^¦Smooth Granite Block¦^¦Book¦;¦Bone¦4^¦Book¦1^¦Smooth Granite Block¦15;Bone¦4^Smooth Granite Block¦15^Book¦1;0
31249;Recipes/Sawmill/register;9911;Granite Sofa;3152;;;1;;Sawmill;¦Smooth Granite Block¦^¦Silk¦;¦Silk¦2^¦Smooth Granite Block¦5;Smooth Granite Block¦5^Silk¦2;0
31250;Recipes/Sawmill/register;9911;Granite Toilet;4122;;;1;;Sawmill;¦Smooth Granite Block¦;¦Smooth Granite Block¦6;Smooth Granite Block¦6;0
31251;Recipes/Sawmill/register;9911;Martian Bathtub;2810;;;1;;Sawmill;¦Martian Conduit Plating¦;¦Martian Conduit Plating¦14;Martian Conduit Plating¦14;0
31252;Recipes/Sawmill/register;9911;Martian Bed;2811;;;1;;Sawmill;¦Martian Conduit Plating¦^¦Silk¦;¦Martian Conduit Plating¦15^¦Silk¦5;Martian Conduit Plating¦15^Silk¦5;0
31253;Recipes/Sawmill/register;9911;Martian Holobookcase;2817;;;1;;Sawmill;¦Martian Conduit Plating¦^¦Book¦;¦Book¦10^¦Martian Conduit Plating¦20;Martian Conduit Plating¦20^Book¦10;0
31254;Recipes/Sawmill/register;9911;Martian Astro Clock;2809;;;1;;Sawmill;¦Any Iron Bar¦^¦Glass¦^¦Martian Conduit Plating¦;¦Any Iron Bar¦3^¦Glass¦6^¦Martian Conduit Plating¦10;Any Iron Bar¦3^Glass¦6^Martian Conduit Plating¦10;0
31255;Recipes/Sawmill/register;9911;Martian Dresser;2816;;;1;;Sawmill;¦Martian Conduit Plating¦;¦Martian Conduit Plating¦16;Martian Conduit Plating¦16;0
31256;Recipes/Sawmill/register;9911;Martian Piano;2821;;;1;;Sawmill;¦Bone¦^¦Martian Conduit Plating¦^¦Book¦;¦Bone¦4^¦Book¦1^¦Martian Conduit Plating¦15;Bone¦4^Martian Conduit Plating¦15^Book¦1;0
31257;Recipes/Sawmill/register;9911;Martian Sofa;2823;;;1;;Sawmill;¦Martian Conduit Plating¦^¦Silk¦;¦Martian Conduit Plating¦5^¦Silk¦2;Martian Conduit Plating¦5^Silk¦2;0
31258;Recipes/Sawmill/register;9911;Martian Toilet;4121;;;1;;Sawmill;¦Martian Conduit Plating¦;¦Martian Conduit Plating¦6;Martian Conduit Plating¦6;0
31259;Recipes/Sawmill/register;9911;Crystal Bathtub;3895;;;1;;Sawmill;¦Crystal Block¦;¦Crystal Block¦35;Crystal Block¦35;0
31260;Recipes/Sawmill/register;9911;Crystal Bed;3897;;;1;;Sawmill;¦Crystal Block¦^¦Silk¦;¦Crystal Block¦40^¦Silk¦5;Crystal Block¦40^Silk¦5;0
31261;Recipes/Sawmill/register;9911;Crystal Bookcase;3917;;;1;;Sawmill;¦Crystal Block¦^¦Book¦;¦Book¦10^¦Crystal Block¦50;Crystal Block¦50^Book¦10;0
31262;Recipes/Sawmill/register;9911;Crystal Clock;3898;;;1;;Sawmill;¦Any Iron Bar¦^¦Crystal Block¦;¦Any Iron Bar¦3^¦Crystal Block¦25;Any Iron Bar¦3^Crystal Block¦25;0
31263;Recipes/Sawmill/register;9911;Crystal Dresser;3911;;;1;;Sawmill;¦Crystal Block¦;¦Crystal Block¦40;Crystal Block¦40;0
31264;Recipes/Sawmill/register;9911;Crystal Piano;3915;;;1;;Sawmill;¦Bone¦^¦Crystal Block¦^¦Book¦;¦Bone¦4^¦Book¦1^¦Crystal Block¦40;Bone¦4^Crystal Block¦40^Book¦1;0
31265;Recipes/Sawmill/register;9911;Crystal Sofa;3918;;;1;;Sawmill;¦Crystal Block¦^¦Silk¦;¦Crystal Block¦12^¦Silk¦2;Crystal Block¦12^Silk¦2;0
31266;Recipes/Sawmill/register;9911;Crystal Toilet;4124;;;1;;Sawmill;¦Crystal Block¦;¦Crystal Block¦15;Crystal Block¦15;0
31267;Recipes/Sawmill/register;9911;Spider Bathtub;3931;;;1;;Sawmill;¦Spider Nest Block¦;¦Spider Nest Block¦14;Spider Nest Block¦14;0
31268;Recipes/Sawmill/register;9911;Spider Bed;3932;;;1;;Sawmill;¦Spider Nest Block¦^¦Silk¦;¦Silk¦5^¦Spider Nest Block¦15;Spider Nest Block¦15^Silk¦5;0
31269;Recipes/Sawmill/register;9911;Spider Bookcase;3933;;;1;;Sawmill;¦Spider Nest Block¦^¦Book¦;¦Book¦10^¦Spider Nest Block¦20;Spider Nest Block¦20^Book¦10;0
31270;Recipes/Sawmill/register;9911;Spider Dresser;3934;;;1;;Sawmill;¦Spider Nest Block¦;¦Spider Nest Block¦16;Spider Nest Block¦16;0
31271;Recipes/Sawmill/register;9911;Spider Clock;3940;;;1;;Sawmill;¦Spider Nest Block¦^¦Any Iron Bar¦^¦Glass¦;¦Any Iron Bar¦3^¦Glass¦6^¦Spider Nest Block¦10;Spider Nest Block¦10^Any Iron Bar¦3^Glass¦6;0
31272;Recipes/Sawmill/register;9911;Spider Piano;3944;;;1;;Sawmill;¦Spider Nest Block¦^¦Bone¦^¦Book¦;¦Bone¦4^¦Book¦1^¦Spider Nest Block¦15;Spider Nest Block¦15^Bone¦4^Book¦1;0
31273;Recipes/Sawmill/register;9911;Spider Sofa;3947;;;1;;Sawmill;¦Spider Nest Block¦^¦Silk¦;¦Silk¦2^¦Spider Nest Block¦5;Spider Nest Block¦5^Silk¦2;0
31274;Recipes/Sawmill/register;9911;Spider Toilet;4125;;;1;;Sawmill;¦Spider Nest Block¦;¦Spider Nest Block¦6;Spider Nest Block¦6;0
31275;Recipes/Sawmill/register;9911;Sandstone Column;4720;;;2;;Sawmill;¦Smooth Sandstone¦;¦Smooth Sandstone¦1;Smooth Sandstone¦1;0
31276;Recipes/Sawmill/register;9911;Sandstone Bathtub;4298;;;1;;Sawmill;¦Smooth Sandstone¦;¦Smooth Sandstone¦14;Smooth Sandstone¦14;0
31277;Recipes/Sawmill/register;9911;Sandstone Bed;4299;;;1;;Sawmill;¦Smooth Sandstone¦^¦Silk¦;¦Silk¦5^¦Smooth Sandstone¦15;Smooth Sandstone¦15^Silk¦5;0
31278;Recipes/Sawmill/register;9911;Sandstone Bookcase;4300;;;1;;Sawmill;¦Smooth Sandstone¦^¦Book¦;¦Book¦10^¦Smooth Sandstone¦20;Smooth Sandstone¦20^Book¦10;0
31279;Recipes/Sawmill/register;9911;Sandstone Dresser;4301;;;1;;Sawmill;¦Smooth Sandstone¦;¦Smooth Sandstone¦16;Smooth Sandstone¦16;0
31280;Recipes/Sawmill/register;9911;Sandstone Clock;4306;;;1;;Sawmill;¦Smooth Sandstone¦^¦Any Iron Bar¦^¦Glass¦;¦Any Iron Bar¦3^¦Glass¦6^¦Smooth Sandstone¦10;Smooth Sandstone¦10^Any Iron Bar¦3^Glass¦6;0
31281;Recipes/Sawmill/register;9911;Sandstone Piano;4310;;;1;;Sawmill;¦Smooth Sandstone¦^¦Bone¦^¦Book¦;¦Bone¦4^¦Book¦1^¦Smooth Sandstone¦15;Smooth Sandstone¦15^Bone¦4^Book¦1;0
31282;Recipes/Sawmill/register;9911;Sandstone Sofa;4313;;;1;;Sawmill;¦Smooth Sandstone¦^¦Silk¦;¦Silk¦2^¦Smooth Sandstone¦5;Smooth Sandstone¦5^Silk¦2;0
31283;Recipes/Sawmill/register;9911;Sandstone Toilet;4316;;;1;;Sawmill;¦Smooth Sandstone¦;¦Smooth Sandstone¦6;Smooth Sandstone¦6;0
31284;Recipes/Sawmill/register;9911;Bamboo Bathtub;4566;;;1;;Sawmill;¦Bamboo¦;¦Bamboo¦14;Bamboo¦14;0
31285;Recipes/Sawmill/register;9911;Bamboo Bed;4567;;;1;;Sawmill;¦Bamboo¦^¦Silk¦;¦Bamboo¦15^¦Silk¦5;Bamboo¦15^Silk¦5;0
31286;Recipes/Sawmill/register;9911;Bamboo Bookcase;4568;;;1;;Sawmill;¦Bamboo¦^¦Book¦;¦Bamboo¦20^¦Book¦10;Bamboo¦20^Book¦10;0
31287;Recipes/Sawmill/register;9911;Bamboo Dresser;4569;;;1;;Sawmill;¦Bamboo¦;¦Bamboo¦16;Bamboo¦16;0
31288;Recipes/Sawmill/register;9911;Bamboo Clock;4575;;;1;;Sawmill;¦Bamboo¦^¦Any Iron Bar¦^¦Glass¦;¦Any Iron Bar¦3^¦Bamboo¦10^¦Glass¦6;Bamboo¦10^Any Iron Bar¦3^Glass¦6;0
31289;Recipes/Sawmill/register;9911;Bamboo Piano;4579;;;1;;Sawmill;¦Bamboo¦^¦Bone¦^¦Book¦;¦Bamboo¦15^¦Bone¦4^¦Book¦1;Bamboo¦15^Bone¦4^Book¦1;0
31290;Recipes/Sawmill/register;9911;Bamboo Sofa;4582;;;1;;Sawmill;¦Bamboo¦^¦Silk¦;¦Bamboo¦5^¦Silk¦2;Bamboo¦5^Silk¦2;0
31291;Recipes/Sawmill/register;9911;Bamboo Toilet;4586;;;1;;Sawmill;¦Bamboo¦;¦Bamboo¦6;Bamboo¦6;0
31292;Recipes/Sawmill/register;9911;Reef Bathtub;5148;;;1;;Sawmill;¦Reef Block¦;¦Reef Block¦14;Reef Block¦14;0
31293;Recipes/Sawmill/register;9911;Reef Bed;5149;;;1;;Sawmill;¦Reef Block¦^¦Silk¦;¦Reef Block¦15^¦Silk¦5;Reef Block¦15^Silk¦5;0
31294;Recipes/Sawmill/register;9911;Reef Bookcase;5150;;;1;;Sawmill;¦Reef Block¦^¦Book¦;¦Book¦10^¦Reef Block¦20;Reef Block¦20^Book¦10;0
31295;Recipes/Sawmill/register;9911;Reef Dresser;5151;;;1;;Sawmill;¦Reef Block¦;¦Reef Block¦16;Reef Block¦16;0
31296;Recipes/Sawmill/register;9911;Reef Clock;5157;;;1;;Sawmill;¦Reef Block¦^¦Any Iron Bar¦^¦Glass¦;¦Any Iron Bar¦3^¦Glass¦6^¦Reef Block¦10;Reef Block¦10^Any Iron Bar¦3^Glass¦6;0
31297;Recipes/Sawmill/register;9911;Reef Piano;5161;;;1;;Sawmill;¦Reef Block¦^¦Bone¦^¦Book¦;¦Bone¦4^¦Book¦1^¦Reef Block¦15;Reef Block¦15^Bone¦4^Book¦1;0
31298;Recipes/Sawmill/register;9911;Reef Sofa;5164;;;1;;Sawmill;¦Reef Block¦^¦Silk¦;¦Reef Block¦5^¦Silk¦2;Reef Block¦5^Silk¦2;0
31299;Recipes/Sawmill/register;9911;Reef Toilet;5168;;;1;;Sawmill;¦Reef Block¦;¦Reef Block¦6;Reef Block¦6;0
31300;Recipes/Sawmill/register;9911;Balloon Bathtub;5169;;;1;;Sawmill;¦Any Balloon¦;¦Any Balloon¦14;Any Balloon¦14;0
31301;Recipes/Sawmill/register;9911;Balloon Bed;5170;;;1;;Sawmill;¦Any Balloon¦^¦Silk¦;¦Any Balloon¦15^¦Silk¦5;Any Balloon¦15^Silk¦5;0
31302;Recipes/Sawmill/register;9911;Balloon Bookcase;5171;;;1;;Sawmill;¦Any Balloon¦^¦Book¦;¦Any Balloon¦20^¦Book¦10;Any Balloon¦20^Book¦10;0
31303;Recipes/Sawmill/register;9911;Balloon Dresser;5172;;;1;;Sawmill;¦Any Balloon¦;¦Any Balloon¦16;Any Balloon¦16;0
31304;Recipes/Sawmill/register;9911;Balloon Clock;5178;;;1;;Sawmill;¦Any Balloon¦^¦Any Iron Bar¦^¦Glass¦;¦Any Balloon¦10^¦Any Iron Bar¦3^¦Glass¦6;Any Balloon¦10^Any Iron Bar¦3^Glass¦6;0
31305;Recipes/Sawmill/register;9911;Balloon Piano;5182;;;1;;Sawmill;¦Any Balloon¦^¦Bone¦^¦Book¦;¦Any Balloon¦15^¦Bone¦4^¦Book¦1;Any Balloon¦15^Bone¦4^Book¦1;0
31306;Recipes/Sawmill/register;9911;Balloon Sofa;5185;;;1;;Sawmill;¦Any Balloon¦^¦Silk¦;¦Any Balloon¦5^¦Silk¦2;Any Balloon¦5^Silk¦2;0
31307;Recipes/Sawmill/register;9911;Balloon Toilet;5189;;;1;;Sawmill;¦Any Balloon¦;¦Any Balloon¦6;Any Balloon¦6;0
31308;Recipes/Sawmill/register;9911;Planked Wall;479;;;4;;Sawmill;¦Stone Block¦^¦Any Wood¦;¦Any Wood¦1^¦Stone Block¦1;Stone Block¦1^Any Wood¦1;0
31309;Recipes/Sawmill/register;9911;Wooden Beam;480;;;2;;Sawmill;¦Any Wood¦;¦Any Wood¦1;Any Wood¦1;0
31310;Recipes/Sawmill/register;9911;Target Dummy;3202;;;1;;Sawmill;¦Any Wood¦^¦Hay¦;¦Any Wood¦20^¦Hay¦50;Any Wood¦20^Hay¦50;0
31311;Recipes/Sawmill/register;9911;Mannequin;498;;;1;;Sawmill;¦Any Wood¦;¦Any Wood¦20;Any Wood¦20;0
31312;Recipes/Sawmill/register;9911;Womannequin;1989;;;1;;Sawmill;¦Any Wood¦;¦Any Wood¦20;Any Wood¦20;0
31313;Recipes/Sawmill/register;9911;Hat Rack;3977;;;1;;Sawmill;¦Any Wood¦;¦Any Wood¦16;Any Wood¦16;0
31314;Recipes/Sawmill/register;9911;Weapon Rack;2699;;;1;;Sawmill;¦Any Wood¦;¦Any Wood¦10;Any Wood¦10;0
31315;Recipes/Sawmill/register;9911;Item Frame;3270;;;1;;Sawmill;¦Any Wood¦;¦Any Wood¦6;Any Wood¦6;0
31316;Recipes/Sawmill/register;9911;Barrel;343;;;1;;Sawmill;¦Any Wood¦^¦Any Iron Bar¦;¦Any Iron Bar¦1^¦Any Wood¦9;Any Wood¦9^Any Iron Bar¦1;0
31317;Recipes/Sawmill/register;9911;Grandfather Clock;359;;;1;;Sawmill;¦Any Iron Bar¦^¦Glass¦^¦Wood¦;¦Any Iron Bar¦3^¦Glass¦6^¦Wood¦10;Any Iron Bar¦3^Glass¦6^Wood¦10;0
31318;Recipes/Sawmill/register;9911;Keg;352;;;1;;Sawmill;¦Any Wood¦;¦Any Wood¦14;Any Wood¦14;0
31319;Recipes/Sawmill/register;9911;Loom;332;;;1;;Sawmill;¦Any Wood¦;¦Any Wood¦12;Any Wood¦12;0
31320;Recipes/Sawmill/register;9911;Blacksmith Rack;2114;;;1;;Sawmill;¦Any Wood¦^¦Any Iron Bar¦;¦Any Iron Bar¦3^¦Any Wood¦12;Any Wood¦12^Any Iron Bar¦3;0
31321;Recipes/Sawmill/register;9911;Carpentry Rack;2115;;;1;;Sawmill;¦Any Wood¦^¦Any Iron Bar¦;¦Any Iron Bar¦3^¦Any Wood¦12;Any Wood¦12^Any Iron Bar¦3;0
31322;Recipes/Sawmill/register;9911;Helmet Rack;2116;;;1;;Sawmill;¦Any Wood¦^¦Any Iron Bar¦;¦Any Iron Bar¦3^¦Any Wood¦12;Any Wood¦12^Any Iron Bar¦3;0
31323;Recipes/Sawmill/register;9911;Spear Rack;2117;;;1;;Sawmill;¦Any Wood¦^¦Any Iron Bar¦;¦Any Iron Bar¦3^¦Any Wood¦12;Any Wood¦12^Any Iron Bar¦3;0
31324;Recipes/Sawmill/register;9911;Sword Rack;2118;;;1;;Sawmill;¦Any Wood¦^¦Any Iron Bar¦;¦Any Iron Bar¦3^¦Any Wood¦12;Any Wood¦12^Any Iron Bar¦3;0
31325;Recipes/Sawmill/register;9911;Bar Stool;1706;;;1;;Sawmill;¦Any Wood¦;¦Any Wood¦4;Any Wood¦4;0
31326;Recipes/Sawmill/register;9911;Banquet Table;1714;;;1;;Sawmill;¦Any Wood¦;¦Any Wood¦8;Any Wood¦8;0
31327;Recipes/Sawmill/register;9911;Bar;1715;;;1;;Sawmill;¦Any Wood¦;¦Any Wood¦8;Any Wood¦8;0
31328;Recipes/Sawmill/register;9911;Bench;335;;;1;;Sawmill;¦Any Wood¦;¦Any Wood¦8;Any Wood¦8;0
31329;Recipes/Sawmill/register;9911;Sofa;2397;;;1;;Sawmill;¦Wood¦^¦Silk¦;¦Silk¦2^¦Wood¦5;Wood¦5^Silk¦2;0
31330;Recipes/Sawmill/register;9911;Dynasty Piano;3916;;;1;desktop console mobile;Sawmill;¦Bone¦^¦Dynasty Wood¦^¦Book¦;¦Bone¦4^¦Book¦1^¦Dynasty Wood¦15;Bone¦4^Dynasty Wood¦15^Book¦1;0
31331;Recipes/Sawmill/register;9911;Dynasty Dresser;3912;;;1;;Sawmill;¦Dynasty Wood¦;¦Dynasty Wood¦16;Dynasty Wood¦16;0
31332;Recipes/Sawmill/register;9911;Dynasty Sofa;3919;;;1;;Sawmill;¦Dynasty Wood¦^¦Silk¦;¦Dynasty Wood¦5^¦Silk¦2;Dynasty Wood¦5^Silk¦2;0
31333;Recipes/Sawmill/register;9911;Dynasty Toilet;4117;;;1;;Sawmill;¦Dynasty Wood¦;¦Dynasty Wood¦6;Dynasty Wood¦6;0
31334;Recipes/Sawmill/register;9911;Dynasty Bed;2231;;;1;;Sawmill;¦Dynasty Wood¦^¦Silk¦;¦Dynasty Wood¦15^¦Silk¦5;Dynasty Wood¦15^Silk¦5;0
31335;Recipes/Sawmill/register;9911;Dynasty Clock;2237;;;1;;Sawmill;¦Any Iron Bar¦^¦Glass¦^¦Dynasty Wood¦;¦Any Iron Bar¦3^¦Dynasty Wood¦10^¦Glass¦6;Any Iron Bar¦3^Glass¦6^Dynasty Wood¦10;0
31336;Recipes/Sawmill/register;9911;Dynasty Bookcase;2233;;;1;;Sawmill;¦Dynasty Wood¦^¦Book¦;¦Book¦10^¦Dynasty Wood¦20;Dynasty Wood¦20^Book¦10;0
31337;Recipes/Sawmill/register;9911;Dynasty Bathtub;2232;;;1;;Sawmill;¦Dynasty Wood¦^¦Any Iron Bar¦;¦Any Iron Bar¦2^¦Dynasty Wood¦14;Dynasty Wood¦14^Any Iron Bar¦2;0
31338;Recipes/Sawmill/register;9911;Cactus Clock;2592;;;1;desktop console mobile;Sawmill;¦Any Iron Bar¦^¦Glass¦^¦Cactus¦;¦Any Iron Bar¦3^¦Cactus¦10^¦Glass¦6;Any Iron Bar¦3^Glass¦6^Cactus¦10;0
31339;Recipes/Sawmill/register;9911;Cactus Bookcase;2020;;;1;desktop console mobile;Sawmill;¦Cactus¦^¦Book¦;¦Book¦10^¦Cactus¦20;Cactus¦20^Book¦10;0
31340;Recipes/Sawmill/register;9911;Cactus Bed;2066;;;1;desktop console mobile;Sawmill;¦Cactus¦^¦Silk¦;¦Cactus¦15^¦Silk¦5;Cactus¦15^Silk¦5;0
31341;Recipes/Sawmill/register;9911;Cactus Bathtub;2072;;;1;desktop console mobile;Sawmill;¦Cactus¦;¦Cactus¦14;Cactus¦14;0
31342;Recipes/Sawmill/register;9911;Cactus Piano;2382;;;1;desktop console mobile;Sawmill;¦Bone¦^¦Cactus¦^¦Book¦;¦Bone¦4^¦Book¦1^¦Cactus¦15;Bone¦4^Cactus¦15^Book¦1;0
31343;Recipes/Sawmill/register;9911;Cactus Dresser;2392;;;1;desktop console mobile;Sawmill;¦Cactus¦;¦Cactus¦16;Cactus¦16;0
31344;Recipes/Sawmill/register;9911;Cactus Sofa;2408;;;1;;Sawmill;¦Cactus¦^¦Silk¦;¦Cactus¦5^¦Silk¦2;Cactus¦5^Silk¦2;0
31345;Recipes/Sawmill/register;9911;Cactus Toilet;4100;;;1;;Sawmill;¦Cactus¦;¦Cactus¦6;Cactus¦6;0
31346;Recipes/Sawmill/register;9911;Pumpkin Bathtub;2661;;;1;desktop console mobile;Sawmill;¦Pumpkin¦;¦Pumpkin¦14;Pumpkin¦14;0
31347;Recipes/Sawmill/register;9911;Pumpkin Bed;2669;;;1;desktop console mobile;Sawmill;¦Pumpkin¦^¦Silk¦;¦Pumpkin¦15^¦Silk¦5;Pumpkin¦15^Silk¦5;0
31348;Recipes/Sawmill/register;9911;Pumpkin Bookcase;2670;;;1;desktop console mobile;Sawmill;¦Pumpkin¦^¦Book¦;¦Book¦10^¦Pumpkin¦20;Pumpkin¦20^Book¦10;0
31349;Recipes/Sawmill/register;9911;Pumpkin Clock;2603;;;1;desktop console mobile;Sawmill;¦Any Iron Bar¦^¦Glass¦^¦Pumpkin¦;¦Any Iron Bar¦3^¦Glass¦6^¦Pumpkin¦10;Any Iron Bar¦3^Glass¦6^Pumpkin¦10;0
31350;Recipes/Sawmill/register;9911;Pumpkin Dresser;2637;;;1;desktop console mobile;Sawmill;¦Pumpkin¦;¦Pumpkin¦16;Pumpkin¦16;0
31351;Recipes/Sawmill/register;9911;Pumpkin Piano;2671;;;1;desktop console mobile;Sawmill;¦Bone¦^¦Pumpkin¦^¦Book¦;¦Bone¦4^¦Book¦1^¦Pumpkin¦15;Bone¦4^Pumpkin¦15^Book¦1;0
31352;Recipes/Sawmill/register;9911;Pumpkin Toilet;4115;;;1;;Sawmill;¦Pumpkin¦;¦Pumpkin¦6;Pumpkin¦6;0
31353;Recipes/Sawmill/register;9911;Pumpkin Sofa;2415;;;1;;Sawmill;¦Pumpkin¦^¦Silk¦;¦Pumpkin¦5^¦Silk¦2;Pumpkin¦5^Silk¦2;0
31354;Recipes/Sawmill/register;9911;Spooky Clock;2605;;;1;;Sawmill;¦Any Iron Bar¦^¦Glass¦^¦Spooky Wood¦;¦Any Iron Bar¦3^¦Glass¦6^¦Spooky Wood¦10;Any Iron Bar¦3^Glass¦6^Spooky Wood¦10;0
31355;Recipes/Sawmill/register;9911;Spooky Bookcase;2028;;;1;;Sawmill;¦Spooky Wood¦^¦Book¦;¦Book¦10^¦Spooky Wood¦20;Spooky Wood¦20^Book¦10;0
31356;Recipes/Sawmill/register;9911;Spooky Bed;2071;;;1;desktop console mobile;Sawmill;¦Spooky Wood¦^¦Silk¦;¦Silk¦5^¦Spooky Wood¦15;Spooky Wood¦15^Silk¦5;0
31357;Recipes/Sawmill/register;9911;Spooky Bathtub;2081;;;1;;Sawmill;¦Spooky Wood¦;¦Spooky Wood¦14;Spooky Wood¦14;0
31358;Recipes/Sawmill/register;9911;Spooky Piano;2383;;;1;desktop console mobile;Sawmill;¦Bone¦^¦Spooky Wood¦^¦Book¦;¦Bone¦4^¦Book¦1^¦Spooky Wood¦15;Bone¦4^Spooky Wood¦15^Book¦1;0
31359;Recipes/Sawmill/register;9911;Spooky Dresser;2393;;;1;desktop console mobile;Sawmill;¦Spooky Wood¦;¦Spooky Wood¦16;Spooky Wood¦16;0
31360;Recipes/Sawmill/register;9911;Spooky Sofa;2409;;;1;;Sawmill;¦Spooky Wood¦^¦Silk¦;¦Silk¦2^¦Spooky Wood¦5;Spooky Wood¦5^Silk¦2;0
31361;Recipes/Sawmill/register;9911;Spooky Toilet;4116;;;1;;Sawmill;¦Spooky Wood¦;¦Spooky Wood¦6;Spooky Wood¦6;0
31362;Recipes/Sawmill/register;9911;Obsidian Toilet;4110;;;1;;Sawmill;¦Obsidian¦^¦Hellstone¦;¦Hellstone¦2^¦Obsidian¦4;Obsidian¦4^Hellstone¦2;0
31363;Recipes/Sawmill/register;9911;Pink Dungeon Toilet;4109;;;1;;Sawmill;¦Pink Brick¦;¦Pink Brick¦6;Pink Brick¦6;0
31364;Recipes/Sawmill/register;9911;Blue Dungeon Toilet;4107;;;1;;Sawmill;¦Blue Brick¦;¦Blue Brick¦6;Blue Brick¦6;0
31365;Recipes/Sawmill/register;9911;Green Dungeon Toilet;4108;;;1;;Sawmill;¦Green Brick¦;¦Green Brick¦6;Green Brick¦6;0
31366;Recipes/Sawmill/register;9911;Picnic Table;4064;;;1;;Sawmill;¦Any Wood¦;¦Any Wood¦12;Any Wood¦12;0
31367;Recipes/Sawmill/register;9911;Fancy Picnic Table;4065;;;1;;Sawmill;¦Any Wood¦^¦Silk¦;¦Any Wood¦12^¦Silk¦3;Any Wood¦12^Silk¦3;0
31368;Recipes/Sawmill/register;9911;Diamond Toilet;4127;;;1;;Sawmill;¦Diamond¦;¦Diamond¦6;Diamond¦6;0
31369;Recipes/Sawmill/register;9911;Meteorite Toilet;4141;;;1;;Sawmill;¦Meteorite Brick¦;¦Meteorite Brick¦6;Meteorite Brick¦6;0
31370;Recipes/Sawmill/register;9911;Aetherium Bathtub;5548;;;1;;Sawmill;¦Aetherium Brick¦;¦Aetherium Brick¦14;Aetherium Brick¦14;0
31371;Recipes/Sawmill/register;9911;Aetherium Bed;5549;;;1;;Sawmill;¦Aetherium Brick¦^¦Silk¦;¦Aetherium Brick¦15^¦Silk¦5;Aetherium Brick¦15^Silk¦5;0
31372;Recipes/Sawmill/register;9911;Aetherium Bookcase;5550;;;1;;Sawmill;¦Aetherium Brick¦^¦Book¦;¦Aetherium Brick¦20^¦Book¦10;Aetherium Brick¦20^Book¦10;0
31373;Recipes/Sawmill/register;9911;Aetherium Dresser;5551;;;1;;Sawmill;¦Aetherium Brick¦;¦Aetherium Brick¦16;Aetherium Brick¦16;0
31374;Recipes/Sawmill/register;9911;Aetherium Clock;5557;;;1;;Sawmill;¦Aetherium Brick¦^¦Any Iron Bar¦^¦Glass¦;¦Aetherium Brick¦10^¦Any Iron Bar¦3^¦Glass¦6;Aetherium Brick¦10^Any Iron Bar¦3^Glass¦6;0
31375;Recipes/Sawmill/register;9911;Aetherium Piano;5561;;;1;;Sawmill;¦Aetherium Brick¦^¦Bone¦^¦Book¦;¦Aetherium Brick¦15^¦Bone¦4^¦Book¦1;Aetherium Brick¦15^Bone¦4^Book¦1;0
31376;Recipes/Sawmill/register;9911;Aetherium Sofa;5564;;;1;;Sawmill;¦Aetherium Brick¦^¦Silk¦;¦Aetherium Brick¦5^¦Silk¦2;Aetherium Brick¦5^Silk¦2;0
31377;Recipes/Sawmill/register;9911;Aetherium Toilet;5568;;;1;;Sawmill;¦Aetherium Brick¦;¦Aetherium Brick¦6;Aetherium Brick¦6;0
31378;Recipes/Sawmill/register;9911;Fallen Star Bathtub;5601;;;1;;Sawmill;¦Fallen Star Block¦;¦Fallen Star Block¦14;Fallen Star Block¦14;0
31379;Recipes/Sawmill/register;9911;Fallen Star Bed;5602;;;1;;Sawmill;¦Fallen Star Block¦^¦Silk¦;¦Fallen Star Block¦15^¦Silk¦5;Fallen Star Block¦15^Silk¦5;0
31380;Recipes/Sawmill/register;9911;Fallen Star Bookcase;5603;;;1;;Sawmill;¦Fallen Star Block¦^¦Book¦;¦Book¦10^¦Fallen Star Block¦20;Fallen Star Block¦20^Book¦10;0
31381;Recipes/Sawmill/register;9911;Fallen Star Dresser;5604;;;1;;Sawmill;¦Fallen Star Block¦;¦Fallen Star Block¦16;Fallen Star Block¦16;0
31382;Recipes/Sawmill/register;9911;Fallen Star Clock;5610;;;1;;Sawmill;¦Fallen Star Block¦^¦Any Iron Bar¦^¦Glass¦;¦Any Iron Bar¦3^¦Fallen Star Block¦10^¦Glass¦6;Fallen Star Block¦10^Any Iron Bar¦3^Glass¦6;0
31383;Recipes/Sawmill/register;9911;Fallen Star Piano;5614;;;1;;Sawmill;¦Fallen Star Block¦^¦Bone¦^¦Book¦;¦Bone¦4^¦Book¦1^¦Fallen Star Block¦15;Fallen Star Block¦15^Bone¦4^Book¦1;0
31384;Recipes/Sawmill/register;9911;Fallen Star Sofa;5617;;;1;;Sawmill;¦Fallen Star Block¦^¦Silk¦;¦Fallen Star Block¦5^¦Silk¦2;Fallen Star Block¦5^Silk¦2;0
31385;Recipes/Sawmill/register;9911;Fallen Star Toilet;5621;;;1;;Sawmill;¦Fallen Star Block¦;¦Fallen Star Block¦6;Fallen Star Block¦6;0
31386;Recipes/Sawmill/register;9911;Hallowed Bathtub;5712;;;1;;Sawmill;¦Hallowed Brick¦;¦Hallowed Brick¦14;Hallowed Brick¦14;0
31387;Recipes/Sawmill/register;9911;Hallowed Bed;5713;;;1;;Sawmill;¦Hallowed Brick¦^¦Silk¦;¦Hallowed Brick¦15^¦Silk¦5;Hallowed Brick¦15^Silk¦5;0
31388;Recipes/Sawmill/register;9911;Hallowed Bookcase;5714;;;1;;Sawmill;¦Hallowed Brick¦^¦Book¦;¦Book¦10^¦Hallowed Brick¦20;Hallowed Brick¦20^Book¦10;0
31389;Recipes/Sawmill/register;9911;Hallowed Dresser;5715;;;1;;Sawmill;¦Hallowed Brick¦;¦Hallowed Brick¦16;Hallowed Brick¦16;0
31390;Recipes/Sawmill/register;9911;Hallowed Clock;5721;;;1;;Sawmill;¦Hallowed Brick¦^¦Any Iron Bar¦^¦Glass¦;¦Any Iron Bar¦3^¦Glass¦6^¦Hallowed Brick¦10;Hallowed Brick¦10^Any Iron Bar¦3^Glass¦6;0
31391;Recipes/Sawmill/register;9911;Hallowed Piano;5725;;;1;;Sawmill;¦Hallowed Brick¦^¦Bone¦^¦Book¦;¦Bone¦4^¦Book¦1^¦Hallowed Brick¦15;Hallowed Brick¦15^Bone¦4^Book¦1;0
31392;Recipes/Sawmill/register;9911;Hallowed Sofa;5728;;;1;;Sawmill;¦Hallowed Brick¦^¦Silk¦;¦Hallowed Brick¦5^¦Silk¦2;Hallowed Brick¦5^Silk¦2;0
31393;Recipes/Sawmill/register;9911;Hallowed Toilet;5732;;;1;;Sawmill;¦Hallowed Brick¦;¦Hallowed Brick¦6;Hallowed Brick¦6;0
31394;Recipes/Sawmill/register;9911;Demonite Bathtub;5756;;;1;;Sawmill;¦Demonite Brick¦;¦Demonite Brick¦14;Demonite Brick¦14;0
31395;Recipes/Sawmill/register;9911;Demonite Bed;5757;;;1;;Sawmill;¦Demonite Brick¦^¦Silk¦;¦Demonite Brick¦15^¦Silk¦5;Demonite Brick¦15^Silk¦5;0
31396;Recipes/Sawmill/register;9911;Demonite Bookcase;5758;;;1;;Sawmill;¦Demonite Brick¦^¦Book¦;¦Book¦10^¦Demonite Brick¦20;Demonite Brick¦20^Book¦10;0
31397;Recipes/Sawmill/register;9911;Demonite Dresser;5766;;;1;;Sawmill;¦Demonite Brick¦;¦Demonite Brick¦16;Demonite Brick¦16;0
31398;Recipes/Sawmill/register;9911;Demonite Clock;5764;;;1;;Sawmill;¦Demonite Brick¦^¦Any Iron Bar¦^¦Glass¦;¦Any Iron Bar¦3^¦Demonite Brick¦10^¦Glass¦6;Demonite Brick¦10^Any Iron Bar¦3^Glass¦6;0
31399;Recipes/Sawmill/register;9911;Demonite Piano;5769;;;1;;Sawmill;¦Demonite Brick¦^¦Bone¦^¦Book¦;¦Bone¦4^¦Book¦1^¦Demonite Brick¦15;Demonite Brick¦15^Bone¦4^Book¦1;0
31400;Recipes/Sawmill/register;9911;Demonite Sofa;5772;;;1;;Sawmill;¦Demonite Brick¦^¦Silk¦;¦Demonite Brick¦5^¦Silk¦2;Demonite Brick¦5^Silk¦2;0
31401;Recipes/Sawmill/register;9911;Demonite Toilet;5774;;;1;;Sawmill;¦Demonite Brick¦;¦Demonite Brick¦6;Demonite Brick¦6;0
31402;Recipes/Sawmill/register;9911;Crimtane Bathtub;5777;;;1;;Sawmill;¦Crimtane Brick¦;¦Crimtane Brick¦14;Crimtane Brick¦14;0
31403;Recipes/Sawmill/register;9911;Crimtane Bed;5778;;;1;;Sawmill;¦Crimtane Brick¦^¦Silk¦;¦Crimtane Brick¦15^¦Silk¦5;Crimtane Brick¦15^Silk¦5;0
31404;Recipes/Sawmill/register;9911;Crimtane Bookcase;5779;;;1;;Sawmill;¦Crimtane Brick¦^¦Book¦;¦Book¦10^¦Crimtane Brick¦20;Crimtane Brick¦20^Book¦10;0
31405;Recipes/Sawmill/register;9911;Crimtane Dresser;5787;;;1;;Sawmill;¦Crimtane Brick¦;¦Crimtane Brick¦16;Crimtane Brick¦16;0
31406;Recipes/Sawmill/register;9911;Crimtane Clock;5785;;;1;;Sawmill;¦Crimtane Brick¦^¦Any Iron Bar¦^¦Glass¦;¦Any Iron Bar¦3^¦Crimtane Brick¦10^¦Glass¦6;Crimtane Brick¦10^Any Iron Bar¦3^Glass¦6;0
31407;Recipes/Sawmill/register;9911;Crimtane Piano;5790;;;1;;Sawmill;¦Crimtane Brick¦^¦Bone¦^¦Book¦;¦Bone¦4^¦Book¦1^¦Crimtane Brick¦15;Crimtane Brick¦15^Bone¦4^Book¦1;0
31408;Recipes/Sawmill/register;9911;Crimtane Sofa;5793;;;1;;Sawmill;¦Crimtane Brick¦^¦Silk¦;¦Crimtane Brick¦5^¦Silk¦2;Crimtane Brick¦5^Silk¦2;0
31409;Recipes/Sawmill/register;9911;Crimtane Toilet;5795;;;1;;Sawmill;¦Crimtane Brick¦;¦Crimtane Brick¦6;Crimtane Brick¦6;0
31410;Recipes/Sawmill/register;9911;Flinx Fur Bathtub;5819;;;1;;Sawmill;¦Flinx Fur Block¦;¦Flinx Fur Block¦14;Flinx Fur Block¦14;0
31411;Recipes/Sawmill/register;9911;Flinx Fur Bed;5820;;;1;;Sawmill;¦Flinx Fur Block¦^¦Silk¦;¦Flinx Fur Block¦15^¦Silk¦5;Flinx Fur Block¦15^Silk¦5;0
31412;Recipes/Sawmill/register;9911;Flinx Fur Bookcase;5821;;;1;;Sawmill;¦Flinx Fur Block¦^¦Book¦;¦Book¦10^¦Flinx Fur Block¦20;Flinx Fur Block¦20^Book¦10;0
31413;Recipes/Sawmill/register;9911;Flinx Fur Dresser;5829;;;1;;Sawmill;¦Flinx Fur Block¦;¦Flinx Fur Block¦16;Flinx Fur Block¦16;0
31414;Recipes/Sawmill/register;9911;Flinx Fur Clock;5827;;;1;;Sawmill;¦Flinx Fur Block¦^¦Any Iron Bar¦^¦Glass¦;¦Any Iron Bar¦3^¦Flinx Fur Block¦10^¦Glass¦6;Flinx Fur Block¦10^Any Iron Bar¦3^Glass¦6;0
31415;Recipes/Sawmill/register;9911;Flinx Fur Piano;5832;;;1;;Sawmill;¦Flinx Fur Block¦^¦Bone¦^¦Book¦;¦Bone¦4^¦Book¦1^¦Flinx Fur Block¦15;Flinx Fur Block¦15^Bone¦4^Book¦1;0
31416;Recipes/Sawmill/register;9911;Flinx Fur Sofa;5835;;;1;;Sawmill;¦Flinx Fur Block¦^¦Silk¦;¦Flinx Fur Block¦5^¦Silk¦2;Flinx Fur Block¦5^Silk¦2;0
31417;Recipes/Sawmill/register;9911;Flinx Fur Toilet;5837;;;1;;Sawmill;¦Flinx Fur Block¦;¦Flinx Fur Block¦6;Flinx Fur Block¦6;0
31418;Recipes/Sawmill/register;9911;Pine Bathtub;5840;;;1;;Sawmill;¦Pine Tree Block¦;¦Pine Tree Block¦14;Pine Tree Block¦14;0
31419;Recipes/Sawmill/register;9911;Pine Bed;5841;;;1;;Sawmill;¦Pine Tree Block¦^¦Silk¦;¦Pine Tree Block¦15^¦Silk¦5;Pine Tree Block¦15^Silk¦5;0
31420;Recipes/Sawmill/register;9911;Pine Bookcase;5842;;;1;;Sawmill;¦Pine Tree Block¦^¦Book¦;¦Book¦10^¦Pine Tree Block¦20;Pine Tree Block¦20^Book¦10;0
31421;Recipes/Sawmill/register;9911;Pine Dresser;5848;;;1;;Sawmill;¦Pine Tree Block¦;¦Pine Tree Block¦16;Pine Tree Block¦16;0
31422;Recipes/Sawmill/register;9911;Pine Clock;5847;;;1;;Sawmill;¦Pine Tree Block¦^¦Any Iron Bar¦^¦Glass¦;¦Any Iron Bar¦3^¦Glass¦6^¦Pine Tree Block¦10;Pine Tree Block¦10^Any Iron Bar¦3^Glass¦6;0
31423;Recipes/Sawmill/register;9911;Pine Piano;5851;;;1;;Sawmill;¦Pine Tree Block¦^¦Bone¦^¦Book¦;¦Bone¦4^¦Book¦1^¦Pine Tree Block¦15;Pine Tree Block¦15^Bone¦4^Book¦1;0
31424;Recipes/Sawmill/register;9911;Pine Sofa;5854;;;1;;Sawmill;¦Pine Tree Block¦^¦Silk¦;¦Pine Tree Block¦5^¦Silk¦2;Pine Tree Block¦5^Silk¦2;0
31425;Recipes/Sawmill/register;9911;Pine Toilet;5855;;;1;;Sawmill;¦Pine Tree Block¦;¦Pine Tree Block¦6;Pine Tree Block¦6;0
31426;Recipes/Sawmill/register;9911;Pine Bathtub;5840;;;1;;Sawmill;¦Pine Wood¦;¦Pine Wood¦14;Pine Wood¦14;0
31427;Recipes/Sawmill/register;9911;Pine Bed;5841;;;1;;Sawmill;¦Pine Wood¦^¦Silk¦;¦Pine Wood¦15^¦Silk¦5;Pine Wood¦15^Silk¦5;0
31428;Recipes/Sawmill/register;9911;Pine Bookcase;5842;;;1;;Sawmill;¦Pine Wood¦^¦Book¦;¦Book¦10^¦Pine Wood¦20;Pine Wood¦20^Book¦10;0
31429;Recipes/Sawmill/register;9911;Pine Dresser;5848;;;1;;Sawmill;¦Pine Wood¦;¦Pine Wood¦16;Pine Wood¦16;0
31430;Recipes/Sawmill/register;9911;Pine Clock;5847;;;1;;Sawmill;¦Pine Wood¦^¦Any Iron Bar¦^¦Glass¦;¦Any Iron Bar¦3^¦Glass¦6^¦Pine Wood¦10;Pine Wood¦10^Any Iron Bar¦3^Glass¦6;0
31431;Recipes/Sawmill/register;9911;Pine Piano;5851;;;1;;Sawmill;¦Pine Wood¦^¦Bone¦^¦Book¦;¦Bone¦4^¦Book¦1^¦Pine Wood¦15;Pine Wood¦15^Bone¦4^Book¦1;0
31432;Recipes/Sawmill/register;9911;Pine Sofa;5854;;;1;;Sawmill;¦Pine Wood¦^¦Silk¦;¦Pine Wood¦5^¦Silk¦2;Pine Wood¦5^Silk¦2;0
31433;Recipes/Sawmill/register;9911;Pine Toilet;5855;;;1;;Sawmill;¦Pine Wood¦;¦Pine Wood¦6;Pine Wood¦6;0
31434;Recipes/Sawmill/register;9911;Easter Bathtub;5858;;;1;;Sawmill;¦Easter Block¦;¦Easter Block¦14;Easter Block¦14;0
31435;Recipes/Sawmill/register;9911;Easter Bed;5859;;;1;;Sawmill;¦Easter Block¦^¦Silk¦;¦Easter Block¦15^¦Silk¦5;Easter Block¦15^Silk¦5;0
31436;Recipes/Sawmill/register;9911;Easter Bookcase;5860;;;1;;Sawmill;¦Easter Block¦^¦Book¦;¦Book¦10^¦Easter Block¦20;Easter Block¦20^Book¦10;0
31437;Recipes/Sawmill/register;9911;Easter Dresser;5868;;;1;;Sawmill;¦Easter Block¦;¦Easter Block¦16;Easter Block¦16;0
31438;Recipes/Sawmill/register;9911;Easter Clock;5866;;;1;;Sawmill;¦Easter Block¦^¦Any Iron Bar¦^¦Glass¦;¦Any Iron Bar¦3^¦Easter Block¦10^¦Glass¦6;Easter Block¦10^Any Iron Bar¦3^Glass¦6;0
31439;Recipes/Sawmill/register;9911;Easter Piano;5871;;;1;;Sawmill;¦Easter Block¦^¦Bone¦^¦Book¦;¦Bone¦4^¦Book¦1^¦Easter Block¦15;Easter Block¦15^Bone¦4^Book¦1;0
31440;Recipes/Sawmill/register;9911;Easter Sofa;5874;;;1;;Sawmill;¦Easter Block¦^¦Silk¦;¦Easter Block¦5^¦Silk¦2;Easter Block¦5^Silk¦2;0
31441;Recipes/Sawmill/register;9911;Easter Toilet;5876;;;1;;Sawmill;¦Easter Block¦;¦Easter Block¦6;Easter Block¦6;0
31442;Recipes/Sawmill/register;9911;Jellyfish Bathtub;5898;;;1;;Sawmill;¦Jellyfish Block¦;¦Jellyfish Block¦14;Jellyfish Block¦14;0
31443;Recipes/Sawmill/register;9911;Jellyfish Bed;5899;;;1;;Sawmill;¦Jellyfish Block¦^¦Silk¦;¦Jellyfish Block¦15^¦Silk¦5;Jellyfish Block¦15^Silk¦5;0
31444;Recipes/Sawmill/register;9911;Jellyfish Bookcase;5900;;;1;;Sawmill;¦Jellyfish Block¦^¦Book¦;¦Book¦10^¦Jellyfish Block¦20;Jellyfish Block¦20^Book¦10;0
31445;Recipes/Sawmill/register;9911;Jellyfish Dresser;5908;;;1;;Sawmill;¦Jellyfish Block¦;¦Jellyfish Block¦16;Jellyfish Block¦16;0
31446;Recipes/Sawmill/register;9911;Jellyfish Clock;5906;;;1;;Sawmill;¦Jellyfish Block¦^¦Any Iron Bar¦^¦Glass¦;¦Any Iron Bar¦3^¦Glass¦6^¦Jellyfish Block¦10;Jellyfish Block¦10^Any Iron Bar¦3^Glass¦6;0
31447;Recipes/Sawmill/register;9911;Jellyfish Piano;5911;;;1;;Sawmill;¦Jellyfish Block¦^¦Bone¦^¦Book¦;¦Bone¦4^¦Book¦1^¦Jellyfish Block¦15;Jellyfish Block¦15^Bone¦4^Book¦1;0
31448;Recipes/Sawmill/register;9911;Jellyfish Sofa;5914;;;1;;Sawmill;¦Jellyfish Block¦^¦Silk¦;¦Jellyfish Block¦5^¦Silk¦2;Jellyfish Block¦5^Silk¦2;0
31449;Recipes/Sawmill/register;9911;Jellyfish Toilet;5916;;;1;;Sawmill;¦Jellyfish Block¦;¦Jellyfish Block¦6;Jellyfish Block¦6;0
31450;Recipes/Sawmill/register;9911;Spike Bathtub;6021;;;1;;Sawmill;¦Spike Block¦;¦Spike Block¦14;Spike Block¦14;0
31451;Recipes/Sawmill/register;9911;Spike Bed;6022;;;1;;Sawmill;¦Spike Block¦^¦Silk¦;¦Silk¦5^¦Spike Block¦15;Spike Block¦15^Silk¦5;0
31452;Recipes/Sawmill/register;9911;Spike Bookcase;6023;;;1;;Sawmill;¦Spike Block¦^¦Book¦;¦Book¦10^¦Spike Block¦20;Spike Block¦20^Book¦10;0
31453;Recipes/Sawmill/register;9911;Spike Dresser;6031;;;1;;Sawmill;¦Spike Block¦;¦Spike Block¦16;Spike Block¦16;0
31454;Recipes/Sawmill/register;9911;Spike Clock;6029;;;1;;Sawmill;¦Spike Block¦^¦Any Iron Bar¦^¦Glass¦;¦Any Iron Bar¦3^¦Glass¦6^¦Spike Block¦10;Spike Block¦10^Any Iron Bar¦3^Glass¦6;0
31455;Recipes/Sawmill/register;9911;Spike Piano;6034;;;1;;Sawmill;¦Spike Block¦^¦Bone¦^¦Book¦;¦Bone¦4^¦Book¦1^¦Spike Block¦15;Spike Block¦15^Bone¦4^Book¦1;0
31456;Recipes/Sawmill/register;9911;Spike Sofa;6037;;;1;;Sawmill;¦Spike Block¦^¦Silk¦;¦Silk¦2^¦Spike Block¦5;Spike Block¦5^Silk¦2;0
31457;Recipes/Sawmill/register;9911;Spike Toilet;6039;;;1;;Sawmill;¦Spike Block¦;¦Spike Block¦6;Spike Block¦6;0
31458;Recipes/Sawmill/register;9911;Office Bathtub;6044;;;1;;Sawmill;¦Office Block¦;¦Office Block¦14;Office Block¦14;0
31459;Recipes/Sawmill/register;9911;Office Bed;6045;;;1;;Sawmill;¦Office Block¦^¦Silk¦;¦Office Block¦15^¦Silk¦5;Office Block¦15^Silk¦5;0
31460;Recipes/Sawmill/register;9911;Office Bookcase;6046;;;1;;Sawmill;¦Office Block¦^¦Book¦;¦Book¦10^¦Office Block¦20;Office Block¦20^Book¦10;0
31461;Recipes/Sawmill/register;9911;Office Dresser;6054;;;1;;Sawmill;¦Office Block¦;¦Office Block¦16;Office Block¦16;0
31462;Recipes/Sawmill/register;9911;Office Clock;6052;;;1;;Sawmill;¦Office Block¦^¦Any Iron Bar¦^¦Glass¦;¦Any Iron Bar¦3^¦Glass¦6^¦Office Block¦10;Office Block¦10^Any Iron Bar¦3^Glass¦6;0
31463;Recipes/Sawmill/register;9911;Office Piano;6057;;;1;;Sawmill;¦Office Block¦^¦Bone¦^¦Book¦;¦Bone¦4^¦Book¦1^¦Office Block¦15;Office Block¦15^Bone¦4^Book¦1;0
31464;Recipes/Sawmill/register;9911;Office Sofa;6060;;;1;;Sawmill;¦Office Block¦^¦Silk¦;¦Office Block¦5^¦Silk¦2;Office Block¦5^Silk¦2;0
31465;Recipes/Sawmill/register;9911;Office Toilet;6062;;;1;;Sawmill;¦Office Block¦;¦Office Block¦6;Office Block¦6;0
31466;Recipes/Sawmill/register;9911;Forbidden Bathtub;6067;;;1;;Sawmill;¦Forbidden Block¦;¦Forbidden Block¦14;Forbidden Block¦14;0
31467;Recipes/Sawmill/register;9911;Forbidden Bed;6068;;;1;;Sawmill;¦Forbidden Block¦^¦Silk¦;¦Forbidden Block¦15^¦Silk¦5;Forbidden Block¦15^Silk¦5;0
31468;Recipes/Sawmill/register;9911;Forbidden Bookcase;6069;;;1;;Sawmill;¦Forbidden Block¦^¦Book¦;¦Book¦10^¦Forbidden Block¦20;Forbidden Block¦20^Book¦10;0
31469;Recipes/Sawmill/register;9911;Forbidden Dresser;6077;;;1;;Sawmill;¦Forbidden Block¦;¦Forbidden Block¦16;Forbidden Block¦16;0
31470;Recipes/Sawmill/register;9911;Forbidden Clock;6075;;;1;;Sawmill;¦Forbidden Block¦^¦Any Iron Bar¦^¦Glass¦;¦Any Iron Bar¦3^¦Forbidden Block¦10^¦Glass¦6;Forbidden Block¦10^Any Iron Bar¦3^Glass¦6;0
31471;Recipes/Sawmill/register;9911;Forbidden Piano;6080;;;1;;Sawmill;¦Forbidden Block¦^¦Bone¦^¦Book¦;¦Bone¦4^¦Book¦1^¦Forbidden Block¦15;Forbidden Block¦15^Bone¦4^Book¦1;0
31472;Recipes/Sawmill/register;9911;Forbidden Sofa;6083;;;1;;Sawmill;¦Forbidden Block¦^¦Silk¦;¦Forbidden Block¦5^¦Silk¦2;Forbidden Block¦5^Silk¦2;0
31473;Recipes/Sawmill/register;9911;Forbidden Toilet;6085;;;1;;Sawmill;¦Forbidden Block¦;¦Forbidden Block¦6;Forbidden Block¦6;0
31474;Recipes/Sawmill/register;9911;Aquarium Bathtub;6090;;;1;;Sawmill;¦Aquarium Block¦;¦Aquarium Block¦14;Aquarium Block¦14;0
31475;Recipes/Sawmill/register;9911;Aquarium Bed;6091;;;1;;Sawmill;¦Aquarium Block¦^¦Silk¦;¦Aquarium Block¦15^¦Silk¦5;Aquarium Block¦15^Silk¦5;0
31476;Recipes/Sawmill/register;9911;Aquarium Bookcase;6092;;;1;;Sawmill;¦Aquarium Block¦^¦Book¦;¦Aquarium Block¦20^¦Book¦10;Aquarium Block¦20^Book¦10;0
31477;Recipes/Sawmill/register;9911;Aquarium Dresser;6099;;;1;;Sawmill;¦Aquarium Block¦;¦Aquarium Block¦16;Aquarium Block¦16;0
31478;Recipes/Sawmill/register;9911;Aquarium Clock;6097;;;1;;Sawmill;¦Aquarium Block¦^¦Any Iron Bar¦^¦Glass¦;¦Any Iron Bar¦3^¦Aquarium Block¦10^¦Glass¦6;Aquarium Block¦10^Any Iron Bar¦3^Glass¦6;0
31479;Recipes/Sawmill/register;9911;Aquarium Piano;6102;;;1;;Sawmill;¦Aquarium Block¦^¦Bone¦^¦Book¦;¦Aquarium Block¦15^¦Bone¦4^¦Book¦1;Aquarium Block¦15^Bone¦4^Book¦1;0
31480;Recipes/Sawmill/register;9911;Aquarium Sofa;6105;;;1;;Sawmill;¦Aquarium Block¦^¦Silk¦;¦Aquarium Block¦5^¦Silk¦2;Aquarium Block¦5^Silk¦2;0
31481;Recipes/Sawmill/register;9911;Aquarium Toilet;6107;;;1;;Sawmill;¦Aquarium Block¦;¦Aquarium Block¦6;Aquarium Block¦6;0
31482;Recipes/Solidifier/register;8158;Slime Bathtub;2567;;;1;;Solidifier;¦Slime Block¦;¦Slime Block¦14;Slime Block¦14;0
31483;Recipes/Solidifier/register;8158;Slime Bed;2568;;;1;;Solidifier;¦Slime Block¦^¦Silk¦;¦Silk¦5^¦Slime Block¦15;Slime Block¦15^Silk¦5;0
31484;Recipes/Solidifier/register;8158;Slime Bookcase;2569;;;1;;Solidifier;¦Slime Block¦^¦Book¦;¦Book¦10^¦Slime Block¦20;Slime Block¦20^Book¦10;0
31485;Recipes/Solidifier/register;8158;Slime Candelabra;2570;;;1;;Solidifier;¦Slime Block¦^¦Torch¦;¦Slime Block¦5^¦Torch¦3;Slime Block¦5^Torch¦3;0
31486;Recipes/Solidifier/register;8158;Slime Candle;2571;;;1;;Solidifier;¦Slime Block¦^¦Torch¦;¦Slime Block¦4^¦Torch¦1;Slime Block¦4^Torch¦1;0
31487;Recipes/Solidifier/register;8158;Slime Chair;2572;;;1;;Solidifier;¦Slime Block¦;¦Slime Block¦4;Slime Block¦4;0
31488;Recipes/Solidifier/register;8158;Slime Chandelier;2573;;;1;;Solidifier;¦Slime Block¦^¦Torch¦^¦Chain¦;¦Chain¦1^¦Slime Block¦4^¦Torch¦4;Slime Block¦4^Torch¦4^Chain¦1;0
31489;Recipes/Solidifier/register;8158;Slime Chest;2574;;;1;;Solidifier;¦Slime Block¦^¦Any Iron Bar¦;¦Any Iron Bar¦2^¦Slime Block¦8;Slime Block¦8^Any Iron Bar¦2;0
31490;Recipes/Solidifier/register;8158;Slime Clock;2575;;;1;;Solidifier;¦Any Iron Bar¦^¦Glass¦^¦Slime Block¦;¦Any Iron Bar¦3^¦Glass¦6^¦Slime Block¦10;Any Iron Bar¦3^Glass¦6^Slime Block¦10;0
31491;Recipes/Solidifier/register;8158;Slime Door;2576;;;1;;Solidifier;¦Slime Block¦;¦Slime Block¦6;Slime Block¦6;0
31492;Recipes/Solidifier/register;8158;Slime Dresser;2577;;;1;;Solidifier;¦Slime Block¦;¦Slime Block¦16;Slime Block¦16;0
31493;Recipes/Solidifier/register;8158;Slime Lamp;2578;;;1;;Solidifier;¦Torch¦^¦Slime Block¦;¦Slime Block¦3^¦Torch¦1;Torch¦1^Slime Block¦3;0
31494;Recipes/Solidifier/register;8158;Slime Lantern;2579;;;1;;Solidifier;¦Slime Block¦^¦Torch¦;¦Slime Block¦6^¦Torch¦1;Slime Block¦6^Torch¦1;0
31495;Recipes/Solidifier/register;8158;Slime Piano;2580;;;1;;Solidifier;¦Bone¦^¦Slime Block¦^¦Book¦;¦Bone¦4^¦Book¦1^¦Slime Block¦15;Bone¦4^Slime Block¦15^Book¦1;0
31496;Recipes/Solidifier/register;8158;Slime Sofa;2582;;;1;;Solidifier;¦Slime Block¦^¦Silk¦;¦Silk¦2^¦Slime Block¦5;Slime Block¦5^Silk¦2;0
31497;Recipes/Solidifier/register;8158;Slime Sink;2853;;;1;;Solidifier;¦Slime Block¦^¦Water Bucket¦;¦Slime Block¦6^¦Water Bucket¦1;Slime Block¦6^Water Bucket¦1;0
31498;Recipes/Solidifier/register;8158;Slime Toilet;4120;;;1;;Solidifier;¦Slime Block¦;¦Slime Block¦6;Slime Block¦6;0
31499;Recipes/Solidifier/register;8158;Slime Table;2583;;;1;;Solidifier;¦Slime Block¦;¦Slime Block¦8;Slime Block¦8;0
31500;Recipes/Solidifier/register;8158;Slime Work Bench;815;;;1;desktop console mobile;Solidifier;¦Slime Block¦;¦Slime Block¦10;Slime Block¦10;0
31501;Recipes/Solidifier/register;8158;Slime Block;762;;;1;;Solidifier;¦Gel¦;¦Gel¦1;Gel¦1;0
31502;Recipes/Solidifier/register;8158;Frozen Slime Block;767;;;1;;Solidifier;¦Slime Block¦^¦Ice Block¦;¦Ice Block¦1^¦Slime Block¦1;Slime Block¦1^Ice Block¦1;0
31503;Recipes/Solidifier/register;8158;Pink Slime Block;3113;;;1;;Solidifier;¦Pink Gel¦;¦Pink Gel¦1;Pink Gel¦1;0
31504;Recipes/Solidifier/register;8158;Hardened Sand Block;3272;;;1;;Solidifier;¦Sand Block¦^¦Dirt Block¦;¦Dirt Block¦1^¦Sand Block¦1;Sand Block¦1^Dirt Block¦1;0
31505;Recipes/Solidifier/register;8158;Sandstone Block;3271;;;1;;Solidifier;¦Sand Block¦^¦Stone Block¦;¦Sand Block¦1^¦Stone Block¦1;Sand Block¦1^Stone Block¦1;0
31506;Recipes/Solidifier/register;8158;Slime Spear;5687;;;1;;Solidifier;¦Gel¦;¦Gel¦50;Gel¦50;0
31507;Recipes/Solidifier/register;8158;Slime Whip;5688;;;1;;Solidifier;¦Gel¦;¦Gel¦50;Gel¦50;0
32702;Recipes/Water/register;11311;Bottled Water;126;;;1;;Water;¦Bottle¦;¦Bottle¦1;Bottle¦1;0
32703;Recipes/Water/register;11311;Wet Rocket;4447;;;1;;Water;¦Dry Rocket¦;¦Dry Rocket¦1;Dry Rocket¦1;0
32704;Recipes/Water/register;11311;Wet Bomb;4824;;;1;;Water;¦Dry Bomb¦;¦Dry Bomb¦1;Dry Bomb¦1;0
32705;Recipes/Water/register;11311;Coralstone Block;2435;;;5;desktop console mobile;Water;¦Stone Block¦^¦Coral¦;¦Coral¦1^¦Stone Block¦5;Stone Block¦5^Coral¦1;0
32706;Recipes/Water/register;11311;Reef Block;5306;;;15;;Water;¦Stone Block¦^¦Coral¦^¦Any Seashell or Starfish¦;¦Any Seashell or Starfish¦1^¦Coral¦1^¦Stone Block¦15;Stone Block¦15^Coral¦1^Any Seashell or Starfish¦1;0
32707;Recipes/Water/register;11311;Mud Block;176;;;1;;Water;¦Dirt Block¦;¦Dirt Block¦1;Dirt Block¦1;0
34650;Legacy:Recipes/Work Bench/register;66669;Pine Door;1924;Pine Door (old).png;;1;old-gen;Work Bench;¦Pine Tree Block¦;¦Pine Tree Block¦6;Pine Tree Block#i:old¦6;1
34651;Legacy:Recipes/Work Bench/register;66669;Pine Chair;1925;Pine Chair (old).png;;1;old-gen;Work Bench;¦Pine Tree Block¦;¦Pine Tree Block¦4;Pine Tree Block#i:old¦4;1
34652;Legacy:Recipes/Work Bench/register;66669;Pine Table;1926;Pine Table (old).png;;1;old-gen;Work Bench;¦Pine Tree Block¦;¦Pine Tree Block¦8;Pine Tree Block#i:old¦8;1
34653;Legacy:Recipes/Work Bench/register;66669;Pumpkin Clock;2603;;;1;old-gen;Work Bench;¦Any Iron Bar¦^¦Glass¦^¦Pumpkin¦;¦Any Iron Bar¦3^¦Glass¦6^¦Pumpkin¦10;Any Iron Bar¦3^Glass¦6^Pumpkin¦10;1
34654;Legacy:Recipes/Work Bench/register;66669;Goggles;37;;;1;old-gen;Work Bench and Chair;¦Lens¦;¦Lens¦2;Lens¦2;1
34655;Legacy:Recipes/Work Bench/register;66669;Sunglasses;237;;;1;old-gen;Work Bench and Chair;¦Black Lens¦;¦Black Lens¦2;Black Lens¦2;1
34656;Legacy:Recipes/Work Bench/register;66669;Mushroom Platform;2549;;;2;old-gen;Work Bench;¦Glowing Mushroom¦;¦Glowing Mushroom¦1;Glowing Mushroom¦1;1
34657;Legacy:Recipes/Work Bench/register;66669;Glowing Mushroom;183;;;1;old-gen;Work Bench;¦Mushroom Platform¦;¦Mushroom Platform¦2;Mushroom Platform¦2;1
34658;Legacy:Recipes/Work Bench/register;66669;Honey Bed;1721;;;1;3ds;Work Bench;¦Crispy Honey Block¦^¦Silk¦;¦Crispy Honey Block¦15^¦Silk¦5;Crispy Honey Block#i:old¦15^Silk#i:old¦5;1
34659;Legacy:Recipes/Work Bench/register;66669;Bone;154;Bone (old).png;;1;3ds;Work Bench;¦Bone Block Wall¦;¦Bone Block Wall¦4;Bone Block Wall¦4;1
34660;Legacy:Recipes/Work Bench/register;66669;Bone Block Wall;768;;;4;3ds;Work Bench;¦Bone¦;¦Bone¦1;Bone#i:old¦1;1
34661;Legacy:Recipes/Work Bench/register;66669;Pumpkin Dresser;2637;;;1;old-gen;Work Bench;¦Pumpkin¦;¦Pumpkin¦16;Pumpkin¦16;1
34662;Legacy:Recipes/Work Bench/register;66669;Cactus Piano;2382;;;1;old-gen 3ds;Work Bench;¦Bone¦^¦Cactus¦^¦Book¦;¦Bone¦4^¦Book¦1^¦Cactus¦15;Bone¦4^Cactus¦15^Book¦1;1
34663;Legacy:Recipes/Work Bench/register;66669;Cactus Chandelier;2055;;;1;old-gen 3ds;Work Bench;¦Cactus¦^¦Torch¦^¦Chain¦;¦Cactus¦4^¦Chain¦1^¦Torch¦4;Cactus¦4^Torch¦4^Chain¦1;1
34664;Legacy:Recipes/Work Bench/register;66669;Cactus Dresser;2392;;;1;old-gen;Work Bench;¦Cactus¦;¦Cactus¦16;Cactus¦16;1
34665;Legacy:Recipes/Work Bench/register;66669;Pumpkin Platform;1796;;;2;old-gen 3ds;Work Bench;¦Pumpkin¦;¦Pumpkin¦1;Pumpkin¦1;1
34666;Legacy:Recipes/Work Bench/register;66669;Pumpkin;1725;;;1;old-gen 3ds;Work Bench;¦Pumpkin Platform¦;¦Pumpkin Platform¦2;Pumpkin Platform¦2;1
34667;Legacy:Recipes/Work Bench/register;66669;Cactus Platform;2744;;;2;old-gen 3ds;Work Bench;¦Cactus¦;¦Cactus¦1;Cactus¦1;1
34668;Legacy:Recipes/Work Bench/register;66669;Cactus;276;;;1;old-gen 3ds;Work Bench;¦Cactus Platform¦;¦Cactus Platform¦2;Cactus Platform¦2;1
34669;Legacy:Recipes/Work Bench/register;66669;Wooden Arrow;40;;;5;old-gen 3ds;Work Bench;¦Any Wood¦^¦Stone Block¦;¦Any Wood¦1^¦Stone Block¦1;Any Wood¦1^Stone Block¦1;1
34670;Legacy:Recipes/Work Bench/register;66669;Sashimi;2427;;;1;old-gen 3ds;Work Bench;¦Trout¦;¦Trout¦1;Trout¦1;1
34671;Legacy:Recipes/Work Bench/register;66669;Cactus Clock;2592;;;1;old-gen 3ds;Work Bench;¦Any Iron Bar¦^¦Glass¦^¦Cactus¦;¦Any Iron Bar¦3^¦Cactus¦10^¦Glass¦6;Any Iron Bar¦3^Glass¦6^Cactus¦10;1
34672;Legacy:Recipes/Work Bench/register;66669;Cactus Bookcase;2020;;;1;old-gen 3ds;Work Bench;¦Cactus¦^¦Book¦;¦Book¦10^¦Cactus¦20;Cactus¦20^Book¦10;1
34673;Legacy:Recipes/Work Bench/register;66669;Cactus Bed;2066;;;1;old-gen 3ds;Work Bench;¦Cactus¦^¦Silk¦;¦Cactus¦15^¦Silk¦5;Cactus¦15^Silk¦5;1
34674;Legacy:Recipes/Work Bench/register;66669;Cactus Bathtub;2072;;;1;old-gen 3ds;Work Bench;¦Cactus¦;¦Cactus¦14;Cactus¦14;1
34675;Legacy:Recipes/Work Bench/register;66669;Mushroom Clock;2599;;;1;old-gen 3ds;Work Bench;¦Any Iron Bar¦^¦Glass¦^¦Glowing Mushroom¦;¦Any Iron Bar¦3^¦Glass¦6^¦Glowing Mushroom¦10;Any Iron Bar¦3^Glass¦6^Glowing Mushroom¦10;1
34676;Legacy:Recipes/Work Bench/register;66669;Pumpkin Bathtub;2661;;;1;old-gen;Work Bench;¦Pumpkin¦;¦Pumpkin¦14;Pumpkin¦14;1
34677;Legacy:Recipes/Work Bench/register;66669;Pumpkin Bed;2669;;;1;old-gen;Work Bench;¦Pumpkin¦^¦Silk¦;¦Pumpkin¦15^¦Silk¦5;Pumpkin¦15^Silk¦5;1
34678;Legacy:Recipes/Work Bench/register;66669;Pumpkin Bookcase;2670;;;1;old-gen;Work Bench;¦Pumpkin¦^¦Book¦;¦Book¦10^¦Pumpkin¦20;Pumpkin¦20^Book¦10;1
34679;Legacy:Recipes/Work Bench/register;66669;Pumpkin Piano;2671;;;1;old-gen;Work Bench;¦Bone¦^¦Pumpkin¦^¦Book¦;¦Bone¦4^¦Book¦1^¦Pumpkin¦15;Bone¦4^Pumpkin¦15^Book¦1;1
34680;Legacy:Recipes/Work Bench/register;66669;Spooky Bed;2071;;;1;old-gen;Work Bench;¦Spooky Wood¦^¦Silk¦;¦Silk¦5^¦Spooky Wood¦15;Spooky Wood¦15^Silk¦5;1
34681;Legacy:Recipes/Work Bench/register;66669;Spooky Chandelier;2064;;;1;old-gen;Work Bench;¦Spooky Wood¦^¦Torch¦^¦Chain¦;¦Chain¦1^¦Spooky Wood¦4^¦Torch¦4;Spooky Wood¦4^Torch¦4^Chain¦1;1
34682;Legacy:Recipes/Work Bench/register;66669;Spooky Piano;2383;;;1;old-gen;Work Bench;¦Bone¦^¦Spooky Wood¦^¦Book¦;¦Bone¦4^¦Book¦1^¦Spooky Wood¦15;Bone¦4^Spooky Wood¦15^Book¦1;1
34683;Legacy:Recipes/Work Bench/register;66669;Spooky Dresser;2393;;;1;old-gen;Work Bench;¦Spooky Wood¦;¦Spooky Wood¦16;Spooky Wood¦16;1
34684;Legacy:Recipes/Work Bench/register;66669;Holy Hand Grenade;5061;;;1;;Work Bench;¦Dynamite¦^¦Gold Bar¦^¦Bottled Water¦;¦Bottled Water¦1^¦Dynamite¦5^¦Gold Bar¦2;Dynamite#i:old¦5^Gold Bar#i:old¦2^Bottled Water#i:old¦1;1
34685;Legacy:Recipes/Work Bench/register;66669;Fish Bowl;250;;;1;3ds;Work Bench;¦Bottled Water¦^¦Goldfish¦;¦Bottled Water¦1^¦Goldfish¦2;Bottled Water#i:old¦1^Goldfish¦2;1
34686;Legacy:Recipes/Work Bench/register;66669;Honey Chair;1707;;;1;3ds;Work Bench;¦Crispy Honey Block¦;¦Crispy Honey Block¦4;Crispy Honey Block#i:old¦4;1
34687;Legacy:Recipes/Work Bench/register;66669;Bone Chair;808;;;1;3ds;Work Bench;¦Bone¦;¦Bone¦4;Bone#i:old¦4;1
34688;Legacy:Recipes/Work Bench/register;66669;Honey Door;1711;;;1;3ds;Work Bench;¦Crispy Honey Block¦;¦Crispy Honey Block¦6;Crispy Honey Block#i:old¦6;1
34689;Legacy:Recipes/Work Bench/register;66669;Bone Door;820;;;1;3ds;Work Bench;¦Bone¦;¦Bone¦6;Bone#i:old¦6;1
34690;Legacy:Recipes/Work Bench/register;66669;Bone Table;827;;;1;3ds;Work Bench;¦Bone¦;¦Bone¦8;Bone#i:old¦8;1
34691;Legacy:Recipes/Work Bench/register;66669;Honey Table;1717;;;1;3ds;Work Bench;¦Crispy Honey Block¦;¦Crispy Honey Block¦8;Crispy Honey Block#i:old¦8;1
34692;Legacy:Recipes/Work Bench/register;66669;Lihzahrd Power Cell;1293;Lihzahrd Power Cell (old).png;;1;3ds;Work Bench;¦Glass¦^¦Fallen Star¦^¦Adamantite Bar¦;¦Adamantite Bar¦10^¦Fallen Star¦25^¦Glass¦10;Glass#i:old¦10^Fallen Star#i:old¦25^Adamantite Bar#i:old¦10;1
34693;Legacy:Recipes/Work Bench/register;66669;Furnace;33;;;1;old-gen 3ds;Work Bench;¦Stone Block¦^¦Any Wood¦^¦Torch¦;¦Any Wood¦4^¦Stone Block¦20^¦Torch¦3;Stone Block¦20^Any Wood¦4^Torch¦3;1
34707;Legacy:Recipes/Dye Vat/register;66696;Red Dye#i:old;1007;;;1;old-gen;Dye Vat;¦Red Husk¦;¦Red Husk¦1;Red Husk#i:old¦1;1
34708;Legacy:Recipes/Dye Vat/register;66696;Orange Dye#i:old;1008;;;1;old-gen;Dye Vat;¦Orange Bloodroot¦;¦Orange Bloodroot¦1;Orange Bloodroot#i:old¦1;1
34709;Legacy:Recipes/Dye Vat/register;66696;Yellow Dye#i:old;1009;;;1;old-gen;Dye Vat;¦Yellow Marigold¦;¦Yellow Marigold¦1;Yellow Marigold#i:old¦1;1
34710;Legacy:Recipes/Dye Vat/register;66696;Lime Dye#i:old;1010;;;1;old-gen;Dye Vat;¦Lime Kelp¦;¦Lime Kelp¦1;Lime Kelp#i:old¦1;1
34711;Legacy:Recipes/Dye Vat/register;66696;Green Dye#i:old;1011;;;1;old-gen;Dye Vat;¦Green Mushroom¦;¦Green Mushroom¦1;Green Mushroom#i:old¦1;1
34712;Legacy:Recipes/Dye Vat/register;66696;Teal Dye#i:old;1012;;;1;old-gen;Dye Vat;¦Teal Mushroom¦;¦Teal Mushroom¦1;Teal Mushroom#i:old¦1;1
34713;Legacy:Recipes/Dye Vat/register;66696;Cyan Dye#i:old;1013;;;1;old-gen;Dye Vat;¦Cyan Husk¦;¦Cyan Husk¦1;Cyan Husk#i:old¦1;1
34714;Legacy:Recipes/Dye Vat/register;66696;Sky Blue Dye#i:old;1014;;;1;old-gen;Dye Vat;¦Sky Blue Flower¦;¦Sky Blue Flower¦1;Sky Blue Flower#i:old¦1;1
34715;Legacy:Recipes/Dye Vat/register;66696;Blue Dye#i:old;1015;;;1;old-gen;Dye Vat;¦Blue Berries¦;¦Blue Berries¦1;Blue Berries#i:old¦1;1
34716;Legacy:Recipes/Dye Vat/register;66696;Purple Dye#i:old;1016;;;1;old-gen;Dye Vat;¦Purple Mucus¦;¦Purple Mucus¦1;Purple Mucus#i:old¦1;1
34717;Legacy:Recipes/Dye Vat/register;66696;Violet Dye#i:old;1017;;;1;old-gen;Dye Vat;¦Violet Husk¦;¦Violet Husk¦1;Violet Husk#i:old¦1;1
34718;Legacy:Recipes/Dye Vat/register;66696;Pink Dye#i:old;1018;;;1;old-gen;Dye Vat;¦Pink Prickly Pear¦;¦Pink Prickly Pear¦1;Pink Prickly Pear#i:old¦1;1
34719;Legacy:Recipes/Dye Vat/register;66696;Black Dye#i:old;1050;;;1;old-gen;Dye Vat;¦Black Ink¦;¦Black Ink¦1;Black Ink#i:old¦1;1
34955;Recipes/Lihzahrd Furnace/register;11466;Lihzahrd Clock;2595;;;1;;Lihzahrd Furnace;¦Any Iron Bar¦^¦Glass¦^¦Lihzahrd Brick¦;¦Any Iron Bar¦3^¦Glass¦6^¦Lihzahrd Brick¦10;Any Iron Bar¦3^Glass¦6^Lihzahrd Brick¦10;0
34956;Recipes/Lihzahrd Furnace/register;11466;Lihzahrd Chair;1143;;;1;;Lihzahrd Furnace;¦Lihzahrd Brick¦;¦Lihzahrd Brick¦4;Lihzahrd Brick¦4;0
34957;Recipes/Lihzahrd Furnace/register;11466;Lihzahrd Door;1137;;;1;;Lihzahrd Furnace;¦Lihzahrd Brick¦;¦Lihzahrd Brick¦6;Lihzahrd Brick¦6;0
34958;Recipes/Lihzahrd Furnace/register;11466;Lihzahrd Sink;2836;;;1;;Lihzahrd Furnace;¦Lihzahrd Brick¦^¦Water Bucket¦;¦Lihzahrd Brick¦6^¦Water Bucket¦1;Lihzahrd Brick¦6^Water Bucket¦1;0
34959;Recipes/Lihzahrd Furnace/register;11466;Lihzahrd Table;1144;;;1;;Lihzahrd Furnace;¦Lihzahrd Brick¦;¦Lihzahrd Brick¦8;Lihzahrd Brick¦8;0
34960;Recipes/Lihzahrd Furnace/register;11466;Lihzahrd Chest;1142;;;1;desktop console mobile;Lihzahrd Furnace;¦Lihzahrd Brick¦^¦Any Iron Bar¦;¦Any Iron Bar¦2^¦Lihzahrd Brick¦8;Lihzahrd Brick¦8^Any Iron Bar¦2;0
34961;Recipes/Lihzahrd Furnace/register;11466;Lihzahrd Bookcase;2030;;;1;;Lihzahrd Furnace;¦Lihzahrd Brick¦^¦Book¦;¦Book¦10^¦Lihzahrd Brick¦20;Lihzahrd Brick¦20^Book¦10;0
34962;Recipes/Lihzahrd Furnace/register;11466;Lihzahrd Bed;2069;;;1;;Lihzahrd Furnace;¦Lihzahrd Brick¦^¦Silk¦;¦Lihzahrd Brick¦15^¦Silk¦5;Lihzahrd Brick¦15^Silk¦5;0
34963;Recipes/Lihzahrd Furnace/register;11466;Lihzahrd Bathtub;2079;;;1;;Lihzahrd Furnace;¦Lihzahrd Brick¦;¦Lihzahrd Brick¦14;Lihzahrd Brick¦14;0
34964;Recipes/Lihzahrd Furnace/register;11466;Lihzahrd Lantern;2041;;;1;;Lihzahrd Furnace;¦Lihzahrd Brick¦^¦Torch¦;¦Lihzahrd Brick¦6^¦Torch¦1;Lihzahrd Brick¦6^Torch¦1;0
34965;Recipes/Lihzahrd Furnace/register;11466;Lihzahrd Candle;2052;;;1;;Lihzahrd Furnace;¦Lihzahrd Brick¦^¦Torch¦;¦Lihzahrd Brick¦4^¦Torch¦1;Lihzahrd Brick¦4^Torch¦1;0
34966;Recipes/Lihzahrd Furnace/register;11466;Lihzahrd Chandelier;2062;;;1;;Lihzahrd Furnace;¦Lihzahrd Brick¦^¦Torch¦^¦Chain¦;¦Chain¦1^¦Lihzahrd Brick¦4^¦Torch¦4;Lihzahrd Brick¦4^Torch¦4^Chain¦1;0
34967;Recipes/Lihzahrd Furnace/register;11466;Lihzahrd Lamp;2089;;;1;;Lihzahrd Furnace;¦Torch¦^¦Lihzahrd Brick¦;¦Lihzahrd Brick¦3^¦Torch¦1;Torch¦1^Lihzahrd Brick¦3;0
34968;Recipes/Lihzahrd Furnace/register;11466;Lihzahrd Candelabra;2101;;;1;;Lihzahrd Furnace;¦Lihzahrd Brick¦^¦Torch¦;¦Lihzahrd Brick¦5^¦Torch¦3;Lihzahrd Brick¦5^Torch¦3;0
34969;Recipes/Lihzahrd Furnace/register;11466;Lihzahrd Piano;2385;;;1;;Lihzahrd Furnace;¦Bone¦^¦Lihzahrd Brick¦^¦Book¦;¦Bone¦4^¦Book¦1^¦Lihzahrd Brick¦15;Bone¦4^Lihzahrd Brick¦15^Book¦1;0
34970;Recipes/Lihzahrd Furnace/register;11466;Lihzahrd Dresser;2396;;;1;;Lihzahrd Furnace;¦Lihzahrd Brick¦;¦Lihzahrd Brick¦16;Lihzahrd Brick¦16;0
34971;Recipes/Lihzahrd Furnace/register;11466;Lihzahrd Sofa;2416;;;1;;Lihzahrd Furnace;¦Lihzahrd Brick¦^¦Silk¦;¦Lihzahrd Brick¦5^¦Silk¦2;Lihzahrd Brick¦5^Silk¦2;0
34972;Recipes/Lihzahrd Furnace/register;11466;Lihzahrd Toilet;4106;;;1;;Lihzahrd Furnace;¦Lihzahrd Brick¦;¦Lihzahrd Brick¦6;Lihzahrd Brick¦6;0
34973;Recipes/Lihzahrd Furnace/register;11466;Lihzahrd Work Bench;1145;;;1;desktop console mobile;Lihzahrd Furnace;¦Lihzahrd Brick¦;¦Lihzahrd Brick¦10;Lihzahrd Brick¦10;0
35601;Legacy:Recipes/Furnace/register;66697;Pumpkin Pie;1787;;;1;old-gen 3ds;Furnace;¦Pumpkin¦;¦Pumpkin¦10;Pumpkin¦10;1
35602;Legacy:Recipes/Furnace/register;66697;Copper Brick;145;;;1;old-gen 3ds;Furnace;¦Stone Block¦^¦Copper Ore¦;¦Copper Ore¦1^¦Stone Block¦1;Stone Block#i:old¦1^Copper Ore#i:old¦1;1
35603;Legacy:Recipes/Furnace/register;66697;Silver Brick;143;Silver Brick (old).png;;1;old-gen 3ds;Furnace;¦Stone Block¦^¦Silver Ore¦;¦Silver Ore¦1^¦Stone Block¦1;Stone Block#i:old¦1^Silver Ore#i:old¦1;1
35604;Legacy:Recipes/Furnace/register;66697;Gold Brick;141;Gold Brick (pre-1.3.0.1).png;;1;old-gen 3ds;Furnace;¦Stone Block¦^¦Gold Ore¦;¦Gold Ore¦1^¦Stone Block¦1;Stone Block#i:old¦1^Gold Ore#i:old¦1;1
35605;Legacy:Recipes/Furnace/register;66697;Tin Brick;717;Tin Brick (old).png;;1;old-gen 3ds;Furnace;¦Stone Block¦^¦Tin Ore¦;¦Stone Block¦1^¦Tin Ore¦1;Stone Block#i:old¦1^Tin Ore#i:old¦1;1
35606;Legacy:Recipes/Furnace/register;66697;Tungsten Brick;718;Tungsten Brick (old).png;;1;old-gen 3ds;Furnace;¦Stone Block¦^¦Tungsten Ore¦;¦Stone Block¦1^¦Tungsten Ore¦1;Stone Block#i:old¦1^Tungsten Ore#i:old¦1;1
35607;Legacy:Recipes/Furnace/register;66697;Platinum Brick;719;Platinum Brick (old).png;;1;old-gen 3ds;Furnace;¦Stone Block¦^¦Platinum Ore¦;¦Platinum Ore¦1^¦Stone Block¦1;Stone Block#i:old¦1^Platinum Ore#i:old¦1;1
35608;Legacy:Recipes/Furnace/register;66697;Hellstone Brick;214;Hellstone Brick (old).png;;1;old-gen 3ds;Furnace;¦Hellstone¦^¦Stone Block¦;¦Hellstone¦1^¦Stone Block¦1;Hellstone#i:old¦1^Stone Block#i:old¦1;1
35609;Legacy:Recipes/Furnace/register;66697;Pearlstone Brick;412;Pearlstone Brick (old).png;;1;old-gen 3ds;Furnace;¦Pearlsand Block¦^¦Pearlstone Block¦;¦Pearlsand Block¦1^¦Pearlstone Block¦1;Pearlsand Block#i:old¦1^Pearlstone Block#i:old¦1;1
35610;Legacy:Recipes/Furnace/register;66697;Cobalt Brick;415;Cobalt Brick (old).png;;1;old-gen 3ds;Furnace;¦Stone Block¦^¦Cobalt Ore¦;¦Cobalt Ore¦1^¦Stone Block¦1;Stone Block#i:old¦1^Cobalt Ore#i:old¦1;1
35611;Legacy:Recipes/Furnace/register;66697;Mythril Brick;416;Mythril Brick (old).png;;1;old-gen 3ds;Furnace;¦Stone Block¦^¦Mythril Ore¦;¦Mythril Ore¦1^¦Stone Block¦1;Stone Block#i:old¦1^Mythril Ore#i:old¦1;1
35612;Legacy:Recipes/Furnace/register;66697;Adamantite Beam;604;Adamantite Beam (old).png;;1;old-gen 3ds;Furnace;¦Stone Block¦^¦Adamantite Ore¦;¦Adamantite Ore¦1^¦Stone Block¦1;Stone Block#i:old¦1^Adamantite Ore#i:old¦1;1
35613;Legacy:Recipes/Furnace/register;66697;Palladium Column;1589;Palladium Column (old).png;;1;old-gen 3ds;Furnace;¦Stone Block¦^¦Palladium Ore¦;¦Palladium Ore¦1^¦Stone Block¦1;Stone Block#i:old¦1^Palladium Ore#i:old¦1;1
35614;Legacy:Recipes/Furnace/register;66697;Bubblegum Block;1591;Bubblegum Block (old).png;;1;old-gen 3ds;Furnace;¦Stone Block¦^¦Orichalcum Ore¦;¦Orichalcum Ore¦1^¦Stone Block¦1;Stone Block#i:old¦1^Orichalcum Ore#i:old¦1;1
35615;Legacy:Recipes/Furnace/register;66697;Titanstone Block;1593;Titanstone Block (old).png;;1;old-gen 3ds;Furnace;¦Stone Block¦^¦Titanium Ore¦;¦Stone Block¦1^¦Titanium Ore¦1;Stone Block#i:old¦1^Titanium Ore#i:old¦1;1
35616;Legacy:Recipes/Furnace/register;66697;Clay Pot;222;Clay Pot (old).png;;1;old-gen 3ds;Furnace;¦Clay Block¦;¦Clay Block¦6;Clay Block#i:old¦6;1
35617;Legacy:Recipes/Furnace/register;66697;Obsidian Brick;192;Obsidian Brick (old).png;;1;old-gen 3ds;Furnace;¦Obsidian¦;¦Obsidian¦2;Obsidian#i:old¦2;1
35618;Legacy:Recipes/Furnace/register;66697;Green Stucco;613;Green Stucco (old).png;;10;old-gen 3ds;Furnace;¦Silt Block¦^¦Stone Block¦^¦Purple Thread¦;¦Purple Thread¦1^¦Silt Block¦1^¦Stone Block¦10;Silt Block#i:old¦1^Stone Block#i:old¦10^Purple Thread¦1;1
35619;Legacy:Recipes/Furnace/register;66697;Demonite Bar;57;Demonite Bar (old).png;;1;old-gen 3ds;Furnace;¦Demonite Ore¦;¦Demonite Ore¦4;Demonite Ore#i:old¦4;1
35620;Legacy:Recipes/Furnace/register;66697;Crimtane Bar;1257;Crimtane Bar (old).png;;1;old-gen 3ds;Furnace;¦Crimtane Ore¦;¦Crimtane Ore¦4;Crimtane Ore#i:old¦4;1
35621;Legacy:Recipes/Furnace/register;66697;Green Stucco;613;;;10;japan;Furnace;¦Silt Block¦^¦Stone Block¦^¦White Thread¦;¦Silt Block¦1^¦Stone Block¦10^¦White Thread¦1;Silt Block¦1^Stone Block¦10^White Thread¦1;1
35869;Recipes/Heavy Assembler/register;7787;Shell Pile;4090;;;4;;Heavy Assembler;¦Seashell¦;¦Seashell¦1;Seashell¦1;0
35870;Recipes/Heavy Assembler/register;7787;Shell Pile;4090;;;4;;Heavy Assembler;¦Junonia Shell¦;¦Junonia Shell¦1;Junonia Shell¦1;0
35871;Recipes/Heavy Assembler/register;7787;Shell Pile;4090;;;4;;Heavy Assembler;¦Lightning Whelk Shell¦;¦Lightning Whelk Shell¦1;Lightning Whelk Shell¦1;0
35872;Recipes/Heavy Assembler/register;7787;Shell Pile;4090;;;4;;Heavy Assembler;¦Tulip Shell¦;¦Tulip Shell¦1;Tulip Shell¦1;0
35873;Recipes/Heavy Assembler/register;7787;Shell Pile;4090;;;4;;Heavy Assembler;¦Starfish¦;¦Starfish¦1;Starfish¦1;0
35874;Recipes/Heavy Assembler/register;7787;Shell Pile;4090;;;4;;Heavy Assembler;¦Coral¦;¦Coral¦1;Coral¦1;0
35875;Recipes/Heavy Assembler/register;7787;Cracked Blue Brick;4238;;;2;;Heavy Assembler;¦Blue Brick¦;¦Blue Brick¦1;Blue Brick¦1;0
35876;Recipes/Heavy Assembler/register;7787;Cracked Green Brick;4239;;;2;;Heavy Assembler;¦Green Brick¦;¦Green Brick¦1;Green Brick¦1;0
35877;Recipes/Heavy Assembler/register;7787;Cracked Pink Brick;4240;;;2;;Heavy Assembler;¦Pink Brick¦;¦Pink Brick¦1;Pink Brick¦1;0
35878;Recipes/Heavy Assembler/register;7787;Blue Brick Wall;135;;;4;desktop console mobile;Heavy Assembler;¦Blue Brick¦;¦Blue Brick¦1;Blue Brick¦1;0
35879;Recipes/Heavy Assembler/register;7787;Blue Brick;134;;;1;desktop console mobile;Heavy Assembler;¦Blue Brick Wall¦;¦Blue Brick Wall¦4;Blue Brick Wall¦4;0
35880;Recipes/Heavy Assembler/register;7787;Blue Tiled Wall;1379;;;4;desktop console mobile;Heavy Assembler;¦Blue Brick¦;¦Blue Brick¦1;Blue Brick¦1;0
35881;Recipes/Heavy Assembler/register;7787;Blue Brick;134;;;1;desktop console mobile;Heavy Assembler;¦Blue Tiled Wall¦;¦Blue Tiled Wall¦4;Blue Tiled Wall¦4;0
35882;Recipes/Heavy Assembler/register;7787;Blue Slab Wall;1378;;;4;desktop console mobile;Heavy Assembler;¦Blue Brick¦;¦Blue Brick¦1;Blue Brick¦1;0
35883;Recipes/Heavy Assembler/register;7787;Blue Brick;134;;;1;desktop console mobile;Heavy Assembler;¦Blue Slab Wall¦;¦Blue Slab Wall¦4;Blue Slab Wall¦4;0
35884;Recipes/Heavy Assembler/register;7787;Green Brick Wall;138;;;4;desktop console mobile;Heavy Assembler;¦Green Brick¦;¦Green Brick¦1;Green Brick¦1;0
35885;Recipes/Heavy Assembler/register;7787;Green Brick;137;;;1;desktop console mobile;Heavy Assembler;¦Green Brick Wall¦;¦Green Brick Wall¦4;Green Brick Wall¦4;0
35886;Recipes/Heavy Assembler/register;7787;Green Tiled Wall;1383;;;4;desktop console mobile;Heavy Assembler;¦Green Brick¦;¦Green Brick¦1;Green Brick¦1;0
35887;Recipes/Heavy Assembler/register;7787;Green Brick;137;;;1;desktop console mobile;Heavy Assembler;¦Green Tiled Wall¦;¦Green Tiled Wall¦4;Green Tiled Wall¦4;0
35888;Recipes/Heavy Assembler/register;7787;Green Slab Wall;1382;;;4;desktop console mobile;Heavy Assembler;¦Green Brick¦;¦Green Brick¦1;Green Brick¦1;0
35889;Recipes/Heavy Assembler/register;7787;Green Brick;137;;;1;desktop console mobile;Heavy Assembler;¦Green Slab Wall¦;¦Green Slab Wall¦4;Green Slab Wall¦4;0
35890;Recipes/Heavy Assembler/register;7787;Pink Brick Wall;140;;;4;desktop console mobile;Heavy Assembler;¦Pink Brick¦;¦Pink Brick¦1;Pink Brick¦1;0
35891;Recipes/Heavy Assembler/register;7787;Pink Brick;139;;;1;desktop console mobile;Heavy Assembler;¦Pink Brick Wall¦;¦Pink Brick Wall¦4;Pink Brick Wall¦4;0
35892;Recipes/Heavy Assembler/register;7787;Pink Tiled Wall;1381;;;4;desktop console mobile;Heavy Assembler;¦Pink Brick¦;¦Pink Brick¦1;Pink Brick¦1;0
35893;Recipes/Heavy Assembler/register;7787;Pink Brick;139;;;1;desktop console mobile;Heavy Assembler;¦Pink Tiled Wall¦;¦Pink Tiled Wall¦4;Pink Tiled Wall¦4;0
35894;Recipes/Heavy Assembler/register;7787;Pink Slab Wall;1380;;;4;desktop console mobile;Heavy Assembler;¦Pink Brick¦;¦Pink Brick¦1;Pink Brick¦1;0
35895;Recipes/Heavy Assembler/register;7787;Pink Brick;139;;;1;desktop console mobile;Heavy Assembler;¦Pink Slab Wall¦;¦Pink Slab Wall¦4;Pink Slab Wall¦4;0
35896;Recipes/Heavy Assembler/register;7787;Stone Slab;2119;;;1;;Heavy Assembler;¦Stone Block¦;¦Stone Block¦1;Stone Block¦1;0
35897;Recipes/Heavy Assembler/register;7787;Stone Accent Slab;4962;;;1;;Heavy Assembler and Ecto Mist;¦Stone Block¦;¦Stone Block¦1;Stone Block¦1;0
35898;Recipes/Heavy Assembler/register;7787;Sandstone Slab;2120;;;1;;Heavy Assembler;¦Sand Block¦;¦Sand Block¦1;Sand Block¦1;0
35899;Recipes/Heavy Assembler/register;7787;Copper Plating;2173;;;5;desktop console mobile;Heavy Assembler;¦Stone Block¦^¦Copper Ore¦;¦Copper Ore¦1^¦Stone Block¦5;Stone Block¦5^Copper Ore¦1;0
35900;Recipes/Heavy Assembler/register;7787;Tin Plating;2692;;;5;desktop console mobile;Heavy Assembler;¦Stone Block¦^¦Tin Ore¦;¦Stone Block¦5^¦Tin Ore¦1;Stone Block¦5^Tin Ore¦1;0
35901;Recipes/Heavy Assembler/register;7787;Stone Door;4415;;;1;;Heavy Assembler;¦Gray Brick¦;¦Gray Brick¦6;Gray Brick¦6;0
35902;Recipes/Heavy Assembler/register;7787;Tall Gate;3240;;;1;;Heavy Assembler;¦Any Wood¦^¦Any Iron Bar¦;¦Any Iron Bar¦4^¦Any Wood¦12;Any Wood¦12^Any Iron Bar¦4;0
35903;Recipes/Heavy Assembler/register;7787;Wrought Iron Fence;4424;;;4;;Heavy Assembler and Ecto Mist;¦Iron Bar¦;¦Iron Bar¦1;Iron Bar¦1;0
35904;Recipes/Heavy Assembler/register;7787;Iron Bar;22;;;1;;Heavy Assembler;¦Wrought Iron Fence¦;¦Wrought Iron Fence¦4;Wrought Iron Fence¦4;0
35905;Recipes/Heavy Assembler/register;7787;Trapped Chest;3665;;;1;;Heavy Assembler;¦Chest¦^¦Wire¦;¦Chest¦1^¦Wire¦10;Chest¦1^Wire¦10;0
35906;Recipes/Heavy Assembler/register;7787;Trapped Gold Chest;3666;;;1;;Heavy Assembler;¦Gold Chest¦^¦Wire¦;¦Gold Chest¦1^¦Wire¦10;Gold Chest¦1^Wire¦10;0
35907;Recipes/Heavy Assembler/register;7787;Trapped Shadow Chest;3667;;;1;;Heavy Assembler;¦Shadow Chest¦^¦Wire¦;¦Shadow Chest¦1^¦Wire¦10;Shadow Chest¦1^Wire¦10;0
35908;Recipes/Heavy Assembler/register;7787;Trapped Ebonwood Chest;3668;;;1;;Heavy Assembler;¦Ebonwood Chest¦^¦Wire¦;¦Ebonwood Chest¦1^¦Wire¦10;Ebonwood Chest¦1^Wire¦10;0
35909;Recipes/Heavy Assembler/register;7787;Trapped Rich Mahogany Chest;3669;;;1;;Heavy Assembler;¦Rich Mahogany Chest¦^¦Wire¦;¦Rich Mahogany Chest¦1^¦Wire¦10;Rich Mahogany Chest¦1^Wire¦10;0
35910;Recipes/Heavy Assembler/register;7787;Trapped Pearlwood Chest;3670;;;1;;Heavy Assembler;¦Pearlwood Chest¦^¦Wire¦;¦Pearlwood Chest¦1^¦Wire¦10;Pearlwood Chest¦1^Wire¦10;0
35911;Recipes/Heavy Assembler/register;7787;Trapped Ivy Chest;3671;;;1;;Heavy Assembler;¦Ivy Chest¦^¦Wire¦;¦Ivy Chest¦1^¦Wire¦10;Ivy Chest¦1^Wire¦10;0
35912;Recipes/Heavy Assembler/register;7787;Trapped Frozen Chest;3672;;;1;;Heavy Assembler;¦Frozen Chest¦^¦Wire¦;¦Frozen Chest¦1^¦Wire¦10;Frozen Chest¦1^Wire¦10;0
35913;Recipes/Heavy Assembler/register;7787;Trapped Living Wood Chest;3673;;;1;;Heavy Assembler;¦Living Wood Chest¦^¦Wire¦;¦Living Wood Chest¦1^¦Wire¦10;Living Wood Chest¦1^Wire¦10;0
35914;Recipes/Heavy Assembler/register;7787;Trapped Skyware Chest;3674;;;1;;Heavy Assembler;¦Skyware Chest¦^¦Wire¦;¦Skyware Chest¦1^¦Wire¦10;Skyware Chest¦1^Wire¦10;0
35915;Recipes/Heavy Assembler/register;7787;Trapped Shadewood Chest;3675;;;1;;Heavy Assembler;¦Shadewood Chest¦^¦Wire¦;¦Shadewood Chest¦1^¦Wire¦10;Shadewood Chest¦1^Wire¦10;0
35916;Recipes/Heavy Assembler/register;7787;Trapped Web Covered Chest;3676;;;1;;Heavy Assembler;¦Web Covered Chest¦^¦Wire¦;¦Web Covered Chest¦1^¦Wire¦10;Web Covered Chest¦1^Wire¦10;0
35917;Recipes/Heavy Assembler/register;7787;Trapped Lihzahrd Chest;3677;;;1;;Heavy Assembler;¦Lihzahrd Chest¦^¦Wire¦;¦Lihzahrd Chest¦1^¦Wire¦10;Lihzahrd Chest¦1^Wire¦10;0
35918;Recipes/Heavy Assembler/register;7787;Trapped Water Chest;3678;;;1;;Heavy Assembler;¦Water Chest¦^¦Wire¦;¦Water Chest¦1^¦Wire¦10;Water Chest¦1^Wire¦10;0
35919;Recipes/Heavy Assembler/register;7787;Trapped Jungle Chest;3679;;;1;;Heavy Assembler;¦Jungle Chest¦^¦Wire¦;¦Jungle Chest¦1^¦Wire¦10;Jungle Chest¦1^Wire¦10;0
35920;Recipes/Heavy Assembler/register;7787;Trapped Corruption Chest;3680;;;1;;Heavy Assembler;¦Corruption Chest¦^¦Wire¦;¦Corruption Chest¦1^¦Wire¦10;Corruption Chest¦1^Wire¦10;0
35921;Recipes/Heavy Assembler/register;7787;Trapped Crimson Chest;3681;;;1;;Heavy Assembler;¦Crimson Chest¦^¦Wire¦;¦Crimson Chest¦1^¦Wire¦10;Crimson Chest¦1^Wire¦10;0
35922;Recipes/Heavy Assembler/register;7787;Trapped Hallowed Chest;3682;;;1;;Heavy Assembler;¦Hallowed Chest¦^¦Wire¦;¦Hallowed Chest¦1^¦Wire¦10;Hallowed Chest¦1^Wire¦10;0
35923;Recipes/Heavy Assembler/register;7787;Trapped Ice Chest;3683;;;1;;Heavy Assembler;¦Ice Chest¦^¦Wire¦;¦Ice Chest¦1^¦Wire¦10;Ice Chest¦1^Wire¦10;0
35924;Recipes/Heavy Assembler/register;7787;Trapped Dynasty Chest;3684;;;1;;Heavy Assembler;¦Dynasty Chest¦^¦Wire¦;¦Dynasty Chest¦1^¦Wire¦10;Dynasty Chest¦1^Wire¦10;0
35925;Recipes/Heavy Assembler/register;7787;Trapped Honey Chest;3685;;;1;;Heavy Assembler;¦Honey Chest¦^¦Wire¦;¦Honey Chest¦1^¦Wire¦10;Honey Chest¦1^Wire¦10;0
35926;Recipes/Heavy Assembler/register;7787;Trapped Steampunk Chest;3686;;;1;;Heavy Assembler;¦Steampunk Chest¦^¦Wire¦;¦Steampunk Chest¦1^¦Wire¦10;Steampunk Chest¦1^Wire¦10;0
35927;Recipes/Heavy Assembler/register;7787;Trapped Palm Wood Chest;3687;;;1;;Heavy Assembler;¦Palm Wood Chest¦^¦Wire¦;¦Palm Wood Chest¦1^¦Wire¦10;Palm Wood Chest¦1^Wire¦10;0
35928;Recipes/Heavy Assembler/register;7787;Trapped Mushroom Chest;3688;;;1;;Heavy Assembler;¦Mushroom Chest¦^¦Wire¦;¦Mushroom Chest¦1^¦Wire¦10;Mushroom Chest¦1^Wire¦10;0
35929;Recipes/Heavy Assembler/register;7787;Trapped Boreal Wood Chest;3689;;;1;;Heavy Assembler;¦Boreal Wood Chest¦^¦Wire¦;¦Boreal Wood Chest¦1^¦Wire¦10;Boreal Wood Chest¦1^Wire¦10;0
35930;Recipes/Heavy Assembler/register;7787;Trapped Slime Chest;3690;;;1;;Heavy Assembler;¦Slime Chest¦^¦Wire¦;¦Slime Chest¦1^¦Wire¦10;Slime Chest¦1^Wire¦10;0
35931;Recipes/Heavy Assembler/register;7787;Trapped Green Dungeon Chest;3691;;;1;;Heavy Assembler;¦Green Dungeon Chest¦^¦Wire¦;¦Green Dungeon Chest¦1^¦Wire¦10;Green Dungeon Chest¦1^Wire¦10;0
35932;Recipes/Heavy Assembler/register;7787;Trapped Pink Dungeon Chest;3692;;;1;;Heavy Assembler;¦Pink Dungeon Chest¦^¦Wire¦;¦Pink Dungeon Chest¦1^¦Wire¦10;Pink Dungeon Chest¦1^Wire¦10;0
35933;Recipes/Heavy Assembler/register;7787;Trapped Blue Dungeon Chest;3693;;;1;;Heavy Assembler;¦Blue Dungeon Chest¦^¦Wire¦;¦Blue Dungeon Chest¦1^¦Wire¦10;Blue Dungeon Chest¦1^Wire¦10;0
35934;Recipes/Heavy Assembler/register;7787;Trapped Bone Chest;3694;;;1;;Heavy Assembler;¦Bone Chest¦^¦Wire¦;¦Bone Chest¦1^¦Wire¦10;Bone Chest¦1^Wire¦10;0
35935;Recipes/Heavy Assembler/register;7787;Trapped Cactus Chest;3695;;;1;;Heavy Assembler;¦Cactus Chest¦^¦Wire¦;¦Cactus Chest¦1^¦Wire¦10;Cactus Chest¦1^Wire¦10;0
35936;Recipes/Heavy Assembler/register;7787;Trapped Flesh Chest;3696;;;1;;Heavy Assembler;¦Flesh Chest¦^¦Wire¦;¦Flesh Chest¦1^¦Wire¦10;Flesh Chest¦1^Wire¦10;0
35937;Recipes/Heavy Assembler/register;7787;Trapped Obsidian Chest;3697;;;1;;Heavy Assembler;¦Obsidian Chest¦^¦Wire¦;¦Obsidian Chest¦1^¦Wire¦10;Obsidian Chest¦1^Wire¦10;0
35938;Recipes/Heavy Assembler/register;7787;Trapped Pumpkin Chest;3698;;;1;;Heavy Assembler;¦Pumpkin Chest¦^¦Wire¦;¦Pumpkin Chest¦1^¦Wire¦10;Pumpkin Chest¦1^Wire¦10;0
35939;Recipes/Heavy Assembler/register;7787;Trapped Spooky Chest;3699;;;1;;Heavy Assembler;¦Spooky Chest¦^¦Wire¦;¦Spooky Chest¦1^¦Wire¦10;Spooky Chest¦1^Wire¦10;0
35940;Recipes/Heavy Assembler/register;7787;Trapped Glass Chest;3700;;;1;;Heavy Assembler;¦Glass Chest¦^¦Wire¦;¦Glass Chest¦1^¦Wire¦10;Glass Chest¦1^Wire¦10;0
35941;Recipes/Heavy Assembler/register;7787;Trapped Martian Chest;3701;;;1;;Heavy Assembler;¦Martian Chest¦^¦Wire¦;¦Martian Chest¦1^¦Wire¦10;Martian Chest¦1^Wire¦10;0
35942;Recipes/Heavy Assembler/register;7787;Trapped Meteorite Chest;3702;;;1;;Heavy Assembler;¦Meteorite Chest¦^¦Wire¦;¦Meteorite Chest¦1^¦Wire¦10;Meteorite Chest¦1^Wire¦10;0
35943;Recipes/Heavy Assembler/register;7787;Trapped Granite Chest;3703;;;1;;Heavy Assembler;¦Granite Chest¦^¦Wire¦;¦Granite Chest¦1^¦Wire¦10;Granite Chest¦1^Wire¦10;0
35944;Recipes/Heavy Assembler/register;7787;Trapped Marble Chest;3704;;;1;;Heavy Assembler;¦Marble Chest¦^¦Wire¦;¦Marble Chest¦1^¦Wire¦10;Marble Chest¦1^Wire¦10;0
35945;Recipes/Heavy Assembler/register;7787;Trapped Crystal Chest;3886;;;1;;Heavy Assembler;¦Crystal Chest¦^¦Wire¦;¦Crystal Chest¦1^¦Wire¦10;Crystal Chest¦1^Wire¦10;0
35946;Recipes/Heavy Assembler/register;7787;Trapped Golden Chest;3887;;;1;;Heavy Assembler;¦Golden Chest¦^¦Wire¦;¦Golden Chest¦1^¦Wire¦10;Golden Chest¦1^Wire¦10;0
35947;Recipes/Heavy Assembler/register;7787;Trapped Spider Chest;3950;;;1;;Heavy Assembler;¦Spider Chest¦^¦Wire¦;¦Spider Chest¦1^¦Wire¦10;Spider Chest¦1^Wire¦10;0
35948;Recipes/Heavy Assembler/register;7787;Trapped Lesion Chest;3976;;;1;;Heavy Assembler;¦Lesion Chest¦^¦Wire¦;¦Lesion Chest¦1^¦Wire¦10;Lesion Chest¦1^Wire¦10;0
35949;Recipes/Heavy Assembler/register;7787;Trapped Solar Chest;4164;;;1;;Heavy Assembler;¦Solar Chest¦^¦Wire¦;¦Solar Chest¦1^¦Wire¦10;Solar Chest¦1^Wire¦10;0
35950;Recipes/Heavy Assembler/register;7787;Trapped Vortex Chest;4185;;;1;;Heavy Assembler;¦Vortex Chest¦^¦Wire¦;¦Vortex Chest¦1^¦Wire¦10;Vortex Chest¦1^Wire¦10;0
35951;Recipes/Heavy Assembler/register;7787;Trapped Nebula Chest;4206;;;1;;Heavy Assembler;¦Nebula Chest¦^¦Wire¦;¦Nebula Chest¦1^¦Wire¦10;Nebula Chest¦1^Wire¦10;0
35952;Recipes/Heavy Assembler/register;7787;Trapped Stardust Chest;4227;;;1;;Heavy Assembler;¦Stardust Chest¦^¦Wire¦;¦Stardust Chest¦1^¦Wire¦10;Stardust Chest¦1^Wire¦10;0
35953;Recipes/Heavy Assembler/register;7787;Trapped Golf Chest;4266;;;1;;Heavy Assembler;¦Golf Chest¦^¦Wire¦;¦Golf Chest¦1^¦Wire¦10;Golf Chest¦1^Wire¦10;0
35954;Recipes/Heavy Assembler/register;7787;Trapped Sandstone Chest;4268;;;1;;Heavy Assembler;¦Sandstone Chest¦^¦Wire¦;¦Sandstone Chest¦1^¦Wire¦10;Sandstone Chest¦1^Wire¦10;0
35955;Recipes/Heavy Assembler/register;7787;Trapped Bamboo Chest;4585;;;1;;Heavy Assembler;¦Bamboo Chest¦^¦Wire¦;¦Bamboo Chest¦1^¦Wire¦10;Bamboo Chest¦1^Wire¦10;0
35956;Recipes/Heavy Assembler/register;7787;Trapped Desert Chest;4713;;;1;;Heavy Assembler;¦Desert Chest¦^¦Wire¦;¦Desert Chest¦1^¦Wire¦10;Desert Chest¦1^Wire¦10;0
35957;Recipes/Heavy Assembler/register;7787;Trapped Reef Chest;5167;;;1;;Heavy Assembler;¦Reef Chest¦^¦Wire¦;¦Reef Chest¦1^¦Wire¦10;Reef Chest¦1^Wire¦10;0
35958;Recipes/Heavy Assembler/register;7787;Trapped Balloon Chest;5188;;;1;;Heavy Assembler;¦Balloon Chest¦^¦Wire¦;¦Balloon Chest¦1^¦Wire¦10;Balloon Chest¦1^Wire¦10;0
35959;Recipes/Heavy Assembler/register;7787;Trapped Ash Wood Chest;5209;;;1;;Heavy Assembler;¦Ash Wood Chest¦^¦Wire¦;¦Ash Wood Chest¦1^¦Wire¦10;Ash Wood Chest¦1^Wire¦10;0
35960;Recipes/Heavy Assembler/register;7787;'0' Statue;2702;;;1;;Heavy Assembler;¦Stone Block¦;¦Stone Block¦50;Stone Block¦50;0
35961;Recipes/Heavy Assembler/register;7787;'1' Statue;2703;;;1;;Heavy Assembler;¦Stone Block¦;¦Stone Block¦50;Stone Block¦50;0
35962;Recipes/Heavy Assembler/register;7787;'2' Statue;2704;;;1;;Heavy Assembler;¦Stone Block¦;¦Stone Block¦50;Stone Block¦50;0
35963;Recipes/Heavy Assembler/register;7787;'3' Statue;2705;;;1;;Heavy Assembler;¦Stone Block¦;¦Stone Block¦50;Stone Block¦50;0
35964;Recipes/Heavy Assembler/register;7787;'4' Statue;2706;;;1;;Heavy Assembler;¦Stone Block¦;¦Stone Block¦50;Stone Block¦50;0
35965;Recipes/Heavy Assembler/register;7787;'5' Statue;2707;;;1;;Heavy Assembler;¦Stone Block¦;¦Stone Block¦50;Stone Block¦50;0
35966;Recipes/Heavy Assembler/register;7787;'6' Statue;2708;;;1;;Heavy Assembler;¦Stone Block¦;¦Stone Block¦50;Stone Block¦50;0
35967;Recipes/Heavy Assembler/register;7787;'7' Statue;2709;;;1;;Heavy Assembler;¦Stone Block¦;¦Stone Block¦50;Stone Block¦50;0
35968;Recipes/Heavy Assembler/register;7787;'8' Statue;2710;;;1;;Heavy Assembler;¦Stone Block¦;¦Stone Block¦50;Stone Block¦50;0
35969;Recipes/Heavy Assembler/register;7787;'9' Statue;2711;;;1;;Heavy Assembler;¦Stone Block¦;¦Stone Block¦50;Stone Block¦50;0
35970;Recipes/Heavy Assembler/register;7787;'A' Statue;2712;;;1;;Heavy Assembler;¦Stone Block¦;¦Stone Block¦50;Stone Block¦50;0
35971;Recipes/Heavy Assembler/register;7787;'B' Statue;2713;;;1;;Heavy Assembler;¦Stone Block¦;¦Stone Block¦50;Stone Block¦50;0
35972;Recipes/Heavy Assembler/register;7787;'C' Statue;2714;;;1;;Heavy Assembler;¦Stone Block¦;¦Stone Block¦50;Stone Block¦50;0
35973;Recipes/Heavy Assembler/register;7787;'D' Statue;2715;;;1;;Heavy Assembler;¦Stone Block¦;¦Stone Block¦50;Stone Block¦50;0
35974;Recipes/Heavy Assembler/register;7787;'E' Statue;2716;;;1;;Heavy Assembler;¦Stone Block¦;¦Stone Block¦50;Stone Block¦50;0
35975;Recipes/Heavy Assembler/register;7787;'F' Statue;2717;;;1;;Heavy Assembler;¦Stone Block¦;¦Stone Block¦50;Stone Block¦50;0
35976;Recipes/Heavy Assembler/register;7787;'G' Statue;2718;;;1;;Heavy Assembler;¦Stone Block¦;¦Stone Block¦50;Stone Block¦50;0
35977;Recipes/Heavy Assembler/register;7787;'H' Statue;2719;;;1;;Heavy Assembler;¦Stone Block¦;¦Stone Block¦50;Stone Block¦50;0
35978;Recipes/Heavy Assembler/register;7787;'I' Statue;2720;;;1;;Heavy Assembler;¦Stone Block¦;¦Stone Block¦50;Stone Block¦50;0
35979;Recipes/Heavy Assembler/register;7787;'J' Statue;2721;;;1;;Heavy Assembler;¦Stone Block¦;¦Stone Block¦50;Stone Block¦50;0
35980;Recipes/Heavy Assembler/register;7787;'K' Statue;2722;;;1;;Heavy Assembler;¦Stone Block¦;¦Stone Block¦50;Stone Block¦50;0
35981;Recipes/Heavy Assembler/register;7787;'L' Statue;2723;;;1;;Heavy Assembler;¦Stone Block¦;¦Stone Block¦50;Stone Block¦50;0
35982;Recipes/Heavy Assembler/register;7787;'M' Statue;2724;;;1;;Heavy Assembler;¦Stone Block¦;¦Stone Block¦50;Stone Block¦50;0
35983;Recipes/Heavy Assembler/register;7787;'N' Statue;2725;;;1;;Heavy Assembler;¦Stone Block¦;¦Stone Block¦50;Stone Block¦50;0
35984;Recipes/Heavy Assembler/register;7787;'O' Statue;2726;;;1;;Heavy Assembler;¦Stone Block¦;¦Stone Block¦50;Stone Block¦50;0
35985;Recipes/Heavy Assembler/register;7787;'P' Statue;2727;;;1;;Heavy Assembler;¦Stone Block¦;¦Stone Block¦50;Stone Block¦50;0
35986;Recipes/Heavy Assembler/register;7787;'Q' Statue;2728;;;1;;Heavy Assembler;¦Stone Block¦;¦Stone Block¦50;Stone Block¦50;0
35987;Recipes/Heavy Assembler/register;7787;'R' Statue;2729;;;1;;Heavy Assembler;¦Stone Block¦;¦Stone Block¦50;Stone Block¦50;0
35988;Recipes/Heavy Assembler/register;7787;'S' Statue;2730;;;1;;Heavy Assembler;¦Stone Block¦;¦Stone Block¦50;Stone Block¦50;0
35989;Recipes/Heavy Assembler/register;7787;'T' Statue;2731;;;1;;Heavy Assembler;¦Stone Block¦;¦Stone Block¦50;Stone Block¦50;0
35990;Recipes/Heavy Assembler/register;7787;'U' Statue;2732;;;1;;Heavy Assembler;¦Stone Block¦;¦Stone Block¦50;Stone Block¦50;0
35991;Recipes/Heavy Assembler/register;7787;'V' Statue;2733;;;1;;Heavy Assembler;¦Stone Block¦;¦Stone Block¦50;Stone Block¦50;0
35992;Recipes/Heavy Assembler/register;7787;'W' Statue;2734;;;1;;Heavy Assembler;¦Stone Block¦;¦Stone Block¦50;Stone Block¦50;0
35993;Recipes/Heavy Assembler/register;7787;'X' Statue;2735;;;1;;Heavy Assembler;¦Stone Block¦;¦Stone Block¦50;Stone Block¦50;0
35994;Recipes/Heavy Assembler/register;7787;'Y' Statue;2736;;;1;;Heavy Assembler;¦Stone Block¦;¦Stone Block¦50;Stone Block¦50;0
35995;Recipes/Heavy Assembler/register;7787;'Z' Statue;2737;;;1;;Heavy Assembler;¦Stone Block¦;¦Stone Block¦50;Stone Block¦50;0
35996;Recipes/Heavy Assembler/register;7787;Fish Statue;444;;;1;;Heavy Assembler and Ecto Mist;¦Stone Block¦^¦Goldfish¦;¦Goldfish¦5^¦Stone Block¦50;Stone Block¦50^Goldfish¦5;0
35997;Recipes/Heavy Assembler/register;7787;Worm Statue;3653;;;1;;Heavy Assembler and Ecto Mist;¦Stone Block¦^¦Worm¦;¦Stone Block¦50^¦Worm¦5;Stone Block¦50^Worm¦5;0
35998;Recipes/Heavy Assembler/register;7787;Squirrel Statue;3651;;;1;;Heavy Assembler and Ecto Mist;¦Stone Block¦^¦Any Squirrel¦;¦Any Squirrel¦5^¦Stone Block¦50;Stone Block¦50^Any Squirrel¦5;0
35999;Recipes/Heavy Assembler/register;7787;Butterfly Statue;3652;;;1;;Heavy Assembler and Ecto Mist;¦Stone Block¦^¦Any Butterfly¦;¦Any Butterfly¦5^¦Stone Block¦50;Stone Block¦50^Any Butterfly¦5;0
36000;Recipes/Heavy Assembler/register;7787;Firefly Statue;3654;;;1;;Heavy Assembler and Ecto Mist;¦Stone Block¦^¦Any Firefly¦;¦Any Firefly¦5^¦Stone Block¦50;Stone Block¦50^Any Firefly¦5;0
36001;Recipes/Heavy Assembler/register;7787;Scorpion Statue;3655;;;1;;Heavy Assembler and Ecto Mist;¦Stone Block¦^¦Any Scorpion¦;¦Any Scorpion¦5^¦Stone Block¦50;Stone Block¦50^Any Scorpion¦5;0
36002;Recipes/Heavy Assembler/register;7787;Snail Statue;3656;;;1;;Heavy Assembler and Ecto Mist;¦Stone Block¦^¦Any Snail¦;¦Any Snail¦5^¦Stone Block¦50;Stone Block¦50^Any Snail¦5;0
36003;Recipes/Heavy Assembler/register;7787;Mouse Statue;3658;;;1;;Heavy Assembler and Ecto Mist;¦Stone Block¦^¦Mouse¦;¦Mouse¦5^¦Stone Block¦50;Stone Block¦50^Mouse¦5;0
36004;Recipes/Heavy Assembler/register;7787;Duck Statue;3659;;;1;;Heavy Assembler and Ecto Mist;¦Stone Block¦^¦Any Duck¦;¦Any Duck¦5^¦Stone Block¦50;Stone Block¦50^Any Duck¦5;0
36005;Recipes/Heavy Assembler/register;7787;Penguin Statue;3660;;;1;;Heavy Assembler and Ecto Mist;¦Stone Block¦^¦Penguin¦;¦Penguin¦5^¦Stone Block¦50;Stone Block¦50^Penguin¦5;0
36006;Recipes/Heavy Assembler/register;7787;Frog Statue;3661;;;1;;Heavy Assembler and Ecto Mist;¦Stone Block¦^¦Frog¦;¦Frog¦5^¦Stone Block¦50;Stone Block¦50^Frog¦5;0
36007;Recipes/Heavy Assembler/register;7787;Buggy Statue;3662;;;1;;Heavy Assembler and Ecto Mist;¦Stone Block¦^¦Any Jungle Bug¦;¦Any Jungle Bug¦5^¦Stone Block¦50;Stone Block¦50^Any Jungle Bug¦5;0
36008;Recipes/Heavy Assembler/register;7787;Bunny Statue;445;;;1;;Heavy Assembler and Ecto Mist;¦Stone Block¦^¦Bunny¦;¦Bunny¦5^¦Stone Block¦50;Stone Block¦50^Bunny¦5;0
36009;Recipes/Heavy Assembler/register;7787;Bird Statue;464;;;1;;Heavy Assembler and Ecto Mist;¦Stone Block¦^¦Any Bird¦;¦Any Bird¦5^¦Stone Block¦50;Stone Block¦50^Any Bird¦5;0
36010;Recipes/Heavy Assembler/register;7787;Grasshopper Statue;3657;;;1;;Heavy Assembler and Ecto Mist;¦Stone Block¦^¦Grasshopper¦;¦Grasshopper¦5^¦Stone Block¦50;Stone Block¦50^Grasshopper¦5;0
36011;Recipes/Heavy Assembler/register;7787;Dragonfly Statue;4342;;;1;;Heavy Assembler and Ecto Mist;¦Stone Block¦^¦Any Dragonfly¦;¦Any Dragonfly¦5^¦Stone Block¦50;Stone Block¦50^Any Dragonfly¦5;0
36012;Recipes/Heavy Assembler/register;7787;Seagull Statue;4360;;;1;;Heavy Assembler and Ecto Mist;¦Stone Block¦^¦Seagull¦;¦Seagull¦5^¦Stone Block¦50;Stone Block¦50^Seagull¦5;0
36013;Recipes/Heavy Assembler/register;7787;Owl Statue;4397;;;1;;Heavy Assembler and Ecto Mist;¦Stone Block¦^¦Owl¦;¦Owl¦5^¦Stone Block¦50;Stone Block¦50^Owl¦5;0
36014;Recipes/Heavy Assembler/register;7787;Turtle Statue;4466;;;1;;Heavy Assembler and Ecto Mist;¦Stone Block¦^¦Any Turtle¦;¦Any Turtle¦5^¦Stone Block¦50;Stone Block¦50^Any Turtle¦5;0
36015;Recipes/Heavy Assembler/register;7787;Macaw Statue;5317;;;1;;Heavy Assembler and Ecto Mist;¦Stone Block¦^¦Any Macaw¦;¦Any Macaw¦5^¦Stone Block¦50;Stone Block¦50^Any Macaw¦5;0
36016;Recipes/Heavy Assembler/register;7787;Toucan Statue;5318;;;1;;Heavy Assembler and Ecto Mist;¦Stone Block¦^¦Toucan¦;¦Stone Block¦50^¦Toucan¦5;Stone Block¦50^Toucan¦5;0
36017;Recipes/Heavy Assembler/register;7787;Cockatiel Statue;5319;;;1;;Heavy Assembler and Ecto Mist;¦Stone Block¦^¦Any Cockatiel¦;¦Any Cockatiel¦5^¦Stone Block¦50;Stone Block¦50^Any Cockatiel¦5;0
36018;Recipes/Heavy Assembler/register;7787;Amethyst Gem Lock;3648;;;1;;Heavy Assembler;¦Amethyst¦^¦Stone Block¦;¦Amethyst¦5^¦Stone Block¦10;Amethyst¦5^Stone Block¦10;0
36019;Recipes/Heavy Assembler/register;7787;Topaz Gem Lock;3647;;;1;;Heavy Assembler;¦Topaz¦^¦Stone Block¦;¦Stone Block¦10^¦Topaz¦5;Topaz¦5^Stone Block¦10;0
36020;Recipes/Heavy Assembler/register;7787;Emerald Gem Lock;3646;;;1;;Heavy Assembler;¦Emerald¦^¦Stone Block¦;¦Emerald¦5^¦Stone Block¦10;Emerald¦5^Stone Block¦10;0
36021;Recipes/Heavy Assembler/register;7787;Sapphire Gem Lock;3645;;;1;;Heavy Assembler;¦Sapphire¦^¦Stone Block¦;¦Sapphire¦5^¦Stone Block¦10;Sapphire¦5^Stone Block¦10;0
36022;Recipes/Heavy Assembler/register;7787;Ruby Gem Lock;3644;;;1;;Heavy Assembler;¦Ruby¦^¦Stone Block¦;¦Ruby¦5^¦Stone Block¦10;Ruby¦5^Stone Block¦10;0
36023;Recipes/Heavy Assembler/register;7787;Diamond Gem Lock;3649;;;1;;Heavy Assembler;¦Diamond¦^¦Stone Block¦;¦Diamond¦5^¦Stone Block¦10;Diamond¦5^Stone Block¦10;0
36024;Recipes/Heavy Assembler/register;7787;Amber Gem Lock;3650;;;1;;Heavy Assembler;¦Amber¦^¦Stone Block¦;¦Amber¦5^¦Stone Block¦10;Amber¦5^Stone Block¦10;0
36025;Recipes/Heavy Assembler/register;7787;Boulder;540;;;1;desktop console mobile;Heavy Assembler;¦Stone Block¦;¦Stone Block¦6;Stone Block¦6;0
36026;Recipes/Heavy Assembler/register;7787;Bouncy Boulder;5383;;;1;;Heavy Assembler;¦Boulder¦^¦Pink Gel¦;¦Boulder¦1^¦Pink Gel¦5;Boulder¦1^Pink Gel¦5;0
36027;Recipes/Heavy Assembler/register;7787;Life Crystal Boulder;5384;;;1;;Heavy Assembler and Ecto Mist;¦Boulder¦^¦Life Crystal¦;¦Boulder¦1^¦Life Crystal¦1;Boulder¦1^Life Crystal¦1;0
36028;Recipes/Heavy Assembler/register;7787;Rolling Cactus;4390;;;1;;Heavy Assembler and Ecto Mist;¦Cactus¦;¦Cactus¦6;Cactus¦6;0
36029;Recipes/Heavy Assembler/register;7787;Bee Hive;5066;;;1;;Heavy Assembler and Ecto Mist;¦Hive¦;¦Hive¦5;Hive¦5;0
36030;Recipes/Heavy Assembler/register;7787;Antlion Eggs;5067;;;1;;Heavy Assembler and Ecto Mist;¦Sandstone Block¦^¦Antlion Mandible¦;¦Antlion Mandible¦1^¦Sandstone Block¦5;Sandstone Block¦5^Antlion Mandible¦1;0
36031;Recipes/Heavy Assembler/register;7787;Repaired Life Crystal;5286;;;1;;Heavy Assembler and Ecto Mist;¦Life Crystal¦;¦Life Crystal¦1;Life Crystal¦1;0
36032;Recipes/Heavy Assembler/register;7787;Repaired Mana Crystal;5287;;;1;;Heavy Assembler and Ecto Mist;¦Mana Crystal¦;¦Mana Crystal¦1;Mana Crystal¦1;0
36033;Recipes/Heavy Assembler/register;7787;Decorative Healing Potion;5320;;;1;;Heavy Assembler;¦Lesser Healing Potion¦;¦Lesser Healing Potion¦1;Lesser Healing Potion¦1;0
36034;Recipes/Heavy Assembler/register;7787;Decorative Mana Potion;5321;;;1;;Heavy Assembler;¦Lesser Mana Potion¦;¦Lesser Mana Potion¦1;Lesser Mana Potion¦1;0
36035;Recipes/Heavy Assembler/register;7787;Echo Chamber;5345;;;1;;Heavy Assembler;¦Echo Block¦^¦Wire¦^¦Gray Brick¦;¦Echo Block¦20^¦Gray Brick¦10^¦Wire¦6;Echo Block¦20^Wire¦6^Gray Brick¦10;0
36036;Recipes/Heavy Assembler/register;7787;Boulder Block;6132;;;5;;Heavy Assembler;¦Boulder¦;¦Boulder¦1;Boulder¦1;0
36037;Recipes/Heavy Assembler/register;7787;Poo Boulder;5516;;;1;;Heavy Assembler;¦Poo¦;¦Poo¦20;Poo¦20;0
36038;Recipes/Heavy Assembler/register;7787;Lava Boulder;5520;;;1;;Heavy Assembler;¦Boulder¦^¦Lava Bomb¦;¦Boulder¦1^¦Lava Bomb¦1;Boulder¦1^Lava Bomb¦1;0
36039;Recipes/Heavy Assembler/register;7787;Spider Boulder;5521;;;1;;Heavy Assembler;¦Boulder¦^¦Cobweb¦;¦Boulder¦1^¦Cobweb¦200;Boulder¦1^Cobweb¦200;0
36040;Recipes/Heavy Assembler/register;7787;Thin Ice;4391;;;1;desktop console mobile;Heavy Assembler and Ecto Mist;¦Ice Block¦;¦Ice Block¦1;Ice Block¦1;0
36041;Recipes/Heavy Assembler/register;7787;Boulder Statue;4355;;;1;;Heavy Assembler and Ecto Mist;¦Stone Block¦^¦Boulder¦;¦Boulder¦5^¦Stone Block¦50;Stone Block¦50^Boulder¦5;0
36042;Recipes/Heavy Assembler/register;7787;Amethyst Stone Block;4640;;;1;;Heavy Assembler and Ecto Mist;¦Amethyst¦^¦Stone Block¦;¦Amethyst¦1^¦Stone Block¦1;Amethyst¦1^Stone Block¦1;0
36043;Recipes/Heavy Assembler/register;7787;Topaz Stone Block;4641;;;1;;Heavy Assembler and Ecto Mist;¦Topaz¦^¦Stone Block¦;¦Stone Block¦1^¦Topaz¦1;Topaz¦1^Stone Block¦1;0
36044;Recipes/Heavy Assembler/register;7787;Sapphire Stone Block;4642;;;1;;Heavy Assembler and Ecto Mist;¦Sapphire¦^¦Stone Block¦;¦Sapphire¦1^¦Stone Block¦1;Sapphire¦1^Stone Block¦1;0
36045;Recipes/Heavy Assembler/register;7787;Emerald Stone Block;4643;;;1;;Heavy Assembler and Ecto Mist;¦Emerald¦^¦Stone Block¦;¦Emerald¦1^¦Stone Block¦1;Emerald¦1^Stone Block¦1;0
36046;Recipes/Heavy Assembler/register;7787;Ruby Stone Block;4644;;;1;;Heavy Assembler and Ecto Mist;¦Ruby¦^¦Stone Block¦;¦Ruby¦1^¦Stone Block¦1;Ruby¦1^Stone Block¦1;0
36047;Recipes/Heavy Assembler/register;7787;Diamond Stone Block;4645;;;1;;Heavy Assembler and Ecto Mist;¦Diamond¦^¦Stone Block¦;¦Diamond¦1^¦Stone Block¦1;Diamond¦1^Stone Block¦1;0
36048;Recipes/Heavy Assembler/register;7787;Amber Stone Block;4646;;;1;;Heavy Assembler and Ecto Mist;¦Amber¦^¦Stone Block¦;¦Amber¦1^¦Stone Block¦1;Amber¦1^Stone Block¦1;0
36049;Recipes/Heavy Assembler/register;7787;Blue Brick;134;;;5;;Heavy Assembler and Ecto Mist;¦Stone Block¦^¦Cobalt Ore¦;¦Cobalt Ore¦1^¦Stone Block¦5;Stone Block¦5^Cobalt Ore¦1;0
36050;Recipes/Heavy Assembler/register;7787;Green Brick;137;;;5;;Heavy Assembler and Ecto Mist;¦Stone Block¦^¦Mythril Ore¦;¦Mythril Ore¦1^¦Stone Block¦5;Stone Block¦5^Mythril Ore¦1;0
36051;Recipes/Heavy Assembler/register;7787;Green Brick;137;;;5;;Heavy Assembler and Ecto Mist;¦Stone Block¦^¦Titanium Ore¦;¦Stone Block¦5^¦Titanium Ore¦1;Stone Block¦5^Titanium Ore¦1;0
36052;Recipes/Heavy Assembler/register;7787;Pink Brick;139;;;5;;Heavy Assembler and Ecto Mist;¦Stone Block¦^¦Palladium Ore¦;¦Palladium Ore¦1^¦Stone Block¦5;Stone Block¦5^Palladium Ore¦1;0
36053;Recipes/Heavy Assembler/register;7787;Pink Brick;139;;;5;;Heavy Assembler and Ecto Mist;¦Stone Block¦^¦Orichalcum Ore¦;¦Orichalcum Ore¦1^¦Stone Block¦5;Stone Block¦5^Orichalcum Ore¦1;0
36054;Recipes/Heavy Assembler/register;7787;Pink Brick;139;;;5;;Heavy Assembler and Ecto Mist;¦Stone Block¦^¦Adamantite Ore¦;¦Adamantite Ore¦1^¦Stone Block¦5;Stone Block¦5^Adamantite Ore¦1;0
36055;Recipes/Heavy Assembler/register;7787;Ghoulder;5522;;;1;;Heavy Assembler and Ecto Mist;¦Boulder¦;¦Boulder¦1;Boulder¦1;0
36056;Recipes/Heavy Assembler/register;7787;Replica Demon Altar;5467;;;1;;Heavy Assembler and Ecto Mist;¦Ebonstone Block¦^¦Demonite Bar¦^¦Shadow Scale¦;¦Demonite Bar¦3^¦Ebonstone Block¦15^¦Shadow Scale¦3;Ebonstone Block¦15^Demonite Bar¦3^Shadow Scale¦3;0
36057;Recipes/Heavy Assembler/register;7787;Replica Crimson Altar;5468;;;1;;Heavy Assembler and Ecto Mist;¦Crimstone Block¦^¦Crimtane Bar¦^¦Tissue Sample¦;¦Crimstone Block¦15^¦Crimtane Bar¦3^¦Tissue Sample¦3;Crimstone Block¦15^Crimtane Bar¦3^Tissue Sample¦3;0
36058;Recipes/Heavy Assembler/register;7787;Trapped Aetherium Chest;5567;;;1;;Heavy Assembler;¦Aetherium Chest¦^¦Wire¦;¦Aetherium Chest¦1^¦Wire¦10;Aetherium Chest¦1^Wire¦10;0
36059;Recipes/Heavy Assembler/register;7787;Trapped Fallen Star Chest;5620;;;1;;Heavy Assembler;¦Fallen Star Chest¦^¦Wire¦;¦Fallen Star Chest¦1^¦Wire¦10;Fallen Star Chest¦1^Wire¦10;0
36060;Recipes/Heavy Assembler/register;7787;Trapped Feywood Chest;5708;;;1;;Heavy Assembler;¦Feywood Chest¦^¦Wire¦;¦Feywood Chest¦1^¦Wire¦10;Feywood Chest¦1^Wire¦10;0
36061;Recipes/Heavy Assembler/register;7787;Trapped Fancy Hallowed Chest;5731;;;1;;Heavy Assembler;¦Fancy Hallowed Chest¦^¦Wire¦;¦Fancy Hallowed Chest¦1^¦Wire¦10;Fancy Hallowed Chest¦1^Wire¦10;0
36062;Recipes/Heavy Assembler/register;7787;Trapped Gothic Chest;5754;;;1;;Heavy Assembler;¦Gothic Chest¦^¦Wire¦;¦Gothic Chest¦1^¦Wire¦10;Gothic Chest¦1^Wire¦10;0
36063;Recipes/Heavy Assembler/register;7787;Trapped Demonite Chest;5776;;;1;;Heavy Assembler;¦Demonite Chest¦^¦Wire¦;¦Demonite Chest¦1^¦Wire¦10;Demonite Chest¦1^Wire¦10;0
36064;Recipes/Heavy Assembler/register;7787;Trapped Crimtane Chest;5797;;;1;;Heavy Assembler;¦Crimtane Chest¦^¦Wire¦;¦Crimtane Chest¦1^¦Wire¦10;Crimtane Chest¦1^Wire¦10;0
36065;Recipes/Heavy Assembler/register;7787;Trapped Snow Chest;5818;;;1;;Heavy Assembler;¦Snow Chest¦^¦Wire¦;¦Snow Chest¦1^¦Wire¦10;Snow Chest¦1^Wire¦10;0
36066;Recipes/Heavy Assembler/register;7787;Trapped Flinx Fur Chest;5839;;;1;;Heavy Assembler;¦Flinx Fur Chest¦^¦Wire¦;¦Flinx Fur Chest¦1^¦Wire¦10;Flinx Fur Chest¦1^Wire¦10;0
36067;Recipes/Heavy Assembler/register;7787;Trapped Pine Chest;5857;;;1;;Heavy Assembler;¦Pine Chest¦^¦Wire¦;¦Pine Chest¦1^¦Wire¦10;Pine Chest¦1^Wire¦10;0
36068;Recipes/Heavy Assembler/register;7787;Trapped Easter Chest;5878;;;1;;Heavy Assembler;¦Easter Chest¦^¦Wire¦;¦Easter Chest¦1^¦Wire¦10;Easter Chest¦1^Wire¦10;0
36069;Recipes/Heavy Assembler/register;7787;Trapped Stone Chest;5897;;;1;;Heavy Assembler;¦Stone Chest¦^¦Wire¦;¦Stone Chest¦1^¦Wire¦10;Stone Chest¦1^Wire¦10;0
36070;Recipes/Heavy Assembler/register;7787;Trapped Jellyfish Chest;5918;;;1;;Heavy Assembler;¦Jellyfish Chest¦^¦Wire¦;¦Jellyfish Chest¦1^¦Wire¦10;Jellyfish Chest¦1^Wire¦10;0
36071;Recipes/Heavy Assembler/register;7787;Trapped Harpy Chest;5952;;;1;;Heavy Assembler;¦Harpy Chest¦^¦Wire¦;¦Harpy Chest¦1^¦Wire¦10;Harpy Chest¦1^Wire¦10;0
36072;Recipes/Heavy Assembler/register;7787;Trapped Cloud Chest;5974;;;1;;Heavy Assembler;¦Cloud Chest¦^¦Wire¦;¦Cloud Chest¦1^¦Wire¦10;Cloud Chest¦1^Wire¦10;0
36073;Recipes/Heavy Assembler/register;7787;Trapped Duskware Chest;5995;;;1;;Heavy Assembler;¦Duskware Chest¦^¦Wire¦;¦Duskware Chest¦1^¦Wire¦10;Duskware Chest¦1^Wire¦10;0
36074;Recipes/Heavy Assembler/register;7787;Trapped Librarian Chest;6018;;;1;;Heavy Assembler;¦Librarian Chest¦^¦Wire¦;¦Librarian Chest¦1^¦Wire¦10;Librarian Chest¦1^Wire¦10;0
36075;Recipes/Heavy Assembler/register;7787;Trapped Spike Chest;6041;;;1;;Heavy Assembler;¦Spike Chest¦^¦Wire¦;¦Spike Chest¦1^¦Wire¦10;Spike Chest¦1^Wire¦10;0
36076;Recipes/Heavy Assembler/register;7787;Trapped Office Chest;6064;;;1;;Heavy Assembler;¦Office Chest¦^¦Wire¦;¦Office Chest¦1^¦Wire¦10;Office Chest¦1^Wire¦10;0
36077;Recipes/Heavy Assembler/register;7787;Trapped Forbidden Chest;6087;;;1;;Heavy Assembler;¦Forbidden Chest¦^¦Wire¦;¦Forbidden Chest¦1^¦Wire¦10;Forbidden Chest¦1^Wire¦10;0
36078;Recipes/Heavy Assembler/register;7787;Trapped Boulder Chest;6131;;;1;;Heavy Assembler;¦Boulder Chest¦^¦Wire¦;¦Boulder Chest¦1^¦Wire¦10;Boulder Chest¦1^Wire¦10;0
36079;Recipes/Heavy Assembler/register;7787;Stone Bathtub;5879;;;1;;Heavy Assembler;¦Gray Brick¦;¦Gray Brick¦14;Gray Brick¦14;0
36080;Recipes/Heavy Assembler/register;7787;Stone Bed;5880;;;1;;Heavy Assembler;¦Gray Brick¦^¦Silk¦;¦Gray Brick¦15^¦Silk¦5;Gray Brick¦15^Silk¦5;0
36081;Recipes/Heavy Assembler/register;7787;Stone Bookcase;5881;;;1;;Heavy Assembler;¦Gray Brick¦^¦Book¦;¦Book¦10^¦Gray Brick¦20;Gray Brick¦20^Book¦10;0
36082;Recipes/Heavy Assembler/register;7787;Stone Dresser;5888;;;1;;Heavy Assembler;¦Gray Brick¦;¦Gray Brick¦16;Gray Brick¦16;0
36083;Recipes/Heavy Assembler/register;7787;Stone Candelabra;5882;;;1;;Heavy Assembler;¦Gray Brick¦^¦Torch¦;¦Gray Brick¦5^¦Torch¦3;Gray Brick¦5^Torch¦3;0
36084;Recipes/Heavy Assembler/register;7787;Stone Candle;5883;;;1;;Heavy Assembler;¦Gray Brick¦^¦Torch¦;¦Gray Brick¦4^¦Torch¦1;Gray Brick¦4^Torch¦1;0
36085;Recipes/Heavy Assembler/register;7787;Stone Chair;5884;;;1;;Heavy Assembler;¦Gray Brick¦;¦Gray Brick¦4;Gray Brick¦4;0
36086;Recipes/Heavy Assembler/register;7787;Stone Chandelier;5885;;;1;;Heavy Assembler;¦Gray Brick¦^¦Torch¦^¦Chain¦;¦Chain¦1^¦Gray Brick¦4^¦Torch¦4;Gray Brick¦4^Torch¦4^Chain¦1;0
36087;Recipes/Heavy Assembler/register;7787;Stone Chest;5886;;;1;;Heavy Assembler;¦Gray Brick¦^¦Any Iron Bar¦;¦Any Iron Bar¦2^¦Gray Brick¦8;Gray Brick¦8^Any Iron Bar¦2;0
36088;Recipes/Heavy Assembler/register;7787;Stone Clock;5887;;;1;;Heavy Assembler;¦Gray Brick¦^¦Any Iron Bar¦^¦Glass¦;¦Any Iron Bar¦3^¦Glass¦6^¦Gray Brick¦10;Gray Brick¦10^Any Iron Bar¦3^Glass¦6;0
36089;Recipes/Heavy Assembler/register;7787;Stone Lamp;5889;;;1;;Heavy Assembler;¦Torch¦^¦Gray Brick¦;¦Gray Brick¦3^¦Torch¦1;Torch¦1^Gray Brick¦3;0
36090;Recipes/Heavy Assembler/register;7787;Stone Lantern;5890;;;1;;Heavy Assembler;¦Gray Brick¦^¦Torch¦;¦Gray Brick¦6^¦Torch¦1;Gray Brick¦6^Torch¦1;0
36091;Recipes/Heavy Assembler/register;7787;Stone Piano;5891;;;1;;Heavy Assembler;¦Gray Brick¦^¦Bone¦^¦Book¦;¦Bone¦4^¦Book¦1^¦Gray Brick¦15;Gray Brick¦15^Bone¦4^Book¦1;0
36092;Recipes/Heavy Assembler/register;7787;Stone Sink;5892;;;1;;Heavy Assembler;¦Gray Brick¦^¦Water Bucket¦;¦Gray Brick¦6^¦Water Bucket¦1;Gray Brick¦6^Water Bucket¦1;0
36093;Recipes/Heavy Assembler/register;7787;Stone Sofa;5893;;;1;;Heavy Assembler;¦Gray Brick¦^¦Silk¦;¦Gray Brick¦5^¦Silk¦2;Gray Brick¦5^Silk¦2;0
36094;Recipes/Heavy Assembler/register;7787;Stone Table;5894;;;1;;Heavy Assembler;¦Gray Brick¦;¦Gray Brick¦8;Gray Brick¦8;0
36095;Recipes/Heavy Assembler/register;7787;Stone Work Bench;5896;;;1;;Heavy Assembler;¦Gray Brick¦;¦Gray Brick¦10;Gray Brick¦10;0
36096;Recipes/Heavy Assembler/register;7787;Stone Toilet;5895;;;1;;Heavy Assembler;¦Gray Brick¦;¦Gray Brick¦6;Gray Brick¦6;0
36097;Recipes/Heavy Assembler/register;7787;Boulder Bathtub;6111;;;1;;Heavy Assembler;¦Boulder Block¦;¦Boulder Block¦14;Boulder Block¦14;0
36098;Recipes/Heavy Assembler/register;7787;Boulder Bed;6112;;;1;;Heavy Assembler;¦Boulder Block¦^¦Silk¦;¦Boulder Block¦15^¦Silk¦5;Boulder Block¦15^Silk¦5;0
36099;Recipes/Heavy Assembler/register;7787;Boulder Bookcase;6113;;;1;;Heavy Assembler;¦Boulder Block¦^¦Book¦;¦Book¦10^¦Boulder Block¦20;Boulder Block¦20^Book¦10;0
36100;Recipes/Heavy Assembler/register;7787;Boulder Dresser;6121;;;1;;Heavy Assembler;¦Boulder Block¦;¦Boulder Block¦16;Boulder Block¦16;0
36101;Recipes/Heavy Assembler/register;7787;Boulder Candelabra;6114;;;1;;Heavy Assembler;¦Boulder Block¦^¦Torch¦;¦Boulder Block¦5^¦Torch¦3;Boulder Block¦5^Torch¦3;0
36102;Recipes/Heavy Assembler/register;7787;Boulder Candle;6115;;;1;;Heavy Assembler;¦Boulder Block¦^¦Torch¦;¦Boulder Block¦4^¦Torch¦1;Boulder Block¦4^Torch¦1;0
36103;Recipes/Heavy Assembler/register;7787;Boulder Chair;6116;;;1;;Heavy Assembler;¦Boulder Block¦;¦Boulder Block¦4;Boulder Block¦4;0
36104;Recipes/Heavy Assembler/register;7787;Boulder Chandelier;6117;;;1;;Heavy Assembler;¦Boulder Block¦^¦Torch¦^¦Chain¦;¦Boulder Block¦4^¦Chain¦1^¦Torch¦4;Boulder Block¦4^Torch¦4^Chain¦1;0
36105;Recipes/Heavy Assembler/register;7787;Boulder Chest;6118;;;1;;Heavy Assembler;¦Boulder Block¦^¦Any Iron Bar¦;¦Any Iron Bar¦2^¦Boulder Block¦8;Boulder Block¦8^Any Iron Bar¦2;0
36106;Recipes/Heavy Assembler/register;7787;Boulder Clock;6119;;;1;;Heavy Assembler;¦Boulder Block¦^¦Any Iron Bar¦^¦Glass¦;¦Any Iron Bar¦3^¦Boulder Block¦10^¦Glass¦6;Boulder Block¦10^Any Iron Bar¦3^Glass¦6;0
36107;Recipes/Heavy Assembler/register;7787;Boulder Door;6120;;;1;;Heavy Assembler;¦Boulder Block¦;¦Boulder Block¦6;Boulder Block¦6;0
36108;Recipes/Heavy Assembler/register;7787;Boulder Lamp;6122;;;1;;Heavy Assembler;¦Torch¦^¦Boulder Block¦;¦Boulder Block¦3^¦Torch¦1;Torch¦1^Boulder Block¦3;0
36109;Recipes/Heavy Assembler/register;7787;Boulder Lantern;6123;;;1;;Heavy Assembler;¦Boulder Block¦^¦Torch¦;¦Boulder Block¦6^¦Torch¦1;Boulder Block¦6^Torch¦1;0
36110;Recipes/Heavy Assembler/register;7787;Boulder Piano;6124;;;1;;Heavy Assembler;¦Boulder Block¦^¦Bone¦^¦Book¦;¦Bone¦4^¦Book¦1^¦Boulder Block¦15;Boulder Block¦15^Bone¦4^Book¦1;0
36111;Recipes/Heavy Assembler/register;7787;Boulder Sink;6126;;;1;;Heavy Assembler;¦Boulder Block¦^¦Water Bucket¦;¦Boulder Block¦6^¦Water Bucket¦1;Boulder Block¦6^Water Bucket¦1;0
36112;Recipes/Heavy Assembler/register;7787;Boulder Sofa;6127;;;1;;Heavy Assembler;¦Boulder Block¦^¦Silk¦;¦Boulder Block¦5^¦Silk¦2;Boulder Block¦5^Silk¦2;0
36113;Recipes/Heavy Assembler/register;7787;Boulder Table;6128;;;1;;Heavy Assembler;¦Boulder Block¦;¦Boulder Block¦8;Boulder Block¦8;0
36114;Recipes/Heavy Assembler/register;7787;Boulder Work Bench;6130;;;1;;Heavy Assembler;¦Boulder Block¦;¦Boulder Block¦10;Boulder Block¦10;0
36115;Recipes/Heavy Assembler/register;7787;Boulder Toilet;6129;;;1;;Heavy Assembler;¦Boulder Block¦;¦Boulder Block¦6;Boulder Block¦6;0
36406;Legacy:Recipes/Table/register;66692;Copper Watch;15;Copper Watch (old).png;;1;old-gen;Table and Chair;¦Copper Bar¦^¦Chain¦;¦Chain¦1^¦Copper Bar¦10;Copper Bar#i:old¦10^Chain¦1;1
36407;Legacy:Recipes/Table/register;66692;Tin Watch;707;Tin Watch (old).png;;1;old-gen;Table and Chair;¦Tin Bar¦^¦Chain¦;¦Chain¦1^¦Tin Bar¦10;Tin Bar#i:old¦10^Chain¦1;1
36408;Legacy:Recipes/Table/register;66692;Silver Watch;16;Silver Watch (old).png;;1;old-gen;Table and Chair;¦Silver Bar¦^¦Chain¦;¦Chain¦1^¦Silver Bar¦10;Silver Bar#i:old¦10^Chain¦1;1
36409;Legacy:Recipes/Table/register;66692;Tungsten Watch;708;Tungsten Watch (old).png;;1;old-gen;Table and Chair;¦Tungsten Bar¦^¦Chain¦;¦Chain¦1^¦Tungsten Bar¦10;Tungsten Bar#i:old¦10^Chain¦1;1
36410;Legacy:Recipes/Table/register;66692;Gold Watch;17;Gold Watch (old).png;;1;old-gen;Table and Chair;¦Gold Bar¦^¦Chain¦;¦Chain¦1^¦Gold Bar¦10;Gold Bar#i:old¦10^Chain¦1;1
36411;Legacy:Recipes/Table/register;66692;Platinum Watch;709;Platinum Watch (old).png;;1;old-gen;Table and Chair;¦Platinum Bar¦^¦Chain¦;¦Chain¦1^¦Platinum Bar¦10;Platinum Bar#i:old¦10^Chain¦1;1
36412;Legacy:Recipes/Table/register;66692;Depth Meter;18;Depth Meter (old).png;;1;old-gen;Table and Chair;¦Copper Bar¦^¦Silver Bar¦^¦Gold Bar¦;¦Copper Bar¦10^¦Gold Bar¦6^¦Silver Bar¦8;Copper Bar#i:old¦10^Silver Bar#i:old¦8^Gold Bar#i:old¦6;1
36413;Recipes/Ancient Manipulator/register;12634;Solar Fragment Block;3573;;;5;;Ancient Manipulator;¦Solar Fragment¦^¦Stone Block¦;¦Solar Fragment¦1^¦Stone Block¦5;Solar Fragment¦1^Stone Block¦5;0
36414;Recipes/Ancient Manipulator/register;12634;Vortex Fragment Block;3574;;;5;;Ancient Manipulator;¦Vortex Fragment¦^¦Stone Block¦;¦Stone Block¦5^¦Vortex Fragment¦1;Vortex Fragment¦1^Stone Block¦5;0
36415;Recipes/Ancient Manipulator/register;12634;Nebula Fragment Block;3575;;;5;;Ancient Manipulator;¦Nebula Fragment¦^¦Stone Block¦;¦Nebula Fragment¦1^¦Stone Block¦5;Nebula Fragment¦1^Stone Block¦5;0
36416;Recipes/Ancient Manipulator/register;12634;Stardust Fragment Block;3576;;;5;;Ancient Manipulator;¦Stardust Fragment¦^¦Stone Block¦;¦Stardust Fragment¦1^¦Stone Block¦5;Stardust Fragment¦1^Stone Block¦5;0
36417;Recipes/Ancient Manipulator/register;12634;Solar Brick;4229;;;10;;Ancient Manipulator;¦Stone Block¦^¦Solar Fragment¦;¦Solar Fragment¦1^¦Stone Block¦10;Stone Block¦10^Solar Fragment¦1;0
36418;Recipes/Ancient Manipulator/register;12634;Solar Bathtub;4145;;;1;;Ancient Manipulator;¦Solar Brick¦;¦Solar Brick¦14;Solar Brick¦14;0
36419;Recipes/Ancient Manipulator/register;12634;Solar Bed;4146;;;1;;Ancient Manipulator;¦Solar Brick¦^¦Silk¦;¦Silk¦5^¦Solar Brick¦15;Solar Brick¦15^Silk¦5;0
36420;Recipes/Ancient Manipulator/register;12634;Solar Bookcase;4147;;;1;;Ancient Manipulator;¦Solar Brick¦^¦Book¦;¦Book¦10^¦Solar Brick¦20;Solar Brick¦20^Book¦10;0
36421;Recipes/Ancient Manipulator/register;12634;Solar Dresser;4148;;;1;;Ancient Manipulator;¦Solar Brick¦;¦Solar Brick¦16;Solar Brick¦16;0
36422;Recipes/Ancient Manipulator/register;12634;Solar Candelabra;4149;;;1;;Ancient Manipulator;¦Solar Brick¦^¦Torch¦;¦Solar Brick¦5^¦Torch¦3;Solar Brick¦5^Torch¦3;0
36423;Recipes/Ancient Manipulator/register;12634;Solar Candle;4150;;;1;;Ancient Manipulator;¦Solar Brick¦^¦Torch¦;¦Solar Brick¦4^¦Torch¦1;Solar Brick¦4^Torch¦1;0
36424;Recipes/Ancient Manipulator/register;12634;Solar Chair;4151;;;1;;Ancient Manipulator;¦Solar Brick¦;¦Solar Brick¦4;Solar Brick¦4;0
36425;Recipes/Ancient Manipulator/register;12634;Solar Chandelier;4152;;;1;;Ancient Manipulator;¦Solar Brick¦^¦Torch¦^¦Chain¦;¦Chain¦1^¦Solar Brick¦4^¦Torch¦4;Solar Brick¦4^Torch¦4^Chain¦1;0
36426;Recipes/Ancient Manipulator/register;12634;Solar Chest;4153;;;1;;Ancient Manipulator;¦Solar Brick¦^¦Any Iron Bar¦;¦Any Iron Bar¦2^¦Solar Brick¦8;Solar Brick¦8^Any Iron Bar¦2;0
36427;Recipes/Ancient Manipulator/register;12634;Solar Clock;4154;;;1;;Ancient Manipulator;¦Solar Brick¦^¦Any Iron Bar¦^¦Glass¦;¦Any Iron Bar¦3^¦Glass¦6^¦Solar Brick¦10;Solar Brick¦10^Any Iron Bar¦3^Glass¦6;0
36428;Recipes/Ancient Manipulator/register;12634;Solar Door;4155;;;1;;Ancient Manipulator;¦Solar Brick¦;¦Solar Brick¦6;Solar Brick¦6;0
36429;Recipes/Ancient Manipulator/register;12634;Solar Lamp;4156;;;1;;Ancient Manipulator;¦Torch¦^¦Solar Brick¦;¦Solar Brick¦3^¦Torch¦1;Torch¦1^Solar Brick¦3;0
36430;Recipes/Ancient Manipulator/register;12634;Solar Lantern;4157;;;1;;Ancient Manipulator;¦Solar Brick¦^¦Torch¦;¦Solar Brick¦6^¦Torch¦1;Solar Brick¦6^Torch¦1;0
36431;Recipes/Ancient Manipulator/register;12634;Solar Piano;4158;;;1;;Ancient Manipulator;¦Solar Brick¦^¦Bone¦^¦Book¦;¦Bone¦4^¦Book¦1^¦Solar Brick¦15;Solar Brick¦15^Bone¦4^Book¦1;0
36432;Recipes/Ancient Manipulator/register;12634;Solar Sink;4160;;;1;;Ancient Manipulator;¦Solar Brick¦^¦Water Bucket¦;¦Solar Brick¦6^¦Water Bucket¦1;Solar Brick¦6^Water Bucket¦1;0
36433;Recipes/Ancient Manipulator/register;12634;Solar Sofa;4161;;;1;;Ancient Manipulator;¦Solar Brick¦^¦Silk¦;¦Silk¦2^¦Solar Brick¦5;Solar Brick¦5^Silk¦2;0
36434;Recipes/Ancient Manipulator/register;12634;Solar Table;4162;;;1;;Ancient Manipulator;¦Solar Brick¦;¦Solar Brick¦8;Solar Brick¦8;0
36435;Recipes/Ancient Manipulator/register;12634;Solar Work Bench;4163;;;1;;Ancient Manipulator;¦Solar Brick¦;¦Solar Brick¦10;Solar Brick¦10;0
36436;Recipes/Ancient Manipulator/register;12634;Solar Toilet;4165;;;1;;Ancient Manipulator;¦Solar Brick¦;¦Solar Brick¦6;Solar Brick¦6;0
36437;Recipes/Ancient Manipulator/register;12634;Vortex Brick;4230;;;10;;Ancient Manipulator;¦Stone Block¦^¦Vortex Fragment¦;¦Stone Block¦10^¦Vortex Fragment¦1;Stone Block¦10^Vortex Fragment¦1;0
36438;Recipes/Ancient Manipulator/register;12634;Vortex Bathtub;4166;;;1;;Ancient Manipulator;¦Vortex Brick¦;¦Vortex Brick¦14;Vortex Brick¦14;0
36439;Recipes/Ancient Manipulator/register;12634;Vortex Bed;4167;;;1;;Ancient Manipulator;¦Vortex Brick¦^¦Silk¦;¦Silk¦5^¦Vortex Brick¦15;Vortex Brick¦15^Silk¦5;0
36440;Recipes/Ancient Manipulator/register;12634;Vortex Bookcase;4168;;;1;;Ancient Manipulator;¦Vortex Brick¦^¦Book¦;¦Book¦10^¦Vortex Brick¦20;Vortex Brick¦20^Book¦10;0
36441;Recipes/Ancient Manipulator/register;12634;Vortex Dresser;4169;;;1;;Ancient Manipulator;¦Vortex Brick¦;¦Vortex Brick¦16;Vortex Brick¦16;0
36442;Recipes/Ancient Manipulator/register;12634;Vortex Candelabra;4170;;;1;;Ancient Manipulator;¦Vortex Brick¦^¦Torch¦;¦Torch¦3^¦Vortex Brick¦5;Vortex Brick¦5^Torch¦3;0
36443;Recipes/Ancient Manipulator/register;12634;Vortex Candle;4171;;;1;;Ancient Manipulator;¦Vortex Brick¦^¦Torch¦;¦Torch¦1^¦Vortex Brick¦4;Vortex Brick¦4^Torch¦1;0
36444;Recipes/Ancient Manipulator/register;12634;Vortex Chair;4172;;;1;;Ancient Manipulator;¦Vortex Brick¦;¦Vortex Brick¦4;Vortex Brick¦4;0
36445;Recipes/Ancient Manipulator/register;12634;Vortex Chandelier;4173;;;1;;Ancient Manipulator;¦Vortex Brick¦^¦Torch¦^¦Chain¦;¦Chain¦1^¦Torch¦4^¦Vortex Brick¦4;Vortex Brick¦4^Torch¦4^Chain¦1;0
36446;Recipes/Ancient Manipulator/register;12634;Vortex Chest;4174;;;1;;Ancient Manipulator;¦Vortex Brick¦^¦Any Iron Bar¦;¦Any Iron Bar¦2^¦Vortex Brick¦8;Vortex Brick¦8^Any Iron Bar¦2;0
36447;Recipes/Ancient Manipulator/register;12634;Vortex Clock;4175;;;1;;Ancient Manipulator;¦Vortex Brick¦^¦Any Iron Bar¦^¦Glass¦;¦Any Iron Bar¦3^¦Glass¦6^¦Vortex Brick¦10;Vortex Brick¦10^Any Iron Bar¦3^Glass¦6;0
36448;Recipes/Ancient Manipulator/register;12634;Vortex Door;4176;;;1;;Ancient Manipulator;¦Vortex Brick¦;¦Vortex Brick¦6;Vortex Brick¦6;0
36449;Recipes/Ancient Manipulator/register;12634;Vortex Lamp;4177;;;1;;Ancient Manipulator;¦Torch¦^¦Vortex Brick¦;¦Torch¦1^¦Vortex Brick¦3;Torch¦1^Vortex Brick¦3;0
36450;Recipes/Ancient Manipulator/register;12634;Vortex Lantern;4178;;;1;;Ancient Manipulator;¦Vortex Brick¦^¦Torch¦;¦Torch¦1^¦Vortex Brick¦6;Vortex Brick¦6^Torch¦1;0
36451;Recipes/Ancient Manipulator/register;12634;Vortex Piano;4179;;;1;;Ancient Manipulator;¦Vortex Brick¦^¦Bone¦^¦Book¦;¦Bone¦4^¦Book¦1^¦Vortex Brick¦15;Vortex Brick¦15^Bone¦4^Book¦1;0
36452;Recipes/Ancient Manipulator/register;12634;Vortex Sink;4181;;;1;;Ancient Manipulator;¦Vortex Brick¦^¦Water Bucket¦;¦Vortex Brick¦6^¦Water Bucket¦1;Vortex Brick¦6^Water Bucket¦1;0
36453;Recipes/Ancient Manipulator/register;12634;Vortex Sofa;4182;;;1;;Ancient Manipulator;¦Vortex Brick¦^¦Silk¦;¦Silk¦2^¦Vortex Brick¦5;Vortex Brick¦5^Silk¦2;0
36454;Recipes/Ancient Manipulator/register;12634;Vortex Table;4183;;;1;;Ancient Manipulator;¦Vortex Brick¦;¦Vortex Brick¦8;Vortex Brick¦8;0
36455;Recipes/Ancient Manipulator/register;12634;Vortex Work Bench;4184;;;1;;Ancient Manipulator;¦Vortex Brick¦;¦Vortex Brick¦10;Vortex Brick¦10;0
36456;Recipes/Ancient Manipulator/register;12634;Vortex Toilet;4186;;;1;;Ancient Manipulator;¦Vortex Brick¦;¦Vortex Brick¦6;Vortex Brick¦6;0
36457;Recipes/Ancient Manipulator/register;12634;Nebula Brick;4231;;;10;;Ancient Manipulator;¦Stone Block¦^¦Nebula Fragment¦;¦Nebula Fragment¦1^¦Stone Block¦10;Stone Block¦10^Nebula Fragment¦1;0
36458;Recipes/Ancient Manipulator/register;12634;Nebula Bathtub;4187;;;1;;Ancient Manipulator;¦Nebula Brick¦;¦Nebula Brick¦14;Nebula Brick¦14;0
36459;Recipes/Ancient Manipulator/register;12634;Nebula Bed;4188;;;1;;Ancient Manipulator;¦Nebula Brick¦^¦Silk¦;¦Nebula Brick¦15^¦Silk¦5;Nebula Brick¦15^Silk¦5;0
36460;Recipes/Ancient Manipulator/register;12634;Nebula Bookcase;4189;;;1;;Ancient Manipulator;¦Nebula Brick¦^¦Book¦;¦Book¦10^¦Nebula Brick¦20;Nebula Brick¦20^Book¦10;0
36461;Recipes/Ancient Manipulator/register;12634;Nebula Dresser;4190;;;1;;Ancient Manipulator;¦Nebula Brick¦;¦Nebula Brick¦16;Nebula Brick¦16;0
36462;Recipes/Ancient Manipulator/register;12634;Nebula Candelabra;4191;;;1;;Ancient Manipulator;¦Nebula Brick¦^¦Torch¦;¦Nebula Brick¦5^¦Torch¦3;Nebula Brick¦5^Torch¦3;0
36463;Recipes/Ancient Manipulator/register;12634;Nebula Candle;4192;;;1;;Ancient Manipulator;¦Nebula Brick¦^¦Torch¦;¦Nebula Brick¦4^¦Torch¦1;Nebula Brick¦4^Torch¦1;0
36464;Recipes/Ancient Manipulator/register;12634;Nebula Chair;4193;;;1;;Ancient Manipulator;¦Nebula Brick¦;¦Nebula Brick¦4;Nebula Brick¦4;0
36465;Recipes/Ancient Manipulator/register;12634;Nebula Chandelier;4194;;;1;;Ancient Manipulator;¦Nebula Brick¦^¦Torch¦^¦Chain¦;¦Chain¦1^¦Nebula Brick¦4^¦Torch¦4;Nebula Brick¦4^Torch¦4^Chain¦1;0
36466;Recipes/Ancient Manipulator/register;12634;Nebula Chest;4195;;;1;;Ancient Manipulator;¦Nebula Brick¦^¦Any Iron Bar¦;¦Any Iron Bar¦2^¦Nebula Brick¦8;Nebula Brick¦8^Any Iron Bar¦2;0
36467;Recipes/Ancient Manipulator/register;12634;Nebula Clock;4196;;;1;;Ancient Manipulator;¦Nebula Brick¦^¦Any Iron Bar¦^¦Glass¦;¦Any Iron Bar¦3^¦Glass¦6^¦Nebula Brick¦10;Nebula Brick¦10^Any Iron Bar¦3^Glass¦6;0
36468;Recipes/Ancient Manipulator/register;12634;Nebula Door;4197;;;1;;Ancient Manipulator;¦Nebula Brick¦;¦Nebula Brick¦6;Nebula Brick¦6;0
36469;Recipes/Ancient Manipulator/register;12634;Nebula Lamp;4198;;;1;;Ancient Manipulator;¦Torch¦^¦Nebula Brick¦;¦Nebula Brick¦3^¦Torch¦1;Torch¦1^Nebula Brick¦3;0
36470;Recipes/Ancient Manipulator/register;12634;Nebula Lantern;4199;;;1;;Ancient Manipulator;¦Nebula Brick¦^¦Torch¦;¦Nebula Brick¦6^¦Torch¦1;Nebula Brick¦6^Torch¦1;0
36471;Recipes/Ancient Manipulator/register;12634;Nebula Piano;4200;;;1;;Ancient Manipulator;¦Nebula Brick¦^¦Bone¦^¦Book¦;¦Bone¦4^¦Book¦1^¦Nebula Brick¦15;Nebula Brick¦15^Bone¦4^Book¦1;0
36472;Recipes/Ancient Manipulator/register;12634;Nebula Sink;4202;;;1;;Ancient Manipulator;¦Nebula Brick¦^¦Water Bucket¦;¦Nebula Brick¦6^¦Water Bucket¦1;Nebula Brick¦6^Water Bucket¦1;0
36473;Recipes/Ancient Manipulator/register;12634;Nebula Sofa;4203;;;1;;Ancient Manipulator;¦Nebula Brick¦^¦Silk¦;¦Nebula Brick¦5^¦Silk¦2;Nebula Brick¦5^Silk¦2;0
36474;Recipes/Ancient Manipulator/register;12634;Nebula Table;4204;;;1;;Ancient Manipulator;¦Nebula Brick¦;¦Nebula Brick¦8;Nebula Brick¦8;0
36475;Recipes/Ancient Manipulator/register;12634;Nebula Work Bench;4205;;;1;;Ancient Manipulator;¦Nebula Brick¦;¦Nebula Brick¦10;Nebula Brick¦10;0
36476;Recipes/Ancient Manipulator/register;12634;Nebula Toilet;4207;;;1;;Ancient Manipulator;¦Nebula Brick¦;¦Nebula Brick¦6;Nebula Brick¦6;0
36477;Recipes/Ancient Manipulator/register;12634;Stardust Brick;4232;;;10;;Ancient Manipulator;¦Stone Block¦^¦Stardust Fragment¦;¦Stardust Fragment¦1^¦Stone Block¦10;Stone Block¦10^Stardust Fragment¦1;0
36478;Recipes/Ancient Manipulator/register;12634;Stardust Bathtub;4208;;;1;;Ancient Manipulator;¦Stardust Brick¦;¦Stardust Brick¦14;Stardust Brick¦14;0
36479;Recipes/Ancient Manipulator/register;12634;Stardust Bed;4209;;;1;;Ancient Manipulator;¦Stardust Brick¦^¦Silk¦;¦Silk¦5^¦Stardust Brick¦15;Stardust Brick¦15^Silk¦5;0
36480;Recipes/Ancient Manipulator/register;12634;Stardust Bookcase;4210;;;1;;Ancient Manipulator;¦Stardust Brick¦^¦Book¦;¦Book¦10^¦Stardust Brick¦20;Stardust Brick¦20^Book¦10;0
36481;Recipes/Ancient Manipulator/register;12634;Stardust Dresser;4211;;;1;;Ancient Manipulator;¦Stardust Brick¦;¦Stardust Brick¦16;Stardust Brick¦16;0
36482;Recipes/Ancient Manipulator/register;12634;Stardust Candelabra;4212;;;1;;Ancient Manipulator;¦Stardust Brick¦^¦Torch¦;¦Stardust Brick¦5^¦Torch¦3;Stardust Brick¦5^Torch¦3;0
36483;Recipes/Ancient Manipulator/register;12634;Stardust Candle;4213;;;1;;Ancient Manipulator;¦Stardust Brick¦^¦Torch¦;¦Stardust Brick¦4^¦Torch¦1;Stardust Brick¦4^Torch¦1;0
36484;Recipes/Ancient Manipulator/register;12634;Stardust Chair;4214;;;1;;Ancient Manipulator;¦Stardust Brick¦;¦Stardust Brick¦4;Stardust Brick¦4;0
36485;Recipes/Ancient Manipulator/register;12634;Stardust Chandelier;4215;;;1;;Ancient Manipulator;¦Stardust Brick¦^¦Torch¦^¦Chain¦;¦Chain¦1^¦Stardust Brick¦4^¦Torch¦4;Stardust Brick¦4^Torch¦4^Chain¦1;0
36486;Recipes/Ancient Manipulator/register;12634;Stardust Chest;4216;;;1;;Ancient Manipulator;¦Stardust Brick¦^¦Any Iron Bar¦;¦Any Iron Bar¦2^¦Stardust Brick¦8;Stardust Brick¦8^Any Iron Bar¦2;0
36487;Recipes/Ancient Manipulator/register;12634;Stardust Clock;4217;;;1;;Ancient Manipulator;¦Stardust Brick¦^¦Any Iron Bar¦^¦Glass¦;¦Any Iron Bar¦3^¦Glass¦6^¦Stardust Brick¦10;Stardust Brick¦10^Any Iron Bar¦3^Glass¦6;0
36488;Recipes/Ancient Manipulator/register;12634;Stardust Door;4218;;;1;;Ancient Manipulator;¦Stardust Brick¦;¦Stardust Brick¦6;Stardust Brick¦6;0
36489;Recipes/Ancient Manipulator/register;12634;Stardust Lamp;4219;;;1;;Ancient Manipulator;¦Torch¦^¦Stardust Brick¦;¦Stardust Brick¦3^¦Torch¦1;Torch¦1^Stardust Brick¦3;0
36490;Recipes/Ancient Manipulator/register;12634;Stardust Lantern;4220;;;1;;Ancient Manipulator;¦Stardust Brick¦^¦Torch¦;¦Stardust Brick¦6^¦Torch¦1;Stardust Brick¦6^Torch¦1;0
36491;Recipes/Ancient Manipulator/register;12634;Stardust Piano;4221;;;1;;Ancient Manipulator;¦Stardust Brick¦^¦Bone¦^¦Book¦;¦Bone¦4^¦Book¦1^¦Stardust Brick¦15;Stardust Brick¦15^Bone¦4^Book¦1;0
36492;Recipes/Ancient Manipulator/register;12634;Stardust Sink;4223;;;1;;Ancient Manipulator;¦Stardust Brick¦^¦Water Bucket¦;¦Stardust Brick¦6^¦Water Bucket¦1;Stardust Brick¦6^Water Bucket¦1;0
36493;Recipes/Ancient Manipulator/register;12634;Stardust Sofa;4224;;;1;;Ancient Manipulator;¦Stardust Brick¦^¦Silk¦;¦Silk¦2^¦Stardust Brick¦5;Stardust Brick¦5^Silk¦2;0
36494;Recipes/Ancient Manipulator/register;12634;Stardust Table;4225;;;1;;Ancient Manipulator;¦Stardust Brick¦;¦Stardust Brick¦8;Stardust Brick¦8;0
36495;Recipes/Ancient Manipulator/register;12634;Stardust Work Bench;4226;;;1;;Ancient Manipulator;¦Stardust Brick¦;¦Stardust Brick¦10;Stardust Brick¦10;0
36496;Recipes/Ancient Manipulator/register;12634;Stardust Toilet;4228;;;1;;Ancient Manipulator;¦Stardust Brick¦;¦Stardust Brick¦6;Stardust Brick¦6;0
36497;Recipes/Ancient Manipulator/register;12634;Bottomless Shimmer Bucket;5364;;;1;;Ancient Manipulator;¦Luminite Bar¦^¦Bottomless Water Bucket¦;¦Bottomless Water Bucket¦1^¦Luminite Bar¦10;Luminite Bar¦10^Bottomless Water Bucket¦1;0
36498;Recipes/Ancient Manipulator/register;12634;Luminite Bar;3467;;;1;;Ancient Manipulator;¦Luminite¦;¦Luminite¦4;Luminite¦4;0
36499;Recipes/Ancient Manipulator/register;12634;Luminite Bullet;3567;;;333;;Ancient Manipulator;¦Luminite Bar¦;¦Luminite Bar¦1;Luminite Bar¦1;0
36500;Recipes/Ancient Manipulator/register;12634;Luminite Arrow;3568;;;333;;Ancient Manipulator;¦Luminite Bar¦;¦Luminite Bar¦1;Luminite Bar¦1;0
36501;Recipes/Ancient Manipulator/register;12634;Void Monolith;4318;;;1;;Ancient Manipulator;¦Luminite¦;¦Luminite¦25;Luminite¦25;0
36502;Recipes/Ancient Manipulator/register;12634;Lunar Hook;3572;;;1;;Ancient Manipulator;¦Nebula Fragment¦^¦Solar Fragment¦^¦Stardust Fragment¦^¦Vortex Fragment¦;¦Nebula Fragment¦6^¦Solar Fragment¦6^¦Stardust Fragment¦6^¦Vortex Fragment¦6;Nebula Fragment¦6^Solar Fragment¦6^Stardust Fragment¦6^Vortex Fragment¦6;0
36503;Recipes/Ancient Manipulator/register;12634;Solar Fragment;3458;;;1;;Ancient Manipulator;¦Vortex Fragment¦^¦Nebula Fragment¦^¦Stardust Fragment¦;¦Nebula Fragment¦1^¦Stardust Fragment¦1^¦Vortex Fragment¦1;Vortex Fragment¦1^Nebula Fragment¦1^Stardust Fragment¦1;0
36504;Recipes/Ancient Manipulator/register;12634;Solar Monolith;3539;;;1;;Ancient Manipulator;¦Solar Fragment¦;¦Solar Fragment¦15;Solar Fragment¦15;0
36505;Recipes/Ancient Manipulator/register;12634;Solar Flare Helmet;2763;;;1;;Ancient Manipulator;¦Solar Fragment¦^¦Luminite Bar¦;¦Luminite Bar¦8^¦Solar Fragment¦10;Solar Fragment¦10^Luminite Bar¦8;0
36506;Recipes/Ancient Manipulator/register;12634;Solar Flare Breastplate;2764;;;1;;Ancient Manipulator;¦Solar Fragment¦^¦Luminite Bar¦;¦Luminite Bar¦16^¦Solar Fragment¦20;Solar Fragment¦20^Luminite Bar¦16;0
36507;Recipes/Ancient Manipulator/register;12634;Solar Flare Leggings;2765;;;1;;Ancient Manipulator;¦Solar Fragment¦^¦Luminite Bar¦;¦Luminite Bar¦12^¦Solar Fragment¦15;Solar Fragment¦15^Luminite Bar¦12;0
36508;Recipes/Ancient Manipulator/register;12634;Solar Flare Pickaxe;2786;;;1;;Ancient Manipulator;¦Solar Fragment¦^¦Luminite Bar¦;¦Luminite Bar¦10^¦Solar Fragment¦12;Solar Fragment¦12^Luminite Bar¦10;0
36509;Recipes/Ancient Manipulator/register;12634;Solar Flare Drill;2784;;;1;;Ancient Manipulator;¦Solar Fragment¦^¦Luminite Bar¦;¦Luminite Bar¦10^¦Solar Fragment¦12;Solar Fragment¦12^Luminite Bar¦10;0
36510;Recipes/Ancient Manipulator/register;12634;Solar Flare Hamaxe;3522;;;1;;Ancient Manipulator;¦Solar Fragment¦^¦Luminite Bar¦;¦Luminite Bar¦12^¦Solar Fragment¦14;Solar Fragment¦14^Luminite Bar¦12;0
36511;Recipes/Ancient Manipulator/register;12634;Solar Eruption;3473;;;1;;Ancient Manipulator;¦Solar Fragment¦;¦Solar Fragment¦18;Solar Fragment¦18;0
36512;Recipes/Ancient Manipulator/register;12634;Daybreak;3543;;;1;;Ancient Manipulator;¦Solar Fragment¦;¦Solar Fragment¦18;Solar Fragment¦18;0
36513;Recipes/Ancient Manipulator/register;12634;Vortex Fragment;3456;;;1;;Ancient Manipulator;¦Solar Fragment¦^¦Nebula Fragment¦^¦Stardust Fragment¦;¦Nebula Fragment¦1^¦Solar Fragment¦1^¦Stardust Fragment¦1;Solar Fragment¦1^Nebula Fragment¦1^Stardust Fragment¦1;0
36514;Recipes/Ancient Manipulator/register;12634;Vortex Monolith;3536;;;1;;Ancient Manipulator;¦Vortex Fragment¦;¦Vortex Fragment¦15;Vortex Fragment¦15;0
36515;Recipes/Ancient Manipulator/register;12634;Vortex Helmet;2757;;;1;;Ancient Manipulator;¦Vortex Fragment¦^¦Luminite Bar¦;¦Luminite Bar¦8^¦Vortex Fragment¦10;Vortex Fragment¦10^Luminite Bar¦8;0
36516;Recipes/Ancient Manipulator/register;12634;Vortex Breastplate;2758;;;1;;Ancient Manipulator;¦Vortex Fragment¦^¦Luminite Bar¦;¦Luminite Bar¦16^¦Vortex Fragment¦20;Vortex Fragment¦20^Luminite Bar¦16;0
36517;Recipes/Ancient Manipulator/register;12634;Vortex Leggings;2759;;;1;;Ancient Manipulator;¦Vortex Fragment¦^¦Luminite Bar¦;¦Luminite Bar¦12^¦Vortex Fragment¦15;Vortex Fragment¦15^Luminite Bar¦12;0
36518;Recipes/Ancient Manipulator/register;12634;Vortex Pickaxe;2776;;;1;;Ancient Manipulator;¦Vortex Fragment¦^¦Luminite Bar¦;¦Luminite Bar¦10^¦Vortex Fragment¦12;Vortex Fragment¦12^Luminite Bar¦10;0
36519;Recipes/Ancient Manipulator/register;12634;Vortex Drill;2774;;;1;;Ancient Manipulator;¦Vortex Fragment¦^¦Luminite Bar¦;¦Luminite Bar¦10^¦Vortex Fragment¦12;Vortex Fragment¦12^Luminite Bar¦10;0
36520;Recipes/Ancient Manipulator/register;12634;Vortex Hamaxe;3523;;;1;;Ancient Manipulator;¦Vortex Fragment¦^¦Luminite Bar¦;¦Luminite Bar¦12^¦Vortex Fragment¦14;Vortex Fragment¦14^Luminite Bar¦12;0
36521;Recipes/Ancient Manipulator/register;12634;Vortex Beater;3475;;;1;;Ancient Manipulator;¦Vortex Fragment¦;¦Vortex Fragment¦18;Vortex Fragment¦18;0
36522;Recipes/Ancient Manipulator/register;12634;Phantasm;3540;;;1;;Ancient Manipulator;¦Vortex Fragment¦;¦Vortex Fragment¦18;Vortex Fragment¦18;0
36523;Recipes/Ancient Manipulator/register;12634;Nebula Fragment;3457;;;1;;Ancient Manipulator;¦Solar Fragment¦^¦Vortex Fragment¦^¦Stardust Fragment¦;¦Solar Fragment¦1^¦Stardust Fragment¦1^¦Vortex Fragment¦1;Solar Fragment¦1^Vortex Fragment¦1^Stardust Fragment¦1;0
36524;Recipes/Ancient Manipulator/register;12634;Nebula Monolith;3537;;;1;;Ancient Manipulator;¦Nebula Fragment¦;¦Nebula Fragment¦15;Nebula Fragment¦15;0
36525;Recipes/Ancient Manipulator/register;12634;Nebula Helmet;2760;;;1;;Ancient Manipulator;¦Nebula Fragment¦^¦Luminite Bar¦;¦Luminite Bar¦8^¦Nebula Fragment¦10;Nebula Fragment¦10^Luminite Bar¦8;0
36526;Recipes/Ancient Manipulator/register;12634;Nebula Breastplate;2761;;;1;;Ancient Manipulator;¦Nebula Fragment¦^¦Luminite Bar¦;¦Luminite Bar¦16^¦Nebula Fragment¦20;Nebula Fragment¦20^Luminite Bar¦16;0
36527;Recipes/Ancient Manipulator/register;12634;Nebula Leggings;2762;;;1;;Ancient Manipulator;¦Nebula Fragment¦^¦Luminite Bar¦;¦Luminite Bar¦12^¦Nebula Fragment¦15;Nebula Fragment¦15^Luminite Bar¦12;0
36528;Recipes/Ancient Manipulator/register;12634;Nebula Pickaxe;2781;;;1;;Ancient Manipulator;¦Nebula Fragment¦^¦Luminite Bar¦;¦Luminite Bar¦10^¦Nebula Fragment¦12;Nebula Fragment¦12^Luminite Bar¦10;0
36529;Recipes/Ancient Manipulator/register;12634;Nebula Drill;2779;;;1;;Ancient Manipulator;¦Nebula Fragment¦^¦Luminite Bar¦;¦Luminite Bar¦10^¦Nebula Fragment¦12;Nebula Fragment¦12^Luminite Bar¦10;0
36530;Recipes/Ancient Manipulator/register;12634;Nebula Hamaxe;3524;;;1;;Ancient Manipulator;¦Nebula Fragment¦^¦Luminite Bar¦;¦Luminite Bar¦12^¦Nebula Fragment¦14;Nebula Fragment¦14^Luminite Bar¦12;0
36531;Recipes/Ancient Manipulator/register;12634;Nebula Arcanum;3476;;;1;;Ancient Manipulator;¦Nebula Fragment¦;¦Nebula Fragment¦18;Nebula Fragment¦18;0
36532;Recipes/Ancient Manipulator/register;12634;Nebula Blaze;3542;;;1;;Ancient Manipulator;¦Nebula Fragment¦;¦Nebula Fragment¦18;Nebula Fragment¦18;0
36533;Recipes/Ancient Manipulator/register;12634;Stardust Fragment;3459;;;1;;Ancient Manipulator;¦Solar Fragment¦^¦Vortex Fragment¦^¦Nebula Fragment¦;¦Nebula Fragment¦1^¦Solar Fragment¦1^¦Vortex Fragment¦1;Solar Fragment¦1^Vortex Fragment¦1^Nebula Fragment¦1;0
36534;Recipes/Ancient Manipulator/register;12634;Stardust Monolith;3538;;;1;;Ancient Manipulator;¦Stardust Fragment¦;¦Stardust Fragment¦15;Stardust Fragment¦15;0
36535;Recipes/Ancient Manipulator/register;12634;Stardust Helmet;3381;;;1;;Ancient Manipulator;¦Stardust Fragment¦^¦Luminite Bar¦;¦Luminite Bar¦8^¦Stardust Fragment¦10;Stardust Fragment¦10^Luminite Bar¦8;0
36536;Recipes/Ancient Manipulator/register;12634;Stardust Plate;3382;;;1;;Ancient Manipulator;¦Stardust Fragment¦^¦Luminite Bar¦;¦Luminite Bar¦16^¦Stardust Fragment¦20;Stardust Fragment¦20^Luminite Bar¦16;0
36537;Recipes/Ancient Manipulator/register;12634;Stardust Leggings;3383;;;1;;Ancient Manipulator;¦Stardust Fragment¦^¦Luminite Bar¦;¦Luminite Bar¦12^¦Stardust Fragment¦15;Stardust Fragment¦15^Luminite Bar¦12;0
36538;Recipes/Ancient Manipulator/register;12634;Stardust Pickaxe;3466;;;1;;Ancient Manipulator;¦Stardust Fragment¦^¦Luminite Bar¦;¦Luminite Bar¦10^¦Stardust Fragment¦12;Stardust Fragment¦12^Luminite Bar¦10;0
36539;Recipes/Ancient Manipulator/register;12634;Stardust Drill;3464;;;1;;Ancient Manipulator;¦Stardust Fragment¦^¦Luminite Bar¦;¦Luminite Bar¦10^¦Stardust Fragment¦12;Stardust Fragment¦12^Luminite Bar¦10;0
36540;Recipes/Ancient Manipulator/register;12634;Stardust Hamaxe;3525;;;1;;Ancient Manipulator;¦Stardust Fragment¦^¦Luminite Bar¦;¦Luminite Bar¦12^¦Stardust Fragment¦14;Stardust Fragment¦14^Luminite Bar¦12;0
36541;Recipes/Ancient Manipulator/register;12634;Stardust Cell Staff;3474;;;1;;Ancient Manipulator;¦Stardust Fragment¦;¦Stardust Fragment¦18;Stardust Fragment¦18;0
36542;Recipes/Ancient Manipulator/register;12634;Stardust Dragon Staff;3531;;;1;;Ancient Manipulator;¦Stardust Fragment¦;¦Stardust Fragment¦18;Stardust Fragment¦18;0
36543;Recipes/Ancient Manipulator/register;12634;Solar Wings;3468;;;1;;Ancient Manipulator;¦Solar Fragment¦^¦Luminite Bar¦;¦Luminite Bar¦10^¦Solar Fragment¦14;Solar Fragment¦14^Luminite Bar¦10;0
36544;Recipes/Ancient Manipulator/register;12634;Vortex Booster;3469;;;1;;Ancient Manipulator;¦Vortex Fragment¦^¦Luminite Bar¦;¦Luminite Bar¦10^¦Vortex Fragment¦14;Vortex Fragment¦14^Luminite Bar¦10;0
36545;Recipes/Ancient Manipulator/register;12634;Nebula Mantle;3470;;;1;;Ancient Manipulator;¦Nebula Fragment¦^¦Luminite Bar¦;¦Luminite Bar¦10^¦Nebula Fragment¦14;Nebula Fragment¦14^Luminite Bar¦10;0
36546;Recipes/Ancient Manipulator/register;12634;Stardust Wings;3471;;;1;;Ancient Manipulator;¦Stardust Fragment¦^¦Luminite Bar¦;¦Luminite Bar¦10^¦Stardust Fragment¦14;Stardust Fragment¦14^Luminite Bar¦10;0
36547;Recipes/Ancient Manipulator/register;12634;Celestial Sigil;3601;;;1;;Ancient Manipulator;¦Solar Fragment¦^¦Vortex Fragment¦^¦Nebula Fragment¦^¦Stardust Fragment¦;¦Nebula Fragment¦12^¦Solar Fragment¦12^¦Stardust Fragment¦12^¦Vortex Fragment¦12;Solar Fragment¦12^Vortex Fragment¦12^Nebula Fragment¦12^Stardust Fragment¦12;0
36548;Recipes/Ancient Manipulator/register;12634;Constellation;5479;;;1;;Ancient Manipulator;¦Stardust Fragment¦;¦Stardust Fragment¦18;Stardust Fragment¦18;0
36549;Recipes/Ancient Manipulator/register;12634;Guide to Old World Parkour;6190;;;1;;Ancient Manipulator;¦Book¦^¦Luminite Bar¦;¦Book¦1^¦Luminite Bar¦10;Book¦1^Luminite Bar¦10;0
36550;Recipes/By Hand/register;13321;Torch;8;;;3;;By Hand;¦Gel¦^¦Any Wood¦;¦Any Wood¦1^¦Gel¦1;Gel¦1^Any Wood¦1;0
36551;Recipes/By Hand/register;13321;Ice Torch;974;;;3;;By Hand;¦Torch¦^¦Ice Block¦;¦Ice Block¦1^¦Torch¦3;Torch¦3^Ice Block¦1;0
36552;Recipes/By Hand/register;13321;Ice Torch;974;;;3;desktop console mobile;By Hand;¦Torch¦^¦Purple Ice Block¦;¦Purple Ice Block¦1^¦Torch¦3;Torch¦3^Purple Ice Block¦1;0
36553;Recipes/By Hand/register;13321;Ice Torch;974;;;3;desktop console mobile;By Hand;¦Torch¦^¦Pink Ice Block¦;¦Pink Ice Block¦1^¦Torch¦3;Torch¦3^Pink Ice Block¦1;0
36554;Recipes/By Hand/register;13321;Ice Torch;974;;;3;desktop console mobile;By Hand;¦Torch¦^¦Red Ice Block¦;¦Red Ice Block¦1^¦Torch¦3;Torch¦3^Red Ice Block¦1;0
36555;Recipes/By Hand/register;13321;Jester's Arrow;51;;;10;;By Hand;¦Wooden Arrow¦^¦Fallen Star¦;¦Fallen Star¦1^¦Wooden Arrow¦10;Wooden Arrow¦10^Fallen Star¦1;0
36556;Recipes/By Hand/register;13321;Desert Torch;4383;;;3;;By Hand;¦Torch¦^¦Hardened Sand Block¦;¦Hardened Sand Block¦1^¦Torch¦3;Torch¦3^Hardened Sand Block¦1;0
36557;Recipes/By Hand/register;13321;Desert Torch;4383;;;3;;By Hand;¦Torch¦^¦Hardened Ebonsand Block¦;¦Hardened Ebonsand Block¦1^¦Torch¦3;Torch¦3^Hardened Ebonsand Block¦1;0
36558;Recipes/By Hand/register;13321;Desert Torch;4383;;;3;;By Hand;¦Torch¦^¦Hardened Crimsand Block¦;¦Hardened Crimsand Block¦1^¦Torch¦3;Torch¦3^Hardened Crimsand Block¦1;0
36559;Recipes/By Hand/register;13321;Desert Torch;4383;;;3;;By Hand;¦Torch¦^¦Hardened Pearlsand Block¦;¦Hardened Pearlsand Block¦1^¦Torch¦3;Torch¦3^Hardened Pearlsand Block¦1;0
36560;Recipes/By Hand/register;13321;Coral Torch;4384;;;3;;By Hand;¦Torch¦^¦Coral¦;¦Coral¦1^¦Torch¦3;Torch¦3^Coral¦1;0
36561;Recipes/By Hand/register;13321;Corrupt Torch;4385;;;3;;By Hand;¦Torch¦^¦Ebonstone Block¦;¦Ebonstone Block¦1^¦Torch¦3;Torch¦3^Ebonstone Block¦1;0
36562;Recipes/By Hand/register;13321;Corrupt Torch;4385;;;3;;By Hand;¦Torch¦^¦Purple Ice Block¦;¦Purple Ice Block¦1^¦Torch¦3;Torch¦3^Purple Ice Block¦1;0
36563;Recipes/By Hand/register;13321;Corrupt Torch;4385;;;3;;By Hand;¦Torch¦^¦Hardened Ebonsand Block¦;¦Hardened Ebonsand Block¦1^¦Torch¦3;Torch¦3^Hardened Ebonsand Block¦1;0
36564;Recipes/By Hand/register;13321;Crimson Torch;4386;;;3;;By Hand;¦Torch¦^¦Crimstone Block¦;¦Crimstone Block¦1^¦Torch¦3;Torch¦3^Crimstone Block¦1;0
36565;Recipes/By Hand/register;13321;Crimson Torch;4386;;;3;;By Hand;¦Torch¦^¦Red Ice Block¦;¦Red Ice Block¦1^¦Torch¦3;Torch¦3^Red Ice Block¦1;0
36566;Recipes/By Hand/register;13321;Crimson Torch;4386;;;3;;By Hand;¦Torch¦^¦Hardened Crimsand Block¦;¦Hardened Crimsand Block¦1^¦Torch¦3;Torch¦3^Hardened Crimsand Block¦1;0
36567;Recipes/By Hand/register;13321;Hallowed Torch;4387;;;3;;By Hand;¦Torch¦^¦Pearlstone Block¦;¦Pearlstone Block¦1^¦Torch¦3;Torch¦3^Pearlstone Block¦1;0
36568;Recipes/By Hand/register;13321;Hallowed Torch;4387;;;3;;By Hand;¦Torch¦^¦Pink Ice Block¦;¦Pink Ice Block¦1^¦Torch¦3;Torch¦3^Pink Ice Block¦1;0
36569;Recipes/By Hand/register;13321;Hallowed Torch;4387;;;3;;By Hand;¦Torch¦^¦Hardened Pearlsand Block¦;¦Hardened Pearlsand Block¦1^¦Torch¦3;Torch¦3^Hardened Pearlsand Block¦1;0
36570;Recipes/By Hand/register;13321;Jungle Torch;4388;;;25;;By Hand;¦Torch¦^¦Jungle Spores¦;¦Jungle Spores¦1^¦Torch¦25;Torch¦25^Jungle Spores¦1;0
36571;Recipes/By Hand/register;13321;Mushroom Torch;5293;;;3;;By Hand;¦Torch¦^¦Glowing Mushroom¦;¦Glowing Mushroom¦1^¦Torch¦3;Torch¦3^Glowing Mushroom¦1;0
36572;Recipes/By Hand/register;13321;Pink Torch;3114;;;3;;By Hand;¦Pink Gel¦^¦Any Wood¦;¦Any Wood¦1^¦Pink Gel¦1;Pink Gel¦1^Any Wood¦1;0
36573;Recipes/By Hand/register;13321;Demon Torch;433;;;3;desktop console mobile;By Hand;¦Torch¦^¦Obsidian¦;¦Obsidian¦1^¦Torch¦3;Torch¦3^Obsidian¦1;0
36574;Recipes/By Hand/register;13321;Cursed Torch;523;;;33;;By Hand;¦Torch¦^¦Cursed Flame¦;¦Cursed Flame¦1^¦Torch¦33;Torch¦33^Cursed Flame¦1;0
36575;Recipes/By Hand/register;13321;Ichor Torch;1333;;;33;;By Hand;¦Torch¦^¦Ichor¦;¦Ichor¦1^¦Torch¦33;Torch¦33^Ichor¦1;0
36576;Recipes/By Hand/register;13321;Rainbow Torch;3045;;;10;;By Hand;¦Torch¦^¦Rainbow Brick¦;¦Rainbow Brick¦1^¦Torch¦10;Torch¦10^Rainbow Brick¦1;0
36577;Recipes/By Hand/register;13321;Blue Torch;427;;;10;desktop console mobile;By Hand;¦Torch¦^¦Sapphire¦;¦Sapphire¦1^¦Torch¦10;Torch¦10^Sapphire¦1;0
36578;Recipes/By Hand/register;13321;Red Torch;428;;;10;desktop console mobile;By Hand;¦Torch¦^¦Ruby¦;¦Ruby¦1^¦Torch¦10;Torch¦10^Ruby¦1;0
36579;Recipes/By Hand/register;13321;Green Torch;429;;;10;desktop console mobile;By Hand;¦Torch¦^¦Emerald¦;¦Emerald¦1^¦Torch¦10;Torch¦10^Emerald¦1;0
36580;Recipes/By Hand/register;13321;Yellow Torch;432;;;10;desktop console mobile;By Hand;¦Torch¦^¦Topaz¦;¦Topaz¦1^¦Torch¦10;Torch¦10^Topaz¦1;0
36581;Recipes/By Hand/register;13321;Purple Torch;430;;;10;desktop console mobile;By Hand;¦Torch¦^¦Amethyst¦;¦Amethyst¦1^¦Torch¦10;Torch¦10^Amethyst¦1;0
36582;Recipes/By Hand/register;13321;White Torch;431;;;10;desktop console mobile;By Hand;¦Torch¦^¦Diamond¦;¦Diamond¦1^¦Torch¦10;Torch¦10^Diamond¦1;0
36583;Recipes/By Hand/register;13321;Orange Torch;1245;;;20;desktop console mobile;By Hand;¦Torch¦^¦Amber¦;¦Amber¦1^¦Torch¦20;Torch¦20^Amber¦1;0
36584;Recipes/By Hand/register;13321;Cursed Flare;5378;;;33;;By Hand;¦Flare¦^¦Cursed Flame¦;¦Cursed Flame¦1^¦Flare¦33;Flare¦33^Cursed Flame¦1;0
36585;Recipes/By Hand/register;13321;Rainbow Flare;5379;;;10;;By Hand;¦Flare¦^¦Rainbow Brick¦;¦Flare¦10^¦Rainbow Brick¦1;Flare¦10^Rainbow Brick¦1;0
36586;Recipes/By Hand/register;13321;Spelunker Flare;5377;;;1;;By Hand;¦Flare¦^¦Spelunker Glowstick¦;¦Flare¦1^¦Spelunker Glowstick¦1;Flare¦1^Spelunker Glowstick¦1;0
36587;Recipes/By Hand/register;13321;Campfire;966;;;1;desktop console mobile;By Hand;¦Any Wood¦^¦Torch¦;¦Any Wood¦10^¦Torch¦5;Any Wood¦10^Torch¦5;0
36588;Recipes/By Hand/register;13321;Frozen Campfire;3048;;;1;;By Hand;¦Any Wood¦^¦Ice Torch¦;¦Any Wood¦10^¦Ice Torch¦5;Any Wood¦10^Ice Torch¦5;0
36589;Recipes/By Hand/register;13321;Demon Campfire;3047;;;1;;By Hand;¦Any Wood¦^¦Demon Torch¦;¦Any Wood¦10^¦Demon Torch¦5;Any Wood¦10^Demon Torch¦5;0
36590;Recipes/By Hand/register;13321;Cursed Campfire;3046;;;1;;By Hand;¦Any Wood¦^¦Cursed Torch¦;¦Any Wood¦10^¦Cursed Torch¦5;Any Wood¦10^Cursed Torch¦5;0
36591;Recipes/By Hand/register;13321;Ichor Campfire;3049;;;1;;By Hand;¦Any Wood¦^¦Ichor Torch¦;¦Any Wood¦10^¦Ichor Torch¦5;Any Wood¦10^Ichor Torch¦5;0
36592;Recipes/By Hand/register;13321;Rainbow Campfire;3050;;;1;;By Hand;¦Any Wood¦^¦Rainbow Torch¦;¦Any Wood¦10^¦Rainbow Torch¦5;Any Wood¦10^Rainbow Torch¦5;0
36593;Recipes/By Hand/register;13321;Ultrabright Campfire;3723;;;1;;By Hand;¦Any Wood¦^¦Ultrabright Torch¦;¦Any Wood¦10^¦Ultrabright Torch¦5;Any Wood¦10^Ultrabright Torch¦5;0
36594;Recipes/By Hand/register;13321;Bone Campfire;3724;;;1;;By Hand;¦Any Wood¦^¦Bone Torch¦;¦Any Wood¦10^¦Bone Torch¦5;Any Wood¦10^Bone Torch¦5;0
36595;Recipes/By Hand/register;13321;Desert Campfire;4689;;;1;;By Hand;¦Any Wood¦^¦Desert Torch¦;¦Any Wood¦10^¦Desert Torch¦5;Any Wood¦10^Desert Torch¦5;0
36596;Recipes/By Hand/register;13321;Coral Campfire;4690;;;1;;By Hand;¦Any Wood¦^¦Coral Torch¦;¦Any Wood¦10^¦Coral Torch¦5;Any Wood¦10^Coral Torch¦5;0
36597;Recipes/By Hand/register;13321;Corrupt Campfire;4691;;;1;;By Hand;¦Any Wood¦^¦Corrupt Torch¦;¦Any Wood¦10^¦Corrupt Torch¦5;Any Wood¦10^Corrupt Torch¦5;0
36598;Recipes/By Hand/register;13321;Crimson Campfire;4692;;;1;;By Hand;¦Any Wood¦^¦Crimson Torch¦;¦Any Wood¦10^¦Crimson Torch¦5;Any Wood¦10^Crimson Torch¦5;0
36599;Recipes/By Hand/register;13321;Hallowed Campfire;4693;;;1;;By Hand;¦Any Wood¦^¦Hallowed Torch¦;¦Any Wood¦10^¦Hallowed Torch¦5;Any Wood¦10^Hallowed Torch¦5;0
36600;Recipes/By Hand/register;13321;Jungle Campfire;4694;;;1;;By Hand;¦Any Wood¦^¦Jungle Torch¦;¦Any Wood¦10^¦Jungle Torch¦5;Any Wood¦10^Jungle Torch¦5;0
36601;Recipes/By Hand/register;13321;Mushroom Campfire;5299;;;1;;By Hand;¦Glowing Mushroom¦^¦Mushroom Torch¦;¦Glowing Mushroom¦10^¦Mushroom Torch¦5;Glowing Mushroom¦10^Mushroom Torch¦5;0
36602;Recipes/By Hand/register;13321;Aether Campfire;5357;;;1;;By Hand;¦Any Wood¦^¦Aether Torch¦;¦Aether Torch¦5^¦Any Wood¦10;Any Wood¦10^Aether Torch¦5;0
36603;Recipes/By Hand/register;13321;Rope Coil;985;;;1;;By Hand;¦Rope¦;¦Rope¦10;Rope¦10;0
36604;Recipes/By Hand/register;13321;Vine Rope Coil;3005;;;1;;By Hand;¦Vine Rope¦;¦Vine Rope¦10;Vine Rope¦10;0
36605;Recipes/By Hand/register;13321;Web Rope;3078;;;3;;By Hand;¦Cobweb¦;¦Cobweb¦1;Cobweb¦1;0
36606;Recipes/By Hand/register;13321;Web Rope Coil;3080;;;1;;By Hand;¦Web Rope¦;¦Web Rope¦10;Web Rope¦10;0
36607;Recipes/By Hand/register;13321;Silk Rope Coil;3079;;;1;;By Hand;¦Silk Rope¦;¦Silk Rope¦10;Silk Rope¦10;0
36608;Recipes/By Hand/register;13321;Molotov Cocktail;2590;;;5;desktop console mobile;By Hand;¦Ale¦^¦Gel¦^¦Silk¦^¦Torch¦;¦Ale¦5^¦Gel¦1^¦Silk¦1^¦Torch¦1;Ale¦5^Gel¦1^Silk¦1^Torch¦1;0
36609;Recipes/By Hand/register;13321;Sticky Grenade;2586;;;5;;By Hand;¦Grenade¦^¦Gel¦;¦Gel¦1^¦Grenade¦5;Grenade¦5^Gel¦1;0
36610;Recipes/By Hand/register;13321;Sticky Bomb;235;;;1;;By Hand;¦Bomb¦^¦Gel¦;¦Bomb¦1^¦Gel¦1;Bomb¦1^Gel¦1;0
36611;Recipes/By Hand/register;13321;Sticky Dynamite;2896;;;1;;By Hand;¦Dynamite¦^¦Gel¦;¦Dynamite¦1^¦Gel¦1;Dynamite¦1^Gel¦1;0
36612;Recipes/By Hand/register;13321;Bouncy Grenade;3116;;;2;;By Hand;¦Grenade¦^¦Pink Gel¦;¦Grenade¦2^¦Pink Gel¦1;Grenade¦2^Pink Gel¦1;0
36613;Recipes/By Hand/register;13321;Bouncy Bomb;3115;;;1;;By Hand;¦Bomb¦^¦Pink Gel¦;¦Bomb¦1^¦Pink Gel¦1;Bomb¦1^Pink Gel¦1;0
36614;Recipes/By Hand/register;13321;Bouncy Dynamite;3547;;;1;;By Hand;¦Dynamite¦^¦Pink Gel¦;¦Dynamite¦1^¦Pink Gel¦1;Dynamite¦1^Pink Gel¦1;0
36615;Recipes/By Hand/register;13321;Scarab Bomb;4423;;;1;;By Hand;¦Bomb¦^¦Sturdy Fossil¦;¦Bomb¦1^¦Sturdy Fossil¦1;Bomb¦1^Sturdy Fossil¦1;0
36616;Recipes/By Hand/register;13321;Dirt Bomb;4908;;;1;;By Hand;¦Bomb¦^¦Dirt Block¦;¦Bomb¦1^¦Dirt Block¦25;Bomb¦1^Dirt Block¦25;0
36617;Recipes/By Hand/register;13321;Sticky Dirt Bomb;4909;;;1;;By Hand;¦Dirt Bomb¦^¦Gel¦;¦Dirt Bomb¦1^¦Gel¦1;Dirt Bomb¦1^Gel¦1;0
36618;Recipes/By Hand/register;13321;Sticky Dirt Bomb;4909;;;1;;By Hand;¦Sticky Bomb¦^¦Dirt Block¦;¦Dirt Block¦25^¦Sticky Bomb¦1;Sticky Bomb¦1^Dirt Block¦25;0
36619;Recipes/By Hand/register;13321;Explosive Bunny;1338;;;1;;By Hand;¦Bunny¦^¦Dynamite¦;¦Bunny¦1^¦Dynamite¦1;Bunny¦1^Dynamite¦1;0
36620;Recipes/By Hand/register;13321;Sticky Glowstick;286;;;5;;By Hand;¦Glowstick¦^¦Gel¦;¦Gel¦1^¦Glowstick¦5;Glowstick¦5^Gel¦1;0
36621;Recipes/By Hand/register;13321;Bouncy Glowstick;3112;;;5;;By Hand;¦Glowstick¦^¦Pink Gel¦;¦Glowstick¦5^¦Pink Gel¦1;Glowstick¦5^Pink Gel¦1;0
36622;Recipes/By Hand/register;13321;Enchanted Nightcrawler;3191;;;1;;By Hand;¦Worm¦^¦Fallen Star¦;¦Fallen Star¦1^¦Worm¦1;Worm¦1^Fallen Star¦1;0
36623;Recipes/By Hand/register;13321;Marshmallow on a Stick;968;;;1;;By Hand;¦Marshmallow¦^¦Any Wood¦;¦Any Wood¦1^¦Marshmallow¦1;Marshmallow¦1^Any Wood¦1;0
36624;Recipes/By Hand/register;13321;Holy Water;422;;;10;desktop console mobile;By Hand;¦Bottled Water¦^¦Pixie Dust¦^¦Hallowed Seeds¦;¦Bottled Water¦10^¦Hallowed Seeds¦1^¦Pixie Dust¦2;Bottled Water¦10^Pixie Dust¦2^Hallowed Seeds¦1;0
36625;Recipes/By Hand/register;13321;Unholy Water;423;;;10;desktop console mobile;By Hand;¦Bottled Water¦^¦Ebonsand Block¦^¦Corrupt Seeds¦;¦Bottled Water¦10^¦Corrupt Seeds¦1^¦Ebonsand Block¦1;Bottled Water¦10^Ebonsand Block¦1^Corrupt Seeds¦1;0
36626;Recipes/By Hand/register;13321;Blood Water;3477;;;10;;By Hand;¦Bottled Water¦^¦Crimsand Block¦^¦Crimson Seeds¦;¦Bottled Water¦10^¦Crimsand Block¦1^¦Crimson Seeds¦1;Bottled Water¦10^Crimsand Block¦1^Crimson Seeds¦1;0
36627;Recipes/By Hand/register;13321;Garland;5099;;;1;;By Hand;¦Daybloom¦^¦Moonglow¦^¦Blinkroot¦^¦Waterleaf¦^¦Deathweed¦^¦Shiverthorn¦^¦Fireblossom¦;¦Blinkroot¦1^¦Daybloom¦1^¦Deathweed¦1^¦Fireblossom¦1^¦Moonglow¦1^¦Shiverthorn¦1^¦Waterleaf¦1;Daybloom¦1^Moonglow¦1^Blinkroot¦1^Waterleaf¦1^Deathweed¦1^Shiverthorn¦1^Fireblossom¦1;0
36628;Recipes/By Hand/register;13321;Snowball;949;;;15;desktop console mobile;By Hand;¦Snow Block¦;¦Snow Block¦1;Snow Block¦1;0
36629;Recipes/By Hand/register;13321;Flaming Arrow;41;;;10;desktop console mobile;By Hand;¦Wooden Arrow¦^¦Torch¦;¦Torch¦1^¦Wooden Arrow¦10;Wooden Arrow¦10^Torch¦1;0
36630;Recipes/By Hand/register;13321;Frostburn Arrow;988;;;10;desktop console mobile;By Hand;¦Wooden Arrow¦^¦Ice Torch¦;¦Ice Torch¦1^¦Wooden Arrow¦10;Wooden Arrow¦10^Ice Torch¦1;0
36631;Recipes/By Hand/register;13321;Dry Rocket;4459;;;1;;By Hand;¦Wet Rocket¦;¦Wet Rocket¦1;Wet Rocket¦1;0
36632;Recipes/By Hand/register;13321;Dry Rocket;4459;;;1;;By Hand;¦Lava Rocket¦;¦Lava Rocket¦1;Lava Rocket¦1;0
36633;Recipes/By Hand/register;13321;Dry Rocket;4459;;;1;;By Hand;¦Honey Rocket¦;¦Honey Rocket¦1;Honey Rocket¦1;0
36634;Recipes/By Hand/register;13321;Dry Bomb;4827;;;1;;By Hand;¦Wet Bomb¦;¦Wet Bomb¦1;Wet Bomb¦1;0
36635;Recipes/By Hand/register;13321;Dry Bomb;4827;;;1;;By Hand;¦Lava Bomb¦;¦Lava Bomb¦1;Lava Bomb¦1;0
36636;Recipes/By Hand/register;13321;Dry Bomb;4827;;;1;;By Hand;¦Honey Bomb¦;¦Honey Bomb¦1;Honey Bomb¦1;0
36637;Recipes/By Hand/register;13321;Poisoned Knife;287;;;50;desktop console mobile;By Hand;¦Throwing Knife¦^¦Vile Powder¦;¦Throwing Knife¦50^¦Vile Powder¦1;Throwing Knife¦50^Vile Powder¦1;0
36638;Recipes/By Hand/register;13321;Poisoned Knife;287;;;50;desktop console mobile;By Hand;¦Throwing Knife¦^¦Vicious Powder¦;¦Throwing Knife¦50^¦Vicious Powder¦1;Throwing Knife¦50^Vicious Powder¦1;0
36639;Recipes/By Hand/register;13321;Wood Platform;94;;;2;;By Hand;¦Wood¦;¦Wood¦1;Wood¦1;0
36640;Recipes/By Hand/register;13321;Wood;9;;;1;;By Hand;¦Wood Platform¦;¦Wood Platform¦2;Wood Platform¦2;0
36641;Recipes/By Hand/register;13321;Stone Platform;4416;;;2;;By Hand;¦Gray Brick¦;¦Gray Brick¦1;Gray Brick¦1;0
36642;Recipes/By Hand/register;13321;Gray Brick;129;;;1;;By Hand;¦Stone Platform¦;¦Stone Platform¦2;Stone Platform¦2;0
36643;Recipes/By Hand/register;13321;Palm Wood Platform;2518;;;2;;By Hand;¦Palm Wood¦;¦Palm Wood¦1;Palm Wood¦1;0
36644;Recipes/By Hand/register;13321;Palm Wood;2504;;;1;;By Hand;¦Palm Wood Platform¦;¦Palm Wood Platform¦2;Palm Wood Platform¦2;0
36645;Recipes/By Hand/register;13321;Boreal Wood Platform;2566;;;2;;By Hand;¦Boreal Wood¦;¦Boreal Wood¦1;Boreal Wood¦1;0
36646;Recipes/By Hand/register;13321;Boreal Wood;2503;;;1;;By Hand;¦Boreal Wood Platform¦;¦Boreal Wood Platform¦2;Boreal Wood Platform¦2;0
36647;Recipes/By Hand/register;13321;Rich Mahogany Platform;632;;;2;;By Hand;¦Rich Mahogany¦;¦Rich Mahogany¦1;Rich Mahogany¦1;0
36648;Recipes/By Hand/register;13321;Rich Mahogany;620;;;1;;By Hand;¦Rich Mahogany Platform¦;¦Rich Mahogany Platform¦2;Rich Mahogany Platform¦2;0
36649;Recipes/By Hand/register;13321;Ebonwood Platform;631;;;2;;By Hand;¦Ebonwood¦;¦Ebonwood¦1;Ebonwood¦1;0
36650;Recipes/By Hand/register;13321;Ebonwood;619;;;1;;By Hand;¦Ebonwood Platform¦;¦Ebonwood Platform¦2;Ebonwood Platform¦2;0
36651;Recipes/By Hand/register;13321;Shadewood Platform;913;;;2;;By Hand;¦Shadewood¦;¦Shadewood¦1;Shadewood¦1;0
36652;Recipes/By Hand/register;13321;Shadewood;911;;;1;;By Hand;¦Shadewood Platform¦;¦Shadewood Platform¦2;Shadewood Platform¦2;0
36653;Recipes/By Hand/register;13321;Pearlwood Platform;633;;;2;;By Hand;¦Pearlwood¦;¦Pearlwood¦1;Pearlwood¦1;0
36654;Recipes/By Hand/register;13321;Pearlwood;621;;;1;;By Hand;¦Pearlwood Platform¦;¦Pearlwood Platform¦2;Pearlwood Platform¦2;0
36655;Recipes/By Hand/register;13321;Cactus Platform;2744;;;2;desktop console mobile;By Hand;¦Cactus¦;¦Cactus¦1;Cactus¦1;0
36656;Recipes/By Hand/register;13321;Cactus;276;;;1;;By Hand;¦Cactus Platform¦;¦Cactus Platform¦2;Cactus Platform¦2;0
36657;Recipes/By Hand/register;13321;Glass Platform;1702;;;2;desktop console mobile;By Hand;¦Glass¦;¦Glass¦1;Glass¦1;0
36658;Recipes/By Hand/register;13321;Glass;170;;;1;;By Hand;¦Glass Platform¦;¦Glass Platform¦2;Glass Platform¦2;0
36659;Recipes/By Hand/register;13321;Pumpkin Platform;1796;;;2;desktop console mobile;By Hand;¦Pumpkin¦;¦Pumpkin¦1;Pumpkin¦1;0
36660;Recipes/By Hand/register;13321;Pumpkin;1725;;;1;;By Hand;¦Pumpkin Platform¦;¦Pumpkin Platform¦2;Pumpkin Platform¦2;0
36661;Recipes/By Hand/register;13321;Spooky Wood Platform;1818;;;2;;By Hand;¦Spooky Wood¦;¦Spooky Wood¦1;Spooky Wood¦1;0
36662;Recipes/By Hand/register;13321;Spooky Wood;1729;;;1;;By Hand;¦Spooky Wood Platform¦;¦Spooky Wood Platform¦2;Spooky Wood Platform¦2;0
36663;Recipes/By Hand/register;13321;Bone Platform;634;;;2;;By Hand;¦Bone¦;¦Bone¦1;Bone¦1;0
36664;Recipes/By Hand/register;13321;Bone;154;;;1;;By Hand;¦Bone Platform¦;¦Bone Platform¦2;Bone Platform¦2;0
36665;Recipes/By Hand/register;13321;Mushroom Platform;2549;;;2;desktop console mobile;By Hand;¦Glowing Mushroom¦;¦Glowing Mushroom¦1;Glowing Mushroom¦1;0
36666;Recipes/By Hand/register;13321;Glowing Mushroom;183;;;1;;By Hand;¦Mushroom Platform¦;¦Mushroom Platform¦2;Mushroom Platform¦2;0
36667;Recipes/By Hand/register;13321;Slime Platform;2581;;;2;;By Hand;¦Slime Block¦;¦Slime Block¦1;Slime Block¦1;0
36668;Recipes/By Hand/register;13321;Slime Block;762;;;1;;By Hand;¦Slime Platform¦;¦Slime Platform¦2;Slime Platform¦2;0
36669;Recipes/By Hand/register;13321;Steampunk Platform;2627;;;2;desktop console mobile;By Hand;¦Cog¦;¦Cog¦1;Cog¦1;0
36670;Recipes/By Hand/register;13321;Cog;1344;;;1;;By Hand;¦Steampunk Platform¦;¦Steampunk Platform¦2;Steampunk Platform¦2;0
36671;Recipes/By Hand/register;13321;Skyware Platform;2628;;;2;desktop console mobile;By Hand;¦Sunplate Block¦;¦Sunplate Block¦1;Sunplate Block¦1;0
36672;Recipes/By Hand/register;13321;Sunplate Block;824;;;1;;By Hand;¦Skyware Platform¦;¦Skyware Platform¦2;Skyware Platform¦2;0
36673;Recipes/By Hand/register;13321;Honey Platform;2630;;;2;desktop console mobile;By Hand;¦Honey Block¦;¦Honey Block¦1;Honey Block¦1;0
36674;Recipes/By Hand/register;13321;Honey Block;1125;;;1;;By Hand;¦Honey Platform¦;¦Honey Platform¦2;Honey Platform¦2;0
36675;Recipes/By Hand/register;13321;Obsidian Platform;1457;;;2;;By Hand;¦Obsidian Brick¦;¦Obsidian Brick¦1;Obsidian Brick¦1;0
36676;Recipes/By Hand/register;13321;Obsidian Brick;192;;;1;;By Hand;¦Obsidian Platform¦;¦Obsidian Platform¦2;Obsidian Platform¦2;0
36677;Recipes/By Hand/register;13321;Meteorite Platform;3144;;;2;;By Hand;¦Meteorite Brick¦;¦Meteorite Brick¦1;Meteorite Brick¦1;0
36678;Recipes/By Hand/register;13321;Meteorite Brick;3100;;;1;;By Hand;¦Meteorite Platform¦;¦Meteorite Platform¦2;Meteorite Platform¦2;0
36679;Recipes/By Hand/register;13321;Granite Platform;3146;;;2;;By Hand;¦Smooth Granite Block¦;¦Smooth Granite Block¦1;Smooth Granite Block¦1;0
36680;Recipes/By Hand/register;13321;Smooth Granite Block;3087;;;1;;By Hand;¦Granite Platform¦;¦Granite Platform¦2;Granite Platform¦2;0
36681;Recipes/By Hand/register;13321;Marble Platform;3145;;;2;;By Hand;¦Smooth Marble Block¦;¦Smooth Marble Block¦1;Smooth Marble Block¦1;0
36682;Recipes/By Hand/register;13321;Smooth Marble Block;3066;;;1;;By Hand;¦Marble Platform¦;¦Marble Platform¦2;Marble Platform¦2;0
36683;Recipes/By Hand/register;13321;Martian Platform;2822;;;2;;By Hand;¦Martian Conduit Plating¦;¦Martian Conduit Plating¦1;Martian Conduit Plating¦1;0
36684;Recipes/By Hand/register;13321;Martian Conduit Plating;2860;;;1;;By Hand;¦Martian Platform¦;¦Martian Platform¦2;Martian Platform¦2;0
36685;Recipes/By Hand/register;13321;Crystal Platform;3903;;;2;;By Hand;¦Crystal Block¦;¦Crystal Block¦1;Crystal Block¦1;0
36686;Recipes/By Hand/register;13321;Crystal Block;3234;;;1;;By Hand;¦Crystal Platform¦;¦Crystal Platform¦2;Crystal Platform¦2;0
36687;Recipes/By Hand/register;13321;Spider Platform;3945;;;2;;By Hand;¦Spider Nest Block¦;¦Spider Nest Block¦1;Spider Nest Block¦1;0
36688;Recipes/By Hand/register;13321;Spider Nest Block;4139;;;1;;By Hand;¦Spider Platform¦;¦Spider Platform¦2;Spider Platform¦2;0
36689;Recipes/By Hand/register;13321;Dynasty Wood Platform;3905;;;2;;By Hand;¦Dynasty Wood¦;¦Dynasty Wood¦1;Dynasty Wood¦1;0
36690;Recipes/By Hand/register;13321;Dynasty Wood;2260;;;1;;By Hand;¦Dynasty Wood Platform¦;¦Dynasty Wood Platform¦2;Dynasty Wood Platform¦2;0
36691;Recipes/By Hand/register;13321;Lihzahrd Platform;3906;;;2;;By Hand;¦Lihzahrd Brick¦;¦Lihzahrd Brick¦1;Lihzahrd Brick¦1;0
36692;Recipes/By Hand/register;13321;Lihzahrd Brick;1101;;;1;;By Hand;¦Lihzahrd Platform¦;¦Lihzahrd Platform¦2;Lihzahrd Platform¦2;0
36693;Recipes/By Hand/register;13321;Flesh Platform;3907;;;2;;By Hand;¦Flesh Block¦;¦Flesh Block¦1;Flesh Block¦1;0
36694;Recipes/By Hand/register;13321;Flesh Block;763;;;1;;By Hand;¦Flesh Platform¦;¦Flesh Platform¦2;Flesh Platform¦2;0
36695;Recipes/By Hand/register;13321;Lesion Platform;3957;;;2;;By Hand;¦Lesion Block¦;¦Lesion Block¦1;Lesion Block¦1;0
36696;Recipes/By Hand/register;13321;Lesion Block;3955;;;1;;By Hand;¦Lesion Platform¦;¦Lesion Platform¦2;Lesion Platform¦2;0
36697;Recipes/By Hand/register;13321;Frozen Platform;3908;;;2;;By Hand;¦Ice Block¦;¦Ice Block¦1;Ice Block¦1;0
36698;Recipes/By Hand/register;13321;Ice Block;664;;;1;;By Hand;¦Frozen Platform¦;¦Frozen Platform¦2;Frozen Platform¦2;0
36699;Recipes/By Hand/register;13321;Solar Platform;4159;;;2;;By Hand;¦Solar Brick¦;¦Solar Brick¦1;Solar Brick¦1;0
36700;Recipes/By Hand/register;13321;Solar Brick;4229;;;1;;By Hand;¦Solar Platform¦;¦Solar Platform¦2;Solar Platform¦2;0
36701;Recipes/By Hand/register;13321;Vortex Platform;4180;;;2;;By Hand;¦Vortex Brick¦;¦Vortex Brick¦1;Vortex Brick¦1;0
36702;Recipes/By Hand/register;13321;Vortex Brick;4230;;;1;;By Hand;¦Vortex Platform¦;¦Vortex Platform¦2;Vortex Platform¦2;0
36703;Recipes/By Hand/register;13321;Nebula Platform;4201;;;2;;By Hand;¦Nebula Brick¦;¦Nebula Brick¦1;Nebula Brick¦1;0
36704;Recipes/By Hand/register;13321;Nebula Brick;4231;;;1;;By Hand;¦Nebula Platform¦;¦Nebula Platform¦2;Nebula Platform¦2;0
36705;Recipes/By Hand/register;13321;Stardust Platform;4222;;;2;;By Hand;¦Stardust Brick¦;¦Stardust Brick¦1;Stardust Brick¦1;0
36706;Recipes/By Hand/register;13321;Stardust Brick;4232;;;1;;By Hand;¦Stardust Platform¦;¦Stardust Platform¦2;Stardust Platform¦2;0
36707;Recipes/By Hand/register;13321;Sandstone Platform;4311;;;2;;By Hand;¦Smooth Sandstone¦;¦Smooth Sandstone¦1;Smooth Sandstone¦1;0
36708;Recipes/By Hand/register;13321;Smooth Sandstone;4051;;;1;;By Hand;¦Sandstone Platform¦;¦Sandstone Platform¦2;Sandstone Platform¦2;0
36709;Recipes/By Hand/register;13321;Bamboo Platform;4580;;;2;;By Hand;¦Bamboo¦;¦Bamboo¦1;Bamboo¦1;0
36710;Recipes/By Hand/register;13321;Bamboo;4564;;;1;;By Hand;¦Bamboo Platform¦;¦Bamboo Platform¦2;Bamboo Platform¦2;0
36711;Recipes/By Hand/register;13321;Reef Platform;5162;;;2;;By Hand;¦Reef Block¦;¦Reef Block¦1;Reef Block¦1;0
36712;Recipes/By Hand/register;13321;Reef Block;5306;;;1;;By Hand;¦Reef Platform¦;¦Reef Platform¦2;Reef Platform¦2;0
36713;Recipes/By Hand/register;13321;Balloon Platform;5183;;;2;;By Hand;¦Any Balloon¦;¦Any Balloon¦1;Any Balloon¦1;0
36714;Recipes/By Hand/register;13321;Silly Green Balloon;3738;;;1;;By Hand;¦Balloon Platform¦;¦Balloon Platform¦2;Balloon Platform¦2;0
36715;Recipes/By Hand/register;13321;Ash Wood Platform;5204;;;2;;By Hand;¦Ash Wood¦;¦Ash Wood¦1;Ash Wood¦1;0
36716;Recipes/By Hand/register;13321;Ash Wood;5215;;;1;;By Hand;¦Ash Wood Platform¦;¦Ash Wood Platform¦2;Ash Wood Platform¦2;0
36717;Recipes/By Hand/register;13321;Echo Platform;5292;;;2;;By Hand;¦Echo Block¦;¦Echo Block¦1;Echo Block¦1;0
36718;Recipes/By Hand/register;13321;Echo Block;4392;;;1;;By Hand;¦Echo Platform¦;¦Echo Platform¦2;Echo Platform¦2;0
36719;Recipes/By Hand/register;13321;Blue Brick Platform;1384;;;2;desktop console mobile;By Hand;¦Blue Brick¦;¦Blue Brick¦1;Blue Brick¦1;0
36720;Recipes/By Hand/register;13321;Blue Brick;134;;;1;desktop console mobile;By Hand;¦Blue Brick Platform¦;¦Blue Brick Platform¦2;Blue Brick Platform¦2;0
36721;Recipes/By Hand/register;13321;Green Brick Platform;1386;;;2;desktop console mobile;By Hand;¦Green Brick¦;¦Green Brick¦1;Green Brick¦1;0
36722;Recipes/By Hand/register;13321;Green Brick;137;;;1;desktop console mobile;By Hand;¦Green Brick Platform¦;¦Green Brick Platform¦2;Green Brick Platform¦2;0
36723;Recipes/By Hand/register;13321;Pink Brick Platform;1385;;;2;desktop console mobile;By Hand;¦Pink Brick¦;¦Pink Brick¦1;Pink Brick¦1;0
36724;Recipes/By Hand/register;13321;Pink Brick;139;;;1;desktop console mobile;By Hand;¦Pink Brick Platform¦;¦Pink Brick Platform¦2;Pink Brick Platform¦2;0
36725;Recipes/By Hand/register;13321;Star in a Bottle;1431;;;1;;By Hand;¦Bottle¦^¦Fallen Star¦;¦Bottle¦1^¦Fallen Star¦1;Bottle¦1^Fallen Star¦1;0
36726;Recipes/By Hand/register;13321;Firefly in a Bottle;1993;;;1;;By Hand;¦Bottle¦^¦Firefly¦;¦Bottle¦1^¦Firefly¦1;Bottle¦1^Firefly¦1;0
36727;Recipes/By Hand/register;13321;Lightning Bug in a Bottle;2005;;;1;;By Hand;¦Bottle¦^¦Lightning Bug¦;¦Bottle¦1^¦Lightning Bug¦1;Bottle¦1^Lightning Bug¦1;0
36728;Recipes/By Hand/register;13321;Lavafly in a Bottle;4848;;;1;;By Hand;¦Bottle¦^¦Lavafly¦;¦Bottle¦1^¦Lavafly¦1;Bottle¦1^Lavafly¦1;0
36729;Recipes/By Hand/register;13321;Faeling in a Bottle;5351;;;1;;By Hand;¦Bottle¦^¦Faeling¦;¦Bottle¦1^¦Faeling¦1;Bottle¦1^Faeling¦1;0
36730;Recipes/By Hand/register;13321;Soul of Light in a Bottle;4695;;;1;;By Hand;¦Bottle¦^¦Soul of Light¦;¦Bottle¦1^¦Soul of Light¦1;Bottle¦1^Soul of Light¦1;0
36731;Recipes/By Hand/register;13321;Soul of Night in a Bottle;4696;;;1;;By Hand;¦Bottle¦^¦Soul of Night¦;¦Bottle¦1^¦Soul of Night¦1;Bottle¦1^Soul of Night¦1;0
36732;Recipes/By Hand/register;13321;Soul of Flight in a Bottle;4697;;;1;;By Hand;¦Bottle¦^¦Soul of Flight¦;¦Bottle¦1^¦Soul of Flight¦1;Bottle¦1^Soul of Flight¦1;0
36733;Recipes/By Hand/register;13321;Soul of Sight in a Bottle;4698;;;1;;By Hand;¦Bottle¦^¦Soul of Sight¦;¦Bottle¦1^¦Soul of Sight¦1;Bottle¦1^Soul of Sight¦1;0
36734;Recipes/By Hand/register;13321;Soul of Might in a Bottle;4699;;;1;;By Hand;¦Bottle¦^¦Soul of Might¦;¦Bottle¦1^¦Soul of Might¦1;Bottle¦1^Soul of Might¦1;0
36735;Recipes/By Hand/register;13321;Soul of Fright in a Bottle;4700;;;1;;By Hand;¦Bottle¦^¦Soul of Fright¦;¦Bottle¦1^¦Soul of Fright¦1;Bottle¦1^Soul of Fright¦1;0
36736;Recipes/By Hand/register;13321;Heart Lantern;1859;;;1;;By Hand;¦Life Crystal¦^¦Chain¦;¦Chain¦4^¦Life Crystal¦1;Life Crystal¦1^Chain¦4;0
36737;Recipes/By Hand/register;13321;Silly Tied Bundle of Balloons;3748;;;1;;By Hand;¦Silly Tied Balloon (Pink)¦^¦Silly Tied Balloon (Purple)¦^¦Silly Tied Balloon (Green)¦;¦Silly Tied Balloon (Green)¦1^¦Silly Tied Balloon (Pink)¦1^¦Silly Tied Balloon (Purple)¦1;Silly Tied Balloon (Pink)¦1^Silly Tied Balloon (Purple)¦1^Silly Tied Balloon (Green)¦1;0
36738;Recipes/By Hand/register;13321;Work Bench;36;;;1;;By Hand;¦Wood¦;¦Wood¦10;Wood¦10;0
36739;Recipes/By Hand/register;13321;Palm Wood Work Bench;2534;;;1;;By Hand;¦Palm Wood¦;¦Palm Wood¦10;Palm Wood¦10;0
36740;Recipes/By Hand/register;13321;Boreal Wood Work Bench;673;;;1;;By Hand;¦Boreal Wood¦;¦Boreal Wood¦10;Boreal Wood¦10;0
36741;Recipes/By Hand/register;13321;Rich Mahogany Work Bench;636;;;1;;By Hand;¦Rich Mahogany¦;¦Rich Mahogany¦10;Rich Mahogany¦10;0
36742;Recipes/By Hand/register;13321;Ebonwood Work Bench;635;;;1;;By Hand;¦Ebonwood¦;¦Ebonwood¦10;Ebonwood¦10;0
36743;Recipes/By Hand/register;13321;Shadewood Work Bench;916;;;1;;By Hand;¦Shadewood¦;¦Shadewood¦10;Shadewood¦10;0
36744;Recipes/By Hand/register;13321;Pearlwood Work Bench;637;;;1;;By Hand;¦Pearlwood¦;¦Pearlwood¦10;Pearlwood¦10;0
36745;Recipes/By Hand/register;13321;Ash Wood Work Bench;5208;;;1;;By Hand;¦Ash Wood¦;¦Ash Wood¦10;Ash Wood¦10;0
36746;Recipes/By Hand/register;13321;Mushroom Work Bench;814;;;1;;By Hand;¦Glowing Mushroom¦;¦Glowing Mushroom¦10;Glowing Mushroom¦10;0
36747;Recipes/By Hand/register;13321;Meteorite Work Bench;3156;;;1;;By Hand;¦Meteorite Brick¦;¦Meteorite Brick¦10;Meteorite Brick¦10;0
36748;Recipes/By Hand/register;13321;Marble Work Bench;3157;;;1;;By Hand;¦Smooth Marble Block¦;¦Smooth Marble Block¦10;Smooth Marble Block¦10;0
36749;Recipes/By Hand/register;13321;Granite Work Bench;3158;;;1;;By Hand;¦Smooth Granite Block¦;¦Smooth Granite Block¦10;Smooth Granite Block¦10;0
36750;Recipes/By Hand/register;13321;Martian Work Bench;2826;;;1;;By Hand;¦Martian Conduit Plating¦;¦Martian Conduit Plating¦10;Martian Conduit Plating¦10;0
36751;Recipes/By Hand/register;13321;Crystal Work Bench;3909;;;1;;By Hand;¦Crystal Block¦;¦Crystal Block¦25;Crystal Block¦25;0
36752;Recipes/By Hand/register;13321;Spider Work Bench;3949;;;1;;By Hand;¦Spider Nest Block¦;¦Spider Nest Block¦10;Spider Nest Block¦10;0
36753;Recipes/By Hand/register;13321;Sandstone Work Bench;4315;;;1;;By Hand;¦Smooth Sandstone¦;¦Smooth Sandstone¦10;Smooth Sandstone¦10;0
36754;Recipes/By Hand/register;13321;Bamboo Work Bench;4584;;;1;;By Hand;¦Bamboo¦;¦Bamboo¦10;Bamboo¦10;0
36755;Recipes/By Hand/register;13321;Reef Work Bench;5166;;;1;;By Hand;¦Reef Block¦;¦Reef Block¦10;Reef Block¦10;0
36756;Recipes/By Hand/register;13321;Balloon Work Bench;5187;;;1;;By Hand;¦Any Balloon¦;¦Any Balloon¦10;Any Balloon¦10;0
36757;Recipes/By Hand/register;13321;Flaming Mace;5012;;;1;;By Hand;¦Mace¦^¦Torch¦;¦Mace¦1^¦Torch¦99;Mace¦1^Torch¦99;0
36758;Recipes/By Hand/register;13321;Wand of Frosting;5147;;;1;;By Hand;¦Wand of Sparking¦^¦Ice Torch¦;¦Ice Torch¦99^¦Wand of Sparking¦1;Wand of Sparking¦1^Ice Torch¦99;0
36759;Recipes/By Hand/register;13321;Enchanted Boomerang;55;;;1;desktop console mobile;By Hand;¦Wooden Boomerang¦^¦Fallen Star¦;¦Fallen Star¦1^¦Wooden Boomerang¦1;Wooden Boomerang¦1^Fallen Star¦1;0
36760;Recipes/By Hand/register;13321;Dynasty Work Bench;2229;;;1;;By Hand;¦Dynasty Wood¦;¦Dynasty Wood¦10;Dynasty Wood¦10;0
36761;Recipes/By Hand/register;13321;Cactus Work Bench;812;;;1;;By Hand;¦Cactus¦;¦Cactus¦10;Cactus¦10;0
36762;Recipes/By Hand/register;13321;Pumpkin Work Bench;1795;;;1;;By Hand;¦Pumpkin¦;¦Pumpkin¦10;Pumpkin¦10;0
36763;Recipes/By Hand/register;13321;Spooky Work Bench;1817;;;1;;By Hand;¦Spooky Wood¦;¦Spooky Wood¦10;Spooky Wood¦10;0
36764;Recipes/By Hand/register;13321;Hanging Daybloom;4859;;;1;;By Hand;¦Hanging Pot¦^¦Daybloom¦;¦Daybloom¦1^¦Hanging Pot¦1;Hanging Pot¦1^Daybloom¦1;0
36765;Recipes/By Hand/register;13321;Hanging Moonglow;4860;;;1;;By Hand;¦Hanging Pot¦^¦Moonglow¦;¦Hanging Pot¦1^¦Moonglow¦1;Hanging Pot¦1^Moonglow¦1;0
36766;Recipes/By Hand/register;13321;Hanging Waterleaf;4861;;;1;;By Hand;¦Hanging Pot¦^¦Waterleaf¦;¦Hanging Pot¦1^¦Waterleaf¦1;Hanging Pot¦1^Waterleaf¦1;0
36767;Recipes/By Hand/register;13321;Hanging Shiverthorn;4862;;;1;;By Hand;¦Hanging Pot¦^¦Shiverthorn¦;¦Hanging Pot¦1^¦Shiverthorn¦1;Hanging Pot¦1^Shiverthorn¦1;0
36768;Recipes/By Hand/register;13321;Hanging Blinkroot;4863;;;1;;By Hand;¦Hanging Pot¦^¦Blinkroot¦;¦Blinkroot¦1^¦Hanging Pot¦1;Hanging Pot¦1^Blinkroot¦1;0
36769;Recipes/By Hand/register;13321;Hanging Corrupt Deathweed;4864;;;1;;By Hand;¦Hanging Pot¦^¦Deathweed¦;¦Deathweed¦1^¦Hanging Pot¦1;Hanging Pot¦1^Deathweed¦1;0
36770;Recipes/By Hand/register;13321;Hanging Crimson Deathweed;4865;;;1;;By Hand;¦Hanging Pot¦^¦Deathweed¦;¦Deathweed¦1^¦Hanging Pot¦1;Hanging Pot¦1^Deathweed¦1;0
36771;Recipes/By Hand/register;13321;Hanging Fireblossom;4866;;;1;;By Hand;¦Hanging Pot¦^¦Fireblossom¦;¦Fireblossom¦1^¦Hanging Pot¦1;Hanging Pot¦1^Fireblossom¦1;0
36772;Recipes/By Hand/register;13321;Hanging Brazier;4867;;;1;;By Hand;¦Hanging Pot¦^¦Torch¦;¦Hanging Pot¦1^¦Torch¦3;Hanging Pot¦1^Torch¦3;0
36773;Recipes/By Hand/register;13321;Amethyst Gemcorn;4852;;;1;;By Hand;¦Acorn¦^¦Amethyst¦;¦Acorn¦1^¦Amethyst¦1;Acorn¦1^Amethyst¦1;0
36774;Recipes/By Hand/register;13321;Topaz Gemcorn;4851;;;1;;By Hand;¦Acorn¦^¦Topaz¦;¦Acorn¦1^¦Topaz¦1;Acorn¦1^Topaz¦1;0
36775;Recipes/By Hand/register;13321;Sapphire Gemcorn;4853;;;1;;By Hand;¦Acorn¦^¦Sapphire¦;¦Acorn¦1^¦Sapphire¦1;Acorn¦1^Sapphire¦1;0
36776;Recipes/By Hand/register;13321;Emerald Gemcorn;4854;;;1;;By Hand;¦Acorn¦^¦Emerald¦;¦Acorn¦1^¦Emerald¦1;Acorn¦1^Emerald¦1;0
36777;Recipes/By Hand/register;13321;Ruby Gemcorn;4855;;;1;;By Hand;¦Acorn¦^¦Ruby¦;¦Acorn¦1^¦Ruby¦1;Acorn¦1^Ruby¦1;0
36778;Recipes/By Hand/register;13321;Diamond Gemcorn;4856;;;1;;By Hand;¦Acorn¦^¦Diamond¦;¦Acorn¦1^¦Diamond¦1;Acorn¦1^Diamond¦1;0
36779;Recipes/By Hand/register;13321;Amber Gemcorn;4857;;;1;;By Hand;¦Acorn¦^¦Amber¦;¦Acorn¦1^¦Amber¦1;Acorn¦1^Amber¦1;0
36780;Recipes/By Hand/register;13321;Large Volcano;4869;;;1;;By Hand;¦Mini Volcano¦;¦Mini Volcano¦3;Mini Volcano¦3;0
36781;Recipes/By Hand/register;13321;Resplendent Dessert;5131;;;1;;By Hand;¦Royal Delight¦^¦Regal Delicacy¦;¦Regal Delicacy¦1^¦Royal Delight¦1;Royal Delight¦1^Regal Delicacy¦1;0
36782;Recipes/By Hand/register;13321;Fish Bowl;250;;;1;;By Hand;¦Goldfish¦^¦Bottled Water¦;¦Bottled Water¦1^¦Goldfish¦1;Goldfish¦1^Bottled Water¦1;0
36783;Recipes/By Hand/register;13321;Pupfish Bowl;4398;;;1;;By Hand;¦Pupfish¦^¦Bottled Water¦;¦Bottled Water¦1^¦Pupfish¦1;Pupfish¦1^Bottled Water¦1;0
36784;Recipes/By Hand/register;13321;Blue Jellyfish Jar;2439;;;1;;By Hand;¦Blue Jellyfish (bait)¦^¦Bottled Water¦;¦Blue Jellyfish (bait)¦1^¦Bottled Water¦1;Blue Jellyfish (bait)¦1^Bottled Water¦1;0
36785;Recipes/By Hand/register;13321;Green Jellyfish Jar;2440;;;1;;By Hand;¦Green Jellyfish (bait)¦^¦Bottled Water¦;¦Bottled Water¦1^¦Green Jellyfish (bait)¦1;Green Jellyfish (bait)¦1^Bottled Water¦1;0
36786;Recipes/By Hand/register;13321;Pink Jellyfish Jar;2441;;;1;;By Hand;¦Pink Jellyfish (bait)¦^¦Bottled Water¦;¦Bottled Water¦1^¦Pink Jellyfish (bait)¦1;Pink Jellyfish (bait)¦1^Bottled Water¦1;0
36787;Recipes/By Hand/register;13321;Monarch Butterfly Jar;2178;;;1;;By Hand;¦Monarch Butterfly¦^¦Bottle¦;¦Bottle¦1^¦Monarch Butterfly¦1;Monarch Butterfly¦1^Bottle¦1;0
36788;Recipes/By Hand/register;13321;Purple Emperor Butterfly Jar;2179;;;1;;By Hand;¦Purple Emperor Butterfly¦^¦Bottle¦;¦Bottle¦1^¦Purple Emperor Butterfly¦1;Purple Emperor Butterfly¦1^Bottle¦1;0
36789;Recipes/By Hand/register;13321;Red Admiral Butterfly Jar;2180;;;1;;By Hand;¦Red Admiral Butterfly¦^¦Bottle¦;¦Bottle¦1^¦Red Admiral Butterfly¦1;Red Admiral Butterfly¦1^Bottle¦1;0
36790;Recipes/By Hand/register;13321;Ulysses Butterfly Jar;2181;;;1;;By Hand;¦Ulysses Butterfly¦^¦Bottle¦;¦Bottle¦1^¦Ulysses Butterfly¦1;Ulysses Butterfly¦1^Bottle¦1;0
36791;Recipes/By Hand/register;13321;Sulphur Butterfly Jar;2182;;;1;;By Hand;¦Sulphur Butterfly¦^¦Bottle¦;¦Bottle¦1^¦Sulphur Butterfly¦1;Sulphur Butterfly¦1^Bottle¦1;0
36792;Recipes/By Hand/register;13321;Tree Nymph Butterfly Jar;2183;;;1;;By Hand;¦Tree Nymph Butterfly¦^¦Bottle¦;¦Bottle¦1^¦Tree Nymph Butterfly¦1;Tree Nymph Butterfly¦1^Bottle¦1;0
36793;Recipes/By Hand/register;13321;Zebra Swallowtail Butterfly Jar;2184;;;1;;By Hand;¦Zebra Swallowtail Butterfly¦^¦Bottle¦;¦Bottle¦1^¦Zebra Swallowtail Butterfly¦1;Zebra Swallowtail Butterfly¦1^Bottle¦1;0
36794;Recipes/By Hand/register;13321;Julia Butterfly Jar;2185;;;1;;By Hand;¦Julia Butterfly¦^¦Bottle¦;¦Bottle¦1^¦Julia Butterfly¦1;Julia Butterfly¦1^Bottle¦1;0
36795;Recipes/By Hand/register;13321;Black Dragonfly Jar;4327;;;1;;By Hand;¦Black Dragonfly¦^¦Bottle¦;¦Black Dragonfly¦1^¦Bottle¦1;Black Dragonfly¦1^Bottle¦1;0
36796;Recipes/By Hand/register;13321;Blue Dragonfly Jar;4328;;;1;;By Hand;¦Blue Dragonfly¦^¦Bottle¦;¦Blue Dragonfly¦1^¦Bottle¦1;Blue Dragonfly¦1^Bottle¦1;0
36797;Recipes/By Hand/register;13321;Green Dragonfly Jar;4329;;;1;;By Hand;¦Green Dragonfly¦^¦Bottle¦;¦Bottle¦1^¦Green Dragonfly¦1;Green Dragonfly¦1^Bottle¦1;0
36798;Recipes/By Hand/register;13321;Orange Dragonfly Jar;4330;;;1;;By Hand;¦Orange Dragonfly¦^¦Bottle¦;¦Bottle¦1^¦Orange Dragonfly¦1;Orange Dragonfly¦1^Bottle¦1;0
36799;Recipes/By Hand/register;13321;Red Dragonfly Jar;4331;;;1;;By Hand;¦Red Dragonfly¦^¦Bottle¦;¦Bottle¦1^¦Red Dragonfly¦1;Red Dragonfly¦1^Bottle¦1;0
36800;Recipes/By Hand/register;13321;Yellow Dragonfly Jar;4332;;;1;;By Hand;¦Yellow Dragonfly¦^¦Bottle¦;¦Bottle¦1^¦Yellow Dragonfly¦1;Yellow Dragonfly¦1^Bottle¦1;0
36801;Recipes/By Hand/register;13321;Stinkbug Cage;5133;;;1;;By Hand;¦Terrarium¦^¦Stinkbug¦;¦Stinkbug¦1^¦Terrarium¦1;Terrarium¦1^Stinkbug¦1;0
36802;Recipes/By Hand/register;13321;Hell Butterfly Jar;4846;;;1;;By Hand;¦Bottle¦^¦Hell Butterfly¦;¦Bottle¦1^¦Hell Butterfly¦1;Bottle¦1^Hell Butterfly¦1;0
36803;Recipes/By Hand/register;13321;Prismatic Lacewing Jar;4964;;;1;;By Hand;¦Bottle¦^¦Prismatic Lacewing¦;¦Bottle¦1^¦Prismatic Lacewing¦1;Bottle¦1^Prismatic Lacewing¦1;0
36804;Recipes/By Hand/register;13321;Pink Fairy Jar;4655;;;1;;By Hand;¦Bottle¦^¦Pink Fairy¦;¦Bottle¦1^¦Pink Fairy¦1;Bottle¦1^Pink Fairy¦1;0
36805;Recipes/By Hand/register;13321;Green Fairy Jar;4656;;;1;;By Hand;¦Bottle¦^¦Green Fairy¦;¦Bottle¦1^¦Green Fairy¦1;Bottle¦1^Green Fairy¦1;0
36806;Recipes/By Hand/register;13321;Blue Fairy Jar;4657;;;1;;By Hand;¦Bottle¦^¦Blue Fairy¦;¦Blue Fairy¦1^¦Bottle¦1;Bottle¦1^Blue Fairy¦1;0
36807;Recipes/By Hand/register;13321;Bunny Cage;2162;;;1;;By Hand;¦Terrarium¦^¦Bunny¦;¦Bunny¦1^¦Terrarium¦1;Terrarium¦1^Bunny¦1;0
36808;Recipes/By Hand/register;13321;Squirrel Cage;2163;;;1;;By Hand;¦Terrarium¦^¦Squirrel¦;¦Squirrel¦1^¦Terrarium¦1;Terrarium¦1^Squirrel¦1;0
36809;Recipes/By Hand/register;13321;Red Squirrel Cage;3565;;;1;;By Hand;¦Terrarium¦^¦Red Squirrel¦;¦Red Squirrel¦1^¦Terrarium¦1;Terrarium¦1^Red Squirrel¦1;0
36810;Recipes/By Hand/register;13321;Penguin Cage;2206;;;1;;By Hand;¦Terrarium¦^¦Penguin¦;¦Penguin¦1^¦Terrarium¦1;Terrarium¦1^Penguin¦1;0
36811;Recipes/By Hand/register;13321;Duck Cage;2165;;;1;;By Hand;¦Terrarium¦^¦Duck¦;¦Duck¦1^¦Terrarium¦1;Terrarium¦1^Duck¦1;0
36812;Recipes/By Hand/register;13321;Mallard Duck Cage;2164;;;1;;By Hand;¦Terrarium¦^¦Mallard Duck¦;¦Mallard Duck¦1^¦Terrarium¦1;Terrarium¦1^Mallard Duck¦1;0
36813;Recipes/By Hand/register;13321;Bird Cage;2166;;;1;;By Hand;¦Terrarium¦^¦Bird¦;¦Bird¦1^¦Terrarium¦1;Terrarium¦1^Bird¦1;0
36814;Recipes/By Hand/register;13321;Blue Jay Cage;2167;;;1;;By Hand;¦Terrarium¦^¦Blue Jay¦;¦Blue Jay¦1^¦Terrarium¦1;Terrarium¦1^Blue Jay¦1;0
36815;Recipes/By Hand/register;13321;Cardinal Cage;2168;;;1;;By Hand;¦Terrarium¦^¦Cardinal¦;¦Cardinal¦1^¦Terrarium¦1;Terrarium¦1^Cardinal¦1;0
36816;Recipes/By Hand/register;13321;Scarlet Macaw Cage;5213;;;1;;By Hand;¦Terrarium¦^¦Scarlet Macaw¦;¦Scarlet Macaw¦1^¦Terrarium¦1;Terrarium¦1^Scarlet Macaw¦1;0
36817;Recipes/By Hand/register;13321;Blue Macaw Cage;5301;;;1;;By Hand;¦Terrarium¦^¦Blue Macaw¦;¦Blue Macaw¦1^¦Terrarium¦1;Terrarium¦1^Blue Macaw¦1;0
36818;Recipes/By Hand/register;13321;Toucan Cage;5314;;;1;;By Hand;¦Terrarium¦^¦Toucan¦;¦Terrarium¦1^¦Toucan¦1;Terrarium¦1^Toucan¦1;0
36819;Recipes/By Hand/register;13321;Yellow Cockatiel Cage;5315;;;1;;By Hand;¦Terrarium¦^¦Yellow Cockatiel¦;¦Terrarium¦1^¦Yellow Cockatiel¦1;Terrarium¦1^Yellow Cockatiel¦1;0
36820;Recipes/By Hand/register;13321;Gray Cockatiel Cage;5316;;;1;;By Hand;¦Terrarium¦^¦Gray Cockatiel¦;¦Gray Cockatiel¦1^¦Terrarium¦1;Terrarium¦1^Gray Cockatiel¦1;0
36821;Recipes/By Hand/register;13321;Frog Cage;2190;;;1;;By Hand;¦Terrarium¦^¦Frog¦;¦Frog¦1^¦Terrarium¦1;Terrarium¦1^Frog¦1;0
36822;Recipes/By Hand/register;13321;Snail Cage;2174;;;1;;By Hand;¦Terrarium¦^¦Snail¦;¦Snail¦1^¦Terrarium¦1;Terrarium¦1^Snail¦1;0
36823;Recipes/By Hand/register;13321;Glowing Snail Cage;2175;;;1;;By Hand;¦Terrarium¦^¦Glowing Snail¦;¦Glowing Snail¦1^¦Terrarium¦1;Terrarium¦1^Glowing Snail¦1;0
36824;Recipes/By Hand/register;13321;Scorpion Cage;2186;;;1;;By Hand;¦Terrarium¦^¦Scorpion¦;¦Scorpion¦1^¦Terrarium¦1;Terrarium¦1^Scorpion¦1;0
36825;Recipes/By Hand/register;13321;Black Scorpion Cage;2187;;;1;;By Hand;¦Terrarium¦^¦Black Scorpion¦;¦Black Scorpion¦1^¦Terrarium¦1;Terrarium¦1^Black Scorpion¦1;0
36826;Recipes/By Hand/register;13321;Mouse Cage;2191;;;1;;By Hand;¦Terrarium¦^¦Mouse¦;¦Mouse¦1^¦Terrarium¦1;Terrarium¦1^Mouse¦1;0
36827;Recipes/By Hand/register;13321;Rat Cage;4376;;;1;;By Hand;¦Terrarium¦^¦Rat¦;¦Rat¦1^¦Terrarium¦1;Terrarium¦1^Rat¦1;0
36828;Recipes/By Hand/register;13321;Worm Cage;2207;;;1;;By Hand;¦Terrarium¦^¦Worm¦;¦Terrarium¦1^¦Worm¦1;Terrarium¦1^Worm¦1;0
36829;Recipes/By Hand/register;13321;Maggot Cage;4364;;;1;;By Hand;¦Terrarium¦^¦Maggot¦;¦Maggot¦1^¦Terrarium¦1;Terrarium¦1^Maggot¦1;0
36830;Recipes/By Hand/register;13321;Grasshopper Cage;2741;;;1;;By Hand;¦Terrarium¦^¦Grasshopper¦;¦Grasshopper¦1^¦Terrarium¦1;Terrarium¦1^Grasshopper¦1;0
36831;Recipes/By Hand/register;13321;Ladybug Cage;4380;;;1;;By Hand;¦Terrarium¦^¦Ladybug¦;¦Ladybug¦1^¦Terrarium¦1;Terrarium¦1^Ladybug¦1;0
36832;Recipes/By Hand/register;13321;Turtle Cage;4461;;;1;;By Hand;¦Terrarium¦^¦Turtle¦;¦Terrarium¦1^¦Turtle¦1;Terrarium¦1^Turtle¦1;0
36833;Recipes/By Hand/register;13321;Jungle Turtle Cage;4462;;;1;;By Hand;¦Terrarium¦^¦Jungle Turtle¦;¦Jungle Turtle¦1^¦Terrarium¦1;Terrarium¦1^Jungle Turtle¦1;0
36834;Recipes/By Hand/register;13321;Grebe Cage;4473;;;1;;By Hand;¦Terrarium¦^¦Grebe¦;¦Grebe¦1^¦Terrarium¦1;Terrarium¦1^Grebe¦1;0
36835;Recipes/By Hand/register;13321;Seagull Cage;4474;;;1;;By Hand;¦Terrarium¦^¦Seagull¦;¦Seagull¦1^¦Terrarium¦1;Terrarium¦1^Seagull¦1;0
36836;Recipes/By Hand/register;13321;Water Strider Cage;4475;;;1;;By Hand;¦Terrarium¦^¦Water Strider¦;¦Terrarium¦1^¦Water Strider¦1;Terrarium¦1^Water Strider¦1;0
36837;Recipes/By Hand/register;13321;Seahorse Cage;4481;;;1;;By Hand;¦Terrarium¦^¦Seahorse¦;¦Seahorse¦1^¦Terrarium¦1;Terrarium¦1^Seahorse¦1;0
36838;Recipes/By Hand/register;13321;Owl Cage;4396;;;1;;By Hand;¦Terrarium¦^¦Owl¦;¦Owl¦1^¦Terrarium¦1;Terrarium¦1^Owl¦1;0
36839;Recipes/By Hand/register;13321;Magma Snail Cage;4850;;;1;;By Hand;¦Terrarium¦^¦Magma Snail¦;¦Magma Snail¦1^¦Terrarium¦1;Terrarium¦1^Magma Snail¦1;0
36840;Recipes/By Hand/register;13321;Truffle Worm Cage;4963;;;1;;By Hand;¦Terrarium¦^¦Truffle Worm¦;¦Terrarium¦1^¦Truffle Worm¦1;Terrarium¦1^Truffle Worm¦1;0
36841;Recipes/By Hand/register;13321;Amethyst Bunny Cage;4882;;;1;;By Hand;¦Terrarium¦^¦Amethyst Bunny¦;¦Amethyst Bunny¦1^¦Terrarium¦1;Terrarium¦1^Amethyst Bunny¦1;0
36842;Recipes/By Hand/register;13321;Topaz Bunny Cage;4883;;;1;;By Hand;¦Terrarium¦^¦Topaz Bunny¦;¦Terrarium¦1^¦Topaz Bunny¦1;Terrarium¦1^Topaz Bunny¦1;0
36843;Recipes/By Hand/register;13321;Sapphire Bunny Cage;4884;;;1;;By Hand;¦Terrarium¦^¦Sapphire Bunny¦;¦Sapphire Bunny¦1^¦Terrarium¦1;Terrarium¦1^Sapphire Bunny¦1;0
36844;Recipes/By Hand/register;13321;Emerald Bunny Cage;4885;;;1;;By Hand;¦Terrarium¦^¦Emerald Bunny¦;¦Emerald Bunny¦1^¦Terrarium¦1;Terrarium¦1^Emerald Bunny¦1;0
36845;Recipes/By Hand/register;13321;Ruby Bunny Cage;4886;;;1;;By Hand;¦Terrarium¦^¦Ruby Bunny¦;¦Ruby Bunny¦1^¦Terrarium¦1;Terrarium¦1^Ruby Bunny¦1;0
36846;Recipes/By Hand/register;13321;Diamond Bunny Cage;4887;;;1;;By Hand;¦Terrarium¦^¦Diamond Bunny¦;¦Diamond Bunny¦1^¦Terrarium¦1;Terrarium¦1^Diamond Bunny¦1;0
36847;Recipes/By Hand/register;13321;Amber Bunny Cage;4888;;;1;;By Hand;¦Terrarium¦^¦Amber Bunny¦;¦Amber Bunny¦1^¦Terrarium¦1;Terrarium¦1^Amber Bunny¦1;0
36848;Recipes/By Hand/register;13321;Amethyst Squirrel Cage;4889;;;1;;By Hand;¦Terrarium¦^¦Amethyst Squirrel¦;¦Amethyst Squirrel¦1^¦Terrarium¦1;Terrarium¦1^Amethyst Squirrel¦1;0
36849;Recipes/By Hand/register;13321;Topaz Squirrel Cage;4890;;;1;;By Hand;¦Terrarium¦^¦Topaz Squirrel¦;¦Terrarium¦1^¦Topaz Squirrel¦1;Terrarium¦1^Topaz Squirrel¦1;0
36850;Recipes/By Hand/register;13321;Sapphire Squirrel Cage;4891;;;1;;By Hand;¦Terrarium¦^¦Sapphire Squirrel¦;¦Sapphire Squirrel¦1^¦Terrarium¦1;Terrarium¦1^Sapphire Squirrel¦1;0
36851;Recipes/By Hand/register;13321;Emerald Squirrel Cage;4892;;;1;;By Hand;¦Terrarium¦^¦Emerald Squirrel¦;¦Emerald Squirrel¦1^¦Terrarium¦1;Terrarium¦1^Emerald Squirrel¦1;0
36852;Recipes/By Hand/register;13321;Ruby Squirrel Cage;4893;;;1;;By Hand;¦Terrarium¦^¦Ruby Squirrel¦;¦Ruby Squirrel¦1^¦Terrarium¦1;Terrarium¦1^Ruby Squirrel¦1;0
36853;Recipes/By Hand/register;13321;Diamond Squirrel Cage;4894;;;1;;By Hand;¦Terrarium¦^¦Diamond Squirrel¦;¦Diamond Squirrel¦1^¦Terrarium¦1;Terrarium¦1^Diamond Squirrel¦1;0
36854;Recipes/By Hand/register;13321;Amber Squirrel Cage;4895;;;1;;By Hand;¦Terrarium¦^¦Amber Squirrel¦;¦Amber Squirrel¦1^¦Terrarium¦1;Terrarium¦1^Amber Squirrel¦1;0
36855;Recipes/By Hand/register;13321;Gold Seahorse Cage;4483;;;1;;By Hand;¦Terrarium¦^¦Gold Seahorse¦;¦Gold Seahorse¦1^¦Terrarium¦1;Terrarium¦1^Gold Seahorse¦1;0
36856;Recipes/By Hand/register;13321;Gold Water Strider Cage;4476;;;1;;By Hand;¦Terrarium¦^¦Gold Water Strider¦;¦Gold Water Strider¦1^¦Terrarium¦1;Terrarium¦1^Gold Water Strider¦1;0
36857;Recipes/By Hand/register;13321;Gold Fish Bowl;4275;;;1;;By Hand;¦Gold Goldfish¦^¦Bottled Water¦;¦Bottled Water¦1^¦Gold Goldfish¦1;Gold Goldfish¦1^Bottled Water¦1;0
36858;Recipes/By Hand/register;13321;Gold Butterfly Jar;3072;;;1;;By Hand;¦Gold Butterfly¦^¦Bottle¦;¦Bottle¦1^¦Gold Butterfly¦1;Gold Butterfly¦1^Bottle¦1;0
36859;Recipes/By Hand/register;13321;Gold Dragonfly Jar;4333;;;1;;By Hand;¦Gold Dragonfly¦^¦Bottle¦;¦Bottle¦1^¦Gold Dragonfly¦1;Gold Dragonfly¦1^Bottle¦1;0
36860;Recipes/By Hand/register;13321;Gold Bird Cage;3070;;;1;;By Hand;¦Terrarium¦^¦Gold Bird¦;¦Gold Bird¦1^¦Terrarium¦1;Terrarium¦1^Gold Bird¦1;0
36861;Recipes/By Hand/register;13321;Gold Bunny Cage;3071;;;1;;By Hand;¦Terrarium¦^¦Gold Bunny¦;¦Gold Bunny¦1^¦Terrarium¦1;Terrarium¦1^Gold Bunny¦1;0
36862;Recipes/By Hand/register;13321;Gold Squirrel Cage;3566;;;1;;By Hand;¦Terrarium¦^¦Gold Squirrel¦;¦Gold Squirrel¦1^¦Terrarium¦1;Terrarium¦1^Gold Squirrel¦1;0
36863;Recipes/By Hand/register;13321;Gold Frog Cage;3073;;;1;;By Hand;¦Terrarium¦^¦Gold Frog¦;¦Gold Frog¦1^¦Terrarium¦1;Terrarium¦1^Gold Frog¦1;0
36864;Recipes/By Hand/register;13321;Gold Grasshopper Cage;3074;;;1;;By Hand;¦Terrarium¦^¦Gold Grasshopper¦;¦Gold Grasshopper¦1^¦Terrarium¦1;Terrarium¦1^Gold Grasshopper¦1;0
36865;Recipes/By Hand/register;13321;Gold Mouse Cage;3075;;;1;;By Hand;¦Terrarium¦^¦Gold Mouse¦;¦Gold Mouse¦1^¦Terrarium¦1;Terrarium¦1^Gold Mouse¦1;0
36866;Recipes/By Hand/register;13321;Gold Worm Cage;3076;;;1;;By Hand;¦Terrarium¦^¦Gold Worm¦;¦Gold Worm¦1^¦Terrarium¦1;Terrarium¦1^Gold Worm¦1;0
36867;Recipes/By Hand/register;13321;Gold Ladybug Cage;4399;;;1;;By Hand;¦Terrarium¦^¦Gold Ladybug¦;¦Gold Ladybug¦1^¦Terrarium¦1;Terrarium¦1^Gold Ladybug¦1;0
36868;Recipes/By Hand/register;13321;Enchanted Nightcrawler Cage;3254;;;1;;By Hand;¦Terrarium¦^¦Enchanted Nightcrawler¦;¦Enchanted Nightcrawler¦1^¦Terrarium¦1;Terrarium¦1^Enchanted Nightcrawler¦1;0
36869;Recipes/By Hand/register;13321;Buggy Cage;3255;;;1;;By Hand;¦Terrarium¦^¦Buggy¦;¦Buggy¦1^¦Terrarium¦1;Terrarium¦1^Buggy¦1;0
36870;Recipes/By Hand/register;13321;Grubby Cage;3256;;;1;;By Hand;¦Terrarium¦^¦Grubby¦;¦Grubby¦1^¦Terrarium¦1;Terrarium¦1^Grubby¦1;0
36871;Recipes/By Hand/register;13321;Sluggy Cage;3257;;;1;;By Hand;¦Terrarium¦^¦Sluggy¦;¦Sluggy¦1^¦Terrarium¦1;Terrarium¦1^Sluggy¦1;0
36872;Recipes/By Hand/register;13321;Mana Crystal;109;;;1;desktop console old-gen mobile;By Hand;¦Fallen Star¦;¦Fallen Star¦5;Fallen Star¦5;0
36873;Recipes/By Hand/register;13321;Active Stone Block;511;;;1;;By Hand;¦Stone Block¦^¦Wire¦;¦Stone Block¦1^¦Wire¦1;Stone Block¦1^Wire¦1;0
36874;Recipes/By Hand/register;13321;Inactive Stone Block;512;;;1;;By Hand;¦Stone Wall¦^¦Wire¦;¦Stone Wall¦4^¦Wire¦1;Stone Wall¦4^Wire¦1;0
36875;Recipes/By Hand/register;13321;Explosives;580;;;1;;By Hand;¦Dynamite¦^¦Wire¦;¦Dynamite¦3^¦Wire¦1;Dynamite¦3^Wire¦1;0
36876;Recipes/By Hand/register;13321;TNT Barrel;5327;;;1;;By Hand;¦Dynamite¦^¦Barrel¦;¦Barrel¦1^¦Dynamite¦3;Dynamite¦3^Barrel¦1;0
36877;Recipes/By Hand/register;13321;Abeemination;1133;;;1;desktop console old-gen mobile;By Hand;¦Honey Block¦^¦Stinger¦^¦Hive¦^¦Bottled Honey¦;¦Bottled Honey¦1^¦Hive¦5^¦Honey Block¦5^¦Stinger¦1;Honey Block¦5^Stinger¦1^Hive¦5^Bottled Honey¦1;0
36878;Recipes/By Hand/register;13321;Gentleman's Beard;5104;;;1;;By Hand;¦Gentleman's Long Beard¦;¦Gentleman's Long Beard¦1;Gentleman's Long Beard¦1;0
36879;Recipes/By Hand/register;13321;Gentleman's Beard;5104;;;1;;By Hand;¦Gentleman's Magnificent Beard¦;¦Gentleman's Magnificent Beard¦1;Gentleman's Magnificent Beard¦1;0
36880;Recipes/By Hand/register;13321;Gentleman's Long Beard;5105;;;1;;By Hand;¦Gentleman's Magnificent Beard¦;¦Gentleman's Magnificent Beard¦1;Gentleman's Magnificent Beard¦1;0
36881;Recipes/By Hand/register;13321;Copper Coin;71;;;100;;By Hand;¦Silver Coin¦;¦Silver Coin¦1;Silver Coin¦1;0
36882;Recipes/By Hand/register;13321;Silver Coin;72;;;1;;By Hand;¦Copper Coin¦;¦Copper Coin¦100;Copper Coin¦100;0
36883;Recipes/By Hand/register;13321;Silver Coin;72;;;100;;By Hand;¦Gold Coin¦;¦Gold Coin¦1;Gold Coin¦1;0
36884;Recipes/By Hand/register;13321;Gold Coin;73;;;1;;By Hand;¦Silver Coin¦;¦Silver Coin¦100;Silver Coin¦100;0
36885;Recipes/By Hand/register;13321;Gold Coin;73;;;100;;By Hand;¦Platinum Coin¦;¦Platinum Coin¦1;Platinum Coin¦1;0
36886;Recipes/By Hand/register;13321;Platinum Coin;74;;;1;;By Hand;¦Gold Coin¦;¦Gold Coin¦100;Gold Coin¦100;0
36887;Recipes/By Hand/register;13321;Mushroom Torch;5293;;;3;;By Hand;¦Gel¦^¦Glowing Mushroom¦;¦Gel¦1^¦Glowing Mushroom¦1;Gel¦1^Glowing Mushroom¦1;0
36888;Recipes/By Hand/register;13321;Sticky Power Bomb;5595;;;1;;By Hand;¦Power Bomb¦^¦Gel¦;¦Gel¦1^¦Power Bomb¦1;Power Bomb¦1^Gel¦1;0
36889;Recipes/By Hand/register;13321;Conveyor Belt (Counter Clockwise);3610;;;1;;By Hand;¦Conveyor Belt (Clockwise)¦;¦Conveyor Belt (Clockwise)¦1;Conveyor Belt (Clockwise)¦1;0
36890;Recipes/By Hand/register;13321;Conveyor Belt (Clockwise);3609;;;1;;By Hand;¦Conveyor Belt (Counter Clockwise)¦;¦Conveyor Belt (Counter Clockwise)¦1;Conveyor Belt (Counter Clockwise)¦1;0
36891;Recipes/By Hand/register;13321;Cloud Platform;5544;;;2;;By Hand;¦Cloud¦;¦Cloud¦1;Cloud¦1;0
36892;Recipes/By Hand/register;13321;Aetherium Platform;5562;;;2;;By Hand;¦Aetherium Brick¦;¦Aetherium Brick¦1;Aetherium Brick¦1;0
36893;Recipes/By Hand/register;13321;Fallen Star Platform;5615;;;2;;By Hand;¦Fallen Star Block¦;¦Fallen Star Block¦1;Fallen Star Block¦1;0
36894;Recipes/By Hand/register;13321;Feywood Platform;5703;;;2;;By Hand;¦Feywood¦;¦Feywood¦1;Feywood¦1;0
36895;Recipes/By Hand/register;13321;Hallowed Platform;5726;;;2;;By Hand;¦Hallowed Brick¦;¦Hallowed Brick¦1;Hallowed Brick¦1;0
36896;Recipes/By Hand/register;13321;Gothic Platform;5751;;;2;;By Hand;¦Gothic Brick¦;¦Gothic Brick¦1;Gothic Brick¦1;0
36897;Recipes/By Hand/register;13321;Demonite Platform;5770;;;2;;By Hand;¦Demonite Brick¦;¦Demonite Brick¦1;Demonite Brick¦1;0
36898;Recipes/By Hand/register;13321;Crimtane Platform;5791;;;2;;By Hand;¦Crimtane Brick¦;¦Crimtane Brick¦1;Crimtane Brick¦1;0
36899;Recipes/By Hand/register;13321;Snow Platform;5812;;;2;;By Hand;¦Snow Block¦;¦Snow Block¦1;Snow Block¦1;0
36900;Recipes/By Hand/register;13321;Flinx Fur Platform;5833;;;2;;By Hand;¦Flinx Fur Block¦;¦Flinx Fur Block¦1;Flinx Fur Block¦1;0
36901;Recipes/By Hand/register;13321;Pine Platform;5852;;;2;;By Hand;¦Pine Tree Block¦;¦Pine Tree Block¦1;Pine Tree Block¦1;0
36902;Recipes/By Hand/register;13321;Pine Platform;5852;;;2;;By Hand;¦Pine Wood¦;¦Pine Wood¦1;Pine Wood¦1;0
36903;Recipes/By Hand/register;13321;Easter Platform;5872;;;2;;By Hand;¦Easter Block¦;¦Easter Block¦1;Easter Block¦1;0
36904;Recipes/By Hand/register;13321;Jellyfish Platform;5912;;;2;;By Hand;¦Jellyfish Block¦;¦Jellyfish Block¦1;Jellyfish Block¦1;0
36905;Recipes/By Hand/register;13321;Harpy Platform;5946;;;2;;By Hand;¦Harpy Block¦;¦Harpy Block¦1;Harpy Block¦1;0
36906;Recipes/By Hand/register;13321;Duskware Platform;5989;;;2;;By Hand;¦Moonplate Block¦;¦Moonplate Block¦1;Moonplate Block¦1;0
36907;Recipes/By Hand/register;13321;Librarian Platform;6012;;;2;;By Hand;¦Librarian Block¦;¦Librarian Block¦1;Librarian Block¦1;0
36908;Recipes/By Hand/register;13321;Spike Platform;6035;;;2;;By Hand;¦Spike Block¦;¦Spike Block¦1;Spike Block¦1;0
36909;Recipes/By Hand/register;13321;Office Platform;6058;;;2;;By Hand;¦Office Block¦;¦Office Block¦1;Office Block¦1;0
36910;Recipes/By Hand/register;13321;Forbidden Platform;6081;;;2;;By Hand;¦Forbidden Block¦;¦Forbidden Block¦1;Forbidden Block¦1;0
36911;Recipes/By Hand/register;13321;Aquarium Platform;6103;;;2;;By Hand;¦Aquarium Block¦;¦Aquarium Block¦1;Aquarium Block¦1;0
36912;Recipes/By Hand/register;13321;Boulder Platform;6125;;;2;;By Hand;¦Boulder Block¦;¦Boulder Block¦1;Boulder Block¦1;0
36913;Recipes/By Hand/register;13321;Mud Ball;5572;;;1;;By Hand;¦Mud Block¦;¦Mud Block¦1;Mud Block¦1;0
36914;Recipes/By Hand/register;13321;Puffer Shrimp;5513;;;1;;By Hand;¦Pufferfish¦^¦Shrimp¦;¦Pufferfish¦5^¦Shrimp¦10;Pufferfish¦5^Shrimp¦10;0
36915;Recipes/By Hand/register;13321;Pufferfish Cage;5512;;;1;;By Hand;¦Terrarium¦^¦Pufferfish¦;¦Pufferfish¦1^¦Terrarium¦1;Terrarium¦1^Pufferfish¦1;0
36916;Recipes/By Hand/register;13321;Cloud;751;;;1;;By Hand;¦Cloud Platform¦;¦Cloud Platform¦2;Cloud Platform¦2;0
36917;Recipes/By Hand/register;13321;Aetherium Brick;5398;;;1;;By Hand;¦Aetherium Platform¦;¦Aetherium Platform¦2;Aetherium Platform¦2;0
36918;Recipes/By Hand/register;13321;Fallen Star Block;5622;;;1;;By Hand;¦Fallen Star Platform¦;¦Fallen Star Platform¦2;Fallen Star Platform¦2;0
36919;Recipes/By Hand/register;13321;Feywood;5710;;;1;;By Hand;¦Feywood Platform¦;¦Feywood Platform¦2;Feywood Platform¦2;0
36920;Recipes/By Hand/register;13321;Hallowed Brick;5733;;;1;;By Hand;¦Hallowed Platform¦;¦Hallowed Platform¦2;Hallowed Platform¦2;0
36921;Recipes/By Hand/register;13321;Gothic Brick;5922;;;1;;By Hand;¦Gothic Platform¦;¦Gothic Platform¦2;Gothic Platform¦2;0
36922;Recipes/By Hand/register;13321;Demonite Brick;577;;;1;;By Hand;¦Demonite Platform¦;¦Demonite Platform¦2;Demonite Platform¦2;0
36923;Recipes/By Hand/register;13321;Crimtane Brick;2793;;;1;;By Hand;¦Crimtane Platform¦;¦Crimtane Platform¦2;Crimtane Platform¦2;0
36924;Recipes/By Hand/register;13321;Snow Block;593;;;1;;By Hand;¦Snow Platform¦;¦Snow Platform¦2;Snow Platform¦2;0
36925;Recipes/By Hand/register;13321;Flinx Fur Block;5924;;;1;;By Hand;¦Flinx Fur Platform¦;¦Flinx Fur Platform¦2;Flinx Fur Platform¦2;0
36926;Recipes/By Hand/register;13321;Pine Tree Block;1872;;;1;;By Hand;¦Pine Platform¦;¦Pine Platform¦2;Pine Platform¦2;0
36927;Recipes/By Hand/register;13321;Pine Wood;5930;;;1;;By Hand;¦Pine Platform¦;¦Pine Platform¦2;Pine Platform¦2;0
36928;Recipes/By Hand/register;13321;Easter Block;5920;;;1;;By Hand;¦Easter Platform¦;¦Easter Platform¦2;Easter Platform¦2;0
36929;Recipes/By Hand/register;13321;Jellyfish Block;5926;;;1;;By Hand;¦Jellyfish Platform¦;¦Jellyfish Platform¦2;Jellyfish Platform¦2;0
36930;Recipes/By Hand/register;13321;Harpy Block;5953;;;1;;By Hand;¦Harpy Platform¦;¦Harpy Platform¦2;Harpy Platform¦2;0
36931;Recipes/By Hand/register;13321;Moonplate Block;5996;;;1;;By Hand;¦Duskware Platform¦;¦Duskware Platform¦2;Duskware Platform¦2;0
36932;Recipes/By Hand/register;13321;Librarian Block;6019;;;1;;By Hand;¦Librarian Platform¦;¦Librarian Platform¦2;Librarian Platform¦2;0
36933;Recipes/By Hand/register;13321;Spike Block;6042;;;1;;By Hand;¦Spike Platform¦;¦Spike Platform¦2;Spike Platform¦2;0
36934;Recipes/By Hand/register;13321;Office Block;6065;;;1;;By Hand;¦Office Platform¦;¦Office Platform¦2;Office Platform¦2;0
36935;Recipes/By Hand/register;13321;Forbidden Block;6088;;;1;;By Hand;¦Forbidden Platform¦;¦Forbidden Platform¦2;Forbidden Platform¦2;0
36936;Recipes/By Hand/register;13321;Aquarium Block;6109;;;1;;By Hand;¦Aquarium Platform¦;¦Aquarium Platform¦2;Aquarium Platform¦2;0
36937;Recipes/By Hand/register;13321;Boulder Block;6132;;;1;;By Hand;¦Boulder Platform¦;¦Boulder Platform¦2;Boulder Platform¦2;0
36938;Recipes/By Hand/register;13321;Aetherium Work Bench;5566;;;1;;By Hand;¦Aetherium Brick¦;¦Aetherium Brick¦10;Aetherium Brick¦10;0
36939;Recipes/By Hand/register;13321;Fallen Star Work Bench;5619;;;1;;By Hand;¦Fallen Star Block¦;¦Fallen Star Block¦10;Fallen Star Block¦10;0
36940;Recipes/By Hand/register;13321;Hallowed Work Bench;5730;;;1;;By Hand;¦Hallowed Brick¦;¦Hallowed Brick¦10;Hallowed Brick¦10;0
36941;Recipes/By Hand/register;13321;Demonite Work Bench;5775;;;1;;By Hand;¦Demonite Brick¦;¦Demonite Brick¦10;Demonite Brick¦10;0
36942;Recipes/By Hand/register;13321;Crimtane Work Bench;5796;;;1;;By Hand;¦Crimtane Brick¦;¦Crimtane Brick¦10;Crimtane Brick¦10;0
36943;Recipes/By Hand/register;13321;Flinx Fur Work Bench;5838;;;1;;By Hand;¦Flinx Fur Block¦;¦Flinx Fur Block¦10;Flinx Fur Block¦10;0
36944;Recipes/By Hand/register;13321;Pine Work Bench;5856;;;1;;By Hand;¦Pine Tree Block¦;¦Pine Tree Block¦10;Pine Tree Block¦10;0
36945;Recipes/By Hand/register;13321;Pine Work Bench;5856;;;1;;By Hand;¦Pine Wood¦;¦Pine Wood¦10;Pine Wood¦10;0
36946;Recipes/By Hand/register;13321;Easter Work Bench;5877;;;1;;By Hand;¦Easter Block¦;¦Easter Block¦10;Easter Block¦10;0
36947;Recipes/By Hand/register;13321;Jellyfish Work Bench;5917;;;1;;By Hand;¦Jellyfish Block¦;¦Jellyfish Block¦10;Jellyfish Block¦10;0
36948;Recipes/By Hand/register;13321;Spike Work Bench;6040;;;1;;By Hand;¦Spike Block¦;¦Spike Block¦10;Spike Block¦10;0
36949;Recipes/By Hand/register;13321;Office Work Bench;6063;;;1;;By Hand;¦Office Block¦;¦Office Block¦10;Office Block¦10;0
36950;Recipes/By Hand/register;13321;Forbidden Work Bench;6086;;;1;;By Hand;¦Forbidden Block¦;¦Forbidden Block¦10;Forbidden Block¦10;0
36951;Recipes/By Hand/register;13321;Aquarium Work Bench;6108;;;1;;By Hand;¦Aquarium Block¦;¦Aquarium Block¦10;Aquarium Block¦10;0
36952;Recipes/By Hand/register;13321;Daybloom Staff;6152;;;1;;By Hand;¦Daybloom¦^¦Gel¦^¦Wood¦;¦Daybloom¦3^¦Gel¦5^¦Wood¦12;Daybloom¦3^Gel¦5^Wood¦12;0
36953;Recipes/By Hand/register;13321;Trusty Digtoise;6174;;;1;;By Hand;¦Digtoise¦^¦Little Kinship Peach¦;¦Digtoise¦1^¦Little Kinship Peach¦1;Digtoise¦1^Little Kinship Peach¦1;0
36954;Recipes/By Hand/register;13321;Trusty Chillet;6150;;;1;;By Hand;¦Chillet¦^¦Little Kinship Peach¦;¦Chillet¦1^¦Little Kinship Peach¦1;Chillet¦1^Little Kinship Peach¦1;0
36955;Recipes/By Hand/register;13321;Trusty Chillet Ignis;6151;;;1;;By Hand;¦Chillet Ignis¦^¦Little Kinship Peach¦;¦Chillet Ignis¦1^¦Little Kinship Peach¦1;Chillet Ignis¦1^Little Kinship Peach¦1;0
36956;Recipes/By Hand/register;13321;Trusty Foxparks;6149;;;1;;By Hand;¦Foxparks¦^¦Kinship Peach¦;¦Foxparks¦1^¦Kinship Peach¦1;Foxparks¦1^Kinship Peach¦1;0
36957;Recipes/By Hand/register;13321;Trusty Cattiva;6148;;;1;;By Hand;¦Cattiva¦^¦Kinship Peach¦;¦Cattiva¦1^¦Kinship Peach¦1;Cattiva¦1^Kinship Peach¦1;0
36985;Recipes/Crystal Ball/register;6235;Living Cursed Fire Block;2751;;;20;;Crystal Ball;¦Living Fire Block¦^¦Cursed Flame¦;¦Cursed Flame¦1^¦Living Fire Block¦20;Living Fire Block¦20^Cursed Flame¦1;0
36986;Recipes/Crystal Ball/register;6235;Living Demon Fire Block;2752;;;20;;Crystal Ball;¦Living Fire Block¦^¦Demon Torch¦;¦Demon Torch¦1^¦Living Fire Block¦20;Living Fire Block¦20^Demon Torch¦1;0
36987;Recipes/Crystal Ball/register;6235;Living Frost Fire Block;2753;;;20;;Crystal Ball;¦Living Fire Block¦^¦Ice Block¦;¦Ice Block¦10^¦Living Fire Block¦20;Living Fire Block¦20^Ice Block¦10;0
36988;Recipes/Crystal Ball/register;6235;Living Ichor Block;2754;;;20;;Crystal Ball;¦Living Fire Block¦^¦Ichor¦;¦Ichor¦1^¦Living Fire Block¦20;Living Fire Block¦20^Ichor¦1;0
36989;Recipes/Crystal Ball/register;6235;Living Ultrabright Fire Block;2755;;;20;;Crystal Ball;¦Living Fire Block¦^¦Ultrabright Torch¦;¦Living Fire Block¦20^¦Ultrabright Torch¦2;Living Fire Block¦20^Ultrabright Torch¦2;0
36990;Recipes/Crystal Ball/register;6235;Endless Quiver;3103;;;1;;Crystal Ball;¦Wooden Arrow¦;¦Wooden Arrow¦9999;Wooden Arrow¦9999;0
36991;Recipes/Crystal Ball/register;6235;Endless Musket Pouch;3104;;;1;;Crystal Ball;¦Musket Ball¦;¦Musket Ball¦9999;Musket Ball¦9999;0
36992;Recipes/Crystal Ball/register;6235;Magic Sand Dropper;3782;;;3;;Crystal Ball;¦Empty Dropper¦^¦Any Sand Block¦;¦Any Sand Block¦1^¦Empty Dropper¦3;Empty Dropper¦3^Any Sand Block¦1;0
36993;Recipes/Crystal Ball/register;6235;Sandfall Block;3754;;;1;;Crystal Ball;¦Glass¦^¦Sand Block¦;¦Glass¦1^¦Sand Block¦1;Glass¦1^Sand Block¦1;0
36994;Recipes/Crystal Ball/register;6235;Snowfall Block;3755;;;1;;Crystal Ball;¦Glass¦^¦Snow Block¦;¦Glass¦1^¦Snow Block¦1;Glass¦1^Snow Block¦1;0
36995;Recipes/Crystal Ball/register;6235;Gold Starry Block;4277;;;10;;Crystal Ball;¦Glass¦^¦Fallen Star¦;¦Fallen Star¦1^¦Glass¦10;Glass¦10^Fallen Star¦1;0
36996;Recipes/Crystal Ball/register;6235;Blue Starry Block;4278;;;10;;Crystal Ball;¦Glass¦^¦Fallen Star¦;¦Fallen Star¦1^¦Glass¦10;Glass¦10^Fallen Star¦1;0
36997;Recipes/Crystal Ball/register;6235;Confetti Block;2695;;;1;;Crystal Ball;¦Confetti¦^¦Glass¦;¦Confetti¦1^¦Glass¦1;Confetti¦1^Glass¦1;0
36998;Recipes/Crystal Ball/register;6235;Midnight Confetti Block;2697;;;1;;Crystal Ball;¦Confetti¦^¦Glass¦;¦Confetti¦1^¦Glass¦1;Confetti¦1^Glass¦1;0
36999;Recipes/Crystal Ball/register;6235;Sandstorm in a Bottle;857;;;1;;Crystal Ball;¦Cloud in a Bottle¦^¦Forbidden Fragment¦;¦Cloud in a Bottle¦1^¦Forbidden Fragment¦1;Cloud in a Bottle¦1^Forbidden Fragment¦1;0
37000;Recipes/Crystal Ball/register;6235;Blizzard in a Bottle;987;;;1;desktop console mobile;Crystal Ball;¦Cloud in a Bottle¦^¦Frost Core¦;¦Cloud in a Bottle¦1^¦Frost Core¦1;Cloud in a Bottle¦1^Frost Core¦1;0
37001;Recipes/Crystal Ball/register;6235;Rainbow Boulder;5514;;;1;;Crystal Ball;¦Boulder¦^¦Fallen Star¦;¦Boulder¦1^¦Fallen Star¦50;Boulder¦1^Fallen Star¦50;0
37002;Recipes/Crystal Ball/register;6235;Little Kinship Peach;6191;;;1;;Crystal Ball;¦Any Fruit¦^¦Soul of Light¦^¦Soul of Night¦;¦Any Fruit¦1^¦Soul of Light¦12^¦Soul of Night¦12;Any Fruit¦1^Soul of Light¦12^Soul of Night¦12;0
37003;Recipes/Crystal Ball/register;6235;Kinship Peach;6192;;;1;;Crystal Ball;¦Life Fruit¦^¦Soul of Light¦^¦Soul of Night¦;¦Life Fruit¦1^¦Soul of Light¦12^¦Soul of Night¦12;Life Fruit¦1^Soul of Light¦12^Soul of Night¦12;0
37004;Recipes/Crystal Ball/register;6235;Magic Water Dropper;3182;;;1;;Crystal Ball and Water;¦Empty Dropper¦;¦Empty Dropper¦1;Empty Dropper¦1;0
37005;Recipes/Crystal Ball/register;6235;Waterfall Block;2693;;;1;;Crystal Ball and Water;¦Glass¦;¦Glass¦1;Glass¦1;0
37006;Recipes/Crystal Ball/register;6235;Water Candle;148;;;1;desktop console mobile;Crystal Ball and Water;¦Candle¦;¦Candle¦1;Candle¦1;0
37007;Recipes/Crystal Ball/register;6235;Water Candle;148;;;1;desktop console mobile;Crystal Ball and Water;¦Platinum Candle¦;¦Platinum Candle¦1;Platinum Candle¦1;0
37008;Recipes/Crystal Ball/register;6235;Magic Lava Dropper;3184;;;1;;Crystal Ball and Lava;¦Empty Dropper¦;¦Empty Dropper¦1;Empty Dropper¦1;0
37009;Recipes/Crystal Ball/register;6235;Lavafall Block;2694;;;1;;Crystal Ball and Lava;¦Glass¦;¦Glass¦1;Glass¦1;0
37010;Recipes/Crystal Ball/register;6235;Magic Honey Dropper;3185;;;1;;Crystal Ball and Honey;¦Empty Dropper¦;¦Empty Dropper¦1;Empty Dropper¦1;0
37011;Recipes/Crystal Ball/register;6235;Honeyfall Block;2787;;;1;;Crystal Ball and Honey;¦Glass¦;¦Glass¦1;Glass¦1;0
37012;Recipes/Furnace/register;15403;Glass Bowl;2243;;;2;;Furnace;¦Glass¦;¦Glass¦1;Glass¦1;0
37013;Recipes/Furnace/register;15403;Wine Glass;2244;;;1;;Furnace;¦Glass¦;¦Glass¦1;Glass¦1;0
37014;Recipes/Furnace/register;15403;Mug;351;;;1;;Furnace;¦Glass¦;¦Glass¦1;Glass¦1;0
37015;Recipes/Furnace/register;15403;Pumpkin Pie;1787;;;1;desktop console mobile;Furnace;¦Pumpkin¦;¦Pumpkin¦15;Pumpkin¦15;0
37016;Recipes/Furnace/register;15403;Bottle;31;;;2;;Furnace;¦Glass¦;¦Glass¦1;Glass¦1;0
37017;Recipes/Furnace/register;15403;Clay Pot;222;;;1;desktop console mobile;Furnace;¦Clay Block¦;¦Clay Block¦5;Clay Block¦5;0
37018;Recipes/Furnace/register;15403;Pink Vase;350;;;1;;Furnace;¦Clay Block¦;¦Clay Block¦4;Clay Block¦4;0
37019;Recipes/Furnace/register;15403;Bowl;356;;;1;;Furnace;¦Clay Block¦;¦Clay Block¦2;Clay Block¦2;0
37020;Recipes/Furnace/register;15403;Plate;4326;;;1;;Furnace;¦Clay Block¦;¦Clay Block¦2;Clay Block¦2;0
37021;Recipes/Furnace/register;15403;Glass;170;;;1;;Furnace;¦Any Sand Block¦;¦Any Sand Block¦2;Any Sand Block¦2;0
37022;Recipes/Furnace/register;15403;Gray Brick;129;;;1;;Furnace;¦Stone Block¦;¦Stone Block¦2;Stone Block¦2;0
37023;Recipes/Furnace/register;15403;Red Brick;131;;;1;;Furnace;¦Clay Block¦;¦Clay Block¦2;Clay Block¦2;0
37024;Recipes/Furnace/register;15403;Copper Brick;145;;;5;desktop console mobile;Furnace;¦Stone Block¦^¦Copper Ore¦;¦Copper Ore¦1^¦Stone Block¦5;Stone Block¦5^Copper Ore¦1;0
37025;Recipes/Furnace/register;15403;Iron Brick;3951;;;5;;Furnace;¦Stone Block¦^¦Iron Ore¦;¦Iron Ore¦1^¦Stone Block¦5;Stone Block¦5^Iron Ore¦1;0
37026;Recipes/Furnace/register;15403;Lead Brick;3953;;;5;;Furnace;¦Stone Block¦^¦Lead Ore¦;¦Lead Ore¦1^¦Stone Block¦5;Stone Block¦5^Lead Ore¦1;0
37027;Recipes/Furnace/register;15403;Silver Brick;143;;;5;desktop console mobile;Furnace;¦Stone Block¦^¦Silver Ore¦;¦Silver Ore¦1^¦Stone Block¦5;Stone Block¦5^Silver Ore¦1;0
37028;Recipes/Furnace/register;15403;Gold Brick;141;;;5;desktop console mobile;Furnace;¦Stone Block¦^¦Gold Ore¦;¦Gold Ore¦1^¦Stone Block¦5;Stone Block¦5^Gold Ore¦1;0
37029;Recipes/Furnace/register;15403;Tin Brick;717;;;5;desktop console mobile;Furnace;¦Stone Block¦^¦Tin Ore¦;¦Stone Block¦5^¦Tin Ore¦1;Stone Block¦5^Tin Ore¦1;0
37030;Recipes/Furnace/register;15403;Tungsten Brick;718;;;5;desktop console mobile;Furnace;¦Stone Block¦^¦Tungsten Ore¦;¦Stone Block¦5^¦Tungsten Ore¦1;Stone Block¦5^Tungsten Ore¦1;0
37031;Recipes/Furnace/register;15403;Platinum Brick;719;;;5;desktop console mobile;Furnace;¦Stone Block¦^¦Platinum Ore¦;¦Platinum Ore¦1^¦Stone Block¦5;Stone Block¦5^Platinum Ore¦1;0
37032;Recipes/Furnace/register;15403;Hellstone Brick;214;;;5;desktop console mobile;Furnace;¦Stone Block¦^¦Hellstone¦;¦Hellstone¦1^¦Stone Block¦5;Stone Block¦5^Hellstone¦1;0
37033;Recipes/Furnace/register;15403;Obsidian Brick;192;;;5;desktop console mobile;Furnace;¦Stone Block¦^¦Obsidian¦;¦Obsidian¦1^¦Stone Block¦5;Stone Block¦5^Obsidian¦1;0
37034;Recipes/Furnace/register;15403;Sandstone Brick;607;;;1;;Furnace;¦Sand Block¦;¦Sand Block¦1;Sand Block¦1;0
37035;Recipes/Furnace/register;15403;Smooth Sandstone;4051;;;1;;Furnace;¦Sandstone Block¦;¦Sandstone Block¦1;Sandstone Block¦1;0
37036;Recipes/Furnace/register;15403;Pearlstone Brick;412;;;1;desktop console mobile;Furnace;¦Pearlstone Block¦;¦Pearlstone Block¦2;Pearlstone Block¦2;0
37037;Recipes/Furnace/register;15403;Ebonstone Brick;609;;;1;;Furnace;¦Ebonstone Block¦;¦Ebonstone Block¦2;Ebonstone Block¦2;0
37038;Recipes/Furnace/register;15403;Crimstone Brick;4050;;;1;;Furnace;¦Crimstone Block¦;¦Crimstone Block¦2;Crimstone Block¦2;0
37039;Recipes/Furnace/register;15403;Iridescent Brick;413;;;1;;Furnace;¦Stone Block¦^¦Ash Block¦;¦Ash Block¦1^¦Stone Block¦1;Stone Block¦1^Ash Block¦1;0
37040;Recipes/Furnace/register;15403;Mudstone Brick;414;;;1;;Furnace;¦Stone Block¦^¦Mud Block¦;¦Mud Block¦1^¦Stone Block¦1;Stone Block¦1^Mud Block¦1;0
37041;Recipes/Furnace/register;15403;Red Stucco;611;;;10;;Furnace;¦Silt Block¦^¦Clay Block¦;¦Clay Block¦10^¦Silt Block¦1;Silt Block¦1^Clay Block¦10;0
37042;Recipes/Furnace/register;15403;Yellow Stucco;612;;;10;;Furnace;¦Silt Block¦^¦Sand Block¦;¦Sand Block¦10^¦Silt Block¦1;Silt Block¦1^Sand Block¦10;0
37043;Recipes/Furnace/register;15403;Green Stucco;613;;;10;desktop console mobile;Furnace;¦Silt Block¦^¦Stone Block¦^¦Green Thread¦;¦Green Thread¦1^¦Silt Block¦1^¦Stone Block¦10;Silt Block¦1^Stone Block¦10^Green Thread¦1;0
37044;Recipes/Furnace/register;15403;Gray Stucco;614;;;10;;Furnace;¦Silt Block¦^¦Stone Block¦;¦Silt Block¦1^¦Stone Block¦10;Silt Block¦1^Stone Block¦10;0
37045;Recipes/Furnace/register;15403;Meteorite Brick;3100;;;5;desktop console mobile;Furnace;¦Stone Block¦^¦Meteorite¦;¦Meteorite¦1^¦Stone Block¦5;Stone Block¦5^Meteorite¦1;0
37046;Recipes/Furnace/register;15403;Crimtane Brick;2793;;;5;;Furnace;¦Crimtane Ore¦^¦Crimstone Block¦;¦Crimstone Block¦5^¦Crimtane Ore¦1;Crimtane Ore¦1^Crimstone Block¦5;0
37047;Recipes/Furnace/register;15403;Cobalt Brick;415;;;5;desktop console mobile;Furnace;¦Stone Block¦^¦Cobalt Ore¦;¦Cobalt Ore¦1^¦Stone Block¦5;Stone Block¦5^Cobalt Ore¦1;0
37048;Recipes/Furnace/register;15403;Mythril Brick;416;;;5;desktop console mobile;Furnace;¦Stone Block¦^¦Mythril Ore¦;¦Mythril Ore¦1^¦Stone Block¦5;Stone Block¦5^Mythril Ore¦1;0
37049;Recipes/Furnace/register;15403;Adamantite Beam;604;;;5;desktop console mobile;Furnace;¦Stone Block¦^¦Adamantite Ore¦;¦Adamantite Ore¦1^¦Stone Block¦5;Stone Block¦5^Adamantite Ore¦1;0
37050;Recipes/Furnace/register;15403;Palladium Column;1589;;;5;desktop console mobile;Furnace;¦Stone Block¦^¦Palladium Ore¦;¦Palladium Ore¦1^¦Stone Block¦5;Stone Block¦5^Palladium Ore¦1;0
37051;Recipes/Furnace/register;15403;Bubblegum Block;1591;;;5;desktop console mobile;Furnace;¦Stone Block¦^¦Orichalcum Ore¦;¦Orichalcum Ore¦1^¦Stone Block¦5;Stone Block¦5^Orichalcum Ore¦1;0
37052;Recipes/Furnace/register;15403;Titanstone Block;1593;;;5;desktop console mobile;Furnace;¦Stone Block¦^¦Titanium Ore¦;¦Stone Block¦5^¦Titanium Ore¦1;Stone Block¦5^Titanium Ore¦1;0
37053;Recipes/Furnace/register;15403;Chlorophyte Brick;2792;;;5;;Furnace;¦Stone Block¦^¦Chlorophyte Ore¦;¦Chlorophyte Ore¦1^¦Stone Block¦5;Stone Block¦5^Chlorophyte Ore¦1;0
37054;Recipes/Furnace/register;15403;Shroomite Plating;2794;;;25;;Furnace;¦Stone Block¦^¦Shroomite Bar¦;¦Shroomite Bar¦1^¦Stone Block¦25;Stone Block¦25^Shroomite Bar¦1;0
37055;Recipes/Furnace/register;15403;Luminite Brick;3461;;;5;;Furnace;¦Stone Block¦^¦Luminite¦;¦Luminite¦1^¦Stone Block¦5;Stone Block¦5^Luminite¦1;0
37056;Recipes/Furnace/register;15403;Lava Moss Brick;5439;;;10;;Furnace;¦Lava Moss¦^¦Clay Block¦;¦Clay Block¦10^¦Lava Moss¦1;Lava Moss¦1^Clay Block¦10;0
37057;Recipes/Furnace/register;15403;Argon Moss Brick;5440;;;10;;Furnace;¦Argon Moss¦^¦Clay Block¦;¦Argon Moss¦1^¦Clay Block¦10;Argon Moss¦1^Clay Block¦10;0
37058;Recipes/Furnace/register;15403;Krypton Moss Brick;5441;;;10;;Furnace;¦Krypton Moss¦^¦Clay Block¦;¦Clay Block¦10^¦Krypton Moss¦1;Krypton Moss¦1^Clay Block¦10;0
37059;Recipes/Furnace/register;15403;Xenon Moss Brick;5442;;;10;;Furnace;¦Xenon Moss¦^¦Clay Block¦;¦Clay Block¦10^¦Xenon Moss¦1;Xenon Moss¦1^Clay Block¦10;0
37060;Recipes/Furnace/register;15403;Neon Moss Brick;5443;;;10;;Furnace;¦Neon Moss¦^¦Clay Block¦;¦Clay Block¦10^¦Neon Moss¦1;Neon Moss¦1^Clay Block¦10;0
37061;Recipes/Furnace/register;15403;Helium Moss Brick;5444;;;10;;Furnace;¦Helium Moss¦^¦Clay Block¦;¦Clay Block¦10^¦Helium Moss¦1;Helium Moss¦1^Clay Block¦10;0
37062;Recipes/Furnace/register;15403;Aetherium Brick;5398;;;1;;Furnace;¦Aetherium Block¦^¦Stone Block¦;¦Aetherium Block¦1^¦Stone Block¦1;Aetherium Block¦1^Stone Block¦1;0
37063;Recipes/Furnace/register;15403;Demonite Brick;577;;;5;;Furnace;¦Demonite Ore¦^¦Ebonstone Block¦;¦Demonite Ore¦1^¦Ebonstone Block¦5;Demonite Ore¦1^Ebonstone Block¦5;0
37064;Recipes/Furnace/register;15403;Teapot;5008;;;1;;Furnace;¦Clay Block¦^¦Bone¦;¦Bone¦12^¦Clay Block¦12;Clay Block¦12^Bone¦12;0
37065;Recipes/Furnace/register;15403;Crispy Honey Block;1127;;;1;desktop console mobile 3ds;Furnace;¦Honey Block¦;¦Honey Block¦1;Honey Block¦1;0
37066;Recipes/Furnace/register;15403;Copper Bar;20;;;1;;Furnace;¦Copper Ore¦;¦Copper Ore¦3;Copper Ore¦3;0
37067;Recipes/Furnace/register;15403;Tin Bar;703;;;1;;Furnace;¦Tin Ore¦;¦Tin Ore¦3;Tin Ore¦3;0
37068;Recipes/Furnace/register;15403;Iron Bar;22;;;1;;Furnace;¦Iron Ore¦;¦Iron Ore¦3;Iron Ore¦3;0
37069;Recipes/Furnace/register;15403;Lead Bar;704;;;1;;Furnace;¦Lead Ore¦;¦Lead Ore¦3;Lead Ore¦3;0
37070;Recipes/Furnace/register;15403;Silver Bar;21;;;1;;Furnace;¦Silver Ore¦;¦Silver Ore¦4;Silver Ore¦4;0
37071;Recipes/Furnace/register;15403;Tungsten Bar;705;;;1;;Furnace;¦Tungsten Ore¦;¦Tungsten Ore¦4;Tungsten Ore¦4;0
37072;Recipes/Furnace/register;15403;Gold Bar;19;;;1;;Furnace;¦Gold Ore¦;¦Gold Ore¦4;Gold Ore¦4;0
37073;Recipes/Furnace/register;15403;Platinum Bar;706;;;1;;Furnace;¦Platinum Ore¦;¦Platinum Ore¦4;Platinum Ore¦4;0
37074;Recipes/Furnace/register;15403;Demonite Bar;57;;;1;desktop console mobile;Furnace;¦Demonite Ore¦;¦Demonite Ore¦3;Demonite Ore¦3;0
37075;Recipes/Furnace/register;15403;Crimtane Bar;1257;;;1;desktop console mobile;Furnace;¦Crimtane Ore¦;¦Crimtane Ore¦3;Crimtane Ore¦3;0
37076;Recipes/Furnace/register;15403;Meteorite Bar;117;;;1;;Furnace;¦Meteorite¦;¦Meteorite¦3;Meteorite¦3;0
37077;Recipes/Furnace/register;15403;Cobalt Bar;381;;;1;;Furnace;¦Cobalt Ore¦;¦Cobalt Ore¦3;Cobalt Ore¦3;0
37078;Recipes/Furnace/register;15403;Palladium Bar;1184;;;1;;Furnace;¦Palladium Ore¦;¦Palladium Ore¦3;Palladium Ore¦3;0
37079;Recipes/Furnace/register;15403;Mythril Bar;382;;;1;;Furnace;¦Mythril Ore¦;¦Mythril Ore¦4;Mythril Ore¦4;0
37080;Recipes/Furnace/register;15403;Orichalcum Bar;1191;;;1;;Furnace;¦Orichalcum Ore¦;¦Orichalcum Ore¦4;Orichalcum Ore¦4;0
37081;Recipes/Furnace/register;15403;Terrarium;2208;;;1;;Furnace;¦Glass¦;¦Glass¦16;Glass¦16;0
37082;Recipes/Furnace/register;15403;Magic Mirror;50;;;1;desktop console mobile;Furnace;¦Glass¦^¦Gold Bar¦^¦Diamond¦;¦Diamond¦3^¦Glass¦10^¦Gold Bar¦8;Glass¦10^Gold Bar¦8^Diamond¦3;0
37083;Recipes/Furnace/register;15403;Magic Mirror;50;;;1;desktop console mobile;Furnace;¦Glass¦^¦Platinum Bar¦^¦Diamond¦;¦Diamond¦3^¦Glass¦10^¦Platinum Bar¦8;Glass¦10^Platinum Bar¦8^Diamond¦3;0
37084;Recipes/Furnace/register;15403;Obsidian Skull;193;;;1;;Furnace;¦Obsidian¦;¦Obsidian¦20;Obsidian¦20;0
37085;Recipes/Furnace/register;15403;Sandgun;266;;;1;;Furnace;¦Illegal Gun Parts¦^¦Antlion Mandible¦^¦Topaz¦;¦Antlion Mandible¦10^¦Illegal Gun Parts¦1^¦Topaz¦5;Illegal Gun Parts¦1^Antlion Mandible¦10^Topaz¦5;0
37086;Recipes/Furnace/register;15403;Item Flask;5472;;;1;;Furnace;¦Glass¦^¦Chain¦;¦Chain¦1^¦Glass¦6;Glass¦6^Chain¦1;0
37087;Recipes/Furnace/register;15403;Fallen Star Block;5622;;;25;;Furnace;¦Stone Block¦^¦Fallen Star¦;¦Fallen Star¦1^¦Stone Block¦25;Stone Block¦25^Fallen Star¦1;0
37088;Recipes/Furnace/register;15403;Hallowed Brick;5733;;;25;;Furnace;¦Pearlstone Block¦^¦Hallowed Bar¦;¦Hallowed Bar¦1^¦Pearlstone Block¦25;Pearlstone Block¦25^Hallowed Bar¦1;0
37089;Recipes/Furnace/register;15403;Clay Bud Staff;6161;;;1;;Furnace;¦Clay Block¦^¦Lesser Healing Potion¦^¦Daybloom¦^¦Blinkroot¦;¦Blinkroot¦1^¦Clay Block¦30^¦Daybloom¦1^¦Lesser Healing Potion¦1;Clay Block¦30^Lesser Healing Potion¦1^Daybloom¦1^Blinkroot¦1;0
41072;Recipes/Work Bench/register;9571;Sashimi;2427;;;1;;Work Bench;¦Tuna¦;¦Tuna¦1;Tuna¦1;0
41073;Recipes/Work Bench/register;9571;Sashimi;2427;;;1;;Work Bench;¦Salmon¦;¦Salmon¦1;Salmon¦1;0
41074;Recipes/Work Bench/register;9571;Sashimi;2427;;;1;;Work Bench;¦Red Snapper¦;¦Red Snapper¦1;Red Snapper¦1;0
41075;Recipes/Work Bench/register;9571;Sashimi;2427;;;1;;Work Bench;¦Flounder¦;¦Flounder¦1;Flounder¦1;0
41076;Recipes/Work Bench/register;9571;Flinx Staff;5069;;;1;;Work Bench;¦Flinx Fur¦^¦Gold Bar¦;¦Flinx Fur¦6^¦Gold Bar¦10;Flinx Fur¦6^Gold Bar¦10;0
41077;Recipes/Work Bench/register;9571;Flinx Staff;5069;;;1;;Work Bench;¦Flinx Fur¦^¦Platinum Bar¦;¦Flinx Fur¦6^¦Platinum Bar¦10;Flinx Fur¦6^Platinum Bar¦10;0
41078;Recipes/Work Bench/register;9571;Key of Light;3092;;;1;;Work Bench;¦Soul of Light¦;¦Soul of Light¦15;Soul of Light¦15;0
41079;Recipes/Work Bench/register;9571;Key of Night;3091;;;1;;Work Bench;¦Soul of Night¦;¦Soul of Night¦15;Soul of Night¦15;0
41080;Recipes/Work Bench/register;9571;Wooden Arrow;40;;;25;desktop console mobile;Work Bench;¦Any Wood¦^¦Stone Block¦;¦Any Wood¦1^¦Stone Block¦1;Any Wood¦1^Stone Block¦1;0
41081;Recipes/Work Bench/register;9571;High Velocity Bullet;1302;;;50;;Work Bench;¦Empty Bullet¦^¦Cog¦;¦Cog¦1^¦Empty Bullet¦50;Empty Bullet¦50^Cog¦1;0
41082;Recipes/Work Bench/register;9571;Party Bullet;1349;;;50;;Work Bench;¦Empty Bullet¦^¦Confetti¦;¦Confetti¦1^¦Empty Bullet¦50;Empty Bullet¦50^Confetti¦1;0
41083;Recipes/Work Bench/register;9571;Nano Bullet;1350;;;50;;Work Bench;¦Empty Bullet¦^¦Nanites¦;¦Empty Bullet¦50^¦Nanites¦1;Empty Bullet¦50^Nanites¦1;0
41084;Recipes/Work Bench/register;9571;Exploding Bullet;1351;;;50;;Work Bench;¦Empty Bullet¦^¦Explosive Powder¦;¦Empty Bullet¦50^¦Explosive Powder¦1;Empty Bullet¦50^Explosive Powder¦1;0
41085;Recipes/Work Bench/register;9571;Golden Bullet;1352;;;50;;Work Bench;¦Empty Bullet¦^¦Gold Dust¦;¦Empty Bullet¦50^¦Gold Dust¦1;Empty Bullet¦50^Gold Dust¦1;0
41086;Recipes/Work Bench/register;9571;Venom Bullet;1342;;;50;;Work Bench;¦Empty Bullet¦^¦Vial of Venom¦;¦Empty Bullet¦50^¦Vial of Venom¦1;Empty Bullet¦50^Vial of Venom¦1;0
41087;Recipes/Work Bench/register;9571;Chinese Lantern;344;;;1;;Work Bench;¦Silk¦^¦Torch¦;¦Silk¦5^¦Torch¦1;Silk¦5^Torch¦1;0
41088;Recipes/Work Bench/register;9571;Tiki Torch;342;;;1;;Work Bench;¦Torch¦^¦Any Wood¦;¦Any Wood¦3^¦Torch¦1;Torch¦1^Any Wood¦3;0
41089;Recipes/Work Bench/register;9571;Skull Lantern;347;;;1;;Work Bench;¦Bone¦^¦Torch¦;¦Bone¦10^¦Torch¦1;Bone¦10^Torch¦1;0
41090;Recipes/Work Bench/register;9571;Waterfall Wall;2169;;;4;;Work Bench;¦Waterfall Block¦;¦Waterfall Block¦1;Waterfall Block¦1;0
41091;Recipes/Work Bench/register;9571;Waterfall Block;2693;;;1;;Work Bench;¦Waterfall Wall¦;¦Waterfall Wall¦4;Waterfall Wall¦4;0
41092;Recipes/Work Bench/register;9571;Lavafall Wall;2170;;;4;;Work Bench;¦Lavafall Block¦;¦Lavafall Block¦1;Lavafall Block¦1;0
41093;Recipes/Work Bench/register;9571;Lavafall Block;2694;;;1;;Work Bench;¦Lavafall Wall¦;¦Lavafall Wall¦4;Lavafall Wall¦4;0
41094;Recipes/Work Bench/register;9571;Honeyfall Wall;2788;;;4;;Work Bench;¦Honeyfall Block¦;¦Honeyfall Block¦1;Honeyfall Block¦1;0
41095;Recipes/Work Bench/register;9571;Honeyfall Block;2787;;;1;;Work Bench;¦Honeyfall Wall¦;¦Honeyfall Wall¦4;Honeyfall Wall¦4;0
41096;Recipes/Work Bench/register;9571;Sandfall Wall;3752;;;4;;Work Bench;¦Sandfall Block¦;¦Sandfall Block¦1;Sandfall Block¦1;0
41097;Recipes/Work Bench/register;9571;Sandfall Block;3754;;;1;;Work Bench;¦Sandfall Wall¦;¦Sandfall Wall¦4;Sandfall Wall¦4;0
41098;Recipes/Work Bench/register;9571;Snowfall Wall;3753;;;4;;Work Bench;¦Snowfall Block¦;¦Snowfall Block¦1;Snowfall Block¦1;0
41099;Recipes/Work Bench/register;9571;Snowfall Block;3755;;;1;;Work Bench;¦Snowfall Wall¦;¦Snowfall Wall¦4;Snowfall Wall¦4;0
41100;Recipes/Work Bench/register;9571;Gold Starry Wall;4279;;;4;;Work Bench;¦Gold Starry Block¦;¦Gold Starry Block¦1;Gold Starry Block¦1;0
41101;Recipes/Work Bench/register;9571;Gold Starry Block;4277;;;1;;Work Bench;¦Gold Starry Wall¦;¦Gold Starry Wall¦4;Gold Starry Wall¦4;0
41102;Recipes/Work Bench/register;9571;Blue Starry Wall;4280;;;4;;Work Bench;¦Blue Starry Block¦;¦Blue Starry Block¦1;Blue Starry Block¦1;0
41103;Recipes/Work Bench/register;9571;Blue Starry Block;4278;;;1;;Work Bench;¦Blue Starry Wall¦;¦Blue Starry Wall¦4;Blue Starry Wall¦4;0
41104;Recipes/Work Bench/register;9571;Echo Wall;5291;;;4;;Work Bench;¦Echo Block¦;¦Echo Block¦1;Echo Block¦1;0
41105;Recipes/Work Bench/register;9571;Echo Block;4392;;;1;;Work Bench;¦Echo Wall¦;¦Echo Wall¦4;Echo Wall¦4;0
41106;Recipes/Work Bench/register;9571;Amethyst Stone Wall;4490;;;4;;Work Bench and Ecto Mist;¦Amethyst Stone Block¦;¦Amethyst Stone Block¦1;Amethyst Stone Block¦1;0
41107;Recipes/Work Bench/register;9571;Amethyst Stone Block;4640;;;1;;Work Bench;¦Amethyst Stone Wall¦;¦Amethyst Stone Wall¦4;Amethyst Stone Wall¦4;0
41108;Recipes/Work Bench/register;9571;Topaz Stone Wall;4491;;;4;;Work Bench and Ecto Mist;¦Topaz Stone Block¦;¦Topaz Stone Block¦1;Topaz Stone Block¦1;0
41109;Recipes/Work Bench/register;9571;Topaz Stone Block;4641;;;1;;Work Bench;¦Topaz Stone Wall¦;¦Topaz Stone Wall¦4;Topaz Stone Wall¦4;0
41110;Recipes/Work Bench/register;9571;Sapphire Stone Wall;4492;;;4;;Work Bench and Ecto Mist;¦Sapphire Stone Block¦;¦Sapphire Stone Block¦1;Sapphire Stone Block¦1;0
41111;Recipes/Work Bench/register;9571;Sapphire Stone Block;4642;;;1;;Work Bench;¦Sapphire Stone Wall¦;¦Sapphire Stone Wall¦4;Sapphire Stone Wall¦4;0
41112;Recipes/Work Bench/register;9571;Emerald Stone Wall;4493;;;4;;Work Bench and Ecto Mist;¦Emerald Stone Block¦;¦Emerald Stone Block¦1;Emerald Stone Block¦1;0
41113;Recipes/Work Bench/register;9571;Emerald Stone Block;4643;;;1;;Work Bench;¦Emerald Stone Wall¦;¦Emerald Stone Wall¦4;Emerald Stone Wall¦4;0
41114;Recipes/Work Bench/register;9571;Ruby Stone Wall;4494;;;4;;Work Bench and Ecto Mist;¦Ruby Stone Block¦;¦Ruby Stone Block¦1;Ruby Stone Block¦1;0
41115;Recipes/Work Bench/register;9571;Ruby Stone Block;4644;;;1;;Work Bench;¦Ruby Stone Wall¦;¦Ruby Stone Wall¦4;Ruby Stone Wall¦4;0
41116;Recipes/Work Bench/register;9571;Diamond Stone Wall;4495;;;4;;Work Bench and Ecto Mist;¦Diamond Stone Block¦;¦Diamond Stone Block¦1;Diamond Stone Block¦1;0
41117;Recipes/Work Bench/register;9571;Diamond Stone Block;4645;;;1;;Work Bench;¦Diamond Stone Wall¦;¦Diamond Stone Wall¦4;Diamond Stone Wall¦4;0
41118;Recipes/Work Bench/register;9571;Amber Stone Wall;4647;;;4;;Work Bench and Ecto Mist;¦Amber Stone Block¦;¦Amber Stone Block¦1;Amber Stone Block¦1;0
41119;Recipes/Work Bench/register;9571;Amber Stone Block;4646;;;1;;Work Bench;¦Amber Stone Wall¦;¦Amber Stone Wall¦4;Amber Stone Wall¦4;0
41120;Recipes/Work Bench/register;9571;Green Mossy Wall;4496;;;4;;Work Bench and Ecto Mist;¦Green Moss¦;¦Green Moss¦1;Green Moss¦1;0
41121;Recipes/Work Bench/register;9571;Green Moss;4349;;;1;desktop console mobile;Work Bench;¦Green Mossy Wall¦;¦Green Mossy Wall¦4;Green Mossy Wall¦4;0
41122;Recipes/Work Bench/register;9571;Brown Mossy Wall;4497;;;4;;Work Bench and Ecto Mist;¦Brown Moss¦;¦Brown Moss¦1;Brown Moss¦1;0
41123;Recipes/Work Bench/register;9571;Brown Moss;4350;;;1;desktop console mobile;Work Bench;¦Brown Mossy Wall¦;¦Brown Mossy Wall¦4;Brown Mossy Wall¦4;0
41124;Recipes/Work Bench/register;9571;Red Mossy Wall;4498;;;4;;Work Bench and Ecto Mist;¦Red Moss¦;¦Red Moss¦1;Red Moss¦1;0
41125;Recipes/Work Bench/register;9571;Red Moss;4351;;;1;desktop console mobile;Work Bench;¦Red Mossy Wall¦;¦Red Mossy Wall¦4;Red Mossy Wall¦4;0
41126;Recipes/Work Bench/register;9571;Blue Mossy Wall;4499;;;4;;Work Bench and Ecto Mist;¦Blue Moss¦;¦Blue Moss¦1;Blue Moss¦1;0
41127;Recipes/Work Bench/register;9571;Blue Moss;4352;;;1;desktop console mobile;Work Bench;¦Blue Mossy Wall¦;¦Blue Mossy Wall¦4;Blue Mossy Wall¦4;0
41128;Recipes/Work Bench/register;9571;Purple Mossy Wall;4500;;;4;;Work Bench and Ecto Mist;¦Purple Moss¦;¦Purple Moss¦1;Purple Moss¦1;0
41129;Recipes/Work Bench/register;9571;Purple Moss;4353;;;1;desktop console mobile;Work Bench;¦Purple Mossy Wall¦;¦Purple Mossy Wall¦4;Purple Mossy Wall¦4;0
41130;Recipes/Work Bench/register;9571;Spider Wall;4503;;;4;;Work Bench and Ecto Mist;¦Cobweb¦;¦Cobweb¦1;Cobweb¦1;0
41131;Recipes/Work Bench/register;9571;Cobweb;150;;;1;desktop console mobile;Work Bench;¦Spider Wall¦;¦Spider Wall¦4;Spider Wall¦4;0
41132;Recipes/Work Bench/register;9571;Lichen Stone Wall;4529;;;4;;Work Bench and Ecto Mist;¦Grass Seeds¦;¦Grass Seeds¦1;Grass Seeds¦1;0
41133;Recipes/Work Bench/register;9571;Grass Seeds;62;;;1;;Work Bench;¦Lichen Stone Wall¦;¦Lichen Stone Wall¦4;Lichen Stone Wall¦4;0
41134;Recipes/Work Bench/register;9571;Ivy Stone Wall;4531;;;4;;Work Bench and Ecto Mist;¦Grass Seeds¦;¦Grass Seeds¦1;Grass Seeds¦1;0
41135;Recipes/Work Bench/register;9571;Grass Seeds;62;;;1;;Work Bench;¦Ivy Stone Wall¦;¦Ivy Stone Wall¦4;Ivy Stone Wall¦4;0
41136;Recipes/Work Bench/register;9571;Leafy Jungle Wall;4530;;;4;;Work Bench and Ecto Mist;¦Jungle Grass Seeds¦;¦Jungle Grass Seeds¦1;Jungle Grass Seeds¦1;0
41137;Recipes/Work Bench/register;9571;Jungle Grass Seeds;195;;;1;;Work Bench;¦Leafy Jungle Wall¦;¦Leafy Jungle Wall¦4;Leafy Jungle Wall¦4;0
41138;Recipes/Work Bench/register;9571;Jungle Vine Wall;4532;;;4;;Work Bench and Ecto Mist;¦Jungle Grass Seeds¦;¦Jungle Grass Seeds¦1;Jungle Grass Seeds¦1;0
41139;Recipes/Work Bench/register;9571;Jungle Grass Seeds;195;;;1;;Work Bench;¦Jungle Vine Wall¦;¦Jungle Vine Wall¦4;Jungle Vine Wall¦4;0
41140;Recipes/Work Bench/register;9571;Hardened Sand Wall;3340;;;4;;Work Bench and Ecto Mist;¦Hardened Sand Block¦;¦Hardened Sand Block¦1;Hardened Sand Block¦1;0
41141;Recipes/Work Bench/register;9571;Hardened Sand Block;3272;;;1;;Work Bench;¦Hardened Sand Wall¦;¦Hardened Sand Wall¦4;Hardened Sand Wall¦4;0
41142;Recipes/Work Bench/register;9571;Hardened Ebonsand Wall;3341;;;4;;Work Bench and Ecto Mist;¦Hardened Ebonsand Block¦;¦Hardened Ebonsand Block¦1;Hardened Ebonsand Block¦1;0
41143;Recipes/Work Bench/register;9571;Hardened Ebonsand Block;3274;;;1;;Work Bench;¦Hardened Ebonsand Wall¦;¦Hardened Ebonsand Wall¦4;Hardened Ebonsand Wall¦4;0
41144;Recipes/Work Bench/register;9571;Hardened Crimsand Wall;3342;;;4;;Work Bench and Ecto Mist;¦Hardened Crimsand Block¦;¦Hardened Crimsand Block¦1;Hardened Crimsand Block¦1;0
41145;Recipes/Work Bench/register;9571;Hardened Crimsand Block;3275;;;1;;Work Bench;¦Hardened Crimsand Wall¦;¦Hardened Crimsand Wall¦4;Hardened Crimsand Wall¦4;0
41146;Recipes/Work Bench/register;9571;Hardened Pearlsand Wall;3343;;;4;;Work Bench and Ecto Mist;¦Hardened Pearlsand Block¦;¦Hardened Pearlsand Block¦1;Hardened Pearlsand Block¦1;0
41147;Recipes/Work Bench/register;9571;Hardened Pearlsand Block;3338;;;1;;Work Bench;¦Hardened Pearlsand Wall¦;¦Hardened Pearlsand Wall¦4;Hardened Pearlsand Wall¦4;0
41148;Recipes/Work Bench/register;9571;Ebonsandstone Wall;3344;;;4;;Work Bench and Ecto Mist;¦Ebonsandstone Block¦;¦Ebonsandstone Block¦1;Ebonsandstone Block¦1;0
41149;Recipes/Work Bench/register;9571;Ebonsandstone Block;3276;;;1;;Work Bench;¦Ebonsandstone Wall¦;¦Ebonsandstone Wall¦4;Ebonsandstone Wall¦4;0
41150;Recipes/Work Bench/register;9571;Crimsandstone Wall;3345;;;4;;Work Bench and Ecto Mist;¦Crimsandstone Block¦;¦Crimsandstone Block¦1;Crimsandstone Block¦1;0
41151;Recipes/Work Bench/register;9571;Crimsandstone Block;3277;;;1;;Work Bench;¦Crimsandstone Wall¦;¦Crimsandstone Wall¦4;Crimsandstone Wall¦4;0
41152;Recipes/Work Bench/register;9571;Pearlsandstone Wall;3346;;;4;;Work Bench and Ecto Mist;¦Pearlsandstone Block¦;¦Pearlsandstone Block¦1;Pearlsandstone Block¦1;0
41153;Recipes/Work Bench/register;9571;Pearlsandstone Block;3339;;;1;;Work Bench;¦Pearlsandstone Wall¦;¦Pearlsandstone Wall¦4;Pearlsandstone Wall¦4;0
41154;Recipes/Work Bench/register;9571;Desert Fossil Wall;3348;;;4;;Work Bench and Ecto Mist;¦Desert Fossil¦;¦Desert Fossil¦1;Desert Fossil¦1;0
41155;Recipes/Work Bench/register;9571;Desert Fossil;3347;;;1;;Work Bench;¦Desert Fossil Wall¦;¦Desert Fossil Wall¦4;Desert Fossil Wall¦4;0
41156;Recipes/Work Bench/register;9571;Rainbow Brick Wall;663;;;4;;Work Bench;¦Rainbow Brick¦;¦Rainbow Brick¦1;Rainbow Brick¦1;0
41157;Recipes/Work Bench/register;9571;Rainbow Brick;662;;;1;;Work Bench;¦Rainbow Brick Wall¦;¦Rainbow Brick Wall¦4;Rainbow Brick Wall¦4;0
41158;Recipes/Work Bench/register;9571;Confetti Wall;2696;;;4;;Work Bench;¦Confetti Block¦;¦Confetti Block¦1;Confetti Block¦1;0
41159;Recipes/Work Bench/register;9571;Confetti Block;2695;;;1;;Work Bench;¦Confetti Wall¦;¦Confetti Wall¦4;Confetti Wall¦4;0
41160;Recipes/Work Bench/register;9571;Midnight Confetti Wall;2698;;;4;;Work Bench;¦Midnight Confetti Block¦;¦Midnight Confetti Block¦1;Midnight Confetti Block¦1;0
41161;Recipes/Work Bench/register;9571;Midnight Confetti Block;2697;;;1;;Work Bench;¦Midnight Confetti Wall¦;¦Midnight Confetti Wall¦4;Midnight Confetti Wall¦4;0
41162;Recipes/Work Bench/register;9571;Shadow Candle;5322;;;1;;Work Bench and Ecto Mist;¦Demonite Bar¦^¦Torch¦;¦Demonite Bar¦3^¦Torch¦1;Demonite Bar¦3^Torch¦1;0
41163;Recipes/Work Bench/register;9571;Shadow Candle;5322;;;1;;Work Bench and Ecto Mist;¦Crimtane Bar¦^¦Torch¦;¦Crimtane Bar¦3^¦Torch¦1;Crimtane Bar¦3^Torch¦1;0
41164;Recipes/Work Bench/register;9571;Guide to Peaceful Coexistence;5323;;;1;;Work Bench;¦Any Guide to Critter Companionship¦^¦Any Guide to Environmental Preservation¦;¦Any Guide to Critter Companionship¦1^¦Any Guide to Environmental Preservation¦1;Any Guide to Critter Companionship¦1^Any Guide to Environmental Preservation¦1;0
41165;Recipes/Work Bench/register;9571;Axe of Regrowth;5295;;;1;;Work Bench;¦Staff of Regrowth¦^¦Copper Axe¦^¦Jungle Spores¦^¦Vine¦;¦Copper Axe¦1^¦Jungle Spores¦12^¦Staff of Regrowth¦1^¦Vine¦3;Staff of Regrowth¦1^Copper Axe¦1^Jungle Spores¦12^Vine¦3;0
41166;Recipes/Work Bench/register;9571;Axe of Regrowth;5295;;;1;;Work Bench;¦Staff of Regrowth¦^¦Tin Axe¦^¦Jungle Spores¦^¦Vine¦;¦Jungle Spores¦12^¦Staff of Regrowth¦1^¦Tin Axe¦1^¦Vine¦3;Staff of Regrowth¦1^Tin Axe¦1^Jungle Spores¦12^Vine¦3;0
41167;Recipes/Work Bench/register;9571;Cloud Wall;752;;;4;;Work Bench;¦Cloud¦;¦Cloud¦1;Cloud¦1;0
41168;Recipes/Work Bench/register;9571;Cloud;751;;;1;;Work Bench;¦Cloud Wall¦;¦Cloud Wall¦4;Cloud Wall¦4;0
41169;Recipes/Work Bench/register;9571;Glass Wall;392;;;4;;Work Bench;¦Glass¦;¦Glass¦1;Glass¦1;0
41170;Recipes/Work Bench/register;9571;Glass;170;;;1;;Work Bench;¦Glass Wall¦;¦Glass Wall¦4;Glass Wall¦4;0
41171;Recipes/Work Bench/register;9571;Purple Stained Glass;1267;;;20;;Work Bench;¦Glass Wall¦^¦Amethyst¦;¦Amethyst¦1^¦Glass Wall¦20;Glass Wall¦20^Amethyst¦1;0
41172;Recipes/Work Bench/register;9571;Yellow Stained Glass;1268;;;20;;Work Bench;¦Glass Wall¦^¦Topaz¦;¦Glass Wall¦20^¦Topaz¦1;Glass Wall¦20^Topaz¦1;0
41173;Recipes/Work Bench/register;9571;Blue Stained Glass;1269;;;20;;Work Bench;¦Glass Wall¦^¦Sapphire¦;¦Glass Wall¦20^¦Sapphire¦1;Glass Wall¦20^Sapphire¦1;0
41174;Recipes/Work Bench/register;9571;Green Stained Glass;1270;;;20;;Work Bench;¦Glass Wall¦^¦Emerald¦;¦Emerald¦1^¦Glass Wall¦20;Glass Wall¦20^Emerald¦1;0
41175;Recipes/Work Bench/register;9571;Red Stained Glass;1271;;;20;;Work Bench;¦Glass Wall¦^¦Ruby¦;¦Glass Wall¦20^¦Ruby¦1;Glass Wall¦20^Ruby¦1;0
41176;Recipes/Work Bench/register;9571;Orange Stained Glass;4260;;;20;;Work Bench;¦Glass Wall¦^¦Amber¦;¦Amber¦1^¦Glass Wall¦20;Glass Wall¦20^Amber¦1;0
41177;Recipes/Work Bench/register;9571;Multicolored Stained Glass;1272;;;50;;Work Bench;¦Glass Wall¦^¦Amethyst¦^¦Topaz¦^¦Sapphire¦^¦Emerald¦^¦Ruby¦;¦Amethyst¦1^¦Emerald¦1^¦Glass Wall¦50^¦Ruby¦1^¦Sapphire¦1^¦Topaz¦1;Glass Wall¦50^Amethyst¦1^Topaz¦1^Sapphire¦1^Emerald¦1^Ruby¦1;0
41178;Recipes/Work Bench/register;9571;Amethyst Gemspark Block;1970;;;20;;Work Bench;¦Glass¦^¦Amethyst¦;¦Amethyst¦1^¦Glass¦20;Glass¦20^Amethyst¦1;0
41179;Recipes/Work Bench/register;9571;Amethyst Gemspark Wall;2679;;;4;;Work Bench;¦Amethyst Gemspark Block¦;¦Amethyst Gemspark Block¦1;Amethyst Gemspark Block¦1;0
41180;Recipes/Work Bench/register;9571;Amethyst Gemspark Block;1970;;;1;;Work Bench;¦Amethyst Gemspark Wall¦;¦Amethyst Gemspark Wall¦4;Amethyst Gemspark Wall¦4;0
41181;Recipes/Work Bench/register;9571;Offline Amethyst Gemspark Wall;2680;;;4;;Work Bench;¦Amethyst Gemspark Block¦;¦Amethyst Gemspark Block¦1;Amethyst Gemspark Block¦1;0
41182;Recipes/Work Bench/register;9571;Amethyst Gemspark Block;1970;;;1;;Work Bench;¦Offline Amethyst Gemspark Wall¦;¦Offline Amethyst Gemspark Wall¦4;Offline Amethyst Gemspark Wall¦4;0
41183;Recipes/Work Bench/register;9571;Topaz Gemspark Block;1971;;;20;;Work Bench;¦Glass¦^¦Topaz¦;¦Glass¦20^¦Topaz¦1;Glass¦20^Topaz¦1;0
41184;Recipes/Work Bench/register;9571;Topaz Gemspark Wall;2689;;;4;;Work Bench;¦Topaz Gemspark Block¦;¦Topaz Gemspark Block¦1;Topaz Gemspark Block¦1;0
41185;Recipes/Work Bench/register;9571;Topaz Gemspark Block;1971;;;1;;Work Bench;¦Topaz Gemspark Wall¦;¦Topaz Gemspark Wall¦4;Topaz Gemspark Wall¦4;0
41186;Recipes/Work Bench/register;9571;Offline Topaz Gemspark Wall;2690;;;4;;Work Bench;¦Topaz Gemspark Block¦;¦Topaz Gemspark Block¦1;Topaz Gemspark Block¦1;0
41187;Recipes/Work Bench/register;9571;Topaz Gemspark Block;1971;;;1;;Work Bench;¦Offline Topaz Gemspark Wall¦;¦Offline Topaz Gemspark Wall¦4;Offline Topaz Gemspark Wall¦4;0
41188;Recipes/Work Bench/register;9571;Sapphire Gemspark Block;1972;;;20;;Work Bench;¦Glass¦^¦Sapphire¦;¦Glass¦20^¦Sapphire¦1;Glass¦20^Sapphire¦1;0
41189;Recipes/Work Bench/register;9571;Sapphire Gemspark Wall;2687;;;4;;Work Bench;¦Sapphire Gemspark Block¦;¦Sapphire Gemspark Block¦1;Sapphire Gemspark Block¦1;0
41190;Recipes/Work Bench/register;9571;Sapphire Gemspark Block;1972;;;1;;Work Bench;¦Sapphire Gemspark Wall¦;¦Sapphire Gemspark Wall¦4;Sapphire Gemspark Wall¦4;0
41191;Recipes/Work Bench/register;9571;Offline Sapphire Gemspark Wall;2688;;;4;;Work Bench;¦Sapphire Gemspark Block¦;¦Sapphire Gemspark Block¦1;Sapphire Gemspark Block¦1;0
41192;Recipes/Work Bench/register;9571;Sapphire Gemspark Block;1972;;;1;;Work Bench;¦Offline Sapphire Gemspark Wall¦;¦Offline Sapphire Gemspark Wall¦4;Offline Sapphire Gemspark Wall¦4;0
41193;Recipes/Work Bench/register;9571;Emerald Gemspark Block;1973;;;20;;Work Bench;¦Glass¦^¦Emerald¦;¦Emerald¦1^¦Glass¦20;Glass¦20^Emerald¦1;0
41194;Recipes/Work Bench/register;9571;Emerald Gemspark Wall;2683;;;4;;Work Bench;¦Emerald Gemspark Block¦;¦Emerald Gemspark Block¦1;Emerald Gemspark Block¦1;0
41195;Recipes/Work Bench/register;9571;Emerald Gemspark Block;1973;;;1;;Work Bench;¦Emerald Gemspark Wall¦;¦Emerald Gemspark Wall¦4;Emerald Gemspark Wall¦4;0
41196;Recipes/Work Bench/register;9571;Offline Emerald Gemspark Wall;2684;;;4;;Work Bench;¦Emerald Gemspark Block¦;¦Emerald Gemspark Block¦1;Emerald Gemspark Block¦1;0
41197;Recipes/Work Bench/register;9571;Emerald Gemspark Block;1973;;;1;;Work Bench;¦Offline Emerald Gemspark Wall¦;¦Offline Emerald Gemspark Wall¦4;Offline Emerald Gemspark Wall¦4;0
41198;Recipes/Work Bench/register;9571;Ruby Gemspark Block;1974;;;20;;Work Bench;¦Glass¦^¦Ruby¦;¦Glass¦20^¦Ruby¦1;Glass¦20^Ruby¦1;0
41199;Recipes/Work Bench/register;9571;Ruby Gemspark Wall;2685;;;4;;Work Bench;¦Ruby Gemspark Block¦;¦Ruby Gemspark Block¦1;Ruby Gemspark Block¦1;0
41200;Recipes/Work Bench/register;9571;Ruby Gemspark Block;1974;;;1;;Work Bench;¦Ruby Gemspark Wall¦;¦Ruby Gemspark Wall¦4;Ruby Gemspark Wall¦4;0
41201;Recipes/Work Bench/register;9571;Offline Ruby Gemspark Wall;2686;;;4;;Work Bench;¦Ruby Gemspark Block¦;¦Ruby Gemspark Block¦1;Ruby Gemspark Block¦1;0
41202;Recipes/Work Bench/register;9571;Ruby Gemspark Block;1974;;;1;;Work Bench;¦Offline Ruby Gemspark Wall¦;¦Offline Ruby Gemspark Wall¦4;Offline Ruby Gemspark Wall¦4;0
41203;Recipes/Work Bench/register;9571;Diamond Gemspark Block;1975;;;20;;Work Bench;¦Glass¦^¦Diamond¦;¦Diamond¦1^¦Glass¦20;Glass¦20^Diamond¦1;0
41204;Recipes/Work Bench/register;9571;Diamond Gemspark Wall;2681;;;4;;Work Bench;¦Diamond Gemspark Block¦;¦Diamond Gemspark Block¦1;Diamond Gemspark Block¦1;0
41205;Recipes/Work Bench/register;9571;Diamond Gemspark Block;1975;;;1;;Work Bench;¦Diamond Gemspark Wall¦;¦Diamond Gemspark Wall¦4;Diamond Gemspark Wall¦4;0
41206;Recipes/Work Bench/register;9571;Offline Diamond Gemspark Wall;2682;;;4;;Work Bench;¦Diamond Gemspark Block¦;¦Diamond Gemspark Block¦1;Diamond Gemspark Block¦1;0
41207;Recipes/Work Bench/register;9571;Diamond Gemspark Block;1975;;;1;;Work Bench;¦Offline Diamond Gemspark Wall¦;¦Offline Diamond Gemspark Wall¦4;Offline Diamond Gemspark Wall¦4;0
41208;Recipes/Work Bench/register;9571;Amber Gemspark Block;1976;;;20;;Work Bench;¦Glass¦^¦Amber¦;¦Amber¦1^¦Glass¦20;Glass¦20^Amber¦1;0
41209;Recipes/Work Bench/register;9571;Amber Gemspark Wall;2677;;;4;;Work Bench;¦Amber Gemspark Block¦;¦Amber Gemspark Block¦1;Amber Gemspark Block¦1;0
41210;Recipes/Work Bench/register;9571;Amber Gemspark Block;1976;;;1;;Work Bench;¦Amber Gemspark Wall¦;¦Amber Gemspark Wall¦4;Amber Gemspark Wall¦4;0
41211;Recipes/Work Bench/register;9571;Offline Amber Gemspark Wall;2678;;;4;;Work Bench;¦Amber Gemspark Block¦;¦Amber Gemspark Block¦1;Amber Gemspark Block¦1;0
41212;Recipes/Work Bench/register;9571;Amber Gemspark Block;1976;;;1;;Work Bench;¦Offline Amber Gemspark Wall¦;¦Offline Amber Gemspark Wall¦4;Offline Amber Gemspark Wall¦4;0
41213;Recipes/Work Bench/register;9571;Stone Slab Wall;2433;;;4;;Work Bench;¦Stone Slab¦;¦Stone Slab¦1;Stone Slab¦1;0
41214;Recipes/Work Bench/register;9571;Stone Slab;2119;;;1;;Work Bench;¦Stone Slab Wall¦;¦Stone Slab Wall¦4;Stone Slab Wall¦4;0
41215;Recipes/Work Bench/register;9571;Copper Plating Wall;2432;;;4;;Work Bench;¦Copper Plating¦;¦Copper Plating¦1;Copper Plating¦1;0
41216;Recipes/Work Bench/register;9571;Copper Plating;2173;;;1;;Work Bench;¦Copper Plating Wall¦;¦Copper Plating Wall¦4;Copper Plating Wall¦4;0
41217;Recipes/Work Bench/register;9571;Tin Plating Wall;2691;;;4;;Work Bench;¦Tin Plating¦;¦Tin Plating¦1;Tin Plating¦1;0
41218;Recipes/Work Bench/register;9571;Tin Plating;2692;;;1;;Work Bench;¦Tin Plating Wall¦;¦Tin Plating Wall¦4;Tin Plating Wall¦4;0
41219;Recipes/Work Bench/register;9571;Lihzahrd Brick Wall;1102;;;4;;Work Bench;¦Lihzahrd Brick¦;¦Lihzahrd Brick¦1;Lihzahrd Brick¦1;0
41220;Recipes/Work Bench/register;9571;Lihzahrd Brick;1101;;;1;;Work Bench;¦Lihzahrd Brick Wall¦;¦Lihzahrd Brick Wall¦4;Lihzahrd Brick Wall¦4;0
41221;Recipes/Work Bench/register;9571;Gray Brick Wall;130;;;4;;Work Bench;¦Gray Brick¦;¦Gray Brick¦1;Gray Brick¦1;0
41222;Recipes/Work Bench/register;9571;Gray Brick;129;;;1;;Work Bench;¦Gray Brick Wall¦;¦Gray Brick Wall¦4;Gray Brick Wall¦4;0
41223;Recipes/Work Bench/register;9571;Red Brick Wall;132;;;4;;Work Bench;¦Red Brick¦;¦Red Brick¦1;Red Brick¦1;0
41224;Recipes/Work Bench/register;9571;Red Brick;131;;;1;;Work Bench;¦Red Brick Wall¦;¦Red Brick Wall¦4;Red Brick Wall¦4;0
41225;Recipes/Work Bench/register;9571;Copper Brick Wall;146;;;4;;Work Bench;¦Copper Brick¦;¦Copper Brick¦1;Copper Brick¦1;0
41226;Recipes/Work Bench/register;9571;Copper Brick;145;;;1;;Work Bench;¦Copper Brick Wall¦;¦Copper Brick Wall¦4;Copper Brick Wall¦4;0
41227;Recipes/Work Bench/register;9571;Iron Brick Wall;3952;;;4;;Work Bench;¦Iron Brick¦;¦Iron Brick¦1;Iron Brick¦1;0
41228;Recipes/Work Bench/register;9571;Iron Brick;3951;;;1;;Work Bench;¦Iron Brick Wall¦;¦Iron Brick Wall¦4;Iron Brick Wall¦4;0
41229;Recipes/Work Bench/register;9571;Lead Brick Wall;3954;;;4;;Work Bench;¦Lead Brick¦;¦Lead Brick¦1;Lead Brick¦1;0
41230;Recipes/Work Bench/register;9571;Lead Brick;3953;;;1;;Work Bench;¦Lead Brick Wall¦;¦Lead Brick Wall¦4;Lead Brick Wall¦4;0
41231;Recipes/Work Bench/register;9571;Silver Brick Wall;144;;;4;;Work Bench;¦Silver Brick¦;¦Silver Brick¦1;Silver Brick¦1;0
41232;Recipes/Work Bench/register;9571;Silver Brick;143;;;1;;Work Bench;¦Silver Brick Wall¦;¦Silver Brick Wall¦4;Silver Brick Wall¦4;0
41233;Recipes/Work Bench/register;9571;Gold Brick Wall;142;;;4;;Work Bench;¦Gold Brick¦;¦Gold Brick¦1;Gold Brick¦1;0
41234;Recipes/Work Bench/register;9571;Gold Brick;141;;;1;;Work Bench;¦Gold Brick Wall¦;¦Gold Brick Wall¦4;Gold Brick Wall¦4;0
41235;Recipes/Work Bench/register;9571;Tin Brick Wall;720;;;4;;Work Bench;¦Tin Brick¦;¦Tin Brick¦1;Tin Brick¦1;0
41236;Recipes/Work Bench/register;9571;Tin Brick;717;;;1;;Work Bench;¦Tin Brick Wall¦;¦Tin Brick Wall¦4;Tin Brick Wall¦4;0
41237;Recipes/Work Bench/register;9571;Tungsten Brick Wall;721;;;4;;Work Bench;¦Tungsten Brick¦;¦Tungsten Brick¦1;Tungsten Brick¦1;0
41238;Recipes/Work Bench/register;9571;Tungsten Brick;718;;;1;;Work Bench;¦Tungsten Brick Wall¦;¦Tungsten Brick Wall¦4;Tungsten Brick Wall¦4;0
41239;Recipes/Work Bench/register;9571;Platinum Brick Wall;722;;;4;;Work Bench;¦Platinum Brick¦;¦Platinum Brick¦1;Platinum Brick¦1;0
41240;Recipes/Work Bench/register;9571;Platinum Brick;719;;;1;;Work Bench;¦Platinum Brick Wall¦;¦Platinum Brick Wall¦4;Platinum Brick Wall¦4;0
41241;Recipes/Work Bench/register;9571;Hellstone Brick Wall;3067;;;4;;Work Bench;¦Hellstone Brick¦;¦Hellstone Brick¦1;Hellstone Brick¦1;0
41242;Recipes/Work Bench/register;9571;Hellstone Brick;214;;;1;;Work Bench;¦Hellstone Brick Wall¦;¦Hellstone Brick Wall¦4;Hellstone Brick Wall¦4;0
41243;Recipes/Work Bench/register;9571;Ember Wall;4533;;;4;;Work Bench and Ecto Mist;¦Hellstone¦;¦Hellstone¦1;Hellstone¦1;0
41244;Recipes/Work Bench/register;9571;Hellstone;174;;;1;;Work Bench;¦Ember Wall¦;¦Ember Wall¦4;Ember Wall¦4;0
41245;Recipes/Work Bench/register;9571;Cinder Wall;4534;;;4;;Work Bench and Ecto Mist;¦Hellstone¦;¦Hellstone¦1;Hellstone¦1;0
41246;Recipes/Work Bench/register;9571;Hellstone;174;;;1;;Work Bench;¦Cinder Wall¦;¦Cinder Wall¦4;Cinder Wall¦4;0
41247;Recipes/Work Bench/register;9571;Magma Wall;4535;;;4;;Work Bench and Ecto Mist;¦Hellstone¦;¦Hellstone¦1;Hellstone¦1;0
41248;Recipes/Work Bench/register;9571;Hellstone;174;;;1;;Work Bench;¦Magma Wall¦;¦Magma Wall¦4;Magma Wall¦4;0
41249;Recipes/Work Bench/register;9571;Smouldering Stone Wall;4536;;;4;;Work Bench and Ecto Mist;¦Hellstone¦;¦Hellstone¦1;Hellstone¦1;0
41250;Recipes/Work Bench/register;9571;Hellstone;174;;;1;;Work Bench;¦Smouldering Stone Wall¦;¦Smouldering Stone Wall¦4;Smouldering Stone Wall¦4;0
41251;Recipes/Work Bench/register;9571;Obsidian Brick Wall;330;;;4;;Work Bench;¦Obsidian Brick¦;¦Obsidian Brick¦1;Obsidian Brick¦1;0
41252;Recipes/Work Bench/register;9571;Obsidian Brick;192;;;1;;Work Bench;¦Obsidian Brick Wall¦;¦Obsidian Brick Wall¦4;Obsidian Brick Wall¦4;0
41253;Recipes/Work Bench/register;9571;Obsidian Wall;4507;;;4;;Work Bench and Ecto Mist;¦Obsidian¦;¦Obsidian¦1;Obsidian¦1;0
41254;Recipes/Work Bench/register;9571;Obsidian;173;;;1;;Work Bench;¦Obsidian Wall¦;¦Obsidian Wall¦4;Obsidian Wall¦4;0
41255;Recipes/Work Bench/register;9571;Demonite Brick Wall;606;;;4;;Work Bench;¦Demonite Brick¦;¦Demonite Brick¦1;Demonite Brick¦1;0
41256;Recipes/Work Bench/register;9571;Demonite Brick;577;;;1;;Work Bench;¦Demonite Brick Wall¦;¦Demonite Brick Wall¦4;Demonite Brick Wall¦4;0
41257;Recipes/Work Bench/register;9571;Snow Brick;594;;;1;;Work Bench;¦Snow Block¦;¦Snow Block¦2;Snow Block¦2;0
41258;Recipes/Work Bench/register;9571;Snow Brick Wall;595;;;4;;Work Bench;¦Snow Brick¦;¦Snow Brick¦1;Snow Brick¦1;0
41259;Recipes/Work Bench/register;9571;Snow Brick;594;;;1;;Work Bench;¦Snow Brick Wall¦;¦Snow Brick Wall¦4;Snow Brick Wall¦4;0
41260;Recipes/Work Bench/register;9571;Snow Wall;4489;;;4;;Work Bench and Ecto Mist;¦Snow Block¦;¦Snow Block¦1;Snow Block¦1;0
41261;Recipes/Work Bench/register;9571;Snow Block;593;;;1;desktop console mobile;Work Bench;¦Snow Wall¦;¦Snow Wall¦4;Snow Wall¦4;0
41262;Recipes/Work Bench/register;9571;Ice Brick;883;;;1;;Work Bench;¦Ice Block¦;¦Ice Block¦2;Ice Block¦2;0
41263;Recipes/Work Bench/register;9571;Ice Wall;4506;;;4;;Work Bench and Ecto Mist;¦Ice Block¦;¦Ice Block¦1;Ice Block¦1;0
41264;Recipes/Work Bench/register;9571;Ice Block;664;;;1;desktop console mobile;Work Bench;¦Ice Wall¦;¦Ice Wall¦4;Ice Wall¦4;0
41265;Recipes/Work Bench/register;9571;Ice Brick Wall;884;;;4;;Work Bench;¦Ice Brick¦;¦Ice Brick¦1;Ice Brick¦1;0
41266;Recipes/Work Bench/register;9571;Ice Brick;883;;;1;;Work Bench;¦Ice Brick Wall¦;¦Ice Brick Wall¦4;Ice Brick Wall¦4;0
41267;Recipes/Work Bench/register;9571;Candy Cane Wall;587;;;4;;Work Bench;¦Candy Cane Block¦;¦Candy Cane Block¦1;Candy Cane Block¦1;0
41268;Recipes/Work Bench/register;9571;Candy Cane Block;586;;;1;;Work Bench;¦Candy Cane Wall¦;¦Candy Cane Wall¦4;Candy Cane Wall¦4;0
41269;Recipes/Work Bench/register;9571;Green Candy Cane Wall;592;;;4;;Work Bench;¦Green Candy Cane Block¦;¦Green Candy Cane Block¦1;Green Candy Cane Block¦1;0
41270;Recipes/Work Bench/register;9571;Green Candy Cane Block;591;;;1;;Work Bench;¦Green Candy Cane Wall¦;¦Green Candy Cane Wall¦4;Green Candy Cane Wall¦4;0
41271;Recipes/Work Bench/register;9571;Sandstone Brick Wall;608;;;4;;Work Bench;¦Sandstone Brick¦;¦Sandstone Brick¦1;Sandstone Brick¦1;0
41272;Recipes/Work Bench/register;9571;Sandstone Brick;607;;;1;;Work Bench;¦Sandstone Brick Wall¦;¦Sandstone Brick Wall¦4;Sandstone Brick Wall¦4;0
41273;Recipes/Work Bench/register;9571;Smooth Sandstone Wall;4053;;;4;;Work Bench;¦Smooth Sandstone¦;¦Smooth Sandstone¦1;Smooth Sandstone¦1;0
41274;Recipes/Work Bench/register;9571;Smooth Sandstone;4051;;;1;;Work Bench;¦Smooth Sandstone Wall¦;¦Smooth Sandstone Wall¦4;Smooth Sandstone Wall¦4;0
41275;Recipes/Work Bench/register;9571;Sandstone Wall;3273;;;4;;Work Bench and Ecto Mist;¦Sandstone Block¦;¦Sandstone Block¦1;Sandstone Block¦1;0
41276;Recipes/Work Bench/register;9571;Sandstone Block;3271;;;1;;Work Bench;¦Sandstone Wall¦;¦Sandstone Wall¦4;Sandstone Wall¦4;0
41277;Recipes/Work Bench/register;9571;Bamboo Wall;4565;;;4;;Work Bench;¦Bamboo¦;¦Bamboo¦1;Bamboo¦1;0
41278;Recipes/Work Bench/register;9571;Bamboo;4564;;;1;;Work Bench;¦Bamboo Wall¦;¦Bamboo Wall¦4;Bamboo Wall¦4;0
41279;Recipes/Work Bench/register;9571;Large Bamboo Wall;4548;;;4;;Work Bench;¦Large Bamboo¦;¦Large Bamboo¦1;Large Bamboo¦1;0
41280;Recipes/Work Bench/register;9571;Large Bamboo;4547;;;1;;Work Bench;¦Large Bamboo Wall¦;¦Large Bamboo Wall¦4;Large Bamboo Wall¦4;0
41281;Recipes/Work Bench/register;9571;Pearlstone Brick Wall;417;;;4;;Work Bench;¦Pearlstone Brick¦;¦Pearlstone Brick¦1;Pearlstone Brick¦1;0
41282;Recipes/Work Bench/register;9571;Pearlstone Brick;412;;;1;;Work Bench;¦Pearlstone Brick Wall¦;¦Pearlstone Brick Wall¦4;Pearlstone Brick Wall¦4;0
41283;Recipes/Work Bench/register;9571;Pearlstone Wall;4488;;;4;;Work Bench and Ecto Mist;¦Pearlstone Block¦;¦Pearlstone Block¦1;Pearlstone Block¦1;0
41284;Recipes/Work Bench/register;9571;Pearlstone Block;409;;;1;desktop console mobile;Work Bench;¦Pearlstone Wall¦;¦Pearlstone Wall¦4;Pearlstone Wall¦4;0
41285;Recipes/Work Bench/register;9571;Hallowed Prism Wall;4525;;;4;;Work Bench and Ecto Mist;¦Pearlstone Block¦;¦Pearlstone Block¦1;Pearlstone Block¦1;0
41286;Recipes/Work Bench/register;9571;Pearlstone Block;409;;;1;;Work Bench;¦Hallowed Prism Wall¦;¦Hallowed Prism Wall¦4;Hallowed Prism Wall¦4;0
41287;Recipes/Work Bench/register;9571;Hallowed Cavern Wall;4526;;;4;;Work Bench and Ecto Mist;¦Pearlstone Block¦;¦Pearlstone Block¦1;Pearlstone Block¦1;0
41288;Recipes/Work Bench/register;9571;Pearlstone Block;409;;;1;;Work Bench;¦Hallowed Cavern Wall¦;¦Hallowed Cavern Wall¦4;Hallowed Cavern Wall¦4;0
41289;Recipes/Work Bench/register;9571;Hallowed Shard Wall;4527;;;4;;Work Bench and Ecto Mist;¦Pearlstone Block¦;¦Pearlstone Block¦1;Pearlstone Block¦1;0
41290;Recipes/Work Bench/register;9571;Pearlstone Block;409;;;1;;Work Bench;¦Hallowed Shard Wall¦;¦Hallowed Shard Wall¦4;Hallowed Shard Wall¦4;0
41291;Recipes/Work Bench/register;9571;Hallowed Crystalline Wall;4528;;;4;;Work Bench and Ecto Mist;¦Pearlstone Block¦;¦Pearlstone Block¦1;Pearlstone Block¦1;0
41292;Recipes/Work Bench/register;9571;Pearlstone Block;409;;;1;;Work Bench;¦Hallowed Crystalline Wall¦;¦Hallowed Crystalline Wall¦4;Hallowed Crystalline Wall¦4;0
41293;Recipes/Work Bench/register;9571;Ebonstone Brick Wall;610;;;4;;Work Bench;¦Ebonstone Brick¦;¦Ebonstone Brick¦1;Ebonstone Brick¦1;0
41294;Recipes/Work Bench/register;9571;Ebonstone Brick;609;;;1;;Work Bench;¦Ebonstone Brick Wall¦;¦Ebonstone Brick Wall¦4;Ebonstone Brick Wall¦4;0
41295;Recipes/Work Bench/register;9571;Ebonstone Wall;4486;;;4;;Work Bench and Ecto Mist;¦Ebonstone Block¦;¦Ebonstone Block¦1;Ebonstone Block¦1;0
41296;Recipes/Work Bench/register;9571;Ebonstone Block;61;;;1;desktop console mobile;Work Bench;¦Ebonstone Wall¦;¦Ebonstone Wall¦4;Ebonstone Wall¦4;0
41297;Recipes/Work Bench/register;9571;Corrupt Growth Wall;4513;;;4;;Work Bench and Ecto Mist;¦Ebonstone Block¦;¦Ebonstone Block¦1;Ebonstone Block¦1;0
41298;Recipes/Work Bench/register;9571;Ebonstone Block;61;;;1;;Work Bench;¦Corrupt Growth Wall¦;¦Corrupt Growth Wall¦4;Corrupt Growth Wall¦4;0
41299;Recipes/Work Bench/register;9571;Corrupt Mass Wall;4514;;;4;;Work Bench and Ecto Mist;¦Ebonstone Block¦;¦Ebonstone Block¦1;Ebonstone Block¦1;0
41300;Recipes/Work Bench/register;9571;Ebonstone Block;61;;;1;;Work Bench;¦Corrupt Mass Wall¦;¦Corrupt Mass Wall¦4;Corrupt Mass Wall¦4;0
41301;Recipes/Work Bench/register;9571;Corrupt Pustule Wall;4515;;;4;;Work Bench and Ecto Mist;¦Ebonstone Block¦;¦Ebonstone Block¦1;Ebonstone Block¦1;0
41302;Recipes/Work Bench/register;9571;Ebonstone Block;61;;;1;;Work Bench;¦Corrupt Pustule Wall¦;¦Corrupt Pustule Wall¦4;Corrupt Pustule Wall¦4;0
41303;Recipes/Work Bench/register;9571;Corrupt Tendril Wall;4516;;;4;;Work Bench and Ecto Mist;¦Ebonstone Block¦;¦Ebonstone Block¦1;Ebonstone Block¦1;0
41304;Recipes/Work Bench/register;9571;Ebonstone Block;61;;;1;;Work Bench;¦Corrupt Tendril Wall¦;¦Corrupt Tendril Wall¦4;Corrupt Tendril Wall¦4;0
41305;Recipes/Work Bench/register;9571;Crimstone Brick Wall;4052;;;4;;Work Bench;¦Crimstone Brick¦;¦Crimstone Brick¦1;Crimstone Brick¦1;0
41306;Recipes/Work Bench/register;9571;Crimstone Brick;4050;;;1;;Work Bench;¦Crimstone Brick Wall¦;¦Crimstone Brick Wall¦4;Crimstone Brick Wall¦4;0
41307;Recipes/Work Bench/register;9571;Crimstone Wall;4509;;;4;;Work Bench and Ecto Mist;¦Crimstone Block¦;¦Crimstone Block¦1;Crimstone Block¦1;0
41308;Recipes/Work Bench/register;9571;Crimstone Block;836;;;1;desktop console mobile;Work Bench;¦Crimstone Wall¦;¦Crimstone Wall¦4;Crimstone Wall¦4;0
41309;Recipes/Work Bench/register;9571;Crimson Crust Wall;4517;;;4;;Work Bench and Ecto Mist;¦Crimstone Block¦;¦Crimstone Block¦1;Crimstone Block¦1;0
41310;Recipes/Work Bench/register;9571;Crimstone Block;836;;;1;;Work Bench;¦Crimson Crust Wall¦;¦Crimson Crust Wall¦4;Crimson Crust Wall¦4;0
41311;Recipes/Work Bench/register;9571;Crimson Scab Wall;4518;;;4;;Work Bench and Ecto Mist;¦Crimstone Block¦;¦Crimstone Block¦1;Crimstone Block¦1;0
41312;Recipes/Work Bench/register;9571;Crimstone Block;836;;;1;;Work Bench;¦Crimson Scab Wall¦;¦Crimson Scab Wall¦4;Crimson Scab Wall¦4;0
41313;Recipes/Work Bench/register;9571;Crimson Teeth Wall;4519;;;4;;Work Bench and Ecto Mist;¦Crimstone Block¦;¦Crimstone Block¦1;Crimstone Block¦1;0
41314;Recipes/Work Bench/register;9571;Crimstone Block;836;;;1;;Work Bench;¦Crimson Teeth Wall¦;¦Crimson Teeth Wall¦4;Crimson Teeth Wall¦4;0
41315;Recipes/Work Bench/register;9571;Crimson Blister Wall;4520;;;4;;Work Bench and Ecto Mist;¦Crimstone Block¦;¦Crimstone Block¦1;Crimstone Block¦1;0
41316;Recipes/Work Bench/register;9571;Crimstone Block;836;;;1;;Work Bench;¦Crimson Blister Wall¦;¦Crimson Blister Wall¦4;Crimson Blister Wall¦4;0
41317;Recipes/Work Bench/register;9571;Iridescent Brick Wall;418;;;4;;Work Bench;¦Iridescent Brick¦;¦Iridescent Brick¦1;Iridescent Brick¦1;0
41318;Recipes/Work Bench/register;9571;Iridescent Brick;413;;;1;;Work Bench;¦Iridescent Brick Wall¦;¦Iridescent Brick Wall¦4;Iridescent Brick Wall¦4;0
41319;Recipes/Work Bench/register;9571;Mudstone Brick Wall;419;;;4;;Work Bench;¦Mudstone Brick¦;¦Mudstone Brick¦1;Mudstone Brick¦1;0
41320;Recipes/Work Bench/register;9571;Mudstone Brick;414;;;1;;Work Bench;¦Mudstone Brick Wall¦;¦Mudstone Brick Wall¦4;Mudstone Brick Wall¦4;0
41321;Recipes/Work Bench/register;9571;Red Stucco Wall;615;;;4;;Work Bench;¦Red Stucco¦;¦Red Stucco¦1;Red Stucco¦1;0
41322;Recipes/Work Bench/register;9571;Red Stucco;611;;;1;;Work Bench;¦Red Stucco Wall¦;¦Red Stucco Wall¦4;Red Stucco Wall¦4;0
41323;Recipes/Work Bench/register;9571;Yellow Stucco Wall;616;;;4;;Work Bench;¦Yellow Stucco¦;¦Yellow Stucco¦1;Yellow Stucco¦1;0
41324;Recipes/Work Bench/register;9571;Yellow Stucco;612;;;1;;Work Bench;¦Yellow Stucco Wall¦;¦Yellow Stucco Wall¦4;Yellow Stucco Wall¦4;0
41325;Recipes/Work Bench/register;9571;Green Stucco Wall;617;;;4;;Work Bench;¦Green Stucco¦;¦Green Stucco¦1;Green Stucco¦1;0
41326;Recipes/Work Bench/register;9571;Green Stucco;613;;;1;;Work Bench;¦Green Stucco Wall¦;¦Green Stucco Wall¦4;Green Stucco Wall¦4;0
41327;Recipes/Work Bench/register;9571;Gray Stucco Wall;618;;;4;;Work Bench;¦Gray Stucco¦;¦Gray Stucco¦1;Gray Stucco¦1;0
41328;Recipes/Work Bench/register;9571;Gray Stucco;614;;;1;;Work Bench;¦Gray Stucco Wall¦;¦Gray Stucco Wall¦4;Gray Stucco Wall¦4;0
41329;Recipes/Work Bench/register;9571;Meteorite Brick Wall;3101;;;4;;Work Bench;¦Meteorite Brick¦;¦Meteorite Brick¦1;Meteorite Brick¦1;0
41330;Recipes/Work Bench/register;9571;Meteorite Brick;3100;;;1;;Work Bench;¦Meteorite Brick Wall¦;¦Meteorite Brick Wall¦4;Meteorite Brick Wall¦4;0
41331;Recipes/Work Bench/register;9571;Crimtane Brick Wall;2790;;;4;;Work Bench;¦Crimtane Brick¦;¦Crimtane Brick¦1;Crimtane Brick¦1;0
41332;Recipes/Work Bench/register;9571;Crimtane Brick;2793;;;1;;Work Bench;¦Crimtane Brick Wall¦;¦Crimtane Brick Wall¦4;Crimtane Brick Wall¦4;0
41333;Recipes/Work Bench/register;9571;Cobalt Brick Wall;420;;;4;;Work Bench;¦Cobalt Brick¦;¦Cobalt Brick¦1;Cobalt Brick¦1;0
41334;Recipes/Work Bench/register;9571;Cobalt Brick;415;;;1;;Work Bench;¦Cobalt Brick Wall¦;¦Cobalt Brick Wall¦4;Cobalt Brick Wall¦4;0
41335;Recipes/Work Bench/register;9571;Mythril Brick Wall;421;;;4;;Work Bench;¦Mythril Brick¦;¦Mythril Brick¦1;Mythril Brick¦1;0
41336;Recipes/Work Bench/register;9571;Mythril Brick;416;;;1;;Work Bench;¦Mythril Brick Wall¦;¦Mythril Brick Wall¦4;Mythril Brick Wall¦4;0
41337;Recipes/Work Bench/register;9571;Adamantite Beam Wall;605;;;4;;Work Bench;¦Adamantite Beam¦;¦Adamantite Beam¦1;Adamantite Beam¦1;0
41338;Recipes/Work Bench/register;9571;Adamantite Beam;604;;;1;;Work Bench;¦Adamantite Beam Wall¦;¦Adamantite Beam Wall¦4;Adamantite Beam Wall¦4;0
41339;Recipes/Work Bench/register;9571;Palladium Column Wall;1590;;;4;;Work Bench;¦Palladium Column¦;¦Palladium Column¦1;Palladium Column¦1;0
41340;Recipes/Work Bench/register;9571;Palladium Column;1589;;;1;;Work Bench;¦Palladium Column Wall¦;¦Palladium Column Wall¦4;Palladium Column Wall¦4;0
41341;Recipes/Work Bench/register;9571;Bubblegum Block Wall;1592;;;4;;Work Bench;¦Bubblegum Block¦;¦Bubblegum Block¦1;Bubblegum Block¦1;0
41342;Recipes/Work Bench/register;9571;Bubblegum Block;1591;;;1;;Work Bench;¦Bubblegum Block Wall¦;¦Bubblegum Block Wall¦4;Bubblegum Block Wall¦4;0
41343;Recipes/Work Bench/register;9571;Titanstone Block Wall;1594;;;4;;Work Bench;¦Titanstone Block¦;¦Titanstone Block¦1;Titanstone Block¦1;0
41344;Recipes/Work Bench/register;9571;Titanstone Block;1593;;;1;;Work Bench;¦Titanstone Block Wall¦;¦Titanstone Block Wall¦4;Titanstone Block Wall¦4;0
41345;Recipes/Work Bench/register;9571;Chlorophyte Brick Wall;2789;;;4;;Work Bench;¦Chlorophyte Brick¦;¦Chlorophyte Brick¦1;Chlorophyte Brick¦1;0
41346;Recipes/Work Bench/register;9571;Chlorophyte Brick;2792;;;1;;Work Bench;¦Chlorophyte Brick Wall¦;¦Chlorophyte Brick Wall¦4;Chlorophyte Brick Wall¦4;0
41347;Recipes/Work Bench/register;9571;Shroomite Plating Wall;2791;;;4;;Work Bench;¦Shroomite Plating¦;¦Shroomite Plating¦1;Shroomite Plating¦1;0
41348;Recipes/Work Bench/register;9571;Shroomite Plating;2794;;;1;;Work Bench;¦Shroomite Plating Wall¦;¦Shroomite Plating Wall¦4;Shroomite Plating Wall¦4;0
41349;Recipes/Work Bench/register;9571;Luminite Brick Wall;3472;;;4;;Work Bench;¦Luminite Brick¦;¦Luminite Brick¦1;Luminite Brick¦1;0
41350;Recipes/Work Bench/register;9571;Luminite Brick;3461;;;1;;Work Bench;¦Luminite Brick Wall¦;¦Luminite Brick Wall¦4;Luminite Brick Wall¦4;0
41351;Recipes/Work Bench/register;9571;Lunar Rust Brick Wall;5409;;;4;;Work Bench;¦Lunar Rust Brick¦;¦Lunar Rust Brick¦1;Lunar Rust Brick¦1;0
41352;Recipes/Work Bench/register;9571;Lunar Rust Brick;5401;;;1;;Work Bench;¦Lunar Rust Brick Wall¦;¦Lunar Rust Brick Wall¦4;Lunar Rust Brick Wall¦4;0
41353;Recipes/Work Bench/register;9571;Dark Celestial Brick Wall;5410;;;4;;Work Bench;¦Dark Celestial Brick¦;¦Dark Celestial Brick¦1;Dark Celestial Brick¦1;0
41354;Recipes/Work Bench/register;9571;Dark Celestial Brick;5402;;;1;;Work Bench;¦Dark Celestial Brick Wall¦;¦Dark Celestial Brick Wall¦4;Dark Celestial Brick Wall¦4;0
41355;Recipes/Work Bench/register;9571;Astra Brick Wall;5411;;;4;;Work Bench;¦Astra Brick¦;¦Astra Brick¦1;Astra Brick¦1;0
41356;Recipes/Work Bench/register;9571;Astra Brick;5403;;;1;;Work Bench;¦Astra Brick Wall¦;¦Astra Brick Wall¦4;Astra Brick Wall¦4;0
41357;Recipes/Work Bench/register;9571;Cosmic Ember Brick Wall;5412;;;4;;Work Bench;¦Cosmic Ember Brick¦;¦Cosmic Ember Brick¦1;Cosmic Ember Brick¦1;0
41358;Recipes/Work Bench/register;9571;Cosmic Ember Brick;5404;;;1;;Work Bench;¦Cosmic Ember Brick Wall¦;¦Cosmic Ember Brick Wall¦4;Cosmic Ember Brick Wall¦4;0
41359;Recipes/Work Bench/register;9571;Cryocore Brick Wall;5413;;;4;;Work Bench;¦Cryocore Brick¦;¦Cryocore Brick¦1;Cryocore Brick¦1;0
41360;Recipes/Work Bench/register;9571;Cryocore Brick;5405;;;1;;Work Bench;¦Cryocore Brick Wall¦;¦Cryocore Brick Wall¦4;Cryocore Brick Wall¦4;0
41361;Recipes/Work Bench/register;9571;Mercury Brick Wall;5414;;;4;;Work Bench;¦Mercury Brick¦;¦Mercury Brick¦1;Mercury Brick¦1;0
41362;Recipes/Work Bench/register;9571;Mercury Brick;5406;;;1;;Work Bench;¦Mercury Brick Wall¦;¦Mercury Brick Wall¦4;Mercury Brick Wall¦4;0
41363;Recipes/Work Bench/register;9571;Star Royale Brick Wall;5415;;;4;;Work Bench;¦Star Royale Brick¦;¦Star Royale Brick¦1;Star Royale Brick¦1;0
41364;Recipes/Work Bench/register;9571;Star Royale Brick;5407;;;1;;Work Bench;¦Star Royale Brick Wall¦;¦Star Royale Brick Wall¦4;Star Royale Brick Wall¦4;0
41365;Recipes/Work Bench/register;9571;Heavenforge Brick Wall;5416;;;4;;Work Bench;¦Heavenforge Brick¦;¦Heavenforge Brick¦1;Heavenforge Brick¦1;0
41366;Recipes/Work Bench/register;9571;Heavenforge Brick;5408;;;1;;Work Bench;¦Heavenforge Brick Wall¦;¦Heavenforge Brick Wall¦4;Heavenforge Brick Wall¦4;0
41367;Recipes/Work Bench/register;9571;Ancient Blue Brick Wall;5418;;;4;;Work Bench;¦Ancient Blue Brick¦;¦Ancient Blue Brick¦1;Ancient Blue Brick¦1;0
41368;Recipes/Work Bench/register;9571;Ancient Blue Brick;5417;;;1;;Work Bench;¦Ancient Blue Brick Wall¦;¦Ancient Blue Brick Wall¦4;Ancient Blue Brick Wall¦4;0
41369;Recipes/Work Bench/register;9571;Ancient Green Brick Wall;5420;;;4;;Work Bench;¦Ancient Green Brick¦;¦Ancient Green Brick¦1;Ancient Green Brick¦1;0
41370;Recipes/Work Bench/register;9571;Ancient Green Brick;5419;;;1;;Work Bench;¦Ancient Green Brick Wall¦;¦Ancient Green Brick Wall¦4;Ancient Green Brick Wall¦4;0
41371;Recipes/Work Bench/register;9571;Ancient Pink Brick Wall;5422;;;4;;Work Bench;¦Ancient Pink Brick¦;¦Ancient Pink Brick¦1;Ancient Pink Brick¦1;0
41372;Recipes/Work Bench/register;9571;Ancient Pink Brick;5421;;;1;;Work Bench;¦Ancient Pink Brick Wall¦;¦Ancient Pink Brick Wall¦4;Ancient Pink Brick Wall¦4;0
41373;Recipes/Work Bench/register;9571;Ancient Gold Brick Wall;5424;;;4;;Work Bench;¦Ancient Gold Brick¦;¦Ancient Gold Brick¦1;Ancient Gold Brick¦1;0
41374;Recipes/Work Bench/register;9571;Ancient Gold Brick;5423;;;1;;Work Bench;¦Ancient Gold Brick Wall¦;¦Ancient Gold Brick Wall¦4;Ancient Gold Brick Wall¦4;0
41375;Recipes/Work Bench/register;9571;Ancient Silver Brick Wall;5426;;;4;;Work Bench;¦Ancient Silver Brick¦;¦Ancient Silver Brick¦1;Ancient Silver Brick¦1;0
41376;Recipes/Work Bench/register;9571;Ancient Silver Brick;5425;;;1;;Work Bench;¦Ancient Silver Brick Wall¦;¦Ancient Silver Brick Wall¦4;Ancient Silver Brick Wall¦4;0
41377;Recipes/Work Bench/register;9571;Ancient Copper Brick Wall;5428;;;4;;Work Bench;¦Ancient Copper Brick¦;¦Ancient Copper Brick¦1;Ancient Copper Brick¦1;0
41378;Recipes/Work Bench/register;9571;Ancient Copper Brick;5427;;;1;;Work Bench;¦Ancient Copper Brick Wall¦;¦Ancient Copper Brick Wall¦4;Ancient Copper Brick Wall¦4;0
41379;Recipes/Work Bench/register;9571;Ancient Hellstone Brick Wall;5436;;;4;;Work Bench;¦Ancient Hellstone Brick¦;¦Ancient Hellstone Brick¦1;Ancient Hellstone Brick¦1;0
41380;Recipes/Work Bench/register;9571;Ancient Hellstone Brick;5435;;;1;;Work Bench;¦Ancient Hellstone Brick Wall¦;¦Ancient Hellstone Brick Wall¦4;Ancient Hellstone Brick Wall¦4;0
41381;Recipes/Work Bench/register;9571;Ancient Obsidian Brick Wall;5434;;;4;;Work Bench;¦Ancient Obsidian Brick¦;¦Ancient Obsidian Brick¦1;Ancient Obsidian Brick¦1;0
41382;Recipes/Work Bench/register;9571;Ancient Obsidian Brick;5433;;;1;;Work Bench;¦Ancient Obsidian Brick Wall¦;¦Ancient Obsidian Brick Wall¦4;Ancient Obsidian Brick Wall¦4;0
41383;Recipes/Work Bench/register;9571;Ancient Mythril Brick Wall;5432;;;4;;Work Bench;¦Ancient Mythril Brick¦;¦Ancient Mythril Brick¦1;Ancient Mythril Brick¦1;0
41384;Recipes/Work Bench/register;9571;Ancient Mythril Brick;5431;;;1;;Work Bench;¦Ancient Mythril Brick Wall¦;¦Ancient Mythril Brick Wall¦4;Ancient Mythril Brick Wall¦4;0
41385;Recipes/Work Bench/register;9571;Ancient Cobalt Brick Wall;5430;;;4;;Work Bench;¦Ancient Cobalt Brick¦;¦Ancient Cobalt Brick¦1;Ancient Cobalt Brick¦1;0
41386;Recipes/Work Bench/register;9571;Ancient Cobalt Brick;5429;;;1;;Work Bench;¦Ancient Cobalt Brick Wall¦;¦Ancient Cobalt Brick Wall¦4;Ancient Cobalt Brick Wall¦4;0
41387;Recipes/Work Bench/register;9571;Aetherium Wall;5397;;;4;;Work Bench;¦Aetherium Block¦;¦Aetherium Block¦1;Aetherium Block¦1;0
41388;Recipes/Work Bench/register;9571;Aetherium Block;5349;;;1;;Work Bench;¦Aetherium Wall¦;¦Aetherium Wall¦4;Aetherium Wall¦4;0
41389;Recipes/Work Bench/register;9571;Aetherium Brick Wall;5399;;;4;;Work Bench;¦Aetherium Brick¦;¦Aetherium Brick¦1;Aetherium Brick¦1;0
41390;Recipes/Work Bench/register;9571;Aetherium Brick;5398;;;1;;Work Bench;¦Aetherium Brick Wall¦;¦Aetherium Brick Wall¦4;Aetherium Brick Wall¦4;0
41391;Recipes/Work Bench/register;9571;Lava Moss Brick Wall;5445;;;4;;Work Bench;¦Lava Moss Brick¦;¦Lava Moss Brick¦1;Lava Moss Brick¦1;0
41392;Recipes/Work Bench/register;9571;Lava Moss Brick;5439;;;1;;Work Bench;¦Lava Moss Brick Wall¦;¦Lava Moss Brick Wall¦4;Lava Moss Brick Wall¦4;0
41393;Recipes/Work Bench/register;9571;Argon Moss Brick Wall;5446;;;4;;Work Bench;¦Argon Moss Brick¦;¦Argon Moss Brick¦1;Argon Moss Brick¦1;0
41394;Recipes/Work Bench/register;9571;Argon Moss Brick;5440;;;1;;Work Bench;¦Argon Moss Brick Wall¦;¦Argon Moss Brick Wall¦4;Argon Moss Brick Wall¦4;0
41395;Recipes/Work Bench/register;9571;Krypton Moss Brick Wall;5447;;;4;;Work Bench;¦Krypton Moss Brick¦;¦Krypton Moss Brick¦1;Krypton Moss Brick¦1;0
41396;Recipes/Work Bench/register;9571;Krypton Moss Brick;5441;;;1;;Work Bench;¦Krypton Moss Brick Wall¦;¦Krypton Moss Brick Wall¦4;Krypton Moss Brick Wall¦4;0
41397;Recipes/Work Bench/register;9571;Xenon Moss Brick Wall;5448;;;4;;Work Bench;¦Xenon Moss Brick¦;¦Xenon Moss Brick¦1;Xenon Moss Brick¦1;0
41398;Recipes/Work Bench/register;9571;Xenon Moss Brick;5442;;;1;;Work Bench;¦Xenon Moss Brick Wall¦;¦Xenon Moss Brick Wall¦4;Xenon Moss Brick Wall¦4;0
41399;Recipes/Work Bench/register;9571;Neon Moss Brick Wall;5449;;;4;;Work Bench;¦Neon Moss Brick¦;¦Neon Moss Brick¦1;Neon Moss Brick¦1;0
41400;Recipes/Work Bench/register;9571;Neon Moss Brick;5443;;;1;;Work Bench;¦Neon Moss Brick Wall¦;¦Neon Moss Brick Wall¦4;Neon Moss Brick Wall¦4;0
41401;Recipes/Work Bench/register;9571;Helium Moss Brick Wall;5450;;;4;;Work Bench;¦Helium Moss Brick¦;¦Helium Moss Brick¦1;Helium Moss Brick¦1;0
41402;Recipes/Work Bench/register;9571;Helium Moss Brick;5444;;;1;;Work Bench;¦Helium Moss Brick Wall¦;¦Helium Moss Brick Wall¦4;Helium Moss Brick Wall¦4;0
41403;Recipes/Work Bench/register;9571;Crystal Block Wall;3238;;;4;;Work Bench;¦Crystal Block¦;¦Crystal Block¦1;Crystal Block¦1;0
41404;Recipes/Work Bench/register;9571;Crystal Block;3234;;;1;;Work Bench;¦Crystal Block Wall¦;¦Crystal Block Wall¦4;Crystal Block Wall¦4;0
41405;Recipes/Work Bench/register;9571;Reef Wall;5307;;;4;;Work Bench;¦Reef Block¦;¦Reef Block¦1;Reef Block¦1;0
41406;Recipes/Work Bench/register;9571;Reef Block;5306;;;1;;Work Bench;¦Reef Wall¦;¦Reef Wall¦4;Reef Wall¦4;0
41407;Recipes/Work Bench/register;9571;Poo Wall;5396;;;4;;Work Bench;¦Poo¦;¦Poo¦1;Poo¦1;0
41408;Recipes/Work Bench/register;9571;Poo;5395;;;1;;Work Bench;¦Poo Wall¦;¦Poo Wall¦4;Poo Wall¦4;0
41409;Recipes/Work Bench/register;9571;Mud Wall;4487;;;4;;Work Bench and Ecto Mist;¦Mud Block¦;¦Mud Block¦1;Mud Block¦1;0
41410;Recipes/Work Bench/register;9571;Mud Block;176;;;1;desktop console mobile;Work Bench;¦Mud Wall¦;¦Mud Wall¦4;Mud Wall¦4;0
41411;Recipes/Work Bench/register;9571;Dirt Wall;30;;;4;;Work Bench;¦Dirt Block¦;¦Dirt Block¦1;Dirt Block¦1;0
41412;Recipes/Work Bench/register;9571;Dirt Block;2;;;1;;Work Bench;¦Dirt Wall¦;¦Dirt Wall¦4;Dirt Wall¦4;0
41413;Recipes/Work Bench/register;9571;Rocky Dirt Wall;4501;;;4;;Work Bench and Ecto Mist;¦Dirt Block¦;¦Dirt Block¦1;Dirt Block¦1;0
41414;Recipes/Work Bench/register;9571;Dirt Block;2;;;1;;Work Bench;¦Rocky Dirt Wall¦;¦Rocky Dirt Wall¦4;Rocky Dirt Wall¦4;0
41415;Recipes/Work Bench/register;9571;Cave Dirt Wall;4510;;;4;;Work Bench and Ecto Mist;¦Dirt Block¦;¦Dirt Block¦1;Dirt Block¦1;0
41416;Recipes/Work Bench/register;9571;Dirt Block;2;;;1;;Work Bench;¦Cave Dirt Wall¦;¦Cave Dirt Wall¦4;Cave Dirt Wall¦4;0
41417;Recipes/Work Bench/register;9571;Rough Dirt Wall;4511;;;4;;Work Bench and Ecto Mist;¦Dirt Block¦;¦Dirt Block¦1;Dirt Block¦1;0
41418;Recipes/Work Bench/register;9571;Dirt Block;2;;;1;;Work Bench;¦Rough Dirt Wall¦;¦Rough Dirt Wall¦4;Rough Dirt Wall¦4;0
41419;Recipes/Work Bench/register;9571;Layered Dirt Wall;4521;;;4;;Work Bench and Ecto Mist;¦Dirt Block¦;¦Dirt Block¦1;Dirt Block¦1;0
41420;Recipes/Work Bench/register;9571;Dirt Block;2;;;1;;Work Bench;¦Layered Dirt Wall¦;¦Layered Dirt Wall¦4;Layered Dirt Wall¦4;0
41421;Recipes/Work Bench/register;9571;Crumbling Dirt Wall;4522;;;4;;Work Bench and Ecto Mist;¦Dirt Block¦;¦Dirt Block¦1;Dirt Block¦1;0
41422;Recipes/Work Bench/register;9571;Dirt Block;2;;;1;;Work Bench;¦Crumbling Dirt Wall¦;¦Crumbling Dirt Wall¦4;Crumbling Dirt Wall¦4;0
41423;Recipes/Work Bench/register;9571;Cracked Dirt Wall;4523;;;4;;Work Bench and Ecto Mist;¦Dirt Block¦;¦Dirt Block¦1;Dirt Block¦1;0
41424;Recipes/Work Bench/register;9571;Dirt Block;2;;;1;;Work Bench;¦Cracked Dirt Wall¦;¦Cracked Dirt Wall¦4;Cracked Dirt Wall¦4;0
41425;Recipes/Work Bench/register;9571;Wavy Dirt Wall;4524;;;4;;Work Bench and Ecto Mist;¦Dirt Block¦;¦Dirt Block¦1;Dirt Block¦1;0
41426;Recipes/Work Bench/register;9571;Dirt Block;2;;;1;;Work Bench;¦Wavy Dirt Wall¦;¦Wavy Dirt Wall¦4;Wavy Dirt Wall¦4;0
41427;Recipes/Work Bench/register;9571;Stone Wall;26;;;4;;Work Bench;¦Stone Block¦;¦Stone Block¦1;Stone Block¦1;0
41428;Recipes/Work Bench/register;9571;Stone Block;3;;;1;;Work Bench;¦Stone Wall¦;¦Stone Wall¦4;Stone Wall¦4;0
41429;Recipes/Work Bench/register;9571;Old Stone Wall;4502;;;4;;Work Bench and Ecto Mist;¦Stone Block¦;¦Stone Block¦1;Stone Block¦1;0
41430;Recipes/Work Bench/register;9571;Stone Block;3;;;1;;Work Bench;¦Old Stone Wall¦;¦Old Stone Wall¦4;Old Stone Wall¦4;0
41431;Recipes/Work Bench/register;9571;Craggy Stone Wall;4512;;;4;;Work Bench and Ecto Mist;¦Stone Block¦;¦Stone Block¦1;Stone Block¦1;0
41432;Recipes/Work Bench/register;9571;Stone Block;3;;;1;;Work Bench;¦Craggy Stone Wall¦;¦Craggy Stone Wall¦4;Craggy Stone Wall¦4;0
41433;Recipes/Work Bench/register;9571;Worn Stone Wall;4537;;;4;;Work Bench and Ecto Mist;¦Stone Block¦;¦Stone Block¦1;Stone Block¦1;0
41434;Recipes/Work Bench/register;9571;Stone Block;3;;;1;;Work Bench;¦Worn Stone Wall¦;¦Worn Stone Wall¦4;Worn Stone Wall¦4;0
41435;Recipes/Work Bench/register;9571;Stalactite Stone Wall;4538;;;4;;Work Bench and Ecto Mist;¦Stone Block¦;¦Stone Block¦1;Stone Block¦1;0
41436;Recipes/Work Bench/register;9571;Stone Block;3;;;1;;Work Bench;¦Stalactite Stone Wall¦;¦Stalactite Stone Wall¦4;Stalactite Stone Wall¦4;0
41437;Recipes/Work Bench/register;9571;Mottled Stone Wall;4539;;;4;;Work Bench and Ecto Mist;¦Stone Block¦;¦Stone Block¦1;Stone Block¦1;0
41438;Recipes/Work Bench/register;9571;Stone Block;3;;;1;;Work Bench;¦Mottled Stone Wall¦;¦Mottled Stone Wall¦4;Mottled Stone Wall¦4;0
41439;Recipes/Work Bench/register;9571;Fractured Stone Wall;4540;;;4;;Work Bench and Ecto Mist;¦Stone Block¦;¦Stone Block¦1;Stone Block¦1;0
41440;Recipes/Work Bench/register;9571;Stone Block;3;;;1;;Work Bench;¦Fractured Stone Wall¦;¦Fractured Stone Wall¦4;Fractured Stone Wall¦4;0
41441;Recipes/Work Bench/register;9571;Wood Wall;93;;;4;;Work Bench;¦Wood¦;¦Wood¦1;Wood¦1;0
41442;Recipes/Work Bench/register;9571;Wood;9;;;1;;Work Bench;¦Wood Wall¦;¦Wood Wall¦4;Wood Wall¦4;0
41443;Recipes/Work Bench/register;9571;Rich Mahogany Wall;623;;;4;;Work Bench;¦Rich Mahogany¦;¦Rich Mahogany¦1;Rich Mahogany¦1;0
41444;Recipes/Work Bench/register;9571;Rich Mahogany;620;;;1;;Work Bench;¦Rich Mahogany Wall¦;¦Rich Mahogany Wall¦4;Rich Mahogany Wall¦4;0
41445;Recipes/Work Bench/register;9571;Ebonwood Wall;622;;;4;;Work Bench;¦Ebonwood¦;¦Ebonwood¦1;Ebonwood¦1;0
41446;Recipes/Work Bench/register;9571;Ebonwood;619;;;1;;Work Bench;¦Ebonwood Wall¦;¦Ebonwood Wall¦4;Ebonwood Wall¦4;0
41447;Recipes/Work Bench/register;9571;Shadewood Wall;927;;;4;;Work Bench;¦Shadewood¦;¦Shadewood¦1;Shadewood¦1;0
41448;Recipes/Work Bench/register;9571;Shadewood;911;;;1;;Work Bench;¦Shadewood Wall¦;¦Shadewood Wall¦4;Shadewood Wall¦4;0
41449;Recipes/Work Bench/register;9571;Pearlwood Wall;624;;;4;;Work Bench;¦Pearlwood¦;¦Pearlwood¦1;Pearlwood¦1;0
41450;Recipes/Work Bench/register;9571;Pearlwood;621;;;1;;Work Bench;¦Pearlwood Wall¦;¦Pearlwood Wall¦4;Pearlwood Wall¦4;0
41451;Recipes/Work Bench/register;9571;Boreal Wood Wall;2505;;;4;;Work Bench;¦Boreal Wood¦;¦Boreal Wood¦1;Boreal Wood¦1;0
41452;Recipes/Work Bench/register;9571;Boreal Wood;2503;;;1;;Work Bench;¦Boreal Wood Wall¦;¦Boreal Wood Wall¦4;Boreal Wood Wall¦4;0
41453;Recipes/Work Bench/register;9571;Palm Wood Wall;2506;;;4;;Work Bench;¦Palm Wood¦;¦Palm Wood¦1;Palm Wood¦1;0
41454;Recipes/Work Bench/register;9571;Palm Wood;2504;;;1;;Work Bench;¦Palm Wood Wall¦;¦Palm Wood Wall¦4;Palm Wood Wall¦4;0
41455;Recipes/Work Bench/register;9571;Ash Wood Wall;5216;;;4;;Work Bench;¦Ash Wood¦;¦Ash Wood¦1;Ash Wood¦1;0
41456;Recipes/Work Bench/register;9571;Ash Wood;5215;;;1;;Work Bench;¦Ash Wood Wall¦;¦Ash Wood Wall¦4;Ash Wood Wall¦4;0
41457;Recipes/Work Bench/register;9571;Mushroom Wall;764;;;4;;Work Bench;¦Glowing Mushroom¦;¦Glowing Mushroom¦1;Glowing Mushroom¦1;0
41458;Recipes/Work Bench/register;9571;Glowing Mushroom;183;;;1;;Work Bench;¦Mushroom Wall¦;¦Mushroom Wall¦4;Mushroom Wall¦4;0
41459;Recipes/Work Bench/register;9571;Pumpkin Wall;1726;;;4;;Work Bench;¦Pumpkin¦;¦Pumpkin¦1;Pumpkin¦1;0
41460;Recipes/Work Bench/register;9571;Pumpkin;1725;;;1;;Work Bench;¦Pumpkin Wall¦;¦Pumpkin Wall¦4;Pumpkin Wall¦4;0
41461;Recipes/Work Bench/register;9571;Hay Wall;1728;;;4;;Work Bench;¦Hay¦;¦Hay¦1;Hay¦1;0
41462;Recipes/Work Bench/register;9571;Hay;1727;;;1;;Work Bench;¦Hay Wall¦;¦Hay Wall¦4;Hay Wall¦4;0
41463;Recipes/Work Bench/register;9571;Spooky Wood Wall;1730;;;4;;Work Bench;¦Spooky Wood¦;¦Spooky Wood¦1;Spooky Wood¦1;0
41464;Recipes/Work Bench/register;9571;Spooky Wood;1729;;;1;;Work Bench;¦Spooky Wood Wall¦;¦Spooky Wood Wall¦4;Spooky Wood Wall¦4;0
41465;Recipes/Work Bench/register;9571;Cog Wall;3751;;;4;;Work Bench;¦Cog¦;¦Cog¦1;Cog¦1;0
41466;Recipes/Work Bench/register;9571;Cog;1344;;;1;;Work Bench;¦Cog Wall¦;¦Cog Wall¦4;Cog Wall¦4;0
41467;Recipes/Work Bench/register;9571;Martian Conduit Wall;2861;;;4;;Work Bench;¦Martian Conduit Plating¦;¦Martian Conduit Plating¦1;Martian Conduit Plating¦1;0
41468;Recipes/Work Bench/register;9571;Martian Conduit Plating;2860;;;1;;Work Bench;¦Martian Conduit Wall¦;¦Martian Conduit Wall¦4;Martian Conduit Wall¦4;0
41469;Recipes/Work Bench/register;9571;Silly Pink Balloon Wall;3760;;;4;;Work Bench;¦Silly Pink Balloon¦;¦Silly Pink Balloon¦1;Silly Pink Balloon¦1;0
41470;Recipes/Work Bench/register;9571;Silly Pink Balloon;3736;;;1;;Work Bench;¦Silly Pink Balloon Wall¦;¦Silly Pink Balloon Wall¦4;Silly Pink Balloon Wall¦4;0
41471;Recipes/Work Bench/register;9571;Silly Purple Balloon Wall;3761;;;4;;Work Bench;¦Silly Purple Balloon¦;¦Silly Purple Balloon¦1;Silly Purple Balloon¦1;0
41472;Recipes/Work Bench/register;9571;Silly Purple Balloon;3737;;;1;;Work Bench;¦Silly Purple Balloon Wall¦;¦Silly Purple Balloon Wall¦4;Silly Purple Balloon Wall¦4;0
41473;Recipes/Work Bench/register;9571;Silly Green Balloon Wall;3762;;;4;;Work Bench;¦Silly Green Balloon¦;¦Silly Green Balloon¦1;Silly Green Balloon¦1;0
41474;Recipes/Work Bench/register;9571;Silly Green Balloon;3738;;;1;;Work Bench;¦Silly Green Balloon Wall¦;¦Silly Green Balloon Wall¦4;Silly Green Balloon Wall¦4;0
41475;Recipes/Work Bench/register;9571;Trap Door;3239;;;1;;Work Bench;¦Any Wood¦^¦Any Iron Bar¦;¦Any Iron Bar¦4^¦Any Wood¦8;Any Wood¦8^Any Iron Bar¦4;0
41476;Recipes/Work Bench/register;9571;Wooden Door;25;;;1;;Work Bench;¦Wood¦;¦Wood¦6;Wood¦6;0
41477;Recipes/Work Bench/register;9571;Wooden Chair;34;;;1;;Work Bench;¦Wood¦;¦Wood¦4;Wood¦4;0
41478;Recipes/Work Bench/register;9571;Chest;48;;;1;;Work Bench;¦Wood¦^¦Any Iron Bar¦;¦Any Iron Bar¦2^¦Wood¦8;Wood¦8^Any Iron Bar¦2;0
41479;Recipes/Work Bench/register;9571;Wooden Sink;2827;;;1;;Work Bench;¦Wood¦^¦Water Bucket¦;¦Water Bucket¦1^¦Wood¦6;Wood¦6^Water Bucket¦1;0
41480;Recipes/Work Bench/register;9571;Wooden Table;32;;;1;;Work Bench;¦Wood¦;¦Wood¦8;Wood¦8;0
41481;Recipes/Work Bench/register;9571;Palm Wood Candelabra;2522;;;1;;Work Bench;¦Palm Wood¦^¦Torch¦;¦Palm Wood¦5^¦Torch¦3;Palm Wood¦5^Torch¦3;0
41482;Recipes/Work Bench/register;9571;Palm Wood Candle;2523;;;1;;Work Bench;¦Palm Wood¦^¦Torch¦;¦Palm Wood¦4^¦Torch¦1;Palm Wood¦4^Torch¦1;0
41483;Recipes/Work Bench/register;9571;Palm Wood Chair;2524;;;1;;Work Bench;¦Palm Wood¦;¦Palm Wood¦4;Palm Wood¦4;0
41484;Recipes/Work Bench/register;9571;Palm Wood Chest;2526;;;1;;Work Bench;¦Palm Wood¦^¦Any Iron Bar¦;¦Any Iron Bar¦2^¦Palm Wood¦8;Palm Wood¦8^Any Iron Bar¦2;0
41485;Recipes/Work Bench/register;9571;Palm Wood Door;2528;;;1;;Work Bench;¦Palm Wood¦;¦Palm Wood¦6;Palm Wood¦6;0
41486;Recipes/Work Bench/register;9571;Palm Wood Lamp;2533;;;1;;Work Bench;¦Torch¦^¦Palm Wood¦;¦Palm Wood¦3^¦Torch¦1;Torch¦1^Palm Wood¦3;0
41487;Recipes/Work Bench/register;9571;Palm Wood Lantern;2530;;;1;;Work Bench;¦Palm Wood¦^¦Torch¦;¦Palm Wood¦6^¦Torch¦1;Palm Wood¦6^Torch¦1;0
41488;Recipes/Work Bench/register;9571;Palm Wood Sink;2850;;;1;;Work Bench;¦Palm Wood¦^¦Water Bucket¦;¦Palm Wood¦6^¦Water Bucket¦1;Palm Wood¦6^Water Bucket¦1;0
41489;Recipes/Work Bench/register;9571;Palm Wood Table;2532;;;1;;Work Bench;¦Palm Wood¦;¦Palm Wood¦8;Palm Wood¦8;0
41490;Recipes/Work Bench/register;9571;Boreal Wood Candelabra;2555;;;1;;Work Bench;¦Boreal Wood¦^¦Ice Torch¦;¦Boreal Wood¦5^¦Ice Torch¦3;Boreal Wood¦5^Ice Torch¦3;0
41491;Recipes/Work Bench/register;9571;Boreal Wood Candle;2556;;;1;;Work Bench;¦Boreal Wood¦^¦Ice Torch¦;¦Boreal Wood¦4^¦Ice Torch¦1;Boreal Wood¦4^Ice Torch¦1;0
41492;Recipes/Work Bench/register;9571;Boreal Wood Chair;2557;;;1;;Work Bench;¦Boreal Wood¦;¦Boreal Wood¦4;Boreal Wood¦4;0
41493;Recipes/Work Bench/register;9571;Boreal Wood Chest;2559;;;1;;Work Bench;¦Boreal Wood¦^¦Any Iron Bar¦;¦Any Iron Bar¦2^¦Boreal Wood¦8;Boreal Wood¦8^Any Iron Bar¦2;0
41494;Recipes/Work Bench/register;9571;Boreal Wood Door;2561;;;1;;Work Bench;¦Boreal Wood¦;¦Boreal Wood¦6;Boreal Wood¦6;0
41495;Recipes/Work Bench/register;9571;Boreal Wood Lamp;2563;;;1;;Work Bench;¦Ice Torch¦^¦Boreal Wood¦;¦Boreal Wood¦3^¦Ice Torch¦1;Ice Torch¦1^Boreal Wood¦3;0
41496;Recipes/Work Bench/register;9571;Boreal Wood Lantern;2564;;;1;;Work Bench;¦Boreal Wood¦^¦Ice Torch¦;¦Boreal Wood¦6^¦Ice Torch¦1;Boreal Wood¦6^Ice Torch¦1;0
41497;Recipes/Work Bench/register;9571;Boreal Wood Sink;2852;;;1;;Work Bench;¦Boreal Wood¦^¦Water Bucket¦;¦Boreal Wood¦6^¦Water Bucket¦1;Boreal Wood¦6^Water Bucket¦1;0
41498;Recipes/Work Bench/register;9571;Boreal Wood Table;677;;;1;;Work Bench;¦Boreal Wood¦;¦Boreal Wood¦8;Boreal Wood¦8;0
41499;Recipes/Work Bench/register;9571;Rich Mahogany Door;651;;;1;;Work Bench;¦Rich Mahogany¦;¦Rich Mahogany¦6;Rich Mahogany¦6;0
41500;Recipes/Work Bench/register;9571;Rich Mahogany Chair;629;;;1;;Work Bench;¦Rich Mahogany¦;¦Rich Mahogany¦4;Rich Mahogany¦4;0
41501;Recipes/Work Bench/register;9571;Rich Mahogany Chest;626;;;1;;Work Bench;¦Rich Mahogany¦^¦Any Iron Bar¦;¦Any Iron Bar¦2^¦Rich Mahogany¦8;Rich Mahogany¦8^Any Iron Bar¦2;0
41502;Recipes/Work Bench/register;9571;Rich Mahogany Sink;2829;;;1;;Work Bench;¦Rich Mahogany¦^¦Water Bucket¦;¦Rich Mahogany¦6^¦Water Bucket¦1;Rich Mahogany¦6^Water Bucket¦1;0
41503;Recipes/Work Bench/register;9571;Rich Mahogany Table;639;;;1;;Work Bench;¦Rich Mahogany¦;¦Rich Mahogany¦8;Rich Mahogany¦8;0
41504;Recipes/Work Bench/register;9571;Rich Mahogany Candle;2050;;;1;;Work Bench;¦Rich Mahogany¦^¦Torch¦;¦Rich Mahogany¦4^¦Torch¦1;Rich Mahogany¦4^Torch¦1;0
41505;Recipes/Work Bench/register;9571;Rich Mahogany Lantern;2038;;;1;;Work Bench;¦Rich Mahogany¦^¦Torch¦;¦Rich Mahogany¦6^¦Torch¦1;Rich Mahogany¦6^Torch¦1;0
41506;Recipes/Work Bench/register;9571;Rich Mahogany Lamp;2087;;;1;;Work Bench;¦Torch¦^¦Rich Mahogany¦;¦Rich Mahogany¦3^¦Torch¦1;Torch¦1^Rich Mahogany¦3;0
41507;Recipes/Work Bench/register;9571;Rich Mahogany Candelabra;2098;;;1;;Work Bench;¦Rich Mahogany¦^¦Torch¦;¦Rich Mahogany¦5^¦Torch¦3;Rich Mahogany¦5^Torch¦3;0
41508;Recipes/Work Bench/register;9571;Ebonwood Door;650;;;1;;Work Bench;¦Ebonwood¦;¦Ebonwood¦6;Ebonwood¦6;0
41509;Recipes/Work Bench/register;9571;Ebonwood Chair;628;;;1;;Work Bench;¦Ebonwood¦;¦Ebonwood¦4;Ebonwood¦4;0
41510;Recipes/Work Bench/register;9571;Ebonwood Chest;625;;;1;;Work Bench;¦Ebonwood¦^¦Any Iron Bar¦;¦Any Iron Bar¦2^¦Ebonwood¦8;Ebonwood¦8^Any Iron Bar¦2;0
41511;Recipes/Work Bench/register;9571;Ebonwood Sink;2828;;;1;;Work Bench;¦Ebonwood¦^¦Water Bucket¦;¦Ebonwood¦6^¦Water Bucket¦1;Ebonwood¦6^Water Bucket¦1;0
41512;Recipes/Work Bench/register;9571;Ebonwood Table;638;;;1;;Work Bench;¦Ebonwood¦;¦Ebonwood¦8;Ebonwood¦8;0
41513;Recipes/Work Bench/register;9571;Ebonwood Lantern;2033;;;1;;Work Bench;¦Ebonwood¦^¦Torch¦;¦Ebonwood¦6^¦Torch¦1;Ebonwood¦6^Torch¦1;0
41514;Recipes/Work Bench/register;9571;Ebonwood Candle;2046;;;1;;Work Bench;¦Ebonwood¦^¦Torch¦;¦Ebonwood¦4^¦Torch¦1;Ebonwood¦4^Torch¦1;0
41515;Recipes/Work Bench/register;9571;Ebonwood Lamp;2083;;;1;;Work Bench;¦Torch¦^¦Ebonwood¦;¦Ebonwood¦3^¦Torch¦1;Torch¦1^Ebonwood¦3;0
41516;Recipes/Work Bench/register;9571;Ebonwood Candelabra;2093;;;1;;Work Bench;¦Ebonwood¦^¦Torch¦;¦Ebonwood¦5^¦Torch¦3;Ebonwood¦5^Torch¦3;0
41517;Recipes/Work Bench/register;9571;Shadewood Door;912;;;1;;Work Bench;¦Shadewood¦;¦Shadewood¦6;Shadewood¦6;0
41518;Recipes/Work Bench/register;9571;Shadewood Chair;915;;;1;;Work Bench;¦Shadewood¦;¦Shadewood¦4;Shadewood¦4;0
41519;Recipes/Work Bench/register;9571;Shadewood Chest;914;;;1;;Work Bench;¦Shadewood¦^¦Any Iron Bar¦;¦Any Iron Bar¦2^¦Shadewood¦8;Shadewood¦8^Any Iron Bar¦2;0
41520;Recipes/Work Bench/register;9571;Shadewood Sink;2835;;;1;;Work Bench;¦Shadewood¦^¦Water Bucket¦;¦Shadewood¦6^¦Water Bucket¦1;Shadewood¦6^Water Bucket¦1;0
41521;Recipes/Work Bench/register;9571;Shadewood Table;917;;;1;;Work Bench;¦Shadewood¦;¦Shadewood¦8;Shadewood¦8;0
41522;Recipes/Work Bench/register;9571;Shadewood Candelabra;2150;;;1;;Work Bench;¦Shadewood¦^¦Torch¦;¦Shadewood¦5^¦Torch¦3;Shadewood¦5^Torch¦3;0
41523;Recipes/Work Bench/register;9571;Shadewood Lantern;2146;;;1;;Work Bench;¦Shadewood¦^¦Torch¦;¦Shadewood¦6^¦Torch¦1;Shadewood¦6^Torch¦1;0
41524;Recipes/Work Bench/register;9571;Shadewood Lamp;2132;;;1;;Work Bench;¦Torch¦^¦Shadewood¦;¦Shadewood¦3^¦Torch¦1;Torch¦1^Shadewood¦3;0
41525;Recipes/Work Bench/register;9571;Shadewood Candle;2154;;;1;;Work Bench;¦Shadewood¦^¦Torch¦;¦Shadewood¦4^¦Torch¦1;Shadewood¦4^Torch¦1;0
41526;Recipes/Work Bench/register;9571;Pearlwood Door;652;;;1;;Work Bench;¦Pearlwood¦;¦Pearlwood¦6;Pearlwood¦6;0
41527;Recipes/Work Bench/register;9571;Pearlwood Chair;630;;;1;;Work Bench;¦Pearlwood¦;¦Pearlwood¦4;Pearlwood¦4;0
41528;Recipes/Work Bench/register;9571;Pearlwood Chest;627;;;1;;Work Bench;¦Pearlwood¦^¦Any Iron Bar¦;¦Any Iron Bar¦2^¦Pearlwood¦8;Pearlwood¦8^Any Iron Bar¦2;0
41529;Recipes/Work Bench/register;9571;Pearlwood Sink;2830;;;1;;Work Bench;¦Pearlwood¦^¦Water Bucket¦;¦Pearlwood¦6^¦Water Bucket¦1;Pearlwood¦6^Water Bucket¦1;0
41530;Recipes/Work Bench/register;9571;Pearlwood Table;640;;;1;;Work Bench;¦Pearlwood¦;¦Pearlwood¦8;Pearlwood¦8;0
41531;Recipes/Work Bench/register;9571;Pearlwood Lantern;2039;;;1;;Work Bench;¦Pearlwood¦^¦Torch¦;¦Pearlwood¦6^¦Torch¦1;Pearlwood¦6^Torch¦1;0
41532;Recipes/Work Bench/register;9571;Pearlwood Candle;2051;;;1;;Work Bench;¦Pearlwood¦^¦Torch¦;¦Pearlwood¦4^¦Torch¦1;Pearlwood¦4^Torch¦1;0
41533;Recipes/Work Bench/register;9571;Pearlwood Lamp;2088;;;1;;Work Bench;¦Torch¦^¦Pearlwood¦;¦Pearlwood¦3^¦Torch¦1;Torch¦1^Pearlwood¦3;0
41534;Recipes/Work Bench/register;9571;Pearlwood Candelabra;2099;;;1;;Work Bench;¦Pearlwood¦^¦Torch¦;¦Pearlwood¦5^¦Torch¦3;Pearlwood¦5^Torch¦3;0
41535;Recipes/Work Bench/register;9571;Ash Wood Helmet;5279;;;1;;Work Bench;¦Ash Wood¦;¦Ash Wood¦20;Ash Wood¦20;0
41536;Recipes/Work Bench/register;9571;Ash Wood Breastplate;5280;;;1;;Work Bench;¦Ash Wood¦;¦Ash Wood¦30;Ash Wood¦30;0
41537;Recipes/Work Bench/register;9571;Ash Wood Greaves;5281;;;1;;Work Bench;¦Ash Wood¦;¦Ash Wood¦25;Ash Wood¦25;0
41538;Recipes/Work Bench/register;9571;Ash Wood Sword;5284;;;1;;Work Bench;¦Ash Wood¦;¦Ash Wood¦7;Ash Wood¦7;0
41539;Recipes/Work Bench/register;9571;Ash Wood Hammer;5283;;;1;;Work Bench;¦Ash Wood¦;¦Ash Wood¦8;Ash Wood¦8;0
41540;Recipes/Work Bench/register;9571;Ash Wood Bow;5282;;;1;;Work Bench;¦Ash Wood¦;¦Ash Wood¦10;Ash Wood¦10;0
41541;Recipes/Work Bench/register;9571;Ash Wood Candelabra;5194;;;1;;Work Bench;¦Ash Wood¦^¦Torch¦;¦Ash Wood¦5^¦Torch¦3;Ash Wood¦5^Torch¦3;0
41542;Recipes/Work Bench/register;9571;Ash Wood Candle;5195;;;1;;Work Bench;¦Ash Wood¦^¦Torch¦;¦Ash Wood¦4^¦Torch¦1;Ash Wood¦4^Torch¦1;0
41543;Recipes/Work Bench/register;9571;Ash Wood Chair;5196;;;1;;Work Bench;¦Ash Wood¦;¦Ash Wood¦4;Ash Wood¦4;0
41544;Recipes/Work Bench/register;9571;Ash Wood Chest;5198;;;1;;Work Bench;¦Ash Wood¦^¦Any Iron Bar¦;¦Any Iron Bar¦2^¦Ash Wood¦8;Ash Wood¦8^Any Iron Bar¦2;0
41545;Recipes/Work Bench/register;9571;Ash Wood Door;5200;;;1;;Work Bench;¦Ash Wood¦;¦Ash Wood¦6;Ash Wood¦6;0
41546;Recipes/Work Bench/register;9571;Ash Wood Lamp;5201;;;1;;Work Bench;¦Torch¦^¦Ash Wood¦;¦Ash Wood¦3^¦Torch¦1;Torch¦1^Ash Wood¦3;0
41547;Recipes/Work Bench/register;9571;Ash Wood Lantern;5202;;;1;;Work Bench;¦Ash Wood¦^¦Torch¦;¦Ash Wood¦6^¦Torch¦1;Ash Wood¦6^Torch¦1;0
41548;Recipes/Work Bench/register;9571;Ash Wood Sink;5205;;;1;;Work Bench;¦Ash Wood¦^¦Water Bucket¦;¦Ash Wood¦6^¦Water Bucket¦1;Ash Wood¦6^Water Bucket¦1;0
41549;Recipes/Work Bench/register;9571;Ash Wood Table;5207;;;1;;Work Bench;¦Ash Wood¦;¦Ash Wood¦8;Ash Wood¦8;0
41550;Recipes/Work Bench/register;9571;Mushroom Candelabra;2541;;;1;;Work Bench;¦Glowing Mushroom¦^¦Torch¦;¦Glowing Mushroom¦5^¦Torch¦3;Glowing Mushroom¦5^Torch¦3;0
41551;Recipes/Work Bench/register;9571;Mushroom Candle;2542;;;1;;Work Bench;¦Glowing Mushroom¦^¦Torch¦;¦Glowing Mushroom¦4^¦Torch¦1;Glowing Mushroom¦4^Torch¦1;0
41552;Recipes/Work Bench/register;9571;Mushroom Chair;810;;;1;;Work Bench;¦Glowing Mushroom¦;¦Glowing Mushroom¦4;Glowing Mushroom¦4;0
41553;Recipes/Work Bench/register;9571;Mushroom Chest;2544;;;1;;Work Bench;¦Glowing Mushroom¦^¦Any Iron Bar¦;¦Any Iron Bar¦2^¦Glowing Mushroom¦8;Glowing Mushroom¦8^Any Iron Bar¦2;0
41554;Recipes/Work Bench/register;9571;Mushroom Door;818;;;1;;Work Bench;¦Glowing Mushroom¦;¦Glowing Mushroom¦6;Glowing Mushroom¦6;0
41555;Recipes/Work Bench/register;9571;Mushroom Lamp;2547;;;1;;Work Bench;¦Torch¦^¦Glowing Mushroom¦;¦Glowing Mushroom¦3^¦Torch¦1;Torch¦1^Glowing Mushroom¦3;0
41556;Recipes/Work Bench/register;9571;Mushroom Lantern;2546;;;1;;Work Bench;¦Glowing Mushroom¦^¦Torch¦;¦Glowing Mushroom¦6^¦Torch¦1;Glowing Mushroom¦6^Torch¦1;0
41557;Recipes/Work Bench/register;9571;Mushroom Sink;2851;;;1;;Work Bench;¦Glowing Mushroom¦^¦Water Bucket¦;¦Glowing Mushroom¦6^¦Water Bucket¦1;Glowing Mushroom¦6^Water Bucket¦1;0
41558;Recipes/Work Bench/register;9571;Mushroom Table;2550;;;1;;Work Bench;¦Glowing Mushroom¦;¦Glowing Mushroom¦8;Glowing Mushroom¦8;0
41559;Recipes/Work Bench/register;9571;Meteorite Candelabra;3168;;;1;;Work Bench;¦Meteorite Brick¦^¦Torch¦;¦Meteorite Brick¦5^¦Torch¦3;Meteorite Brick¦5^Torch¦3;0
41560;Recipes/Work Bench/register;9571;Meteorite Candle;3171;;;1;;Work Bench;¦Meteorite Brick¦^¦Torch¦;¦Meteorite Brick¦4^¦Torch¦1;Meteorite Brick¦4^Torch¦1;0
41561;Recipes/Work Bench/register;9571;Meteorite Chair;3174;;;1;;Work Bench;¦Meteorite Brick¦;¦Meteorite Brick¦4;Meteorite Brick¦4;0
41562;Recipes/Work Bench/register;9571;Meteorite Chest;3180;;;1;;Work Bench;¦Meteorite Brick¦^¦Any Iron Bar¦;¦Any Iron Bar¦2^¦Meteorite Brick¦8;Meteorite Brick¦8^Any Iron Bar¦2;0
41563;Recipes/Work Bench/register;9571;Meteorite Door;3129;;;1;;Work Bench;¦Meteorite Brick¦;¦Meteorite Brick¦6;Meteorite Brick¦6;0
41564;Recipes/Work Bench/register;9571;Meteorite Lamp;3135;;;1;;Work Bench;¦Torch¦^¦Meteorite Brick¦;¦Meteorite Brick¦3^¦Torch¦1;Torch¦1^Meteorite Brick¦3;0
41565;Recipes/Work Bench/register;9571;Meteorite Lantern;3138;;;1;;Work Bench;¦Meteorite Brick¦^¦Torch¦;¦Meteorite Brick¦6^¦Torch¦1;Meteorite Brick¦6^Torch¦1;0
41566;Recipes/Work Bench/register;9571;Meteorite Sink;3147;;;1;;Work Bench;¦Meteorite Brick¦^¦Water Bucket¦;¦Meteorite Brick¦6^¦Water Bucket¦1;Meteorite Brick¦6^Water Bucket¦1;0
41567;Recipes/Work Bench/register;9571;Meteorite Table;3153;;;1;;Work Bench;¦Meteorite Brick¦;¦Meteorite Brick¦8;Meteorite Brick¦8;0
41568;Recipes/Work Bench/register;9571;Smooth Marble Block;3066;;;1;;Work Bench;¦Marble Block¦;¦Marble Block¦1;Marble Block¦1;0
41569;Recipes/Work Bench/register;9571;Smooth Marble Wall;3083;;;4;;Work Bench;¦Smooth Marble Block¦;¦Smooth Marble Block¦1;Smooth Marble Block¦1;0
41570;Recipes/Work Bench/register;9571;Smooth Marble Block;3066;;;1;;Work Bench;¦Smooth Marble Wall¦;¦Smooth Marble Wall¦4;Smooth Marble Wall¦4;0
41571;Recipes/Work Bench/register;9571;Marble Wall;3082;;;4;;Work Bench;¦Marble Block¦;¦Marble Block¦1;Marble Block¦1;0
41572;Recipes/Work Bench/register;9571;Marble Block;3081;;;1;;Work Bench;¦Marble Wall¦;¦Marble Wall¦4;Marble Wall¦4;0
41573;Recipes/Work Bench/register;9571;Marble Candelabra;3169;;;1;;Work Bench;¦Smooth Marble Block¦^¦Torch¦;¦Smooth Marble Block¦5^¦Torch¦3;Smooth Marble Block¦5^Torch¦3;0
41574;Recipes/Work Bench/register;9571;Marble Candle;3172;;;1;;Work Bench;¦Smooth Marble Block¦^¦Torch¦;¦Smooth Marble Block¦4^¦Torch¦1;Smooth Marble Block¦4^Torch¦1;0
41575;Recipes/Work Bench/register;9571;Marble Chair;3175;;;1;;Work Bench;¦Smooth Marble Block¦;¦Smooth Marble Block¦4;Smooth Marble Block¦4;0
41576;Recipes/Work Bench/register;9571;Marble Chest;3181;;;1;;Work Bench;¦Smooth Marble Block¦^¦Any Iron Bar¦;¦Any Iron Bar¦2^¦Smooth Marble Block¦8;Smooth Marble Block¦8^Any Iron Bar¦2;0
41577;Recipes/Work Bench/register;9571;Marble Door;3130;;;1;;Work Bench;¦Smooth Marble Block¦;¦Smooth Marble Block¦6;Smooth Marble Block¦6;0
41578;Recipes/Work Bench/register;9571;Marble Lamp;3136;;;1;;Work Bench;¦Torch¦^¦Smooth Marble Block¦;¦Smooth Marble Block¦3^¦Torch¦1;Torch¦1^Smooth Marble Block¦3;0
41579;Recipes/Work Bench/register;9571;Marble Lantern;3139;;;1;;Work Bench;¦Smooth Marble Block¦^¦Torch¦;¦Smooth Marble Block¦6^¦Torch¦1;Smooth Marble Block¦6^Torch¦1;0
41580;Recipes/Work Bench/register;9571;Marble Sink;3148;;;1;;Work Bench;¦Smooth Marble Block¦^¦Water Bucket¦;¦Smooth Marble Block¦6^¦Water Bucket¦1;Smooth Marble Block¦6^Water Bucket¦1;0
41581;Recipes/Work Bench/register;9571;Marble Table;3154;;;1;;Work Bench;¦Smooth Marble Block¦;¦Smooth Marble Block¦8;Smooth Marble Block¦8;0
41582;Recipes/Work Bench/register;9571;Smooth Granite Block;3087;;;1;;Work Bench;¦Granite Block¦;¦Granite Block¦1;Granite Block¦1;0
41583;Recipes/Work Bench/register;9571;Smooth Granite Wall;3089;;;4;;Work Bench;¦Smooth Granite Block¦;¦Smooth Granite Block¦1;Smooth Granite Block¦1;0
41584;Recipes/Work Bench/register;9571;Smooth Granite Block;3087;;;1;;Work Bench;¦Smooth Granite Wall¦;¦Smooth Granite Wall¦4;Smooth Granite Wall¦4;0
41585;Recipes/Work Bench/register;9571;Granite Wall;3088;;;4;;Work Bench;¦Granite Block¦;¦Granite Block¦1;Granite Block¦1;0
41586;Recipes/Work Bench/register;9571;Granite Block;3086;;;1;;Work Bench;¦Granite Wall¦;¦Granite Wall¦4;Granite Wall¦4;0
41587;Recipes/Work Bench/register;9571;Granite Candelabra;3170;;;1;;Work Bench;¦Smooth Granite Block¦^¦Torch¦;¦Smooth Granite Block¦5^¦Torch¦3;Smooth Granite Block¦5^Torch¦3;0
41588;Recipes/Work Bench/register;9571;Granite Candle;3173;;;1;;Work Bench;¦Smooth Granite Block¦^¦Torch¦;¦Smooth Granite Block¦4^¦Torch¦1;Smooth Granite Block¦4^Torch¦1;0
41589;Recipes/Work Bench/register;9571;Granite Chair;3176;;;1;;Work Bench;¦Smooth Granite Block¦;¦Smooth Granite Block¦4;Smooth Granite Block¦4;0
41590;Recipes/Work Bench/register;9571;Granite Chest;3125;;;1;;Work Bench;¦Smooth Granite Block¦^¦Any Iron Bar¦;¦Any Iron Bar¦2^¦Smooth Granite Block¦8;Smooth Granite Block¦8^Any Iron Bar¦2;0
41591;Recipes/Work Bench/register;9571;Granite Door;3131;;;1;;Work Bench;¦Smooth Granite Block¦;¦Smooth Granite Block¦6;Smooth Granite Block¦6;0
41592;Recipes/Work Bench/register;9571;Granite Lamp;3137;;;1;;Work Bench;¦Torch¦^¦Smooth Granite Block¦;¦Smooth Granite Block¦3^¦Torch¦1;Torch¦1^Smooth Granite Block¦3;0
41593;Recipes/Work Bench/register;9571;Granite Lantern;3140;;;1;;Work Bench;¦Smooth Granite Block¦^¦Torch¦;¦Smooth Granite Block¦6^¦Torch¦1;Smooth Granite Block¦6^Torch¦1;0
41594;Recipes/Work Bench/register;9571;Granite Sink;3149;;;1;;Work Bench;¦Smooth Granite Block¦^¦Water Bucket¦;¦Smooth Granite Block¦6^¦Water Bucket¦1;Smooth Granite Block¦6^Water Bucket¦1;0
41595;Recipes/Work Bench/register;9571;Granite Table;3155;;;1;;Work Bench;¦Smooth Granite Block¦;¦Smooth Granite Block¦8;Smooth Granite Block¦8;0
41596;Recipes/Work Bench/register;9571;Martian Table Lamp;2825;;;1;;Work Bench;¦Martian Conduit Plating¦^¦Torch¦;¦Martian Conduit Plating¦5^¦Torch¦3;Martian Conduit Plating¦5^Torch¦3;0
41597;Recipes/Work Bench/register;9571;Martian Hover Candle;2818;;;1;;Work Bench;¦Martian Conduit Plating¦^¦Torch¦;¦Martian Conduit Plating¦4^¦Torch¦1;Martian Conduit Plating¦4^Torch¦1;0
41598;Recipes/Work Bench/register;9571;Martian Hover Chair;2812;;;1;;Work Bench;¦Martian Conduit Plating¦;¦Martian Conduit Plating¦4;Martian Conduit Plating¦4;0
41599;Recipes/Work Bench/register;9571;Martian Chest;2814;;;1;;Work Bench;¦Martian Conduit Plating¦^¦Any Iron Bar¦;¦Any Iron Bar¦2^¦Martian Conduit Plating¦8;Martian Conduit Plating¦8^Any Iron Bar¦2;0
41600;Recipes/Work Bench/register;9571;Martian Door;2815;;;1;;Work Bench;¦Martian Conduit Plating¦;¦Martian Conduit Plating¦6;Martian Conduit Plating¦6;0
41601;Recipes/Work Bench/register;9571;Martian Lamppost;2819;;;1;;Work Bench;¦Torch¦^¦Martian Conduit Plating¦;¦Martian Conduit Plating¦3^¦Torch¦1;Torch¦1^Martian Conduit Plating¦3;0
41602;Recipes/Work Bench/register;9571;Martian Lantern;2820;;;1;;Work Bench;¦Martian Conduit Plating¦^¦Torch¦;¦Martian Conduit Plating¦6^¦Torch¦1;Martian Conduit Plating¦6^Torch¦1;0
41603;Recipes/Work Bench/register;9571;Martian Sink;2855;;;1;;Work Bench;¦Martian Conduit Plating¦^¦Water Bucket¦;¦Martian Conduit Plating¦6^¦Water Bucket¦1;Martian Conduit Plating¦6^Water Bucket¦1;0
41604;Recipes/Work Bench/register;9571;Martian Table;2824;;;1;;Work Bench;¦Martian Conduit Plating¦;¦Martian Conduit Plating¦8;Martian Conduit Plating¦8;0
41605;Recipes/Work Bench/register;9571;Crystal Candelabra;3893;;;1;;Work Bench;¦Crystal Block¦^¦Torch¦;¦Crystal Block¦10^¦Torch¦3;Crystal Block¦10^Torch¦3;0
41606;Recipes/Work Bench/register;9571;Crystal Candle;3890;;;1;;Work Bench;¦Crystal Block¦^¦Torch¦;¦Crystal Block¦8^¦Torch¦1;Crystal Block¦8^Torch¦1;0
41607;Recipes/Work Bench/register;9571;Crystal Chair;3889;;;1;;Work Bench;¦Crystal Block¦;¦Crystal Block¦10;Crystal Block¦10;0
41608;Recipes/Work Bench/register;9571;Crystal Chest;3884;;;1;;Work Bench;¦Crystal Block¦^¦Any Iron Bar¦;¦Any Iron Bar¦2^¦Crystal Block¦20;Crystal Block¦20^Any Iron Bar¦2;0
41609;Recipes/Work Bench/register;9571;Crystal Door;3888;;;1;;Work Bench;¦Crystal Block¦;¦Crystal Block¦15;Crystal Block¦15;0
41610;Recipes/Work Bench/register;9571;Crystal Lamp;3892;;;1;;Work Bench;¦Torch¦^¦Crystal Block¦;¦Crystal Block¦6^¦Torch¦1;Torch¦1^Crystal Block¦6;0
41611;Recipes/Work Bench/register;9571;Crystal Lantern;3891;;;1;;Work Bench;¦Crystal Block¦^¦Torch¦;¦Crystal Block¦15^¦Torch¦1;Crystal Block¦15^Torch¦1;0
41612;Recipes/Work Bench/register;9571;Crystal Sink;3896;;;1;;Work Bench;¦Crystal Block¦^¦Water Bucket¦;¦Crystal Block¦15^¦Water Bucket¦1;Crystal Block¦15^Water Bucket¦1;0
41613;Recipes/Work Bench/register;9571;Crystal Table;3920;;;1;;Work Bench;¦Crystal Block¦;¦Crystal Block¦20;Crystal Block¦20;0
41614;Recipes/Work Bench/register;9571;Spider Nest Block;4139;;;10;;Work Bench;¦Cobweb¦^¦Spider Fang¦;¦Cobweb¦10^¦Spider Fang¦1;Cobweb¦10^Spider Fang¦1;0
41615;Recipes/Work Bench/register;9571;Spider Nest Wall;4140;;;4;;Work Bench;¦Spider Nest Block¦;¦Spider Nest Block¦1;Spider Nest Block¦1;0
41616;Recipes/Work Bench/register;9571;Spider Nest Block;4139;;;1;;Work Bench;¦Spider Nest Wall¦;¦Spider Nest Wall¦4;Spider Nest Wall¦4;0
41617;Recipes/Work Bench/register;9571;Spider Candelabra;3935;;;1;;Work Bench;¦Spider Nest Block¦^¦Torch¦;¦Spider Nest Block¦5^¦Torch¦3;Spider Nest Block¦5^Torch¦3;0
41618;Recipes/Work Bench/register;9571;Spider Candle;3936;;;1;;Work Bench;¦Spider Nest Block¦^¦Torch¦;¦Spider Nest Block¦4^¦Torch¦1;Spider Nest Block¦4^Torch¦1;0
41619;Recipes/Work Bench/register;9571;Spider Chair;3937;;;1;;Work Bench;¦Spider Nest Block¦;¦Spider Nest Block¦4;Spider Nest Block¦4;0
41620;Recipes/Work Bench/register;9571;Spider Chest;3939;;;1;;Work Bench;¦Spider Nest Block¦^¦Any Iron Bar¦;¦Any Iron Bar¦2^¦Spider Nest Block¦8;Spider Nest Block¦8^Any Iron Bar¦2;0
41621;Recipes/Work Bench/register;9571;Spider Door;3941;;;1;;Work Bench;¦Spider Nest Block¦;¦Spider Nest Block¦6;Spider Nest Block¦6;0
41622;Recipes/Work Bench/register;9571;Spider Lamp;3942;;;1;;Work Bench;¦Torch¦^¦Spider Nest Block¦;¦Spider Nest Block¦3^¦Torch¦1;Torch¦1^Spider Nest Block¦3;0
41623;Recipes/Work Bench/register;9571;Spider Lantern;3943;;;1;;Work Bench;¦Spider Nest Block¦^¦Torch¦;¦Spider Nest Block¦6^¦Torch¦1;Spider Nest Block¦6^Torch¦1;0
41624;Recipes/Work Bench/register;9571;Spider Sink;3946;;;1;;Work Bench;¦Spider Nest Block¦^¦Water Bucket¦;¦Spider Nest Block¦6^¦Water Bucket¦1;Spider Nest Block¦6^Water Bucket¦1;0
41625;Recipes/Work Bench/register;9571;Spider Table;3948;;;1;;Work Bench;¦Spider Nest Block¦;¦Spider Nest Block¦8;Spider Nest Block¦8;0
41626;Recipes/Work Bench/register;9571;Lesion Block Wall;3956;;;4;;Work Bench;¦Lesion Block¦;¦Lesion Block¦1;Lesion Block¦1;0
41627;Recipes/Work Bench/register;9571;Lesion Block;3955;;;1;;Work Bench;¦Lesion Block Wall¦;¦Lesion Block Wall¦4;Lesion Block Wall¦4;0
41628;Recipes/Work Bench/register;9571;Solar Brick Wall;4233;;;4;;Work Bench;¦Solar Brick¦;¦Solar Brick¦1;Solar Brick¦1;0
41629;Recipes/Work Bench/register;9571;Solar Brick;4229;;;1;;Work Bench;¦Solar Brick Wall¦;¦Solar Brick Wall¦4;Solar Brick Wall¦4;0
41630;Recipes/Work Bench/register;9571;Vortex Brick Wall;4234;;;4;;Work Bench;¦Vortex Brick¦;¦Vortex Brick¦1;Vortex Brick¦1;0
41631;Recipes/Work Bench/register;9571;Vortex Brick;4230;;;1;;Work Bench;¦Vortex Brick Wall¦;¦Vortex Brick Wall¦4;Vortex Brick Wall¦4;0
41632;Recipes/Work Bench/register;9571;Nebula Brick Wall;4235;;;4;;Work Bench;¦Nebula Brick¦;¦Nebula Brick¦1;Nebula Brick¦1;0
41633;Recipes/Work Bench/register;9571;Nebula Brick;4231;;;1;;Work Bench;¦Nebula Brick Wall¦;¦Nebula Brick Wall¦4;Nebula Brick Wall¦4;0
41634;Recipes/Work Bench/register;9571;Stardust Brick Wall;4236;;;4;;Work Bench;¦Stardust Brick¦;¦Stardust Brick¦1;Stardust Brick¦1;0
41635;Recipes/Work Bench/register;9571;Stardust Brick;4232;;;1;;Work Bench;¦Stardust Brick Wall¦;¦Stardust Brick Wall¦4;Stardust Brick Wall¦4;0
41636;Recipes/Work Bench/register;9571;Sandstone Candelabra;4302;;;1;;Work Bench;¦Smooth Sandstone¦^¦Torch¦;¦Smooth Sandstone¦5^¦Torch¦3;Smooth Sandstone¦5^Torch¦3;0
41637;Recipes/Work Bench/register;9571;Sandstone Candle;4303;;;1;;Work Bench;¦Smooth Sandstone¦^¦Torch¦;¦Smooth Sandstone¦4^¦Torch¦1;Smooth Sandstone¦4^Torch¦1;0
41638;Recipes/Work Bench/register;9571;Sandstone Chair;4304;;;1;;Work Bench;¦Smooth Sandstone¦;¦Smooth Sandstone¦4;Smooth Sandstone¦4;0
41639;Recipes/Work Bench/register;9571;Sandstone Chest;4267;;;1;;Work Bench;¦Smooth Sandstone¦^¦Any Iron Bar¦;¦Any Iron Bar¦2^¦Smooth Sandstone¦8;Smooth Sandstone¦8^Any Iron Bar¦2;0
41640;Recipes/Work Bench/register;9571;Sandstone Door;4307;;;1;;Work Bench;¦Smooth Sandstone¦;¦Smooth Sandstone¦6;Smooth Sandstone¦6;0
41641;Recipes/Work Bench/register;9571;Sandstone Lamp;4308;;;1;;Work Bench;¦Torch¦^¦Smooth Sandstone¦;¦Smooth Sandstone¦3^¦Torch¦1;Torch¦1^Smooth Sandstone¦3;0
41642;Recipes/Work Bench/register;9571;Sandstone Lantern;4309;;;1;;Work Bench;¦Smooth Sandstone¦^¦Torch¦;¦Smooth Sandstone¦6^¦Torch¦1;Smooth Sandstone¦6^Torch¦1;0
41643;Recipes/Work Bench/register;9571;Sandstone Sink;4312;;;1;;Work Bench;¦Smooth Sandstone¦^¦Water Bucket¦;¦Smooth Sandstone¦6^¦Water Bucket¦1;Smooth Sandstone¦6^Water Bucket¦1;0
41644;Recipes/Work Bench/register;9571;Sandstone Table;4314;;;1;;Work Bench;¦Smooth Sandstone¦;¦Smooth Sandstone¦8;Smooth Sandstone¦8;0
41645;Recipes/Work Bench/register;9571;Bamboo Candelabra;4570;;;1;;Work Bench;¦Bamboo¦^¦Torch¦;¦Bamboo¦5^¦Torch¦3;Bamboo¦5^Torch¦3;0
41646;Recipes/Work Bench/register;9571;Bamboo Candle;4571;;;1;;Work Bench;¦Bamboo¦^¦Torch¦;¦Bamboo¦4^¦Torch¦1;Bamboo¦4^Torch¦1;0
41647;Recipes/Work Bench/register;9571;Bamboo Chair;4572;;;1;;Work Bench;¦Bamboo¦;¦Bamboo¦4;Bamboo¦4;0
41648;Recipes/Work Bench/register;9571;Bamboo Chest;4574;;;1;;Work Bench;¦Bamboo¦^¦Any Iron Bar¦;¦Any Iron Bar¦2^¦Bamboo¦8;Bamboo¦8^Any Iron Bar¦2;0
41649;Recipes/Work Bench/register;9571;Bamboo Door;4576;;;1;;Work Bench;¦Bamboo¦;¦Bamboo¦6;Bamboo¦6;0
41650;Recipes/Work Bench/register;9571;Bamboo Lamp;4577;;;1;;Work Bench;¦Torch¦^¦Bamboo¦;¦Bamboo¦3^¦Torch¦1;Torch¦1^Bamboo¦3;0
41651;Recipes/Work Bench/register;9571;Bamboo Lantern;4578;;;1;;Work Bench;¦Bamboo¦^¦Torch¦;¦Bamboo¦6^¦Torch¦1;Bamboo¦6^Torch¦1;0
41652;Recipes/Work Bench/register;9571;Bamboo Sink;4581;;;1;;Work Bench;¦Bamboo¦^¦Water Bucket¦;¦Bamboo¦6^¦Water Bucket¦1;Bamboo¦6^Water Bucket¦1;0
41653;Recipes/Work Bench/register;9571;Bamboo Table;4583;;;1;;Work Bench;¦Bamboo¦;¦Bamboo¦8;Bamboo¦8;0
41654;Recipes/Work Bench/register;9571;Reef Candelabra;5152;;;1;;Work Bench;¦Reef Block¦^¦Torch¦;¦Reef Block¦5^¦Torch¦3;Reef Block¦5^Torch¦3;0
41655;Recipes/Work Bench/register;9571;Reef Candle;5153;;;1;;Work Bench;¦Reef Block¦^¦Torch¦;¦Reef Block¦4^¦Torch¦1;Reef Block¦4^Torch¦1;0
41656;Recipes/Work Bench/register;9571;Reef Chair;5154;;;1;;Work Bench;¦Reef Block¦;¦Reef Block¦4;Reef Block¦4;0
41657;Recipes/Work Bench/register;9571;Reef Chest;5156;;;1;;Work Bench;¦Reef Block¦^¦Any Iron Bar¦;¦Any Iron Bar¦2^¦Reef Block¦8;Reef Block¦8^Any Iron Bar¦2;0
41658;Recipes/Work Bench/register;9571;Reef Door;5158;;;1;;Work Bench;¦Reef Block¦;¦Reef Block¦6;Reef Block¦6;0
41659;Recipes/Work Bench/register;9571;Reef Lamp;5159;;;1;;Work Bench;¦Torch¦^¦Reef Block¦;¦Reef Block¦3^¦Torch¦1;Torch¦1^Reef Block¦3;0
41660;Recipes/Work Bench/register;9571;Reef Lantern;5160;;;1;;Work Bench;¦Reef Block¦^¦Torch¦;¦Reef Block¦6^¦Torch¦1;Reef Block¦6^Torch¦1;0
41661;Recipes/Work Bench/register;9571;Reef Sink;5163;;;1;;Work Bench;¦Reef Block¦^¦Water Bucket¦;¦Reef Block¦6^¦Water Bucket¦1;Reef Block¦6^Water Bucket¦1;0
41662;Recipes/Work Bench/register;9571;Reef Table;5165;;;1;;Work Bench;¦Reef Block¦;¦Reef Block¦8;Reef Block¦8;0
41663;Recipes/Work Bench/register;9571;Balloon Candelabra;5173;;;1;;Work Bench;¦Any Balloon¦^¦Torch¦;¦Any Balloon¦5^¦Torch¦3;Any Balloon¦5^Torch¦3;0
41664;Recipes/Work Bench/register;9571;Balloon Candle;5174;;;1;;Work Bench;¦Any Balloon¦^¦Torch¦;¦Any Balloon¦4^¦Torch¦1;Any Balloon¦4^Torch¦1;0
41665;Recipes/Work Bench/register;9571;Balloon Chair;5175;;;1;;Work Bench;¦Any Balloon¦;¦Any Balloon¦4;Any Balloon¦4;0
41666;Recipes/Work Bench/register;9571;Balloon Chest;5177;;;1;;Work Bench;¦Any Balloon¦^¦Any Iron Bar¦;¦Any Balloon¦8^¦Any Iron Bar¦2;Any Balloon¦8^Any Iron Bar¦2;0
41667;Recipes/Work Bench/register;9571;Balloon Door;5179;;;1;;Work Bench;¦Any Balloon¦;¦Any Balloon¦6;Any Balloon¦6;0
41668;Recipes/Work Bench/register;9571;Balloon Lamp;5180;;;1;;Work Bench;¦Torch¦^¦Any Balloon¦;¦Any Balloon¦3^¦Torch¦1;Torch¦1^Any Balloon¦3;0
41669;Recipes/Work Bench/register;9571;Balloon Lantern;5181;;;1;;Work Bench;¦Any Balloon¦^¦Torch¦;¦Any Balloon¦6^¦Torch¦1;Any Balloon¦6^Torch¦1;0
41670;Recipes/Work Bench/register;9571;Balloon Sink;5184;;;1;;Work Bench;¦Any Balloon¦^¦Water Bucket¦;¦Any Balloon¦6^¦Water Bucket¦1;Any Balloon¦6^Water Bucket¦1;0
41671;Recipes/Work Bench/register;9571;Balloon Table;5186;;;1;;Work Bench;¦Any Balloon¦;¦Any Balloon¦8;Any Balloon¦8;0
41672;Recipes/Work Bench/register;9571;Sign;171;;;1;;Work Bench;¦Any Wood¦;¦Any Wood¦6;Any Wood¦6;0
41673;Recipes/Work Bench/register;9571;Tattered Wood Sign;4710;;;1;;Work Bench and Ecto Mist;¦Any Wood¦;¦Any Wood¦6;Any Wood¦6;0
41674;Recipes/Work Bench/register;9571;Wooden Fence;1447;;;4;;Work Bench;¦Wood¦;¦Wood¦1;Wood¦1;0
41675;Recipes/Work Bench/register;9571;Wood;9;;;1;;Work Bench;¦Wooden Fence¦;¦Wooden Fence¦4;Wooden Fence¦4;0
41676;Recipes/Work Bench/register;9571;Ebonwood Fence;2210;;;4;;Work Bench;¦Ebonwood¦;¦Ebonwood¦1;Ebonwood¦1;0
41677;Recipes/Work Bench/register;9571;Ebonwood;619;;;1;;Work Bench;¦Ebonwood Fence¦;¦Ebonwood Fence¦4;Ebonwood Fence¦4;0
41678;Recipes/Work Bench/register;9571;Rich Mahogany Fence;2211;;;4;;Work Bench;¦Rich Mahogany¦;¦Rich Mahogany¦1;Rich Mahogany¦1;0
41679;Recipes/Work Bench/register;9571;Rich Mahogany;620;;;1;;Work Bench;¦Rich Mahogany Fence¦;¦Rich Mahogany Fence¦4;Rich Mahogany Fence¦4;0
41680;Recipes/Work Bench/register;9571;Pearlwood Fence;2212;;;4;;Work Bench;¦Pearlwood¦;¦Pearlwood¦1;Pearlwood¦1;0
41681;Recipes/Work Bench/register;9571;Pearlwood;621;;;1;;Work Bench;¦Pearlwood Fence¦;¦Pearlwood Fence¦4;Pearlwood Fence¦4;0
41682;Recipes/Work Bench/register;9571;Shadewood Fence;2213;;;4;;Work Bench;¦Shadewood¦;¦Shadewood¦1;Shadewood¦1;0
41683;Recipes/Work Bench/register;9571;Shadewood;911;;;1;;Work Bench;¦Shadewood Fence¦;¦Shadewood Fence¦4;Shadewood Fence¦4;0
41684;Recipes/Work Bench/register;9571;Boreal Wood Fence;2507;;;4;;Work Bench;¦Boreal Wood¦;¦Boreal Wood¦1;Boreal Wood¦1;0
41685;Recipes/Work Bench/register;9571;Boreal Wood;2503;;;1;;Work Bench;¦Boreal Wood Fence¦;¦Boreal Wood Fence¦4;Boreal Wood Fence¦4;0
41686;Recipes/Work Bench/register;9571;Palm Wood Fence;2508;;;4;;Work Bench;¦Palm Wood¦;¦Palm Wood¦1;Palm Wood¦1;0
41687;Recipes/Work Bench/register;9571;Palm Wood;2504;;;1;;Work Bench;¦Palm Wood Fence¦;¦Palm Wood Fence¦4;Palm Wood Fence¦4;0
41688;Recipes/Work Bench/register;9571;Ash Wood Fence;5217;;;4;;Work Bench;¦Ash Wood¦;¦Ash Wood¦1;Ash Wood¦1;0
41689;Recipes/Work Bench/register;9571;Ash Wood;5215;;;1;;Work Bench;¦Ash Wood Fence¦;¦Ash Wood Fence¦4;Ash Wood Fence¦4;0
41690;Recipes/Work Bench/register;9571;Bamboo Fence;4667;;;4;;Work Bench;¦Bamboo¦;¦Bamboo¦1;Bamboo¦1;0
41691;Recipes/Work Bench/register;9571;Bamboo;4564;;;1;;Work Bench;¦Bamboo Fence¦;¦Bamboo Fence¦4;Bamboo Fence¦4;0
41692;Recipes/Work Bench/register;9571;Stinkbug Blocker;5137;;;1;;Work Bench;¦Stinkbug¦;¦Stinkbug¦1;Stinkbug¦1;0
41693;Recipes/Work Bench/register;9571;Ghostly Stinkbug Blocker;5138;;;1;;Work Bench and Ecto Mist;¦Stinkbug¦;¦Stinkbug¦1;Stinkbug¦1;0
41694;Recipes/Work Bench/register;9571;Sawmill;363;;;1;;Work Bench;¦Any Wood¦^¦Any Iron Bar¦^¦Chain¦;¦Any Iron Bar¦2^¦Any Wood¦10^¦Chain¦1;Any Wood¦10^Any Iron Bar¦2^Chain¦1;0
41695;Recipes/Work Bench/register;9571;Trimarang;5298;;;1;;Work Bench;¦Enchanted Boomerang¦^¦Shroomerang¦^¦Ice Boomerang¦;¦Enchanted Boomerang¦1^¦Ice Boomerang¦1^¦Shroomerang¦1;Enchanted Boomerang¦1^Shroomerang¦1^Ice Boomerang¦1;0
41696;Recipes/Work Bench/register;9571;Wood Fishing Pole;2289;;;1;;Work Bench;¦Wood¦;¦Wood¦8;Wood¦8;0
41697;Recipes/Work Bench/register;9571;Wood Helmet;727;;;1;;Work Bench;¦Wood¦;¦Wood¦20;Wood¦20;0
41698;Recipes/Work Bench/register;9571;Wood Breastplate;728;;;1;;Work Bench;¦Wood¦;¦Wood¦30;Wood¦30;0
41699;Recipes/Work Bench/register;9571;Wood Greaves;729;;;1;;Work Bench;¦Wood¦;¦Wood¦25;Wood¦25;0
41700;Recipes/Work Bench/register;9571;Wooden Sword;24;;;1;;Work Bench;¦Wood¦;¦Wood¦7;Wood¦7;0
41701;Recipes/Work Bench/register;9571;Wooden Hammer;196;;;1;;Work Bench;¦Wood¦;¦Wood¦8;Wood¦8;0
41702;Recipes/Work Bench/register;9571;Wooden Bow;39;;;1;;Work Bench;¦Wood¦;¦Wood¦10;Wood¦10;0
41703;Recipes/Work Bench/register;9571;Wooden Yoyo;3278;;;1;;Work Bench;¦Any Wood¦^¦Cobweb¦;¦Any Wood¦10^¦Cobweb¦20;Any Wood¦10^Cobweb¦20;0
41704;Recipes/Work Bench/register;9571;Rich Mahogany Helmet;733;;;1;;Work Bench;¦Rich Mahogany¦;¦Rich Mahogany¦20;Rich Mahogany¦20;0
41705;Recipes/Work Bench/register;9571;Rich Mahogany Breastplate;734;;;1;;Work Bench;¦Rich Mahogany¦;¦Rich Mahogany¦30;Rich Mahogany¦30;0
41706;Recipes/Work Bench/register;9571;Rich Mahogany Greaves;735;;;1;;Work Bench;¦Rich Mahogany¦;¦Rich Mahogany¦25;Rich Mahogany¦25;0
41707;Recipes/Work Bench/register;9571;Boreal Wood Helmet;2509;;;1;;Work Bench;¦Boreal Wood¦;¦Boreal Wood¦20;Boreal Wood¦20;0
41708;Recipes/Work Bench/register;9571;Boreal Wood Breastplate;2510;;;1;;Work Bench;¦Boreal Wood¦;¦Boreal Wood¦30;Boreal Wood¦30;0
41709;Recipes/Work Bench/register;9571;Boreal Wood Greaves;2511;;;1;;Work Bench;¦Boreal Wood¦;¦Boreal Wood¦25;Boreal Wood¦25;0
41710;Recipes/Work Bench/register;9571;Boreal Wood Sword;2745;;;1;;Work Bench;¦Boreal Wood¦;¦Boreal Wood¦7;Boreal Wood¦7;0
41711;Recipes/Work Bench/register;9571;Boreal Wood Hammer;2746;;;1;;Work Bench;¦Boreal Wood¦;¦Boreal Wood¦8;Boreal Wood¦8;0
41712;Recipes/Work Bench/register;9571;Boreal Wood Bow;2747;;;1;;Work Bench;¦Boreal Wood¦;¦Boreal Wood¦10;Boreal Wood¦10;0
41713;Recipes/Work Bench/register;9571;Palm Wood Helmet;2512;;;1;;Work Bench;¦Palm Wood¦;¦Palm Wood¦20;Palm Wood¦20;0
41714;Recipes/Work Bench/register;9571;Palm Wood Breastplate;2513;;;1;;Work Bench;¦Palm Wood¦;¦Palm Wood¦30;Palm Wood¦30;0
41715;Recipes/Work Bench/register;9571;Palm Wood Greaves;2514;;;1;;Work Bench;¦Palm Wood¦;¦Palm Wood¦25;Palm Wood¦25;0
41716;Recipes/Work Bench/register;9571;Palm Wood Sword;2517;;;1;;Work Bench;¦Palm Wood¦;¦Palm Wood¦7;Palm Wood¦7;0
41717;Recipes/Work Bench/register;9571;Palm Wood Hammer;2516;;;1;;Work Bench;¦Palm Wood¦;¦Palm Wood¦8;Palm Wood¦8;0
41718;Recipes/Work Bench/register;9571;Palm Wood Bow;2515;;;1;;Work Bench;¦Palm Wood¦;¦Palm Wood¦10;Palm Wood¦10;0
41719;Recipes/Work Bench/register;9571;Rich Mahogany Sword;656;;;1;;Work Bench;¦Rich Mahogany¦;¦Rich Mahogany¦7;Rich Mahogany¦7;0
41720;Recipes/Work Bench/register;9571;Rich Mahogany Hammer;657;;;1;;Work Bench;¦Rich Mahogany¦;¦Rich Mahogany¦8;Rich Mahogany¦8;0
41721;Recipes/Work Bench/register;9571;Rich Mahogany Bow;658;;;1;;Work Bench;¦Rich Mahogany¦;¦Rich Mahogany¦10;Rich Mahogany¦10;0
41722;Recipes/Work Bench/register;9571;Ebonwood Helmet;730;;;1;;Work Bench;¦Ebonwood¦;¦Ebonwood¦20;Ebonwood¦20;0
41723;Recipes/Work Bench/register;9571;Ebonwood Breastplate;731;;;1;;Work Bench;¦Ebonwood¦;¦Ebonwood¦30;Ebonwood¦30;0
41724;Recipes/Work Bench/register;9571;Ebonwood Greaves;732;;;1;;Work Bench;¦Ebonwood¦;¦Ebonwood¦25;Ebonwood¦25;0
41725;Recipes/Work Bench/register;9571;Ebonwood Sword;653;;;1;;Work Bench;¦Ebonwood¦;¦Ebonwood¦7;Ebonwood¦7;0
41726;Recipes/Work Bench/register;9571;Ebonwood Hammer;654;;;1;;Work Bench;¦Ebonwood¦;¦Ebonwood¦8;Ebonwood¦8;0
41727;Recipes/Work Bench/register;9571;Ebonwood Bow;655;;;1;;Work Bench;¦Ebonwood¦;¦Ebonwood¦10;Ebonwood¦10;0
41728;Recipes/Work Bench/register;9571;Shadewood Helmet;924;;;1;;Work Bench;¦Shadewood¦;¦Shadewood¦20;Shadewood¦20;0
41729;Recipes/Work Bench/register;9571;Shadewood Breastplate;925;;;1;;Work Bench;¦Shadewood¦;¦Shadewood¦30;Shadewood¦30;0
41730;Recipes/Work Bench/register;9571;Shadewood Greaves;926;;;1;;Work Bench;¦Shadewood¦;¦Shadewood¦25;Shadewood¦25;0
41731;Recipes/Work Bench/register;9571;Shadewood Sword;921;;;1;;Work Bench;¦Shadewood¦;¦Shadewood¦7;Shadewood¦7;0
41732;Recipes/Work Bench/register;9571;Shadewood Hammer;922;;;1;;Work Bench;¦Shadewood¦;¦Shadewood¦8;Shadewood¦8;0
41733;Recipes/Work Bench/register;9571;Shadewood Bow;923;;;1;;Work Bench;¦Shadewood¦;¦Shadewood¦10;Shadewood¦10;0
41734;Recipes/Work Bench/register;9571;Pearlwood Helmet;736;;;1;;Work Bench;¦Pearlwood¦;¦Pearlwood¦20;Pearlwood¦20;0
41735;Recipes/Work Bench/register;9571;Pearlwood Breastplate;737;;;1;;Work Bench;¦Pearlwood¦;¦Pearlwood¦30;Pearlwood¦30;0
41736;Recipes/Work Bench/register;9571;Pearlwood Greaves;738;;;1;;Work Bench;¦Pearlwood¦;¦Pearlwood¦25;Pearlwood¦25;0
41737;Recipes/Work Bench/register;9571;Pearlwood Sword;659;;;1;;Work Bench;¦Pearlwood¦;¦Pearlwood¦7;Pearlwood¦7;0
41738;Recipes/Work Bench/register;9571;Pearlwood Hammer;660;;;1;;Work Bench;¦Pearlwood¦;¦Pearlwood¦8;Pearlwood¦8;0
41739;Recipes/Work Bench/register;9571;Pearlwood Bow;661;;;1;;Work Bench;¦Pearlwood¦;¦Pearlwood¦10;Pearlwood¦10;0
41740;Recipes/Work Bench/register;9571;Spooky Helmet;1832;;;1;;Work Bench;¦Spooky Wood¦;¦Spooky Wood¦200;Spooky Wood¦200;0
41741;Recipes/Work Bench/register;9571;Spooky Breastplate;1833;;;1;;Work Bench;¦Spooky Wood¦;¦Spooky Wood¦300;Spooky Wood¦300;0
41742;Recipes/Work Bench/register;9571;Spooky Leggings;1834;;;1;;Work Bench;¦Spooky Wood¦;¦Spooky Wood¦250;Spooky Wood¦250;0
41743;Recipes/Work Bench/register;9571;White Dynasty Wall;2263;;;4;;Work Bench;¦Dynasty Wood¦;¦Dynasty Wood¦1;Dynasty Wood¦1;0
41744;Recipes/Work Bench/register;9571;Dynasty Wood;2260;;;1;;Work Bench;¦White Dynasty Wall¦;¦White Dynasty Wall¦4;White Dynasty Wall¦4;0
41745;Recipes/Work Bench/register;9571;Blue Dynasty Wall;2264;;;4;;Work Bench;¦Dynasty Wood¦;¦Dynasty Wood¦1;Dynasty Wood¦1;0
41746;Recipes/Work Bench/register;9571;Dynasty Wood;2260;;;1;;Work Bench;¦Blue Dynasty Wall¦;¦Blue Dynasty Wall¦4;Blue Dynasty Wall¦4;0
41747;Recipes/Work Bench/register;9571;Dynasty Door;2265;;;1;;Work Bench;¦Dynasty Wood¦;¦Dynasty Wood¦6;Dynasty Wood¦6;0
41748;Recipes/Work Bench/register;9571;Dynasty Chair;2228;;;1;;Work Bench;¦Dynasty Wood¦;¦Dynasty Wood¦4;Dynasty Wood¦4;0
41749;Recipes/Work Bench/register;9571;Dynasty Chest;2230;;;1;;Work Bench;¦Dynasty Wood¦^¦Any Iron Bar¦;¦Any Iron Bar¦2^¦Dynasty Wood¦8;Dynasty Wood¦8^Any Iron Bar¦2;0
41750;Recipes/Work Bench/register;9571;Dynasty Sink;2849;;;1;;Work Bench;¦Dynasty Wood¦^¦Water Bucket¦;¦Dynasty Wood¦6^¦Water Bucket¦1;Dynasty Wood¦6^Water Bucket¦1;0
41751;Recipes/Work Bench/register;9571;Dynasty Table;2259;;;1;;Work Bench;¦Dynasty Wood¦;¦Dynasty Wood¦8;Dynasty Wood¦8;0
41752;Recipes/Work Bench/register;9571;Dynasty Lantern;2226;;;1;;Work Bench;¦Dynasty Wood¦^¦Torch¦;¦Dynasty Wood¦6^¦Torch¦1;Dynasty Wood¦6^Torch¦1;0
41753;Recipes/Work Bench/register;9571;Dynasty Candle;2236;;;1;;Work Bench;¦Dynasty Wood¦^¦Torch¦;¦Dynasty Wood¦4^¦Torch¦1;Dynasty Wood¦4^Torch¦1;0
41754;Recipes/Work Bench/register;9571;Large Dynasty Lantern;2224;;;1;;Work Bench;¦Dynasty Wood¦^¦Torch¦;¦Dynasty Wood¦4^¦Torch¦4;Dynasty Wood¦4^Torch¦4;0
41755;Recipes/Work Bench/register;9571;Dynasty Lamp;2225;;;1;;Work Bench;¦Torch¦^¦Dynasty Wood¦;¦Dynasty Wood¦3^¦Torch¦1;Torch¦1^Dynasty Wood¦3;0
41756;Recipes/Work Bench/register;9571;Large Dynasty Candle;2227;;;1;;Work Bench;¦Dynasty Wood¦^¦Torch¦;¦Dynasty Wood¦5^¦Torch¦3;Dynasty Wood¦5^Torch¦3;0
41757;Recipes/Work Bench/register;9571;Dynasty Bowl;2235;;;1;;Work Bench;¦Dynasty Wood¦;¦Dynasty Wood¦2;Dynasty Wood¦2;0
41758;Recipes/Work Bench/register;9571;Dynasty Cup;2234;;;1;;Work Bench;¦Dynasty Wood¦;¦Dynasty Wood¦2;Dynasty Wood¦2;0
41759;Recipes/Work Bench/register;9571;Pine Door;1924;;;1;;Work Bench;¦Pine Tree Block¦;¦Pine Tree Block¦6;Pine Tree Block¦6;0
41760;Recipes/Work Bench/register;9571;Pine Chair;1925;;;1;;Work Bench;¦Pine Tree Block¦;¦Pine Tree Block¦4;Pine Tree Block¦4;0
41761;Recipes/Work Bench/register;9571;Pine Table;1926;;;1;;Work Bench;¦Pine Tree Block¦;¦Pine Tree Block¦8;Pine Tree Block¦8;0
41762;Recipes/Work Bench/register;9571;Disc Wall;825;;;4;desktop console mobile;Work Bench;¦Sunplate Block¦;¦Sunplate Block¦1;Sunplate Block¦1;0
41763;Recipes/Work Bench/register;9571;Sunplate Block;824;;;1;;Work Bench;¦Disc Wall¦;¦Disc Wall¦4;Disc Wall¦4;0
41764;Recipes/Work Bench/register;9571;Cactus Helmet;894;;;1;;Work Bench;¦Cactus¦;¦Cactus¦20;Cactus¦20;0
41765;Recipes/Work Bench/register;9571;Cactus Breastplate;895;;;1;;Work Bench;¦Cactus¦;¦Cactus¦30;Cactus¦30;0
41766;Recipes/Work Bench/register;9571;Cactus Leggings;896;;;1;;Work Bench;¦Cactus¦;¦Cactus¦25;Cactus¦25;0
41767;Recipes/Work Bench/register;9571;Cactus Sword;881;;;1;;Work Bench;¦Cactus¦;¦Cactus¦10;Cactus¦10;0
41768;Recipes/Work Bench/register;9571;Cactus Pickaxe;882;;;1;;Work Bench;¦Cactus¦;¦Cactus¦15;Cactus¦15;0
41769;Recipes/Work Bench/register;9571;Cactus Wall;750;;;4;;Work Bench;¦Cactus¦;¦Cactus¦1;Cactus¦1;0
41770;Recipes/Work Bench/register;9571;Cactus;276;;;1;;Work Bench;¦Cactus Wall¦;¦Cactus Wall¦4;Cactus Wall¦4;0
41771;Recipes/Work Bench/register;9571;Cactus Door;816;;;1;;Work Bench;¦Cactus¦;¦Cactus¦6;Cactus¦6;0
41772;Recipes/Work Bench/register;9571;Cactus Chair;807;;;1;;Work Bench;¦Cactus¦;¦Cactus¦4;Cactus¦4;0
41773;Recipes/Work Bench/register;9571;Cactus Chest;2616;;;1;;Work Bench;¦Cactus¦^¦Any Iron Bar¦;¦Any Iron Bar¦2^¦Cactus¦8;Cactus¦8^Any Iron Bar¦2;0
41774;Recipes/Work Bench/register;9571;Cactus Lantern;2032;;;1;;Work Bench;¦Cactus¦^¦Torch¦;¦Cactus¦6^¦Torch¦1;Cactus¦6^Torch¦1;0
41775;Recipes/Work Bench/register;9571;Cactus Candle;2045;;;1;;Work Bench;¦Cactus¦^¦Torch¦;¦Cactus¦4^¦Torch¦1;Cactus¦4^Torch¦1;0
41776;Recipes/Work Bench/register;9571;Cactus Lamp;2082;;;1;;Work Bench;¦Torch¦^¦Cactus¦;¦Cactus¦3^¦Torch¦1;Torch¦1^Cactus¦3;0
41777;Recipes/Work Bench/register;9571;Cactus Candelabra;2092;;;1;;Work Bench;¦Cactus¦^¦Torch¦;¦Cactus¦5^¦Torch¦3;Cactus¦5^Torch¦3;0
41778;Recipes/Work Bench/register;9571;Cactus Sink;2854;;;1;;Work Bench;¦Cactus¦^¦Water Bucket¦;¦Cactus¦6^¦Water Bucket¦1;Cactus¦6^Water Bucket¦1;0
41779;Recipes/Work Bench/register;9571;Cactus Table;2743;;;1;;Work Bench;¦Cactus¦;¦Cactus¦8;Cactus¦8;0
41780;Recipes/Work Bench/register;9571;Pumpkin Candelabra;2668;;;1;;Work Bench;¦Pumpkin¦^¦Torch¦;¦Pumpkin¦5^¦Torch¦3;Pumpkin¦5^Torch¦3;0
41781;Recipes/Work Bench/register;9571;Pumpkin Door;1793;;;1;;Work Bench;¦Pumpkin¦;¦Pumpkin¦6;Pumpkin¦6;0
41782;Recipes/Work Bench/register;9571;Pumpkin Chair;1792;;;1;;Work Bench;¦Pumpkin¦;¦Pumpkin¦4;Pumpkin¦4;0
41783;Recipes/Work Bench/register;9571;Pumpkin Chest;2619;;;1;;Work Bench;¦Pumpkin¦^¦Any Iron Bar¦;¦Any Iron Bar¦2^¦Pumpkin¦8;Pumpkin¦8^Any Iron Bar¦2;0
41784;Recipes/Work Bench/register;9571;Pumpkin Sink;2846;;;1;;Work Bench;¦Pumpkin¦^¦Water Bucket¦;¦Pumpkin¦6^¦Water Bucket¦1;Pumpkin¦6^Water Bucket¦1;0
41785;Recipes/Work Bench/register;9571;Pumpkin Table;1794;;;1;;Work Bench;¦Pumpkin¦;¦Pumpkin¦8;Pumpkin¦8;0
41786;Recipes/Work Bench/register;9571;Jack 'O Lantern;1813;;;1;;Work Bench;¦Pumpkin¦^¦Torch¦;¦Pumpkin¦6^¦Torch¦1;Pumpkin¦6^Torch¦1;0
41787;Recipes/Work Bench/register;9571;Pumpkin Lamp;2643;;;1;;Work Bench;¦Torch¦^¦Pumpkin¦;¦Pumpkin¦3^¦Torch¦1;Torch¦1^Pumpkin¦3;0
41788;Recipes/Work Bench/register;9571;Pumpkin Lantern;2641;;;1;;Work Bench;¦Pumpkin¦^¦Torch¦;¦Pumpkin¦6^¦Torch¦1;Pumpkin¦6^Torch¦1;0
41789;Recipes/Work Bench/register;9571;Hanging Jack 'O Lantern;1808;;;1;;Work Bench;¦Pumpkin¦^¦Torch¦;¦Pumpkin¦4^¦Torch¦1;Pumpkin¦4^Torch¦1;0
41790;Recipes/Work Bench/register;9571;Pumpkin Candle;2054;;;1;;Work Bench;¦Pumpkin¦^¦Torch¦;¦Pumpkin¦4^¦Torch¦1;Pumpkin¦4^Torch¦1;0
41791;Recipes/Work Bench/register;9571;Jackelier;1812;;;1;;Work Bench;¦Pumpkin¦^¦Torch¦;¦Pumpkin¦12^¦Torch¦4;Pumpkin¦12^Torch¦4;0
41792;Recipes/Work Bench/register;9571;Pumpkin Helmet;1731;;;1;;Work Bench;¦Pumpkin¦;¦Pumpkin¦20;Pumpkin¦20;0
41793;Recipes/Work Bench/register;9571;Pumpkin Breastplate;1732;;;1;;Work Bench;¦Pumpkin¦;¦Pumpkin¦30;Pumpkin¦30;0
41794;Recipes/Work Bench/register;9571;Pumpkin Leggings;1733;;;1;;Work Bench;¦Pumpkin¦;¦Pumpkin¦25;Pumpkin¦25;0
41795;Recipes/Work Bench/register;9571;Spooky Door;1815;;;1;;Work Bench;¦Spooky Wood¦;¦Spooky Wood¦6;Spooky Wood¦6;0
41796;Recipes/Work Bench/register;9571;Spooky Chair;1814;;;1;;Work Bench;¦Spooky Wood¦;¦Spooky Wood¦4;Spooky Wood¦4;0
41797;Recipes/Work Bench/register;9571;Spooky Chest;2620;;;1;;Work Bench;¦Spooky Wood¦^¦Any Iron Bar¦;¦Any Iron Bar¦2^¦Spooky Wood¦8;Spooky Wood¦8^Any Iron Bar¦2;0
41798;Recipes/Work Bench/register;9571;Spooky Sink;2847;;;1;;Work Bench;¦Spooky Wood¦^¦Water Bucket¦;¦Spooky Wood¦6^¦Water Bucket¦1;Spooky Wood¦6^Water Bucket¦1;0
41799;Recipes/Work Bench/register;9571;Spooky Table;1816;;;1;;Work Bench;¦Spooky Wood¦;¦Spooky Wood¦8;Spooky Wood¦8;0
41800;Recipes/Work Bench/register;9571;Spooky Lantern;2043;;;1;;Work Bench;¦Spooky Wood¦^¦Torch¦;¦Spooky Wood¦6^¦Torch¦1;Spooky Wood¦6^Torch¦1;0
41801;Recipes/Work Bench/register;9571;Spooky Candle;2650;;;1;;Work Bench;¦Spooky Wood¦^¦Torch¦;¦Spooky Wood¦4^¦Torch¦1;Spooky Wood¦4^Torch¦1;0
41802;Recipes/Work Bench/register;9571;Spooky Lamp;2091;;;1;;Work Bench;¦Torch¦^¦Spooky Wood¦;¦Spooky Wood¦3^¦Torch¦1;Torch¦1^Spooky Wood¦3;0
41803;Recipes/Work Bench/register;9571;Spooky Candelabra;2103;;;1;;Work Bench;¦Spooky Wood¦^¦Torch¦;¦Spooky Wood¦5^¦Torch¦3;Spooky Wood¦5^Torch¦3;0
41804;Recipes/Work Bench/register;9571;Flesh Block Wall;770;;;4;;Work Bench;¦Flesh Block¦;¦Flesh Block¦1;Flesh Block¦1;0
41805;Recipes/Work Bench/register;9571;Flesh Block;763;;;1;;Work Bench;¦Flesh Block Wall¦;¦Flesh Block Wall¦4;Flesh Block Wall¦4;0
41806;Recipes/Work Bench/register;9571;Slime Block Wall;769;;;4;;Work Bench;¦Slime Block¦;¦Slime Block¦1;Slime Block¦1;0
41807;Recipes/Work Bench/register;9571;Slime Block;762;;;1;;Work Bench;¦Slime Block Wall¦;¦Slime Block Wall¦4;Slime Block Wall¦4;0
41808;Recipes/Work Bench/register;9571;Hive Wall;1126;;;4;;Work Bench;¦Hive¦;¦Hive¦1;Hive¦1;0
41809;Recipes/Work Bench/register;9571;Hive;1124;;;1;;Work Bench;¦Hive Wall¦;¦Hive Wall¦4;Hive Wall¦4;0
41810;Recipes/Work Bench/register;9571;Obsidian Chest;2618;;;1;;Work Bench;¦Obsidian¦^¦Hellstone¦^¦Any Iron Bar¦;¦Any Iron Bar¦2^¦Hellstone¦2^¦Obsidian¦6;Obsidian¦6^Hellstone¦2^Any Iron Bar¦2;0
41811;Recipes/Work Bench/register;9571;Obsidian Sink;2840;;;1;;Work Bench;¦Obsidian¦^¦Hellstone¦^¦Water Bucket¦;¦Hellstone¦2^¦Obsidian¦4^¦Water Bucket¦1;Obsidian¦4^Hellstone¦2^Water Bucket¦1;0
41812;Recipes/Work Bench/register;9571;Pink Dungeon Chest;2613;;;1;;Work Bench;¦Pink Brick¦^¦Any Iron Bar¦;¦Any Iron Bar¦2^¦Pink Brick¦8;Pink Brick¦8^Any Iron Bar¦2;0
41813;Recipes/Work Bench/register;9571;Pink Dungeon Sink;2839;;;1;;Work Bench;¦Pink Brick¦^¦Water Bucket¦;¦Pink Brick¦6^¦Water Bucket¦1;Pink Brick¦6^Water Bucket¦1;0
41814;Recipes/Work Bench/register;9571;Blue Dungeon Chest;2614;;;1;;Work Bench;¦Blue Brick¦^¦Any Iron Bar¦;¦Any Iron Bar¦2^¦Blue Brick¦8;Blue Brick¦8^Any Iron Bar¦2;0
41815;Recipes/Work Bench/register;9571;Blue Dungeon Sink;2837;;;1;;Work Bench;¦Blue Brick¦^¦Water Bucket¦;¦Blue Brick¦6^¦Water Bucket¦1;Blue Brick¦6^Water Bucket¦1;0
41816;Recipes/Work Bench/register;9571;Green Dungeon Chest;2612;;;1;;Work Bench;¦Green Brick¦^¦Any Iron Bar¦;¦Any Iron Bar¦2^¦Green Brick¦8;Green Brick¦8^Any Iron Bar¦2;0
41817;Recipes/Work Bench/register;9571;Green Dungeon Sink;2838;;;1;;Work Bench;¦Green Brick¦^¦Water Bucket¦;¦Green Brick¦6^¦Water Bucket¦1;Green Brick¦6^Water Bucket¦1;0
41818;Recipes/Work Bench/register;9571;Leather;259;;;1;;Work Bench;¦Rotten Chunk¦;¦Rotten Chunk¦5;Rotten Chunk¦5;0
41819;Recipes/Work Bench/register;9571;Archaeologist's Jacket;252;;;1;;Work Bench;¦Leather¦;¦Leather¦15;Leather¦15;0
41820;Recipes/Work Bench/register;9571;Archaeologist's Pants;253;;;1;;Work Bench;¦Leather¦;¦Leather¦15;Leather¦15;0
41821;Recipes/Work Bench/register;9571;Pink Snow Hood;978;;;1;;Work Bench;¦Snow Hood¦^¦Pink Thread¦;¦Pink Thread¦3^¦Snow Hood¦1;Snow Hood¦1^Pink Thread¦3;0
41822;Recipes/Work Bench/register;9571;Pink Snow Coat;979;;;1;;Work Bench;¦Snow Coat¦^¦Pink Thread¦;¦Pink Thread¦3^¦Snow Coat¦1;Snow Coat¦1^Pink Thread¦3;0
41823;Recipes/Work Bench/register;9571;Pink Snow Pants;980;;;1;;Work Bench;¦Snow Pants¦^¦Pink Thread¦;¦Pink Thread¦3^¦Snow Pants¦1;Snow Pants¦1^Pink Thread¦3;0
41824;Recipes/Work Bench/register;9571;Chimney;3365;;;1;;Work Bench;¦Gray Brick¦;¦Gray Brick¦10;Gray Brick¦10;0
41825;Recipes/Work Bench/register;9571;Fireplace;3364;;;1;;Work Bench;¦Gray Brick¦^¦Any Wood¦^¦Torch¦;¦Any Wood¦4^¦Gray Brick¦10^¦Torch¦2;Gray Brick¦10^Any Wood¦4^Torch¦2;0
41826;Recipes/Work Bench/register;9571;Furnace;33;;;1;desktop console mobile;Work Bench;¦Any Stone Block¦^¦Any Wood¦^¦Torch¦;¦Any Stone Block¦20^¦Any Wood¦4^¦Torch¦3;Any Stone Block¦20^Any Wood¦4^Torch¦3;0
41827;Recipes/Work Bench/register;9571;Armor Statue;360;;;1;;Work Bench;¦Stone Block¦;¦Stone Block¦50;Stone Block¦50;0
41828;Recipes/Work Bench/register;9571;Iron Anvil;35;;;1;;Work Bench;¦Iron Bar¦;¦Iron Bar¦5;Iron Bar¦5;0
41829;Recipes/Work Bench/register;9571;Lead Anvil;716;;;1;;Work Bench;¦Lead Bar¦;¦Lead Bar¦5;Lead Bar¦5;0
41830;Recipes/Work Bench/register;9571;Candle;105;;;1;;Work Bench;¦Gold Bar¦^¦Torch¦;¦Gold Bar¦1^¦Torch¦1;Gold Bar¦1^Torch¦1;0
41831;Recipes/Work Bench/register;9571;Peace Candle;3117;;;1;;Work Bench;¦Gold Bar¦^¦Pink Torch¦;¦Gold Bar¦2^¦Pink Torch¦1;Gold Bar¦2^Pink Torch¦1;0
41832;Recipes/Work Bench/register;9571;Candelabra;349;;;1;;Work Bench;¦Gold Bar¦^¦Torch¦;¦Gold Bar¦5^¦Torch¦3;Gold Bar¦5^Torch¦3;0
41833;Recipes/Work Bench/register;9571;Platinum Candle;713;;;1;;Work Bench;¦Platinum Bar¦^¦Torch¦;¦Platinum Bar¦1^¦Torch¦1;Platinum Bar¦1^Torch¦1;0
41834;Recipes/Work Bench/register;9571;Peace Candle;3117;;;1;;Work Bench;¦Platinum Bar¦^¦Pink Torch¦;¦Pink Torch¦1^¦Platinum Bar¦2;Platinum Bar¦2^Pink Torch¦1;0
41835;Recipes/Work Bench/register;9571;Platinum Candelabra;714;;;1;;Work Bench;¦Platinum Bar¦^¦Torch¦;¦Platinum Bar¦5^¦Torch¦3;Platinum Bar¦5^Torch¦3;0
41836;Recipes/Work Bench/register;9571;Necro Helmet;151;;;1;;Work Bench;¦Bone¦^¦Cobweb¦;¦Bone¦40^¦Cobweb¦40;Bone¦40^Cobweb¦40;0
41837;Recipes/Work Bench/register;9571;Necro Breastplate;152;;;1;;Work Bench;¦Bone¦^¦Cobweb¦;¦Bone¦60^¦Cobweb¦50;Bone¦60^Cobweb¦50;0
41838;Recipes/Work Bench/register;9571;Necro Greaves;153;;;1;;Work Bench;¦Bone¦^¦Cobweb¦;¦Bone¦50^¦Cobweb¦45;Bone¦50^Cobweb¦45;0
41839;Recipes/Work Bench/register;9571;Spinal Tap;5074;;;1;;Work Bench;¦Bone¦^¦Cobweb¦;¦Bone¦90^¦Cobweb¦55;Bone¦90^Cobweb¦55;0
41840;Recipes/Work Bench/register;9571;Goggles;37;;;1;desktop console mobile 3ds;Work Bench;¦Lens¦;¦Lens¦2;Lens¦2;0
41841;Recipes/Work Bench/register;9571;Sunglasses;237;;;1;desktop console mobile 3ds;Work Bench;¦Black Lens¦;¦Black Lens¦2;Black Lens¦2;0
41842;Recipes/Work Bench/register;9571;Flesh Cloning Vat;2193;;;1;;Work Bench and Ecto Mist;¦Decay Chamber¦^¦Soul of Night¦;¦Decay Chamber¦1^¦Soul of Night¦10;Decay Chamber¦1^Soul of Night¦10;0
41843;Recipes/Work Bench/register;9571;Decay Chamber;4142;;;1;;Work Bench and Ecto Mist;¦Flesh Cloning Vat¦^¦Soul of Night¦;¦Flesh Cloning Vat¦1^¦Soul of Night¦10;Flesh Cloning Vat¦1^Soul of Night¦10;0
41844;Recipes/Work Bench/register;9571;Music Box (Day Remix);4237;;;1;;Work Bench;¦Music Box (Overworld Day)¦^¦Martian Conduit Plating¦;¦Martian Conduit Plating¦25^¦Music Box (Overworld Day)¦1;Music Box (Overworld Day)¦1^Martian Conduit Plating¦25;0
41845;Recipes/Work Bench/register;9571;Shimmerfall Wall;5494;;;4;;Work Bench;¦Shimmerfall Block¦;¦Shimmerfall Block¦1;Shimmerfall Block¦1;0
41846;Recipes/Work Bench/register;9571;Fallen Star Wall;5623;;;4;;Work Bench;¦Fallen Star Block¦;¦Fallen Star Block¦1;Fallen Star Block¦1;0
41847;Recipes/Work Bench/register;9571;Feywood Wall;5711;;;4;;Work Bench;¦Feywood¦;¦Feywood¦1;Feywood¦1;0
41848;Recipes/Work Bench/register;9571;Hallowed Brick Wall;5734;;;4;;Work Bench;¦Hallowed Brick¦;¦Hallowed Brick¦1;Hallowed Brick¦1;0
41849;Recipes/Work Bench/register;9571;Pine Tree Wall;5919;;;4;;Work Bench;¦Pine Tree Block¦;¦Pine Tree Block¦1;Pine Tree Block¦1;0
41850;Recipes/Work Bench/register;9571;Easter Wall;5921;;;4;;Work Bench;¦Easter Block¦;¦Easter Block¦1;Easter Block¦1;0
41851;Recipes/Work Bench/register;9571;Gothic Brick Wall;5923;;;4;;Work Bench;¦Gothic Brick¦;¦Gothic Brick¦1;Gothic Brick¦1;0
41852;Recipes/Work Bench/register;9571;Flinx Fur Block;5924;;;20;;Work Bench;¦Flinx Fur¦;¦Flinx Fur¦1;Flinx Fur¦1;0
41853;Recipes/Work Bench/register;9571;Flinx Fur Wall;5925;;;4;;Work Bench;¦Flinx Fur Block¦;¦Flinx Fur Block¦1;Flinx Fur Block¦1;0
41854;Recipes/Work Bench/register;9571;Jellyfish Wall;5927;;;4;;Work Bench;¦Jellyfish Block¦;¦Jellyfish Block¦1;Jellyfish Block¦1;0
41855;Recipes/Work Bench/register;9571;Harpy Wall;5954;;;4;;Work Bench;¦Harpy Block¦;¦Harpy Block¦1;Harpy Block¦1;0
41856;Recipes/Work Bench/register;9571;Crescent Wall;5997;;;4;;Work Bench;¦Moonplate Block¦;¦Moonplate Block¦1;Moonplate Block¦1;0
41857;Recipes/Work Bench/register;9571;Librarian Wall;6020;;;4;;Work Bench;¦Librarian Block¦;¦Librarian Block¦1;Librarian Block¦1;0
41858;Recipes/Work Bench/register;9571;Spike Block;6042;;;5;;Work Bench;¦Stone Block¦^¦Spike¦;¦Spike¦1^¦Stone Block¦5;Stone Block¦5^Spike¦1;0
41859;Recipes/Work Bench/register;9571;Spike Wall;6043;;;4;;Work Bench;¦Spike Block¦;¦Spike Block¦1;Spike Block¦1;0
41860;Recipes/Work Bench/register;9571;Sharp Spike Block;6134;;;1;;Work Bench;¦Spike Block¦;¦Spike Block¦1;Spike Block¦1;0
41861;Recipes/Work Bench/register;9571;Spike Block;6042;;;1;;Work Bench;¦Sharp Spike Block¦;¦Sharp Spike Block¦1;Sharp Spike Block¦1;0
41862;Recipes/Work Bench/register;9571;Office Block;6065;;;10;;Work Bench;¦Any Wood¦^¦Gel¦;¦Any Wood¦10^¦Gel¦5;Any Wood¦10^Gel¦5;0
41863;Recipes/Work Bench/register;9571;Office Wall;6066;;;4;;Work Bench;¦Office Block¦;¦Office Block¦1;Office Block¦1;0
41864;Recipes/Work Bench/register;9571;Forbidden Block;6088;;;150;;Work Bench;¦Stone Block¦^¦Forbidden Fragment¦;¦Forbidden Fragment¦1^¦Stone Block¦150;Stone Block¦150^Forbidden Fragment¦1;0
41865;Recipes/Work Bench/register;9571;Forbidden Wall;6089;;;4;;Work Bench;¦Forbidden Block¦;¦Forbidden Block¦1;Forbidden Block¦1;0
41866;Recipes/Work Bench/register;9571;Aquarium Block;6109;;;1;;Work Bench and Water;¦Glass¦;¦Glass¦1;Glass¦1;0
41867;Recipes/Work Bench/register;9571;Aquarium Wall;6110;;;4;;Work Bench;¦Aquarium Block¦;¦Aquarium Block¦1;Aquarium Block¦1;0
41868;Recipes/Work Bench/register;9571;Boulder Wall;6133;;;4;;Work Bench;¦Boulder Block¦;¦Boulder Block¦1;Boulder Block¦1;0
41869;Recipes/Work Bench/register;9571;Pine Tree Block;1872;;;1;;Work Bench;¦Pine Wood¦;¦Pine Wood¦1;Pine Wood¦1;0
41870;Recipes/Work Bench/register;9571;Pine Wood;5930;;;1;;Work Bench;¦Pine Tree Block¦;¦Pine Tree Block¦1;Pine Tree Block¦1;0
41871;Recipes/Work Bench/register;9571;Pine Wood Wall;5931;;;4;;Work Bench;¦Pine Wood¦;¦Pine Wood¦1;Pine Wood¦1;0
41872;Recipes/Work Bench/register;9571;Copper Watch;15;;;1;desktop console mobile;Work Bench;¦Copper Bar¦^¦Chain¦;¦Chain¦1^¦Copper Bar¦10;Copper Bar¦10^Chain¦1;0
41873;Recipes/Work Bench/register;9571;Tin Watch;707;;;1;desktop console mobile;Work Bench;¦Tin Bar¦^¦Chain¦;¦Chain¦1^¦Tin Bar¦10;Tin Bar¦10^Chain¦1;0
41874;Recipes/Work Bench/register;9571;Silver Watch;16;;;1;desktop console mobile;Work Bench;¦Silver Bar¦^¦Chain¦;¦Chain¦1^¦Silver Bar¦10;Silver Bar¦10^Chain¦1;0
41875;Recipes/Work Bench/register;9571;Tungsten Watch;708;;;1;desktop console mobile;Work Bench;¦Tungsten Bar¦^¦Chain¦;¦Chain¦1^¦Tungsten Bar¦10;Tungsten Bar¦10^Chain¦1;0
41876;Recipes/Work Bench/register;9571;Gold Watch;17;;;1;desktop console mobile;Work Bench;¦Gold Bar¦^¦Chain¦;¦Chain¦1^¦Gold Bar¦10;Gold Bar¦10^Chain¦1;0
41877;Recipes/Work Bench/register;9571;Platinum Watch;709;;;1;desktop console mobile;Work Bench;¦Platinum Bar¦^¦Chain¦;¦Chain¦1^¦Platinum Bar¦10;Platinum Bar¦10^Chain¦1;0
41878;Recipes/Work Bench/register;9571;Scrying Orb;5644;;;1;;Work Bench;¦Any Magic Mirror¦^¦Lens¦^¦Wormhole Potion¦;¦Any Magic Mirror¦1^¦Lens¦2^¦Wormhole Potion¦4;Any Magic Mirror¦1^Lens¦2^Wormhole Potion¦4;0
41879;Recipes/Work Bench/register;9571;Shimmerfall Block;5493;;;1;;Work Bench;¦Shimmerfall Wall¦;¦Shimmerfall Wall¦4;Shimmerfall Wall¦4;0
41880;Recipes/Work Bench/register;9571;Fallen Star Block;5622;;;1;;Work Bench;¦Fallen Star Wall¦;¦Fallen Star Wall¦4;Fallen Star Wall¦4;0
41881;Recipes/Work Bench/register;9571;Feywood;5710;;;1;;Work Bench;¦Feywood Wall¦;¦Feywood Wall¦4;Feywood Wall¦4;0
41882;Recipes/Work Bench/register;9571;Hallowed Brick;5733;;;1;;Work Bench;¦Hallowed Brick Wall¦;¦Hallowed Brick Wall¦4;Hallowed Brick Wall¦4;0
41883;Recipes/Work Bench/register;9571;Pine Tree Block;1872;;;1;;Work Bench;¦Pine Tree Wall¦;¦Pine Tree Wall¦4;Pine Tree Wall¦4;0
41884;Recipes/Work Bench/register;9571;Easter Block;5920;;;1;;Work Bench;¦Easter Wall¦;¦Easter Wall¦4;Easter Wall¦4;0
41885;Recipes/Work Bench/register;9571;Gothic Brick;5922;;;1;;Work Bench;¦Gothic Brick Wall¦;¦Gothic Brick Wall¦4;Gothic Brick Wall¦4;0
41886;Recipes/Work Bench/register;9571;Flinx Fur Block;5924;;;1;;Work Bench;¦Flinx Fur Wall¦;¦Flinx Fur Wall¦4;Flinx Fur Wall¦4;0
41887;Recipes/Work Bench/register;9571;Jellyfish Block;5926;;;1;;Work Bench;¦Jellyfish Wall¦;¦Jellyfish Wall¦4;Jellyfish Wall¦4;0
41888;Recipes/Work Bench/register;9571;Harpy Block;5953;;;1;;Work Bench;¦Harpy Wall¦;¦Harpy Wall¦4;Harpy Wall¦4;0
41889;Recipes/Work Bench/register;9571;Moonplate Block;5996;;;1;;Work Bench;¦Crescent Wall¦;¦Crescent Wall¦4;Crescent Wall¦4;0
41890;Recipes/Work Bench/register;9571;Librarian Block;6019;;;1;;Work Bench;¦Librarian Wall¦;¦Librarian Wall¦4;Librarian Wall¦4;0
41891;Recipes/Work Bench/register;9571;Spike Block;6042;;;1;;Work Bench;¦Spike Wall¦;¦Spike Wall¦4;Spike Wall¦4;0
41892;Recipes/Work Bench/register;9571;Office Block;6065;;;1;;Work Bench;¦Office Wall¦;¦Office Wall¦4;Office Wall¦4;0
41893;Recipes/Work Bench/register;9571;Forbidden Block;6088;;;1;;Work Bench;¦Forbidden Wall¦;¦Forbidden Wall¦4;Forbidden Wall¦4;0
41894;Recipes/Work Bench/register;9571;Aquarium Block;6109;;;1;;Work Bench;¦Aquarium Wall¦;¦Aquarium Wall¦4;Aquarium Wall¦4;0
41895;Recipes/Work Bench/register;9571;Boulder Block;6132;;;1;;Work Bench;¦Boulder Wall¦;¦Boulder Wall¦4;Boulder Wall¦4;0
41896;Recipes/Work Bench/register;9571;Pine Wood;5930;;;1;;Work Bench;¦Pine Wood Wall¦;¦Pine Wood Wall¦4;Pine Wood Wall¦4;0
41897;Recipes/Work Bench/register;9571;Aetherium Candelabra;5552;;;1;;Work Bench;¦Aetherium Brick¦^¦Torch¦;¦Aetherium Brick¦5^¦Torch¦3;Aetherium Brick¦5^Torch¦3;0
41898;Recipes/Work Bench/register;9571;Aetherium Candle;5553;;;1;;Work Bench;¦Aetherium Brick¦^¦Torch¦;¦Aetherium Brick¦4^¦Torch¦1;Aetherium Brick¦4^Torch¦1;0
41899;Recipes/Work Bench/register;9571;Aetherium Chair;5554;;;1;;Work Bench;¦Aetherium Brick¦;¦Aetherium Brick¦4;Aetherium Brick¦4;0
41900;Recipes/Work Bench/register;9571;Aetherium Chest;5556;;;1;;Work Bench;¦Aetherium Brick¦^¦Any Iron Bar¦;¦Aetherium Brick¦8^¦Any Iron Bar¦2;Aetherium Brick¦8^Any Iron Bar¦2;0
41901;Recipes/Work Bench/register;9571;Aetherium Door;5558;;;1;;Work Bench;¦Aetherium Brick¦;¦Aetherium Brick¦6;Aetherium Brick¦6;0
41902;Recipes/Work Bench/register;9571;Aetherium Lamp;5559;;;1;;Work Bench;¦Torch¦^¦Aetherium Brick¦;¦Aetherium Brick¦3^¦Torch¦1;Torch¦1^Aetherium Brick¦3;0
41903;Recipes/Work Bench/register;9571;Aetherium Lantern;5560;;;1;;Work Bench;¦Aetherium Brick¦^¦Torch¦;¦Aetherium Brick¦6^¦Torch¦1;Aetherium Brick¦6^Torch¦1;0
41904;Recipes/Work Bench/register;9571;Aetherium Sink;5563;;;1;;Work Bench;¦Aetherium Brick¦^¦Water Bucket¦;¦Aetherium Brick¦6^¦Water Bucket¦1;Aetherium Brick¦6^Water Bucket¦1;0
41905;Recipes/Work Bench/register;9571;Aetherium Table;5565;;;1;;Work Bench;¦Aetherium Brick¦;¦Aetherium Brick¦8;Aetherium Brick¦8;0
41906;Recipes/Work Bench/register;9571;Fallen Star Candelabra;5605;;;1;;Work Bench;¦Fallen Star Block¦^¦Torch¦;¦Fallen Star Block¦5^¦Torch¦3;Fallen Star Block¦5^Torch¦3;0
41907;Recipes/Work Bench/register;9571;Fallen Star Candle;5606;;;1;;Work Bench;¦Fallen Star Block¦^¦Torch¦;¦Fallen Star Block¦4^¦Torch¦1;Fallen Star Block¦4^Torch¦1;0
41908;Recipes/Work Bench/register;9571;Fallen Star Chair;5607;;;1;;Work Bench;¦Fallen Star Block¦;¦Fallen Star Block¦4;Fallen Star Block¦4;0
41909;Recipes/Work Bench/register;9571;Fallen Star Chest;5609;;;1;;Work Bench;¦Fallen Star Block¦^¦Any Iron Bar¦;¦Any Iron Bar¦2^¦Fallen Star Block¦8;Fallen Star Block¦8^Any Iron Bar¦2;0
41910;Recipes/Work Bench/register;9571;Fallen Star Door;5611;;;1;;Work Bench;¦Fallen Star Block¦;¦Fallen Star Block¦6;Fallen Star Block¦6;0
41911;Recipes/Work Bench/register;9571;Fallen Star Lamp;5612;;;1;;Work Bench;¦Torch¦^¦Fallen Star Block¦;¦Fallen Star Block¦3^¦Torch¦1;Torch¦1^Fallen Star Block¦3;0
41912;Recipes/Work Bench/register;9571;Fallen Star Lantern;5613;;;1;;Work Bench;¦Fallen Star Block¦^¦Torch¦;¦Fallen Star Block¦6^¦Torch¦1;Fallen Star Block¦6^Torch¦1;0
41913;Recipes/Work Bench/register;9571;Fallen Star Sink;5616;;;1;;Work Bench;¦Fallen Star Block¦^¦Water Bucket¦;¦Fallen Star Block¦6^¦Water Bucket¦1;Fallen Star Block¦6^Water Bucket¦1;0
41914;Recipes/Work Bench/register;9571;Fallen Star Table;5618;;;1;;Work Bench;¦Fallen Star Block¦;¦Fallen Star Block¦8;Fallen Star Block¦8;0
41915;Recipes/Work Bench/register;9571;Hallowed Candelabra;5716;;;1;;Work Bench;¦Hallowed Brick¦^¦Torch¦;¦Hallowed Brick¦5^¦Torch¦3;Hallowed Brick¦5^Torch¦3;0
41916;Recipes/Work Bench/register;9571;Hallowed Candle;5717;;;1;;Work Bench;¦Hallowed Brick¦^¦Torch¦;¦Hallowed Brick¦4^¦Torch¦1;Hallowed Brick¦4^Torch¦1;0
41917;Recipes/Work Bench/register;9571;Hallowed Chair;5718;;;1;;Work Bench;¦Hallowed Brick¦;¦Hallowed Brick¦4;Hallowed Brick¦4;0
41918;Recipes/Work Bench/register;9571;Fancy Hallowed Chest;5720;;;1;;Work Bench;¦Hallowed Brick¦^¦Any Iron Bar¦;¦Any Iron Bar¦2^¦Hallowed Brick¦8;Hallowed Brick¦8^Any Iron Bar¦2;0
41919;Recipes/Work Bench/register;9571;Hallowed Door;5722;;;1;;Work Bench;¦Hallowed Brick¦;¦Hallowed Brick¦6;Hallowed Brick¦6;0
41920;Recipes/Work Bench/register;9571;Hallowed Lamp;5723;;;1;;Work Bench;¦Torch¦^¦Hallowed Brick¦;¦Hallowed Brick¦3^¦Torch¦1;Torch¦1^Hallowed Brick¦3;0
41921;Recipes/Work Bench/register;9571;Hallowed Lantern;5724;;;1;;Work Bench;¦Hallowed Brick¦^¦Torch¦;¦Hallowed Brick¦6^¦Torch¦1;Hallowed Brick¦6^Torch¦1;0
41922;Recipes/Work Bench/register;9571;Hallowed Sink;5727;;;1;;Work Bench;¦Hallowed Brick¦^¦Water Bucket¦;¦Hallowed Brick¦6^¦Water Bucket¦1;Hallowed Brick¦6^Water Bucket¦1;0
41923;Recipes/Work Bench/register;9571;Hallowed Table;5729;;;1;;Work Bench;¦Hallowed Brick¦;¦Hallowed Brick¦8;Hallowed Brick¦8;0
41924;Recipes/Work Bench/register;9571;Demonite Candelabra;5759;;;1;;Work Bench;¦Demonite Brick¦^¦Torch¦;¦Demonite Brick¦5^¦Torch¦3;Demonite Brick¦5^Torch¦3;0
41925;Recipes/Work Bench/register;9571;Demonite Candle;5760;;;1;;Work Bench;¦Demonite Brick¦^¦Torch¦;¦Demonite Brick¦4^¦Torch¦1;Demonite Brick¦4^Torch¦1;0
41926;Recipes/Work Bench/register;9571;Demonite Chair;5761;;;1;;Work Bench;¦Demonite Brick¦;¦Demonite Brick¦4;Demonite Brick¦4;0
41927;Recipes/Work Bench/register;9571;Demonite Chest;5763;;;1;;Work Bench;¦Demonite Brick¦^¦Any Iron Bar¦;¦Any Iron Bar¦2^¦Demonite Brick¦8;Demonite Brick¦8^Any Iron Bar¦2;0
41928;Recipes/Work Bench/register;9571;Demonite Door;5765;;;1;;Work Bench;¦Demonite Brick¦;¦Demonite Brick¦6;Demonite Brick¦6;0
41929;Recipes/Work Bench/register;9571;Demonite Lamp;5767;;;1;;Work Bench;¦Torch¦^¦Demonite Brick¦;¦Demonite Brick¦3^¦Torch¦1;Torch¦1^Demonite Brick¦3;0
41930;Recipes/Work Bench/register;9571;Demonite Lantern;5768;;;1;;Work Bench;¦Demonite Brick¦^¦Torch¦;¦Demonite Brick¦6^¦Torch¦1;Demonite Brick¦6^Torch¦1;0
41931;Recipes/Work Bench/register;9571;Demonite Sink;5771;;;1;;Work Bench;¦Demonite Brick¦^¦Water Bucket¦;¦Demonite Brick¦6^¦Water Bucket¦1;Demonite Brick¦6^Water Bucket¦1;0
41932;Recipes/Work Bench/register;9571;Demonite Table;5773;;;1;;Work Bench;¦Demonite Brick¦;¦Demonite Brick¦8;Demonite Brick¦8;0
41933;Recipes/Work Bench/register;9571;Crimtane Candelabra;5780;;;1;;Work Bench;¦Crimtane Brick¦^¦Torch¦;¦Crimtane Brick¦5^¦Torch¦3;Crimtane Brick¦5^Torch¦3;0
41934;Recipes/Work Bench/register;9571;Crimtane Candle;5781;;;1;;Work Bench;¦Crimtane Brick¦^¦Torch¦;¦Crimtane Brick¦4^¦Torch¦1;Crimtane Brick¦4^Torch¦1;0
41935;Recipes/Work Bench/register;9571;Crimtane Chair;5782;;;1;;Work Bench;¦Crimtane Brick¦;¦Crimtane Brick¦4;Crimtane Brick¦4;0
41936;Recipes/Work Bench/register;9571;Crimtane Chest;5784;;;1;;Work Bench;¦Crimtane Brick¦^¦Any Iron Bar¦;¦Any Iron Bar¦2^¦Crimtane Brick¦8;Crimtane Brick¦8^Any Iron Bar¦2;0
41937;Recipes/Work Bench/register;9571;Crimtane Door;5786;;;1;;Work Bench;¦Crimtane Brick¦;¦Crimtane Brick¦6;Crimtane Brick¦6;0
41938;Recipes/Work Bench/register;9571;Crimtane Lamp;5788;;;1;;Work Bench;¦Torch¦^¦Crimtane Brick¦;¦Crimtane Brick¦3^¦Torch¦1;Torch¦1^Crimtane Brick¦3;0
41939;Recipes/Work Bench/register;9571;Crimtane Lantern;5789;;;1;;Work Bench;¦Crimtane Brick¦^¦Torch¦;¦Crimtane Brick¦6^¦Torch¦1;Crimtane Brick¦6^Torch¦1;0
41940;Recipes/Work Bench/register;9571;Crimtane Sink;5792;;;1;;Work Bench;¦Crimtane Brick¦^¦Water Bucket¦;¦Crimtane Brick¦6^¦Water Bucket¦1;Crimtane Brick¦6^Water Bucket¦1;0
41941;Recipes/Work Bench/register;9571;Crimtane Table;5794;;;1;;Work Bench;¦Crimtane Brick¦;¦Crimtane Brick¦8;Crimtane Brick¦8;0
41942;Recipes/Work Bench/register;9571;Flinx Fur Candelabra;5822;;;1;;Work Bench;¦Flinx Fur Block¦^¦Torch¦;¦Flinx Fur Block¦5^¦Torch¦3;Flinx Fur Block¦5^Torch¦3;0
41943;Recipes/Work Bench/register;9571;Flinx Fur Candle;5823;;;1;;Work Bench;¦Flinx Fur Block¦^¦Torch¦;¦Flinx Fur Block¦4^¦Torch¦1;Flinx Fur Block¦4^Torch¦1;0
41944;Recipes/Work Bench/register;9571;Flinx Fur Chair;5824;;;1;;Work Bench;¦Flinx Fur Block¦;¦Flinx Fur Block¦4;Flinx Fur Block¦4;0
41945;Recipes/Work Bench/register;9571;Flinx Fur Chest;5826;;;1;;Work Bench;¦Flinx Fur Block¦^¦Any Iron Bar¦;¦Any Iron Bar¦2^¦Flinx Fur Block¦8;Flinx Fur Block¦8^Any Iron Bar¦2;0
41946;Recipes/Work Bench/register;9571;Flinx Fur Door;5828;;;1;;Work Bench;¦Flinx Fur Block¦;¦Flinx Fur Block¦6;Flinx Fur Block¦6;0
41947;Recipes/Work Bench/register;9571;Flinx Fur Lamp;5830;;;1;;Work Bench;¦Torch¦^¦Flinx Fur Block¦;¦Flinx Fur Block¦3^¦Torch¦1;Torch¦1^Flinx Fur Block¦3;0
41948;Recipes/Work Bench/register;9571;Flinx Fur Lantern;5831;;;1;;Work Bench;¦Flinx Fur Block¦^¦Torch¦;¦Flinx Fur Block¦6^¦Torch¦1;Flinx Fur Block¦6^Torch¦1;0
41949;Recipes/Work Bench/register;9571;Flinx Fur Sink;5834;;;1;;Work Bench;¦Flinx Fur Block¦^¦Water Bucket¦;¦Flinx Fur Block¦6^¦Water Bucket¦1;Flinx Fur Block¦6^Water Bucket¦1;0
41950;Recipes/Work Bench/register;9571;Flinx Fur Table;5836;;;1;;Work Bench;¦Flinx Fur Block¦;¦Flinx Fur Block¦8;Flinx Fur Block¦8;0
41951;Recipes/Work Bench/register;9571;Pine Candelabra;5843;;;1;;Work Bench;¦Pine Tree Block¦^¦Torch¦;¦Pine Tree Block¦5^¦Torch¦3;Pine Tree Block¦5^Torch¦3;0
41952;Recipes/Work Bench/register;9571;Pine Candle;5844;;;1;;Work Bench;¦Pine Tree Block¦^¦Torch¦;¦Pine Tree Block¦4^¦Torch¦1;Pine Tree Block¦4^Torch¦1;0
41953;Recipes/Work Bench/register;9571;Pine Chest;5846;;;1;;Work Bench;¦Pine Tree Block¦^¦Any Iron Bar¦;¦Any Iron Bar¦2^¦Pine Tree Block¦8;Pine Tree Block¦8^Any Iron Bar¦2;0
41954;Recipes/Work Bench/register;9571;Pine Lamp;5849;;;1;;Work Bench;¦Torch¦^¦Pine Tree Block¦;¦Pine Tree Block¦3^¦Torch¦1;Torch¦1^Pine Tree Block¦3;0
41955;Recipes/Work Bench/register;9571;Pine Lantern;5850;;;1;;Work Bench;¦Pine Tree Block¦^¦Torch¦;¦Pine Tree Block¦6^¦Torch¦1;Pine Tree Block¦6^Torch¦1;0
41956;Recipes/Work Bench/register;9571;Pine Sink;5853;;;1;;Work Bench;¦Pine Tree Block¦^¦Water Bucket¦;¦Pine Tree Block¦6^¦Water Bucket¦1;Pine Tree Block¦6^Water Bucket¦1;0
41957;Recipes/Work Bench/register;9571;Pine Candelabra;5843;;;1;;Work Bench;¦Pine Wood¦^¦Torch¦;¦Pine Wood¦5^¦Torch¦3;Pine Wood¦5^Torch¦3;0
41958;Recipes/Work Bench/register;9571;Pine Candle;5844;;;1;;Work Bench;¦Pine Wood¦^¦Torch¦;¦Pine Wood¦4^¦Torch¦1;Pine Wood¦4^Torch¦1;0
41959;Recipes/Work Bench/register;9571;Pine Chair;1925;;;1;;Work Bench;¦Pine Wood¦;¦Pine Wood¦4;Pine Wood¦4;0
41960;Recipes/Work Bench/register;9571;Pine Chest;5846;;;1;;Work Bench;¦Pine Wood¦^¦Any Iron Bar¦;¦Any Iron Bar¦2^¦Pine Wood¦8;Pine Wood¦8^Any Iron Bar¦2;0
41961;Recipes/Work Bench/register;9571;Pine Door;1924;;;1;;Work Bench;¦Pine Wood¦;¦Pine Wood¦6;Pine Wood¦6;0
41962;Recipes/Work Bench/register;9571;Pine Lamp;5849;;;1;;Work Bench;¦Torch¦^¦Pine Wood¦;¦Pine Wood¦3^¦Torch¦1;Torch¦1^Pine Wood¦3;0
41963;Recipes/Work Bench/register;9571;Pine Lantern;5850;;;1;;Work Bench;¦Pine Wood¦^¦Torch¦;¦Pine Wood¦6^¦Torch¦1;Pine Wood¦6^Torch¦1;0
41964;Recipes/Work Bench/register;9571;Pine Sink;5853;;;1;;Work Bench;¦Pine Wood¦^¦Water Bucket¦;¦Pine Wood¦6^¦Water Bucket¦1;Pine Wood¦6^Water Bucket¦1;0
41965;Recipes/Work Bench/register;9571;Pine Table;1926;;;1;;Work Bench;¦Pine Wood¦;¦Pine Wood¦8;Pine Wood¦8;0
41966;Recipes/Work Bench/register;9571;Easter Candelabra;5861;;;1;;Work Bench;¦Easter Block¦^¦Torch¦;¦Easter Block¦5^¦Torch¦3;Easter Block¦5^Torch¦3;0
41967;Recipes/Work Bench/register;9571;Easter Candle;5862;;;1;;Work Bench;¦Easter Block¦^¦Torch¦;¦Easter Block¦4^¦Torch¦1;Easter Block¦4^Torch¦1;0
41968;Recipes/Work Bench/register;9571;Easter Chair;5863;;;1;;Work Bench;¦Easter Block¦;¦Easter Block¦4;Easter Block¦4;0
41969;Recipes/Work Bench/register;9571;Easter Chest;5865;;;1;;Work Bench;¦Easter Block¦^¦Any Iron Bar¦;¦Any Iron Bar¦2^¦Easter Block¦8;Easter Block¦8^Any Iron Bar¦2;0
41970;Recipes/Work Bench/register;9571;Easter Door;5867;;;1;;Work Bench;¦Easter Block¦;¦Easter Block¦6;Easter Block¦6;0
41971;Recipes/Work Bench/register;9571;Easter Lamp;5869;;;1;;Work Bench;¦Torch¦^¦Easter Block¦;¦Easter Block¦3^¦Torch¦1;Torch¦1^Easter Block¦3;0
41972;Recipes/Work Bench/register;9571;Easter Lantern;5870;;;1;;Work Bench;¦Easter Block¦^¦Torch¦;¦Easter Block¦6^¦Torch¦1;Easter Block¦6^Torch¦1;0
41973;Recipes/Work Bench/register;9571;Easter Sink;5873;;;1;;Work Bench;¦Easter Block¦^¦Water Bucket¦;¦Easter Block¦6^¦Water Bucket¦1;Easter Block¦6^Water Bucket¦1;0
41974;Recipes/Work Bench/register;9571;Easter Table;5875;;;1;;Work Bench;¦Easter Block¦;¦Easter Block¦8;Easter Block¦8;0
41975;Recipes/Work Bench/register;9571;Jellyfish Candelabra;5901;;;1;;Work Bench;¦Jellyfish Block¦^¦Torch¦;¦Jellyfish Block¦5^¦Torch¦3;Jellyfish Block¦5^Torch¦3;0
41976;Recipes/Work Bench/register;9571;Jellyfish Candle;5902;;;1;;Work Bench;¦Jellyfish Block¦^¦Torch¦;¦Jellyfish Block¦4^¦Torch¦1;Jellyfish Block¦4^Torch¦1;0
41977;Recipes/Work Bench/register;9571;Jellyfish Chair;5903;;;1;;Work Bench;¦Jellyfish Block¦;¦Jellyfish Block¦4;Jellyfish Block¦4;0
41978;Recipes/Work Bench/register;9571;Jellyfish Chest;5905;;;1;;Work Bench;¦Jellyfish Block¦^¦Any Iron Bar¦;¦Any Iron Bar¦2^¦Jellyfish Block¦8;Jellyfish Block¦8^Any Iron Bar¦2;0
41979;Recipes/Work Bench/register;9571;Jellyfish Door;5907;;;1;;Work Bench;¦Jellyfish Block¦;¦Jellyfish Block¦6;Jellyfish Block¦6;0
41980;Recipes/Work Bench/register;9571;Jellyfish Lamp;5909;;;1;;Work Bench;¦Torch¦^¦Jellyfish Block¦;¦Jellyfish Block¦3^¦Torch¦1;Torch¦1^Jellyfish Block¦3;0
41981;Recipes/Work Bench/register;9571;Jellyfish Lantern;5910;;;1;;Work Bench;¦Jellyfish Block¦^¦Torch¦;¦Jellyfish Block¦6^¦Torch¦1;Jellyfish Block¦6^Torch¦1;0
41982;Recipes/Work Bench/register;9571;Jellyfish Sink;5913;;;1;;Work Bench;¦Jellyfish Block¦^¦Water Bucket¦;¦Jellyfish Block¦6^¦Water Bucket¦1;Jellyfish Block¦6^Water Bucket¦1;0
41983;Recipes/Work Bench/register;9571;Jellyfish Table;5915;;;1;;Work Bench;¦Jellyfish Block¦;¦Jellyfish Block¦8;Jellyfish Block¦8;0
41984;Recipes/Work Bench/register;9571;Spike Candelabra;6024;;;1;;Work Bench;¦Spike Block¦^¦Torch¦;¦Spike Block¦5^¦Torch¦3;Spike Block¦5^Torch¦3;0
41985;Recipes/Work Bench/register;9571;Spike Candle;6025;;;1;;Work Bench;¦Spike Block¦^¦Torch¦;¦Spike Block¦4^¦Torch¦1;Spike Block¦4^Torch¦1;0
41986;Recipes/Work Bench/register;9571;Spike Chair;6026;;;1;;Work Bench;¦Spike Block¦;¦Spike Block¦4;Spike Block¦4;0
41987;Recipes/Work Bench/register;9571;Spike Chest;6028;;;1;;Work Bench;¦Spike Block¦^¦Any Iron Bar¦;¦Any Iron Bar¦2^¦Spike Block¦8;Spike Block¦8^Any Iron Bar¦2;0
41988;Recipes/Work Bench/register;9571;Spike Door;6030;;;1;;Work Bench;¦Spike Block¦;¦Spike Block¦6;Spike Block¦6;0
41989;Recipes/Work Bench/register;9571;Spike Lamp;6032;;;1;;Work Bench;¦Torch¦^¦Spike Block¦;¦Spike Block¦3^¦Torch¦1;Torch¦1^Spike Block¦3;0
41990;Recipes/Work Bench/register;9571;Spike Lantern;6033;;;1;;Work Bench;¦Spike Block¦^¦Torch¦;¦Spike Block¦6^¦Torch¦1;Spike Block¦6^Torch¦1;0
41991;Recipes/Work Bench/register;9571;Spike Sink;6036;;;1;;Work Bench;¦Spike Block¦^¦Water Bucket¦;¦Spike Block¦6^¦Water Bucket¦1;Spike Block¦6^Water Bucket¦1;0
41992;Recipes/Work Bench/register;9571;Spike Table;6038;;;1;;Work Bench;¦Spike Block¦;¦Spike Block¦8;Spike Block¦8;0
41993;Recipes/Work Bench/register;9571;Office Candelabra;6047;;;1;;Work Bench;¦Office Block¦^¦Torch¦;¦Office Block¦5^¦Torch¦3;Office Block¦5^Torch¦3;0
41994;Recipes/Work Bench/register;9571;Office Candle;6048;;;1;;Work Bench;¦Office Block¦^¦Torch¦;¦Office Block¦4^¦Torch¦1;Office Block¦4^Torch¦1;0
41995;Recipes/Work Bench/register;9571;Office Chair;6049;;;1;;Work Bench;¦Office Block¦;¦Office Block¦4;Office Block¦4;0
41996;Recipes/Work Bench/register;9571;Office Chest;6051;;;1;;Work Bench;¦Office Block¦^¦Any Iron Bar¦;¦Any Iron Bar¦2^¦Office Block¦8;Office Block¦8^Any Iron Bar¦2;0
41997;Recipes/Work Bench/register;9571;Office Door;6053;;;1;;Work Bench;¦Office Block¦;¦Office Block¦6;Office Block¦6;0
41998;Recipes/Work Bench/register;9571;Office Lamp;6055;;;1;;Work Bench;¦Torch¦^¦Office Block¦;¦Office Block¦3^¦Torch¦1;Torch¦1^Office Block¦3;0
41999;Recipes/Work Bench/register;9571;Office Lantern;6056;;;1;;Work Bench;¦Office Block¦^¦Torch¦;¦Office Block¦6^¦Torch¦1;Office Block¦6^Torch¦1;0
42000;Recipes/Work Bench/register;9571;Office Sink;6059;;;1;;Work Bench;¦Office Block¦^¦Water Bucket¦;¦Office Block¦6^¦Water Bucket¦1;Office Block¦6^Water Bucket¦1;0
42001;Recipes/Work Bench/register;9571;Office Table;6061;;;1;;Work Bench;¦Office Block¦;¦Office Block¦8;Office Block¦8;0
42002;Recipes/Work Bench/register;9571;Forbidden Candelabra;6070;;;1;;Work Bench;¦Forbidden Block¦^¦Torch¦;¦Forbidden Block¦5^¦Torch¦3;Forbidden Block¦5^Torch¦3;0
42003;Recipes/Work Bench/register;9571;Forbidden Candle;6071;;;1;;Work Bench;¦Forbidden Block¦^¦Torch¦;¦Forbidden Block¦4^¦Torch¦1;Forbidden Block¦4^Torch¦1;0
42004;Recipes/Work Bench/register;9571;Forbidden Chair;6072;;;1;;Work Bench;¦Forbidden Block¦;¦Forbidden Block¦4;Forbidden Block¦4;0
42005;Recipes/Work Bench/register;9571;Forbidden Chest;6074;;;1;;Work Bench;¦Forbidden Block¦^¦Any Iron Bar¦;¦Any Iron Bar¦2^¦Forbidden Block¦8;Forbidden Block¦8^Any Iron Bar¦2;0
42006;Recipes/Work Bench/register;9571;Forbidden Door;6076;;;1;;Work Bench;¦Forbidden Block¦;¦Forbidden Block¦6;Forbidden Block¦6;0
42007;Recipes/Work Bench/register;9571;Forbidden Lamp;6078;;;1;;Work Bench;¦Torch¦^¦Forbidden Block¦;¦Forbidden Block¦3^¦Torch¦1;Torch¦1^Forbidden Block¦3;0
42008;Recipes/Work Bench/register;9571;Forbidden Lantern;6079;;;1;;Work Bench;¦Forbidden Block¦^¦Torch¦;¦Forbidden Block¦6^¦Torch¦1;Forbidden Block¦6^Torch¦1;0
42009;Recipes/Work Bench/register;9571;Forbidden Sink;6082;;;1;;Work Bench;¦Forbidden Block¦^¦Water Bucket¦;¦Forbidden Block¦6^¦Water Bucket¦1;Forbidden Block¦6^Water Bucket¦1;0
42010;Recipes/Work Bench/register;9571;Forbidden Table;6084;;;1;;Work Bench;¦Forbidden Block¦;¦Forbidden Block¦8;Forbidden Block¦8;0
42011;Recipes/Work Bench/register;9571;Aquarium Candelabra;6093;;;1;;Work Bench;¦Aquarium Block¦^¦Torch¦;¦Aquarium Block¦5^¦Torch¦3;Aquarium Block¦5^Torch¦3;0
42012;Recipes/Work Bench/register;9571;Aquarium Candle;6094;;;1;;Work Bench;¦Aquarium Block¦^¦Torch¦;¦Aquarium Block¦4^¦Torch¦1;Aquarium Block¦4^Torch¦1;0
42013;Recipes/Work Bench/register;9571;Aquarium Chair;6095;;;1;;Work Bench;¦Aquarium Block¦;¦Aquarium Block¦4;Aquarium Block¦4;0
42014;Recipes/Work Bench/register;9571;Water Chest;1298;;;1;;Work Bench;¦Aquarium Block¦^¦Any Iron Bar¦;¦Any Iron Bar¦2^¦Aquarium Block¦8;Aquarium Block¦8^Any Iron Bar¦2;0
42015;Recipes/Work Bench/register;9571;Aquarium Door;6098;;;1;;Work Bench;¦Aquarium Block¦;¦Aquarium Block¦6;Aquarium Block¦6;0
42016;Recipes/Work Bench/register;9571;Aquarium Lamp;6100;;;1;;Work Bench;¦Torch¦^¦Aquarium Block¦;¦Aquarium Block¦3^¦Torch¦1;Torch¦1^Aquarium Block¦3;0
42017;Recipes/Work Bench/register;9571;Aquarium Lantern;6101;;;1;;Work Bench;¦Aquarium Block¦^¦Torch¦;¦Aquarium Block¦6^¦Torch¦1;Aquarium Block¦6^Torch¦1;0
42018;Recipes/Work Bench/register;9571;Aquarium Sink;6104;;;1;;Work Bench;¦Aquarium Block¦^¦Water Bucket¦;¦Aquarium Block¦6^¦Water Bucket¦1;Aquarium Block¦6^Water Bucket¦1;0
42019;Recipes/Work Bench/register;9571;Aquarium Table;6106;;;1;;Work Bench;¦Aquarium Block¦;¦Aquarium Block¦8;Aquarium Block¦8;0
42020;Recipes/Work Bench/register;9571;Music Box (Torch God);5638;;#note_torch_gods_favor;1;;Work Bench;¦Music Box¦^¦Torch God's Flavor¦^¦Torch¦;¦Music Box¦1^¦Torch God's Flavor¦2^¦Torch¦101;Music Box¦1^Torch God's Flavor¦2^Torch¦101;0
42309;Recipes/Shimmer/register;59759;Dirt Block;2;;;1;;Shimmer;¦Stone Block¦;¦Stone Block¦1;Stone Block¦1;0
42310;Recipes/Shimmer/register;59759;Dirt Block;2;;;1;;Shimmer;¦Wood¦;¦Wood¦1;Wood¦1;0
42311;Recipes/Shimmer/register;59759;Tin Ore;699;;;1;;Shimmer;¦Iron Ore¦;¦Iron Ore¦1;Iron Ore¦1;0
42312;Recipes/Shimmer/register;59759;Clay Block;133;;;1;;Shimmer;¦Copper Ore¦;¦Copper Ore¦1;Copper Ore¦1;0
42313;Recipes/Shimmer/register;59759;Tungsten Ore;701;;;1;;Shimmer;¦Gold Ore¦;¦Gold Ore¦1;Gold Ore¦1;0
42314;Recipes/Shimmer/register;59759;Lead Ore;700;;;1;;Shimmer;¦Silver Ore¦;¦Silver Ore¦1;Silver Ore¦1;0
42315;Recipes/Shimmer/register;59759;Vital Crystal;5337;;;1;;Shimmer;¦Life Crystal¦;¦Life Crystal¦1;Life Crystal¦1;0
42316;Recipes/Shimmer/register;59759;Natural Dirt Wall;5546;;;1;;Shimmer;¦Dirt Wall¦;¦Dirt Wall¦1;Dirt Wall¦1;0
42317;Recipes/Shimmer/register;59759;Shimmer Arrow;5348;;;1;;Shimmer;¦Wooden Arrow¦;¦Wooden Arrow¦1;Wooden Arrow¦1;0
42318;Recipes/Shimmer/register;59759;Aether Monolith;5347;;;1;;Shimmer;¦Angel Statue¦;¦Angel Statue¦1;Angel Statue¦1;0
42319;Recipes/Shimmer/register;59759;Mushroom;5;;;1;;Shimmer;¦Vile Mushroom¦;¦Vile Mushroom¦1;Vile Mushroom¦1;0
42320;Recipes/Shimmer/register;59759;Purification Powder;66;;;1;;Shimmer;¦Vile Powder¦;¦Vile Powder¦1;Vile Powder¦1;0
42321;Recipes/Shimmer/register;59759;Ancient Iron Helmet;954;;;1;;Shimmer;¦Iron Helmet¦;¦Iron Helmet¦1;Iron Helmet¦1;0
42322;Recipes/Shimmer/register;59759;Ancient Gold Helmet;955;;;1;;Shimmer;¦Gold Helmet¦;¦Gold Helmet¦1;Gold Helmet¦1;0
42323;Recipes/Shimmer/register;59759;Ancient Shadow Greaves;958;;;1;;Shimmer;¦Shadow Greaves¦;¦Shadow Greaves¦1;Shadow Greaves¦1;0
42324;Recipes/Shimmer/register;59759;Ancient Shadow Scalemail;957;;;1;;Shimmer;¦Shadow Scalemail¦;¦Shadow Scalemail¦1;Shadow Scalemail¦1;0
42325;Recipes/Shimmer/register;59759;Ancient Shadow Helmet;956;;;1;;Shimmer;¦Shadow Helmet¦;¦Shadow Helmet¦1;Shadow Helmet¦1;0
42326;Recipes/Shimmer/register;59759;Arcane Crystal;5339;;;1;;Shimmer;¦Mana Crystal¦;¦Mana Crystal¦1;Mana Crystal¦1;0
42327;Recipes/Shimmer/register;59759;Stone Block;3;;;1;;Shimmer;¦Clay Block¦;¦Clay Block¦1;Clay Block¦1;0
42328;Recipes/Shimmer/register;59759;Ancient Blue Brick;5417;;;1;;Shimmer;¦Blue Brick¦;¦Blue Brick¦1;Blue Brick¦1;0
42329;Recipes/Shimmer/register;59759;Cursed Blue Brick Wall;5365;;;1;;Shimmer;¦Blue Brick Wall¦;¦Blue Brick Wall¦1;Blue Brick Wall¦1;0
42330;Recipes/Shimmer/register;59759;Brass Lantern;1390;;;1;;Shimmer;¦Chain Lantern¦;¦Chain Lantern¦1;Chain Lantern¦1;0
42331;Recipes/Shimmer/register;59759;Ancient Green Brick;5419;;;1;;Shimmer;¦Green Brick¦;¦Green Brick¦1;Green Brick¦1;0
42332;Recipes/Shimmer/register;59759;Cursed Green Brick Wall;5371;;;1;;Shimmer;¦Green Brick Wall¦;¦Green Brick Wall¦1;Green Brick Wall¦1;0
42333;Recipes/Shimmer/register;59759;Ancient Pink Brick;5421;;;1;;Shimmer;¦Pink Brick¦;¦Pink Brick¦1;Pink Brick¦1;0
42334;Recipes/Shimmer/register;59759;Cursed Pink Brick Wall;5368;;;1;;Shimmer;¦Pink Brick Wall¦;¦Pink Brick Wall¦1;Pink Brick Wall¦1;0
42335;Recipes/Shimmer/register;59759;Ancient Gold Brick;5423;;;1;;Shimmer;¦Gold Brick¦;¦Gold Brick¦1;Gold Brick¦1;0
42336;Recipes/Shimmer/register;59759;Ancient Silver Brick;5425;;;1;;Shimmer;¦Silver Brick¦;¦Silver Brick¦1;Silver Brick¦1;0
42337;Recipes/Shimmer/register;59759;Ancient Copper Brick;5427;;;1;;Shimmer;¦Copper Brick¦;¦Copper Brick¦1;Copper Brick¦1;0
42338;Recipes/Shimmer/register;59759;Ancient Necro Helmet;959;;;1;;Shimmer;¦Necro Helmet¦;¦Necro Helmet¦1;Necro Helmet¦1;0
42339;Recipes/Shimmer/register;59759;Topaz;180;;;1;;Shimmer;¦Sapphire¦;¦Sapphire¦1;Sapphire¦1;0
42340;Recipes/Shimmer/register;59759;Emerald;179;;;1;;Shimmer;¦Ruby¦;¦Ruby¦1;Ruby¦1;0
42341;Recipes/Shimmer/register;59759;Sapphire;177;;;1;;Shimmer;¦Emerald¦;¦Emerald¦1;Emerald¦1;0
42342;Recipes/Shimmer/register;59759;Amethyst;181;;;1;;Shimmer;¦Topaz¦;¦Topaz¦1;Topaz¦1;0
42343;Recipes/Shimmer/register;59759;Clay Block;133;;;1;;Shimmer;¦Amethyst¦;¦Amethyst¦1;Amethyst¦1;0
42344;Recipes/Shimmer/register;59759;Ruby;178;;;1;;Shimmer;¦Diamond¦;¦Diamond¦1;Diamond¦1;0
42345;Recipes/Shimmer/register;59759;Ancient Obsidian Brick;5433;;;1;;Shimmer;¦Obsidian Brick¦;¦Obsidian Brick¦1;Obsidian Brick¦1;0
42346;Recipes/Shimmer/register;59759;Jungle Grass Seeds;195;;;1;;Shimmer;¦Mushroom Grass Seeds¦;¦Mushroom Grass Seeds¦1;Mushroom Grass Seeds¦1;0
42347;Recipes/Shimmer/register;59759;Mushroom Grass Seeds;194;;;1;;Shimmer;¦Jungle Grass Seeds¦;¦Jungle Grass Seeds¦1;Jungle Grass Seeds¦1;0
42348;Recipes/Shimmer/register;59759;Lava Bucket;207;;;1;;Shimmer;¦Water Bucket¦;¦Water Bucket¦1;Water Bucket¦1;0
42349;Recipes/Shimmer/register;59759;Honey Bucket;1128;;;1;;Shimmer;¦Lava Bucket¦;¦Lava Bucket¦1;Lava Bucket¦1;0
42350;Recipes/Shimmer/register;59759;Ancient Hellstone Brick;5435;;;1;;Shimmer;¦Hellstone Brick¦;¦Hellstone Brick¦1;Hellstone Brick¦1;0
42351;Recipes/Shimmer/register;59759;Gas Trap;5346;;;1;;Shimmer;¦Whoopie Cushion¦;¦Whoopie Cushion¦1;Whoopie Cushion¦1;0
42352;Recipes/Shimmer/register;59759;Ancient Cobalt Helmet;960;;;1;;Shimmer;¦Jungle Hat¦;¦Jungle Hat¦1;Jungle Hat¦1;0
42353;Recipes/Shimmer/register;59759;Ancient Cobalt Breastplate;961;;;1;;Shimmer;¦Jungle Shirt¦;¦Jungle Shirt¦1;Jungle Shirt¦1;0
42354;Recipes/Shimmer/register;59759;Ancient Cobalt Leggings;962;;;1;;Shimmer;¦Jungle Pants¦;¦Jungle Pants¦1;Jungle Pants¦1;0
42355;Recipes/Shimmer/register;59759;Shimmer Arrow;5348;;;1;;Shimmer;¦Hellfire Arrow¦;¦Hellfire Arrow¦1;Hellfire Arrow¦1;0
42356;Recipes/Shimmer/register;59759;Pumpkin;1725;;;1;;Shimmer;¦Cactus¦;¦Cactus¦1;Cactus¦1;0
42357;Recipes/Shimmer/register;59759;Trident;277;;;1;;Shimmer;¦Spear¦;¦Spear¦1;Spear¦1;0
42358;Recipes/Shimmer/register;59759;Living Loom;2196;;;1;;Shimmer;¦Loom¦;¦Loom¦1;Loom¦1;0
42359;Recipes/Shimmer/register;59759;Ale;353;;;1;;Shimmer;¦Mug¦;¦Mug¦1;Mug¦1;0
42360;Recipes/Shimmer/register;59759;Platinum Ore;702;;;1;;Shimmer;¦Cobalt Ore¦;¦Cobalt Ore¦1;Cobalt Ore¦1;0
42361;Recipes/Shimmer/register;59759;Palladium Ore;1104;;;1;;Shimmer;¦Mythril Ore¦;¦Mythril Ore¦1;Mythril Ore¦1;0
42362;Recipes/Shimmer/register;59759;Orichalcum Ore;1105;;;1;;Shimmer;¦Adamantite Ore¦;¦Adamantite Ore¦1;Adamantite Ore¦1;0
42363;Recipes/Shimmer/register;59759;Mining Pants;411;;;1;;Shimmer;¦Mining Shirt¦;¦Mining Shirt¦1;Mining Shirt¦1;0
42364;Recipes/Shimmer/register;59759;Mining Shirt;410;;;1;;Shimmer;¦Mining Pants¦;¦Mining Pants¦1;Mining Pants¦1;0
42365;Recipes/Shimmer/register;59759;Ancient Cobalt Brick;5429;;;1;;Shimmer;¦Cobalt Brick¦;¦Cobalt Brick¦1;Cobalt Brick¦1;0
42366;Recipes/Shimmer/register;59759;Ancient Mythril Brick;5431;;;1;;Shimmer;¦Mythril Brick¦;¦Mythril Brick¦1;Mythril Brick¦1;0
42367;Recipes/Shimmer/register;59759;Summoner Emblem;2998;;;1;;Shimmer;¦Sorcerer Emblem¦;¦Sorcerer Emblem¦1;Sorcerer Emblem¦1;0
42368;Recipes/Shimmer/register;59759;Ranger Emblem;491;;;1;;Shimmer;¦Warrior Emblem¦;¦Warrior Emblem¦1;Warrior Emblem¦1;0
42369;Recipes/Shimmer/register;59759;Sorcerer Emblem;489;;;1;;Shimmer;¦Ranger Emblem¦;¦Ranger Emblem¦1;Ranger Emblem¦1;0
42370;Recipes/Shimmer/register;59759;Advanced Combat Techniques: Volume Two;5336;;;1;;Shimmer;¦Spell Tome¦;¦Spell Tome¦1;Spell Tome¦1;0
42371;Recipes/Shimmer/register;59759;Chromatic Cloak;5355;;;1;;Shimmer;¦Star Cloak¦;¦Star Cloak¦1;Star Cloak¦1;0
42372;Recipes/Shimmer/register;59759;Aetherium Block;5349;;;1;;Shimmer;¦Snow Block¦;¦Snow Block¦1;Snow Block¦1;0
42373;Recipes/Shimmer/register;59759;Wood;9;;;1;;Shimmer;¦Ebonwood¦;¦Ebonwood¦1;Ebonwood¦1;0
42374;Recipes/Shimmer/register;59759;Wood;9;;;1;;Shimmer;¦Rich Mahogany¦;¦Rich Mahogany¦1;Rich Mahogany¦1;0
42375;Recipes/Shimmer/register;59759;Wood;9;;;1;;Shimmer;¦Pearlwood¦;¦Pearlwood¦1;Pearlwood¦1;0
42376;Recipes/Shimmer/register;59759;Snow Block;593;;;1;;Shimmer;¦Ice Block¦;¦Ice Block¦1;Ice Block¦1;0
42377;Recipes/Shimmer/register;59759;Copper Ore;12;;;1;;Shimmer;¦Tin Ore¦;¦Tin Ore¦1;Tin Ore¦1;0
42378;Recipes/Shimmer/register;59759;Iron Ore;11;;;1;;Shimmer;¦Lead Ore¦;¦Lead Ore¦1;Lead Ore¦1;0
42379;Recipes/Shimmer/register;59759;Silver Ore;14;;;1;;Shimmer;¦Tungsten Ore¦;¦Tungsten Ore¦1;Tungsten Ore¦1;0
42380;Recipes/Shimmer/register;59759;Gold Ore;13;;;1;;Shimmer;¦Platinum Ore¦;¦Platinum Ore¦1;Platinum Ore¦1;0
42381;Recipes/Shimmer/register;59759;Terraformer;5134;;#note_post_moon_lord;1;;Shimmer;¦Clentaminator¦;¦Clentaminator¦1;Clentaminator¦1;0
42382;Recipes/Shimmer/register;59759;Red Solution;784;;#note_post_moon_lord;1;;Shimmer;¦Purple Solution¦;¦Purple Solution¦1;Purple Solution¦1;0
42383;Recipes/Shimmer/register;59759;Purple Solution;782;;#note_post_moon_lord;1;;Shimmer;¦Red Solution¦;¦Red Solution¦1;Red Solution¦1;0
42384;Recipes/Shimmer/register;59759;Moonplate Block;5996;;;1;;Shimmer;¦Sunplate Block¦;¦Sunplate Block¦1;Sunplate Block¦1;0
42385;Recipes/Shimmer/register;59759;Crescent Wall;5997;;;1;;Shimmer;¦Disc Wall¦;¦Disc Wall¦1;Disc Wall¦1;0
42386;Recipes/Shimmer/register;59759;Finch Staff;4281;;;1;;Shimmer;¦Living Wood Wand¦;¦Living Wood Wand¦1;Living Wood Wand¦1;0
42387;Recipes/Shimmer/register;59759;Sandstorm in a Bottle;857;;;1;;Shimmer;¦Pharaoh's Mask¦;¦Pharaoh's Mask¦1;Pharaoh's Mask¦1;0
42388;Recipes/Shimmer/register;59759;Lucky Coin;855;;;1;;Shimmer;¦Discount Card¦;¦Discount Card¦1;Discount Card¦1;0
42389;Recipes/Shimmer/register;59759;Gold Ring;3033;;;1;;Shimmer;¦Lucky Coin¦;¦Lucky Coin¦1;Lucky Coin¦1;0
42390;Recipes/Shimmer/register;59759;Pharaoh's Mask;848;;;1;;Shimmer;¦Sandstorm in a Bottle¦;¦Sandstorm in a Bottle¦1;Sandstorm in a Bottle¦1;0
42391;Recipes/Shimmer/register;59759;Flying Carpet;934;;;1;;Shimmer;¦Pharaoh's Robe¦;¦Pharaoh's Robe¦1;Pharaoh's Robe¦1;0
42392;Recipes/Shimmer/register;59759;Bezoar;887;;;1;;Shimmer;¦Adhesive Bandage¦;¦Adhesive Bandage¦1;Adhesive Bandage¦1;0
42393;Recipes/Shimmer/register;59759;Vitamins;892;;;1;;Shimmer;¦Armor Polish¦;¦Armor Polish¦1;Armor Polish¦1;0
42394;Recipes/Shimmer/register;59759;Adhesive Bandage;885;;;1;;Shimmer;¦Bezoar¦;¦Bezoar¦1;Bezoar¦1;0
42395;Recipes/Shimmer/register;59759;Pocket Mirror;3781;;;1;;Shimmer;¦Blindfold¦;¦Blindfold¦1;Blindfold¦1;0
42396;Recipes/Shimmer/register;59759;Trifold Map;893;;;1;;Shimmer;¦Fast Clock¦;¦Fast Clock¦1;Fast Clock¦1;0
42397;Recipes/Shimmer/register;59759;Nazar;891;;;1;;Shimmer;¦Megaphone¦;¦Megaphone¦1;Megaphone¦1;0
42398;Recipes/Shimmer/register;59759;Megaphone;890;;;1;;Shimmer;¦Nazar¦;¦Nazar¦1;Nazar¦1;0
42399;Recipes/Shimmer/register;59759;Armor Polish;886;;;1;;Shimmer;¦Vitamins¦;¦Vitamins¦1;Vitamins¦1;0
42400;Recipes/Shimmer/register;59759;Fast Clock;889;;;1;;Shimmer;¦Trifold Map¦;¦Trifold Map¦1;Trifold Map¦1;0
42401;Recipes/Shimmer/register;59759;Magma Stone;1322;;;1;;Shimmer;¦Lava Charm¦;¦Lava Charm¦1;Lava Charm¦1;0
42402;Recipes/Shimmer/register;59759;Wood;9;;;1;;Shimmer;¦Shadewood¦;¦Shadewood¦1;Shadewood¦1;0
42403;Recipes/Shimmer/register;59759;Shimmer Flare;5380;;;1;;Shimmer;¦Flare¦;¦Flare¦1;Flare¦1;0
42404;Recipes/Shimmer/register;59759;Pharaoh's Robe;866;;;1;;Shimmer;¦Flying Carpet¦;¦Flying Carpet¦1;Flying Carpet¦1;0
42405;Recipes/Shimmer/register;59759;Titanium Ore;1106;;;1;;Shimmer;¦Chlorophyte Ore¦;¦Chlorophyte Ore¦1;Chlorophyte Ore¦1;0
42406;Recipes/Shimmer/register;59759;Shoe Spikes;975;;;1;;Shimmer;¦Climbing Claws¦;¦Climbing Claws¦1;Climbing Claws¦1;0
42407;Recipes/Shimmer/register;59759;Iron Helmet;90;;;1;;Shimmer;¦Ancient Iron Helmet¦;¦Ancient Iron Helmet¦1;Ancient Iron Helmet¦1;0
42408;Recipes/Shimmer/register;59759;Gold Helmet;92;;;1;;Shimmer;¦Ancient Gold Helmet¦;¦Ancient Gold Helmet¦1;Ancient Gold Helmet¦1;0
42409;Recipes/Shimmer/register;59759;Shadow Helmet;102;;;1;;Shimmer;¦Ancient Shadow Helmet¦;¦Ancient Shadow Helmet¦1;Ancient Shadow Helmet¦1;0
42410;Recipes/Shimmer/register;59759;Shadow Scalemail;101;;;1;;Shimmer;¦Ancient Shadow Scalemail¦;¦Ancient Shadow Scalemail¦1;Ancient Shadow Scalemail¦1;0
42411;Recipes/Shimmer/register;59759;Shadow Greaves;100;;;1;;Shimmer;¦Ancient Shadow Greaves¦;¦Ancient Shadow Greaves¦1;Ancient Shadow Greaves¦1;0
42412;Recipes/Shimmer/register;59759;Necro Helmet;151;;;1;;Shimmer;¦Ancient Necro Helmet¦;¦Ancient Necro Helmet¦1;Ancient Necro Helmet¦1;0
42413;Recipes/Shimmer/register;59759;Jungle Hat;228;;;1;;Shimmer;¦Ancient Cobalt Helmet¦;¦Ancient Cobalt Helmet¦1;Ancient Cobalt Helmet¦1;0
42414;Recipes/Shimmer/register;59759;Jungle Shirt;229;;;1;;Shimmer;¦Ancient Cobalt Breastplate¦;¦Ancient Cobalt Breastplate¦1;Ancient Cobalt Breastplate¦1;0
42415;Recipes/Shimmer/register;59759;Jungle Pants;230;;;1;;Shimmer;¦Ancient Cobalt Leggings¦;¦Ancient Cobalt Leggings¦1;Ancient Cobalt Leggings¦1;0
42416;Recipes/Shimmer/register;59759;Aether Campfire;5357;;;1;;Shimmer;¦Campfire¦;¦Campfire¦1;Campfire¦1;0
42417;Recipes/Shimmer/register;59759;Climbing Claws;953;;;1;;Shimmer;¦Shoe Spikes¦;¦Shoe Spikes¦1;Shoe Spikes¦1;0
42418;Recipes/Shimmer/register;59759;Cobalt Ore;364;;;1;;Shimmer;¦Palladium Ore¦;¦Palladium Ore¦1;Palladium Ore¦1;0
42419;Recipes/Shimmer/register;59759;Mythril Ore;365;;;1;;Shimmer;¦Orichalcum Ore¦;¦Orichalcum Ore¦1;Orichalcum Ore¦1;0
42420;Recipes/Shimmer/register;59759;Adamantite Ore;366;;;1;;Shimmer;¦Titanium Ore¦;¦Titanium Ore¦1;Titanium Ore¦1;0
42421;Recipes/Shimmer/register;59759;Hive;1124;;;1;;Shimmer;¦Honey Block¦;¦Honey Block¦1;Honey Block¦1;0
42422;Recipes/Shimmer/register;59759;Hive;1124;;;1;;Shimmer;¦Crispy Honey Block¦;¦Crispy Honey Block¦1;Crispy Honey Block¦1;0
42423;Recipes/Shimmer/register;59759;Water Bucket;206;;;1;;Shimmer;¦Honey Bucket¦;¦Honey Bucket¦1;Honey Bucket¦1;0
42424;Recipes/Shimmer/register;59759;Flame Trap;1147;;;1;;Shimmer;¦Super Dart Trap¦;¦Super Dart Trap¦1;Super Dart Trap¦1;0
42425;Recipes/Shimmer/register;59759;Spiky Ball Trap;1148;;;1;;Shimmer;¦Flame Trap¦;¦Flame Trap¦1;Flame Trap¦1;0
42426;Recipes/Shimmer/register;59759;Spear Trap;1149;;;1;;Shimmer;¦Spiky Ball Trap¦;¦Spiky Ball Trap¦1;Spiky Ball Trap¦1;0
42427;Recipes/Shimmer/register;59759;Super Dart Trap;1146;;;1;;Shimmer;¦Spear Trap¦;¦Spear Trap¦1;Spear Trap¦1;0
42428;Recipes/Shimmer/register;59759;Aegis Fruit;5338;;;1;;Shimmer;¦Life Fruit¦;¦Life Fruit¦1;Life Fruit¦1;0
42429;Recipes/Shimmer/register;59759;Whoopie Cushion;215;;;1;;Shimmer;¦Zombie Arm¦;¦Zombie Arm¦1;Zombie Arm¦1;0
42430;Recipes/Shimmer/register;59759;Lava Charm;906;;;1;;Shimmer;¦Magma Stone¦;¦Magma Stone¦1;Magma Stone¦1;0
42431;Recipes/Shimmer/register;59759;Rod of Harmony;5335;;#note_post_moon_lord;1;;Shimmer;¦Rod of Discord¦;¦Rod of Discord¦1;Rod of Discord¦1;0
42432;Recipes/Shimmer/register;59759;Cursed Blue Slab Wall;5366;;;1;;Shimmer;¦Blue Slab Wall¦;¦Blue Slab Wall¦1;Blue Slab Wall¦1;0
42433;Recipes/Shimmer/register;59759;Cursed Blue Tiled Wall;5367;;;1;;Shimmer;¦Blue Tiled Wall¦;¦Blue Tiled Wall¦1;Blue Tiled Wall¦1;0
42434;Recipes/Shimmer/register;59759;Cursed Pink Slab Wall;5369;;;1;;Shimmer;¦Pink Slab Wall¦;¦Pink Slab Wall¦1;Pink Slab Wall¦1;0
42435;Recipes/Shimmer/register;59759;Cursed Pink Tiled Wall;5370;;;1;;Shimmer;¦Pink Tiled Wall¦;¦Pink Tiled Wall¦1;Pink Tiled Wall¦1;0
42436;Recipes/Shimmer/register;59759;Cursed Green Slab Wall;5372;;;1;;Shimmer;¦Green Slab Wall¦;¦Green Slab Wall¦1;Green Slab Wall¦1;0
42437;Recipes/Shimmer/register;59759;Cursed Green Tiled Wall;5373;;;1;;Shimmer;¦Green Tiled Wall¦;¦Green Tiled Wall¦1;Green Tiled Wall¦1;0
42438;Recipes/Shimmer/register;59759;Caged Lantern;1391;;;1;;Shimmer;¦Brass Lantern¦;¦Brass Lantern¦1;Brass Lantern¦1;0
42439;Recipes/Shimmer/register;59759;Carriage Lantern;1392;;;1;;Shimmer;¦Caged Lantern¦;¦Caged Lantern¦1;Caged Lantern¦1;0
42440;Recipes/Shimmer/register;59759;Alchemy Lantern;1393;;;1;;Shimmer;¦Carriage Lantern¦;¦Carriage Lantern¦1;Carriage Lantern¦1;0
42441;Recipes/Shimmer/register;59759;Diabolist Lamp;1394;;;1;;Shimmer;¦Alchemy Lantern¦;¦Alchemy Lantern¦1;Alchemy Lantern¦1;0
42442;Recipes/Shimmer/register;59759;Oil Rag Sconce;1395;;;1;;Shimmer;¦Diabolist Lamp¦;¦Diabolist Lamp¦1;Diabolist Lamp¦1;0
42443;Recipes/Shimmer/register;59759;Chain Lantern;136;;;1;;Shimmer;¦Oil Rag Sconce¦;¦Oil Rag Sconce¦1;Oil Rag Sconce¦1;0
42444;Recipes/Shimmer/register;59759;Jungle Chest;1528;;;1;;Shimmer;¦Jungle Key¦;¦Jungle Key¦1;Jungle Key¦1;0
42445;Recipes/Shimmer/register;59759;Corruption Chest;1529;;;1;;Shimmer;¦Corruption Key¦;¦Corruption Key¦1;Corruption Key¦1;0
42446;Recipes/Shimmer/register;59759;Crimson Chest;1530;;;1;;Shimmer;¦Crimson Key¦;¦Crimson Key¦1;Crimson Key¦1;0
42447;Recipes/Shimmer/register;59759;Hallowed Chest;1531;;;1;;Shimmer;¦Hallowed Key¦;¦Hallowed Key¦1;Hallowed Key¦1;0
42448;Recipes/Shimmer/register;59759;Ice Chest;1532;;;1;;Shimmer;¦Frozen Key¦;¦Frozen Key¦1;Frozen Key¦1;0
42449;Recipes/Shimmer/register;59759;Shimmer Flare;5380;;;1;;Shimmer;¦Blue Flare¦;¦Blue Flare¦1;Blue Flare¦1;0
42450;Recipes/Shimmer/register;59759;Overgrown Living Wood Wall;5545;;;1;;Shimmer;¦Living Wood Wall¦;¦Living Wood Wall¦1;Living Wood Wall¦1;0
42451;Recipes/Shimmer/register;59759;Cactus;276;;;1;;Shimmer;¦Pumpkin¦;¦Pumpkin¦1;Pumpkin¦1;0
42452;Recipes/Shimmer/register;59759;Wood;9;;;1;;Shimmer;¦Spooky Wood¦;¦Spooky Wood¦1;Spooky Wood¦1;0
42453;Recipes/Shimmer/register;59759;Peddler's Satchel;5343;;;1;;Shimmer;¦Peddler's Hat¦;¦Peddler's Hat¦1;Peddler's Hat¦1;0
42454;Recipes/Shimmer/register;59759;Wood;9;;;1;;Shimmer;¦Dynasty Wood¦;¦Dynasty Wood¦1;Dynasty Wood¦1;0
42455;Recipes/Shimmer/register;59759;Blue Dynasty Shingles;2262;;;1;;Shimmer;¦Red Dynasty Shingles¦;¦Red Dynasty Shingles¦1;Red Dynasty Shingles¦1;0
42456;Recipes/Shimmer/register;59759;Red Dynasty Shingles;2261;;;1;;Shimmer;¦Blue Dynasty Shingles¦;¦Blue Dynasty Shingles¦1;Blue Dynasty Shingles¦1;0
42457;Recipes/Shimmer/register;59759;Angler Earring;2374;;;1;;Shimmer;¦High Test Fishing Line¦;¦High Test Fishing Line¦1;High Test Fishing Line¦1;0
42458;Recipes/Shimmer/register;59759;Tackle Box;2375;;;1;;Shimmer;¦Angler Earring¦;¦Angler Earring¦1;Angler Earring¦1;0
42459;Recipes/Shimmer/register;59759;High Test Fishing Line;2373;;;1;;Shimmer;¦Tackle Box¦;¦Tackle Box¦1;Tackle Box¦1;0
42460;Recipes/Shimmer/register;59759;Wood;9;;;1;;Shimmer;¦Boreal Wood¦;¦Boreal Wood¦1;Boreal Wood¦1;0
42461;Recipes/Shimmer/register;59759;Wood;9;;;1;;Shimmer;¦Palm Wood¦;¦Palm Wood¦1;Palm Wood¦1;0
42462;Recipes/Shimmer/register;59759;Shimmer Gun;5495;;;1;;Shimmer;¦Slime Gun¦;¦Slime Gun¦1;Slime Gun¦1;0
42463;Recipes/Shimmer/register;59759;Shimmerfall Block;5493;;;1;;Shimmer;¦Waterfall Block¦;¦Waterfall Block¦1;Waterfall Block¦1;0
42464;Recipes/Shimmer/register;59759;Purification Powder;66;;;1;;Shimmer;¦Vicious Powder¦;¦Vicious Powder¦1;Vicious Powder¦1;0
42465;Recipes/Shimmer/register;59759;Mushroom;5;;;1;;Shimmer;¦Vicious Mushroom¦;¦Vicious Mushroom¦1;Vicious Mushroom¦1;0
42466;Recipes/Shimmer/register;59759;Gummy Worm;5341;;;1;;Shimmer;¦Gold Worm¦;¦Gold Worm¦1;Gold Worm¦1;0
42467;Recipes/Shimmer/register;59759;Warrior Emblem;490;;;1;;Shimmer;¦Summoner Emblem¦;¦Summoner Emblem¦1;Summoner Emblem¦1;0
42468;Recipes/Shimmer/register;59759;Alchemy Table;3000;;;1;;Shimmer;¦Bewitching Table¦;¦Bewitching Table¦1;Bewitching Table¦1;0
42469;Recipes/Shimmer/register;59759;Alchemy Flask;5482;;;1;;Shimmer;¦Alchemy Table¦;¦Alchemy Table¦1;Alchemy Table¦1;0
42470;Recipes/Shimmer/register;59759;Flesh Knuckles;3016;;;1;;Shimmer;¦Putrid Scent¦;¦Putrid Scent¦1;Putrid Scent¦1;0
42471;Recipes/Shimmer/register;59759;Putrid Scent;3015;;;1;;Shimmer;¦Flesh Knuckles¦;¦Flesh Knuckles¦1;Flesh Knuckles¦1;0
42472;Recipes/Shimmer/register;59759;Bottomless Shimmer Bucket;5364;;#note_post_moon_lord;1;;Shimmer;¦Bottomless Water Bucket¦;¦Bottomless Water Bucket¦1;Bottomless Water Bucket¦1;0
42473;Recipes/Shimmer/register;59759;Discount Card;854;;;1;;Shimmer;¦Gold Ring¦;¦Gold Ring¦1;Gold Ring¦1;0
42474;Recipes/Shimmer/register;59759;Fisherman's Pocket Guide;3120;;;1;;Shimmer;¦Weather Radio¦;¦Weather Radio¦1;Weather Radio¦1;0
42475;Recipes/Shimmer/register;59759;Enchanted Moondial;5381;;;1;;Shimmer;¦Enchanted Sundial¦;¦Enchanted Sundial¦1;Enchanted Sundial¦1;0
42476;Recipes/Shimmer/register;59759;Granite Block;3086;;;1;;Shimmer;¦Marble Block¦;¦Marble Block¦1;Marble Block¦1;0
42477;Recipes/Shimmer/register;59759;Marble Block;3081;;;1;;Shimmer;¦Granite Block¦;¦Granite Block¦1;Granite Block¦1;0
42478;Recipes/Shimmer/register;59759;Can Of Worms;4345;;;1;;Shimmer;¦Herb Bag¦;¦Herb Bag¦1;Herb Bag¦1;0
42479;Recipes/Shimmer/register;59759;Weather Radio;3037;;;1;;Shimmer;¦Sextant¦;¦Sextant¦1;Sextant¦1;0
42480;Recipes/Shimmer/register;59759;Sextant;3096;;;1;;Shimmer;¦Fisherman's Pocket Guide¦;¦Fisherman's Pocket Guide¦1;Fisherman's Pocket Guide¦1;0
42481;Recipes/Shimmer/register;59759;Magic Shimmer Dropper;5492;;;1;;Shimmer;¦Empty Dropper¦;¦Empty Dropper¦1;Empty Dropper¦1;0
42482;Recipes/Shimmer/register;59759;Gladiator Breastplate;3188;;;1;;Shimmer;¦Gladiator Helmet¦;¦Gladiator Helmet¦1;Gladiator Helmet¦1;0
42483;Recipes/Shimmer/register;59759;Gladiator Leggings;3189;;;1;;Shimmer;¦Gladiator Breastplate¦;¦Gladiator Breastplate¦1;Gladiator Breastplate¦1;0
42484;Recipes/Shimmer/register;59759;Gladiator Helmet;3187;;;1;;Shimmer;¦Gladiator Leggings¦;¦Gladiator Leggings¦1;Gladiator Leggings¦1;0
42485;Recipes/Shimmer/register;59759;Shiny Red Balloon;159;;;1;;Shimmer;¦Balloon Pufferfish¦;¦Balloon Pufferfish¦1;Balloon Pufferfish¦1;0
42486;Recipes/Shimmer/register;59759;Sand Block;169;;;1;;Shimmer;¦Sandstone Block¦;¦Sandstone Block¦1;Sandstone Block¦1;0
42487;Recipes/Shimmer/register;59759;Sand Block;169;;;1;;Shimmer;¦Hardened Sand Block¦;¦Hardened Sand Block¦1;Hardened Sand Block¦1;0
42488;Recipes/Shimmer/register;59759;Treacherous Sandstone Wall;5374;;;1;;Shimmer;¦Sandstone Wall¦;¦Sandstone Wall¦1;Sandstone Wall¦1;0
42489;Recipes/Shimmer/register;59759;Ebonsand Block;370;;;1;;Shimmer;¦Hardened Ebonsand Block¦;¦Hardened Ebonsand Block¦1;Hardened Ebonsand Block¦1;0
42490;Recipes/Shimmer/register;59759;Crimsand Block;1246;;;1;;Shimmer;¦Hardened Crimsand Block¦;¦Hardened Crimsand Block¦1;Hardened Crimsand Block¦1;0
42491;Recipes/Shimmer/register;59759;Ebonsand Block;370;;;1;;Shimmer;¦Ebonsandstone Block¦;¦Ebonsandstone Block¦1;Ebonsandstone Block¦1;0
42492;Recipes/Shimmer/register;59759;Crimsand Block;1246;;;1;;Shimmer;¦Crimsandstone Block¦;¦Crimsandstone Block¦1;Crimsandstone Block¦1;0
42493;Recipes/Shimmer/register;59759;Pearlsand Block;408;;;1;;Shimmer;¦Hardened Pearlsand Block¦;¦Hardened Pearlsand Block¦1;Hardened Pearlsand Block¦1;0
42494;Recipes/Shimmer/register;59759;Pearlsand Block;408;;;1;;Shimmer;¦Pearlsandstone Block¦;¦Pearlsandstone Block¦1;Pearlsandstone Block¦1;0
42495;Recipes/Shimmer/register;59759;Treacherous Hardened Sand Wall;5375;;;1;;Shimmer;¦Hardened Sand Wall¦;¦Hardened Sand Wall¦1;Hardened Sand Wall¦1;0
42496;Recipes/Shimmer/register;59759;Chlorophyte Ore;947;;;1;;Shimmer;¦Luminite¦;¦Luminite¦1;Luminite¦1;0
42497;Recipes/Shimmer/register;59759;Dull Red Team Block;5674;;;1;;Shimmer;¦Red Team Block¦;¦Red Team Block¦1;Red Team Block¦1;0
42498;Recipes/Shimmer/register;59759;Dull Green Team Block;5675;;;1;;Shimmer;¦Green Team Block¦;¦Green Team Block¦1;Green Team Block¦1;0
42499;Recipes/Shimmer/register;59759;Dull Blue Team Block;5676;;;1;;Shimmer;¦Blue Team Block¦;¦Blue Team Block¦1;Blue Team Block¦1;0
42500;Recipes/Shimmer/register;59759;Dull Yellow Team Block;5677;;;1;;Shimmer;¦Yellow Team Block¦;¦Yellow Team Block¦1;Yellow Team Block¦1;0
42501;Recipes/Shimmer/register;59759;Dull Pink Team Block;5678;;;1;;Shimmer;¦Pink Team Block¦;¦Pink Team Block¦1;Pink Team Block¦1;0
42502;Recipes/Shimmer/register;59759;Dull White Team Block;5679;;;1;;Shimmer;¦White Team Block¦;¦White Team Block¦1;White Team Block¦1;0
42503;Recipes/Shimmer/register;59759;Blindfold;888;;;1;;Shimmer;¦Pocket Mirror¦;¦Pocket Mirror¦1;Pocket Mirror¦1;0
42504;Recipes/Shimmer/register;59759;Ballista Rod;3824;;;1;;Shimmer;¦Flameburst Rod¦;¦Flameburst Rod¦1;Flameburst Rod¦1;0
42505;Recipes/Shimmer/register;59759;Ballista Cane;3825;;;1;;Shimmer;¦Flameburst Cane¦;¦Flameburst Cane¦1;Flameburst Cane¦1;0
42506;Recipes/Shimmer/register;59759;Ballista Staff;3826;;;1;;Shimmer;¦Flameburst Staff¦;¦Flameburst Staff¦1;Flameburst Staff¦1;0
42507;Recipes/Shimmer/register;59759;Explosive Trap Rod;3832;;;1;;Shimmer;¦Ballista Rod¦;¦Ballista Rod¦1;Ballista Rod¦1;0
42508;Recipes/Shimmer/register;59759;Explosive Trap Cane;3833;;;1;;Shimmer;¦Ballista Cane¦;¦Ballista Cane¦1;Ballista Cane¦1;0
42509;Recipes/Shimmer/register;59759;Explosive Trap Staff;3834;;;1;;Shimmer;¦Ballista Staff¦;¦Ballista Staff¦1;Ballista Staff¦1;0
42510;Recipes/Shimmer/register;59759;Flameburst Rod;3818;;;1;;Shimmer;¦Lightning Aura Rod¦;¦Lightning Aura Rod¦1;Lightning Aura Rod¦1;0
42511;Recipes/Shimmer/register;59759;Flameburst Cane;3819;;;1;;Shimmer;¦Lightning Aura Cane¦;¦Lightning Aura Cane¦1;Lightning Aura Cane¦1;0
42512;Recipes/Shimmer/register;59759;Flameburst Staff;3820;;;1;;Shimmer;¦Lightning Aura Staff¦;¦Lightning Aura Staff¦1;Lightning Aura Staff¦1;0
42513;Recipes/Shimmer/register;59759;Lightning Aura Rod;3829;;;1;;Shimmer;¦Explosive Trap Rod¦;¦Explosive Trap Rod¦1;Explosive Trap Rod¦1;0
42514;Recipes/Shimmer/register;59759;Lightning Aura Cane;3830;;;1;;Shimmer;¦Explosive Trap Cane¦;¦Explosive Trap Cane¦1;Explosive Trap Cane¦1;0
42515;Recipes/Shimmer/register;59759;Lightning Aura Staff;3831;;;1;;Shimmer;¦Explosive Trap Staff¦;¦Explosive Trap Staff¦1;Explosive Trap Staff¦1;0
42516;Recipes/Shimmer/register;59759;Ice Boomerang;670;;;1;;Shimmer;¦Ice Blade¦;¦Ice Blade¦1;Ice Blade¦1;0
42517;Recipes/Shimmer/register;59759;Snowball Cannon;1319;;;1;;Shimmer;¦Ice Boomerang¦;¦Ice Boomerang¦1;Ice Boomerang¦1;0
42518;Recipes/Shimmer/register;59759;Glacier Fang;6153;;;1;;Shimmer;¦Snowball Cannon¦;¦Snowball Cannon¦1;Snowball Cannon¦1;0
42519;Recipes/Shimmer/register;59759;Ice Blade;724;;;1;;Shimmer;¦Glacier Fang¦;¦Glacier Fang¦1;Glacier Fang¦1;0
42520;Recipes/Shimmer/register;59759;Wooden Crate;2334;;;1;;Shimmer;¦Pearlwood Crate¦;¦Pearlwood Crate¦1;Pearlwood Crate¦1;0
42521;Recipes/Shimmer/register;59759;Iron Crate;2335;;;1;;Shimmer;¦Mythril Crate¦;¦Mythril Crate¦1;Mythril Crate¦1;0
42522;Recipes/Shimmer/register;59759;Golden Crate;2336;;;1;;Shimmer;¦Titanium Crate¦;¦Titanium Crate¦1;Titanium Crate¦1;0
42523;Recipes/Shimmer/register;59759;Corrupt Crate;3203;;;1;;Shimmer;¦Defiled Crate¦;¦Defiled Crate¦1;Defiled Crate¦1;0
42524;Recipes/Shimmer/register;59759;Crimson Crate;3204;;;1;;Shimmer;¦Hematic Crate¦;¦Hematic Crate¦1;Hematic Crate¦1;0
42525;Recipes/Shimmer/register;59759;Dungeon Crate;3205;;;1;;Shimmer;¦Stockade Crate¦;¦Stockade Crate¦1;Stockade Crate¦1;0
42526;Recipes/Shimmer/register;59759;Sky Crate;3206;;;1;;Shimmer;¦Azure Crate¦;¦Azure Crate¦1;Azure Crate¦1;0
42527;Recipes/Shimmer/register;59759;Hallowed Crate;3207;;;1;;Shimmer;¦Divine Crate¦;¦Divine Crate¦1;Divine Crate¦1;0
42528;Recipes/Shimmer/register;59759;Jungle Crate;3208;;;1;;Shimmer;¦Bramble Crate¦;¦Bramble Crate¦1;Bramble Crate¦1;0
42529;Recipes/Shimmer/register;59759;Herb Bag;3093;;;1;;Shimmer;¦Can Of Worms¦;¦Can Of Worms¦1;Can Of Worms¦1;0
42530;Recipes/Shimmer/register;59759;Helium Moss;5128;;;1;;Shimmer;¦Lava Moss¦;¦Lava Moss¦1;Lava Moss¦1;0
42531;Recipes/Shimmer/register;59759;Helium Moss;5128;;;1;;Shimmer;¦Krypton Moss¦;¦Krypton Moss¦1;Krypton Moss¦1;0
42532;Recipes/Shimmer/register;59759;Helium Moss;5128;;;1;;Shimmer;¦Xenon Moss¦;¦Xenon Moss¦1;Xenon Moss¦1;0
42533;Recipes/Shimmer/register;59759;Helium Moss;5128;;;1;;Shimmer;¦Argon Moss¦;¦Argon Moss¦1;Argon Moss¦1;0
42534;Recipes/Shimmer/register;59759;Frozen Crate;4405;;;1;;Shimmer;¦Boreal Crate¦;¦Boreal Crate¦1;Boreal Crate¦1;0
42535;Recipes/Shimmer/register;59759;Oasis Crate;4407;;;1;;Shimmer;¦Mirage Crate¦;¦Mirage Crate¦1;Mirage Crate¦1;0
42536;Recipes/Shimmer/register;59759;Galaxy Pearl;5340;;;1;;Shimmer;¦Pink Pearl¦;¦Pink Pearl¦1;Pink Pearl¦1;0
42537;Recipes/Shimmer/register;59759;Infested Spider Wall;5363;;;1;;Shimmer;¦Spider Wall¦;¦Spider Wall¦1;Spider Wall¦1;0
42538;Recipes/Shimmer/register;59759;Desert Chest;4712;;;1;;Shimmer;¦Desert Key¦;¦Desert Key¦1;Desert Key¦1;0
42539;Recipes/Shimmer/register;59759;Amethyst;181;;;1;;Shimmer;¦Amethyst Squirrel¦;¦Amethyst Squirrel¦1;Amethyst Squirrel¦1;0
42540;Recipes/Shimmer/register;59759;Topaz;180;;;1;;Shimmer;¦Topaz Squirrel¦;¦Topaz Squirrel¦1;Topaz Squirrel¦1;0
42541;Recipes/Shimmer/register;59759;Sapphire;177;;;1;;Shimmer;¦Sapphire Squirrel¦;¦Sapphire Squirrel¦1;Sapphire Squirrel¦1;0
42542;Recipes/Shimmer/register;59759;Emerald;179;;;1;;Shimmer;¦Emerald Squirrel¦;¦Emerald Squirrel¦1;Emerald Squirrel¦1;0
42543;Recipes/Shimmer/register;59759;Ruby;178;;;1;;Shimmer;¦Ruby Squirrel¦;¦Ruby Squirrel¦1;Ruby Squirrel¦1;0
42544;Recipes/Shimmer/register;59759;Diamond;182;;;1;;Shimmer;¦Diamond Squirrel¦;¦Diamond Squirrel¦1;Diamond Squirrel¦1;0
42545;Recipes/Shimmer/register;59759;Amber;999;;;1;;Shimmer;¦Amber Squirrel¦;¦Amber Squirrel¦1;Amber Squirrel¦1;0
42546;Recipes/Shimmer/register;59759;Amethyst;181;;;1;;Shimmer;¦Amethyst Bunny¦;¦Amethyst Bunny¦1;Amethyst Bunny¦1;0
42547;Recipes/Shimmer/register;59759;Topaz;180;;;1;;Shimmer;¦Topaz Bunny¦;¦Topaz Bunny¦1;Topaz Bunny¦1;0
42548;Recipes/Shimmer/register;59759;Sapphire;177;;;1;;Shimmer;¦Sapphire Bunny¦;¦Sapphire Bunny¦1;Sapphire Bunny¦1;0
42549;Recipes/Shimmer/register;59759;Emerald;179;;;1;;Shimmer;¦Emerald Bunny¦;¦Emerald Bunny¦1;Emerald Bunny¦1;0
42550;Recipes/Shimmer/register;59759;Ruby;178;;;1;;Shimmer;¦Ruby Bunny¦;¦Ruby Bunny¦1;Ruby Bunny¦1;0
42551;Recipes/Shimmer/register;59759;Diamond;182;;;1;;Shimmer;¦Diamond Bunny¦;¦Diamond Bunny¦1;Diamond Bunny¦1;0
42552;Recipes/Shimmer/register;59759;Amber;999;;;1;;Shimmer;¦Amber Bunny¦;¦Amber Bunny¦1;Amber Bunny¦1;0
42553;Recipes/Shimmer/register;59759;Yellow Willow Sapling;4907;;;1;;Shimmer;¦Sakura Sapling¦;¦Sakura Sapling¦1;Sakura Sapling¦1;0
42554;Recipes/Shimmer/register;59759;Aether Pylon;5653;;;1;;Shimmer;¦Jungle Pylon¦;¦Jungle Pylon¦1;Jungle Pylon¦1;0
42555;Recipes/Shimmer/register;59759;Aether Pylon;5653;;;1;;Shimmer;¦Forest Pylon¦;¦Forest Pylon¦1;Forest Pylon¦1;0
42556;Recipes/Shimmer/register;59759;Obsidian Crate;4877;;;1;;Shimmer;¦Hellstone Crate¦;¦Hellstone Crate¦1;Hellstone Crate¦1;0
42557;Recipes/Shimmer/register;59759;Sakura Sapling;4871;;;1;;Shimmer;¦Yellow Willow Sapling¦;¦Yellow Willow Sapling¦1;Yellow Willow Sapling¦1;0
42558;Recipes/Shimmer/register;59759;Aether Pylon;5653;;;1;;Shimmer;¦Hallow Pylon¦;¦Hallow Pylon¦1;Hallow Pylon¦1;0
42559;Recipes/Shimmer/register;59759;Aether Pylon;5653;;;1;;Shimmer;¦Cavern Pylon¦;¦Cavern Pylon¦1;Cavern Pylon¦1;0
42560;Recipes/Shimmer/register;59759;Aether Pylon;5653;;;1;;Shimmer;¦Ocean Pylon¦;¦Ocean Pylon¦1;Ocean Pylon¦1;0
42561;Recipes/Shimmer/register;59759;Aether Pylon;5653;;;1;;Shimmer;¦Desert Pylon¦;¦Desert Pylon¦1;Desert Pylon¦1;0
42562;Recipes/Shimmer/register;59759;Aether Pylon;5653;;;1;;Shimmer;¦Snow Pylon¦;¦Snow Pylon¦1;Snow Pylon¦1;0
42563;Recipes/Shimmer/register;59759;Aether Pylon;5653;;;1;;Shimmer;¦Mushroom Pylon¦;¦Mushroom Pylon¦1;Mushroom Pylon¦1;0
42564;Recipes/Shimmer/register;59759;Aether Pylon;5653;;;1;;Shimmer;¦Universal Pylon¦;¦Universal Pylon¦1;Universal Pylon¦1;0
42565;Recipes/Shimmer/register;59759;True Copper Shortsword;5669;;;1;;Shimmer;¦Zenith¦;¦Zenith¦1;Zenith¦1;0
42566;Recipes/Shimmer/register;59759;Ocean Crate;5002;;;1;;Shimmer;¦Seaside Crate¦;¦Seaside Crate¦1;Seaside Crate¦1;0
42567;Recipes/Shimmer/register;59759;Helium Moss;5128;;;1;;Shimmer;¦Neon Moss¦;¦Neon Moss¦1;Neon Moss¦1;0
42568;Recipes/Shimmer/register;59759;Wood;9;;;1;;Shimmer;¦Ash Wood¦;¦Ash Wood¦1;Ash Wood¦1;0
42569;Recipes/Shimmer/register;59759;Axearang;5519;;;1;;Shimmer;¦Axe of Regrowth¦;¦Axe of Regrowth¦1;Axe of Regrowth¦1;0
42570;Recipes/Shimmer/register;59759;Gas Trap;5346;;;1;;Shimmer;¦Used Gas Trap¦;¦Used Gas Trap¦1;Used Gas Trap¦1;0
42571;Recipes/Shimmer/register;59759;Bottomless Water Bucket;3031;;#note_post_moon_lord;1;;Shimmer;¦Bottomless Shimmer Bucket¦;¦Bottomless Shimmer Bucket¦1;Bottomless Shimmer Bucket¦1;0
42572;Recipes/Shimmer/register;59759;Infused Fertilizer;5518;;;1;;Shimmer;¦Fertilizer¦;¦Fertilizer¦1;Fertilizer¦1;0
42573;Recipes/Shimmer/register;59759;Bewitching Table;2999;;;1;;Shimmer;¦Alchemy Flask¦;¦Alchemy Flask¦1;Alchemy Flask¦1;0
42574;Recipes/Shimmer/register;59759;Axe of Regrowth;5295;;;1;;Shimmer;¦Axearang¦;¦Axearang¦1;Axearang¦1;0
42575;Recipes/Shimmer/register;59759;Friendly Rainbow Boulder;5654;;;1;;Shimmer;¦Friendly Boulder¦;¦Friendly Boulder¦1;Friendly Boulder¦1;0
42576;Recipes/Shimmer/register;59759;Wilted Clover;5575;;;1;;Shimmer;¦Lucky Clover¦;¦Lucky Clover¦1;Lucky Clover¦1;0
42577;Recipes/Shimmer/register;59759;Aether Pylon;5653;;;1;;Shimmer;¦Underworld Pylon¦;¦Underworld Pylon¦1;Underworld Pylon¦1;0
42578;Recipes/Shimmer/register;59759;Friendly Boulder;5523;;;1;;Shimmer;¦Friendly Rainbow Boulder¦;¦Friendly Rainbow Boulder¦1;Friendly Rainbow Boulder¦1;0
42579;Recipes/Shimmer/register;59759;Sunplate Block;824;;;1;;Shimmer;¦Moonplate Block¦;¦Moonplate Block¦1;Moonplate Block¦1;0
42580;Recipes/Shimmer/register;59759;Disc Wall;825;;;1;;Shimmer;¦Crescent Wall¦;¦Crescent Wall¦1;Crescent Wall¦1;0
42581;Recipes/Shimmer/register;59759;Ambrosia;5342;;;1;;Shimmer;¦Any Fruit¦;¦Any Fruit¦1;Any Fruit¦1;0
42582;Recipes/Shimmer/register;59759;Aether Torch;5353;;;1;;Shimmer;¦Any Torch¦;¦Any Torch¦1;Any Torch¦1;0
42583;Recipes/Shimmer/register;59759;Heavenforge Brick;5408;;#note_moon_1;1;;Shimmer;¦Luminite Brick¦;¦Luminite Brick¦1;Luminite Brick¦1;0
42584;Recipes/Shimmer/register;59759;Lunar Rust Brick;5401;;#note_moon_2;1;;Shimmer;¦Luminite Brick¦;¦Luminite Brick¦1;Luminite Brick¦1;0
42585;Recipes/Shimmer/register;59759;Astra Brick;5403;;#note_moon_3;1;;Shimmer;¦Luminite Brick¦;¦Luminite Brick¦1;Luminite Brick¦1;0
42586;Recipes/Shimmer/register;59759;Dark Celestial Brick;5402;;#note_moon_4;1;;Shimmer;¦Luminite Brick¦;¦Luminite Brick¦1;Luminite Brick¦1;0
42587;Recipes/Shimmer/register;59759;Mercury Brick;5406;;#note_moon_5;1;;Shimmer;¦Luminite Brick¦;¦Luminite Brick¦1;Luminite Brick¦1;0
42588;Recipes/Shimmer/register;59759;Star Royale Brick;5407;;#note_moon_6;1;;Shimmer;¦Luminite Brick¦;¦Luminite Brick¦1;Luminite Brick¦1;0
42589;Recipes/Shimmer/register;59759;Cryocore Brick;5405;;#note_moon_7;1;;Shimmer;¦Luminite Brick¦;¦Luminite Brick¦1;Luminite Brick¦1;0
42590;Recipes/Shimmer/register;59759;Cosmic Ember Brick;5404;;#note_moon_8;1;;Shimmer;¦Luminite Brick¦;¦Luminite Brick¦1;Luminite Brick¦1;0
42591;Recipes/Shimmer/register;59759;Forbidden Lihzahrd Brick Wall;5376;;#note_post_golem;1;;Shimmer;¦Lihzahrd Brick Wall¦;¦Lihzahrd Brick Wall¦1;Lihzahrd Brick Wall¦1;0
42592;Recipes/Shimmer/register;59759;Music Box;576;;;1;;Shimmer;¦Recorded Music Boxes¦;¦Recorded Music Boxes¦1;Recorded Music Boxes¦1;0
42593;Recipes/Shimmer/register;59759;Music Box (Alt Queen Bee);5579;;;1;;Shimmer;¦Music Box (Queen Bee)¦;¦Music Box (Queen Bee)¦1;Music Box (Queen Bee)¦1;0
42594;Recipes/Shimmer/register;59759;Music Box (Alt Torch God);5639;;;1;;Shimmer;¦Music Box (Torch God)¦;¦Music Box (Torch God)¦1;Music Box (Torch God)¦1;0
42595;Recipes/Shimmer/register;59759;Music Box (Silence);6146;;;1;;Shimmer;¦Music Box¦;¦Music Box¦1;Music Box¦1;0
42748;Legacy:Recipes/Tinkerer's Workshop/register;66670;Ankh Charm;1612;Ankh Charm (old).png;;1;old-gen 3ds;Tinkerer's Workshop;¦Armor Bracing¦^¦Medicated Bandage¦^¦The Plan¦^¦Countercurse Mantra¦^¦Blindfold¦;¦Armor Bracing¦1^¦Blindfold¦1^¦Countercurse Mantra¦1^¦Medicated Bandage¦1^¦The Plan¦1;Armor Bracing#i:old¦1^Medicated Bandage#i:old¦1^The Plan#i:old¦1^Countercurse Mantra#i:old¦1^Blindfold#i:old¦1;1
42749;Legacy:Recipes/Tinkerer's Workshop/register;66670;Lava Waders;908;Lava Waders (old).png;;1;old-gen 3ds;Tinkerer's Workshop;¦Obsidian Water Walking Boots¦^¦Lava Charm¦;¦Lava Charm¦1^¦Obsidian Water Walking Boots¦1;Obsidian Water Walking Boots#i:old¦1^Lava Charm#i:old¦1;1
42750;Legacy:Recipes/Tinkerer's Workshop/register;66670;Avenger Emblem;935;Avenger Emblem (old).png;;1;old-gen 3ds;Tinkerer's Workshop;¦Warrior Emblem¦^¦Ranger Emblem¦^¦Sorcerer Emblem¦;¦Ranger Emblem¦1^¦Sorcerer Emblem¦1^¦Warrior Emblem¦1;Warrior Emblem#i:old¦1^Ranger Emblem#i:old¦1^Sorcerer Emblem#i:old¦1;1
42751;Legacy:Recipes/Tinkerer's Workshop/register;66670;Boulder;540;Boulder (old).png;;1;old-gen 3ds;Tinkerer's Workshop;¦Stone Block¦;¦Stone Block¦6;Stone Block#i:old¦6;1
42752;Legacy:Recipes/Tinkerer's Workshop/register;66670;Music Box (Tutorial);;;;1;;Tinkerer's Workshop;¦Music Box (Desert)¦^¦Music Box (Space)¦^¦Music Box (Boss 4)¦^¦Music Box (Ocean)¦^¦Music Box (Snow)¦;¦Music Box (Boss 4)¦1^¦Music Box (Desert)¦1^¦Music Box (Ocean)¦1^¦Music Box (Snow)¦1^¦Music Box (Space)¦1;Music Box (Desert)¦1^Music Box (Space)¦1^Music Box (Boss 4)¦1^Music Box (Ocean)¦1^Music Box (Snow)¦1;1
42753;Legacy:Recipes/Tinkerer's Workshop/register;66670;Magic Cuffs;1595;Magic Cuffs (old).png;;1;old-gen 3ds;Tinkerer's Workshop;¦Mana Regeneration Band¦^¦Shackle¦;¦Mana Regeneration Band¦1^¦Shackle¦1;Mana Regeneration Band#i:old¦1^Shackle#i:old¦1;1
42754;Recipes/Tinkerer's Workshop/register;11960;Yoyo Bag;3366;;;1;;Tinkerer's Workshop;¦Yoyo Glove¦^¦Strung Counterweight¦;¦Strung Counterweight¦1^¦Yoyo Glove¦1;Yoyo Glove¦1^Strung Counterweight¦1;0
42755;Recipes/Tinkerer's Workshop/register;11960;Strung Counterweight;5547;;;1;;Tinkerer's Workshop;¦White String¦^¦Black Counterweight¦;¦Black Counterweight¦1^¦White String¦1;White String¦1^Black Counterweight¦1;0
42756;Recipes/Tinkerer's Workshop/register;11960;Strung Counterweight;5547;;;1;;Tinkerer's Workshop;¦White String¦^¦Blue Counterweight¦;¦Blue Counterweight¦1^¦White String¦1;White String¦1^Blue Counterweight¦1;0
42757;Recipes/Tinkerer's Workshop/register;11960;Strung Counterweight;5547;;;1;;Tinkerer's Workshop;¦White String¦^¦Green Counterweight¦;¦Green Counterweight¦1^¦White String¦1;White String¦1^Green Counterweight¦1;0
42758;Recipes/Tinkerer's Workshop/register;11960;Strung Counterweight;5547;;;1;;Tinkerer's Workshop;¦White String¦^¦Purple Counterweight¦;¦Purple Counterweight¦1^¦White String¦1;White String¦1^Purple Counterweight¦1;0
42759;Recipes/Tinkerer's Workshop/register;11960;Strung Counterweight;5547;;;1;;Tinkerer's Workshop;¦White String¦^¦Red Counterweight¦;¦Red Counterweight¦1^¦White String¦1;White String¦1^Red Counterweight¦1;0
42760;Recipes/Tinkerer's Workshop/register;11960;Strung Counterweight;5547;;;1;;Tinkerer's Workshop;¦White String¦^¦Yellow Counterweight¦;¦White String¦1^¦Yellow Counterweight¦1;White String¦1^Yellow Counterweight¦1;0
42761;Recipes/Tinkerer's Workshop/register;11960;Magic Yoyo Bag;5541;;;1;;Tinkerer's Workshop;¦Magic String¦^¦Yoyo Bag¦;¦Magic String¦1^¦Yoyo Bag¦1;Magic String¦1^Yoyo Bag¦1;0
42762;Recipes/Tinkerer's Workshop/register;11960;Ultra Absorbant Sponge;5304;;;1;;Tinkerer's Workshop;¦Super Absorbant Sponge¦^¦Lava Absorbant Sponge¦^¦Honey Absorbant Sponge¦;¦Honey Absorbant Sponge¦1^¦Lava Absorbant Sponge¦1^¦Super Absorbant Sponge¦1;Super Absorbant Sponge¦1^Lava Absorbant Sponge¦1^Honey Absorbant Sponge¦1;0
42763;Recipes/Tinkerer's Workshop/register;11960;Diving Gear;394;;;1;;Tinkerer's Workshop;¦Flipper¦^¦Diving Helmet¦;¦Diving Helmet¦1^¦Flipper¦1;Flipper¦1^Diving Helmet¦1;0
42764;Recipes/Tinkerer's Workshop/register;11960;Jellyfish Diving Gear;1860;;;1;;Tinkerer's Workshop;¦Diving Gear¦^¦Jellyfish Necklace¦;¦Diving Gear¦1^¦Jellyfish Necklace¦1;Diving Gear¦1^Jellyfish Necklace¦1;0
42765;Recipes/Tinkerer's Workshop/register;11960;Arctic Diving Gear;1861;;;1;;Tinkerer's Workshop;¦Jellyfish Diving Gear¦^¦Ice Skates¦;¦Ice Skates¦1^¦Jellyfish Diving Gear¦1;Jellyfish Diving Gear¦1^Ice Skates¦1;0
42766;Recipes/Tinkerer's Workshop/register;11960;GPS;395;;;1;;Tinkerer's Workshop;¦Gold Watch¦^¦Depth Meter¦^¦Compass¦;¦Compass¦1^¦Depth Meter¦1^¦Gold Watch¦1;Gold Watch¦1^Depth Meter¦1^Compass¦1;0
42767;Recipes/Tinkerer's Workshop/register;11960;GPS;395;;;1;;Tinkerer's Workshop;¦Platinum Watch¦^¦Depth Meter¦^¦Compass¦;¦Compass¦1^¦Depth Meter¦1^¦Platinum Watch¦1;Platinum Watch¦1^Depth Meter¦1^Compass¦1;0
42768;Recipes/Tinkerer's Workshop/register;11960;Fish Finder;3036;;;1;;Tinkerer's Workshop;¦Fisherman's Pocket Guide¦^¦Weather Radio¦^¦Sextant¦;¦Fisherman's Pocket Guide¦1^¦Sextant¦1^¦Weather Radio¦1;Fisherman's Pocket Guide¦1^Weather Radio¦1^Sextant¦1;0
42769;Recipes/Tinkerer's Workshop/register;11960;Goblin Tech;3121;;;1;;Tinkerer's Workshop;¦Metal Detector¦^¦Stopwatch¦^¦DPS Meter¦;¦DPS Meter¦1^¦Metal Detector¦1^¦Stopwatch¦1;Metal Detector¦1^Stopwatch¦1^DPS Meter¦1;0
42770;Recipes/Tinkerer's Workshop/register;11960;R.E.K. 3000;3122;;;1;;Tinkerer's Workshop;¦Tally Counter¦^¦Lifeform Analyzer¦^¦Radar¦;¦Lifeform Analyzer¦1^¦Radar¦1^¦Tally Counter¦1;Tally Counter¦1^Lifeform Analyzer¦1^Radar¦1;0
42771;Recipes/Tinkerer's Workshop/register;11960;PDA;3123;;;1;;Tinkerer's Workshop;¦GPS¦^¦Fish Finder¦^¦Goblin Tech¦^¦R.E.K. 3000¦;¦Fish Finder¦1^¦GPS¦1^¦Goblin Tech¦1^¦R.E.K. 3000¦1;GPS¦1^Fish Finder¦1^Goblin Tech¦1^R.E.K. 3000¦1;0
42772;Recipes/Tinkerer's Workshop/register;11960;Cell Phone;3124;;;1;;Tinkerer's Workshop;¦PDA¦^¦Magic Mirror¦;¦Magic Mirror¦1^¦PDA¦1;PDA¦1^Magic Mirror¦1;0
42773;Recipes/Tinkerer's Workshop/register;11960;Cell Phone;3124;;;1;;Tinkerer's Workshop;¦PDA¦^¦Ice Mirror¦;¦Ice Mirror¦1^¦PDA¦1;PDA¦1^Ice Mirror¦1;0
42774;Recipes/Tinkerer's Workshop/register;11960;Shellphone;5437;;;1;;Tinkerer's Workshop;¦Cell Phone¦^¦Magic Conch¦^¦Demon Conch¦;¦Cell Phone¦1^¦Demon Conch¦1^¦Magic Conch¦1;Cell Phone¦1^Magic Conch¦1^Demon Conch¦1;0
42775;Recipes/Tinkerer's Workshop/register;11960;Magnet Flower;4000;;;1;;Tinkerer's Workshop;¦Mana Flower¦^¦Celestial Magnet¦;¦Celestial Magnet¦1^¦Mana Flower¦1;Mana Flower¦1^Celestial Magnet¦1;0
42776;Recipes/Tinkerer's Workshop/register;11960;Mana Cloak;4001;;;1;;Tinkerer's Workshop;¦Mana Flower¦^¦Star Cloak¦;¦Mana Flower¦1^¦Star Cloak¦1;Mana Flower¦1^Star Cloak¦1;0
42777;Recipes/Tinkerer's Workshop/register;11960;Frog Webbing;3996;;;1;;Tinkerer's Workshop;¦Frog Leg¦^¦Tiger Climbing Gear¦;¦Frog Leg¦1^¦Tiger Climbing Gear¦1;Frog Leg¦1^Tiger Climbing Gear¦1;0
42778;Recipes/Tinkerer's Workshop/register;11960;Frog Flipper;3994;;;1;;Tinkerer's Workshop;¦Frog Leg¦^¦Flipper¦;¦Flipper¦1^¦Frog Leg¦1;Frog Leg¦1^Flipper¦1;0
42779;Recipes/Tinkerer's Workshop/register;11960;Frog Gear;3995;;;1;;Tinkerer's Workshop;¦Frog Flipper¦^¦Tiger Climbing Gear¦;¦Frog Flipper¦1^¦Tiger Climbing Gear¦1;Frog Flipper¦1^Tiger Climbing Gear¦1;0
42780;Recipes/Tinkerer's Workshop/register;11960;Frog Gear;3995;;;1;;Tinkerer's Workshop;¦Frog Webbing¦^¦Flipper¦;¦Flipper¦1^¦Frog Webbing¦1;Frog Webbing¦1^Flipper¦1;0
42781;Recipes/Tinkerer's Workshop/register;11960;Frozen Shield;3997;;;1;;Tinkerer's Workshop;¦Paladin's Shield¦^¦Frozen Turtle Shell¦;¦Frozen Turtle Shell¦1^¦Paladin's Shield¦1;Paladin's Shield¦1^Frozen Turtle Shell¦1;0
42782;Recipes/Tinkerer's Workshop/register;11960;Hero Shield;3998;;;1;;Tinkerer's Workshop;¦Paladin's Shield¦^¦Flesh Knuckles¦;¦Flesh Knuckles¦1^¦Paladin's Shield¦1;Paladin's Shield¦1^Flesh Knuckles¦1;0
42783;Recipes/Tinkerer's Workshop/register;11960;Ultrabright Helmet;4008;;;1;;Tinkerer's Workshop;¦Mining Helmet¦^¦Night Vision Helmet¦;¦Mining Helmet¦1^¦Night Vision Helmet¦1;Mining Helmet¦1^Night Vision Helmet¦1;0
42784;Recipes/Tinkerer's Workshop/register;11960;Berserker's Glove;3992;;;1;;Tinkerer's Workshop;¦Power Glove¦^¦Flesh Knuckles¦;¦Flesh Knuckles¦1^¦Power Glove¦1;Power Glove¦1^Flesh Knuckles¦1;0
42785;Recipes/Tinkerer's Workshop/register;11960;Stalker's Quiver;4006;;;1;;Tinkerer's Workshop;¦Magic Quiver¦^¦Putrid Scent¦;¦Magic Quiver¦1^¦Putrid Scent¦1;Magic Quiver¦1^Putrid Scent¦1;0
42786;Recipes/Tinkerer's Workshop/register;11960;Recon Scope;4005;;;1;;Tinkerer's Workshop;¦Sniper Scope¦^¦Putrid Scent¦;¦Putrid Scent¦1^¦Sniper Scope¦1;Sniper Scope¦1^Putrid Scent¦1;0
42787;Recipes/Tinkerer's Workshop/register;11960;Arcane Flower;3991;;;1;;Tinkerer's Workshop;¦Mana Flower¦^¦Putrid Scent¦;¦Mana Flower¦1^¦Putrid Scent¦1;Mana Flower¦1^Putrid Scent¦1;0
42788;Recipes/Tinkerer's Workshop/register;11960;Stinger Necklace;4007;;;1;;Tinkerer's Workshop;¦Shark Tooth Necklace¦^¦Honey Comb¦;¦Honey Comb¦1^¦Shark Tooth Necklace¦1;Shark Tooth Necklace¦1^Honey Comb¦1;0
42789;Recipes/Tinkerer's Workshop/register;11960;Amphibian Boots;3990;;;1;;Tinkerer's Workshop;¦Sailfish Boots¦^¦Frog Leg¦;¦Frog Leg¦1^¦Sailfish Boots¦1;Sailfish Boots¦1^Frog Leg¦1;0
42790;Recipes/Tinkerer's Workshop/register;11960;Molten Quiver;4002;;;1;;Tinkerer's Workshop;¦Magic Quiver¦^¦Magma Stone¦;¦Magic Quiver¦1^¦Magma Stone¦1;Magic Quiver¦1^Magma Stone¦1;0
42791;Recipes/Tinkerer's Workshop/register;11960;Fairy Boots;3993;;;1;;Tinkerer's Workshop;¦Spectre Boots¦^¦Flower Boots¦;¦Flower Boots¦1^¦Spectre Boots¦1;Spectre Boots¦1^Flower Boots¦1;0
42792;Recipes/Tinkerer's Workshop/register;11960;Obsidian Horseshoe;396;;;1;;Tinkerer's Workshop;¦Lucky Horseshoe¦^¦Obsidian Skull¦;¦Lucky Horseshoe¦1^¦Obsidian Skull¦1;Lucky Horseshoe¦1^Obsidian Skull¦1;0
42793;Recipes/Tinkerer's Workshop/register;11960;Obsidian Shield;397;;;1;;Tinkerer's Workshop;¦Cobalt Shield¦^¦Obsidian Skull¦;¦Cobalt Shield¦1^¦Obsidian Skull¦1;Cobalt Shield¦1^Obsidian Skull¦1;0
42794;Recipes/Tinkerer's Workshop/register;11960;Ankh Shield;1613;;;1;;Tinkerer's Workshop;¦Obsidian Shield¦^¦Ankh Charm¦;¦Ankh Charm¦1^¦Obsidian Shield¦1;Obsidian Shield¦1^Ankh Charm¦1;0
42795;Recipes/Tinkerer's Workshop/register;11960;Fart in a Jar;1724;;;1;;Tinkerer's Workshop;¦Cloud in a Bottle¦^¦Whoopie Cushion¦;¦Cloud in a Bottle¦1^¦Whoopie Cushion¦1;Cloud in a Bottle¦1^Whoopie Cushion¦1;0
42796;Recipes/Tinkerer's Workshop/register;11960;Cloud in a Balloon;399;;;1;;Tinkerer's Workshop;¦Cloud in a Bottle¦^¦Shiny Red Balloon¦;¦Cloud in a Bottle¦1^¦Shiny Red Balloon¦1;Cloud in a Bottle¦1^Shiny Red Balloon¦1;0
42797;Recipes/Tinkerer's Workshop/register;11960;Blizzard in a Balloon;1163;;;1;;Tinkerer's Workshop;¦Blizzard in a Bottle¦^¦Shiny Red Balloon¦;¦Blizzard in a Bottle¦1^¦Shiny Red Balloon¦1;Blizzard in a Bottle¦1^Shiny Red Balloon¦1;0
42798;Recipes/Tinkerer's Workshop/register;11960;Sandstorm in a Balloon;983;;;1;;Tinkerer's Workshop;¦Sandstorm in a Bottle¦^¦Shiny Red Balloon¦;¦Sandstorm in a Bottle¦1^¦Shiny Red Balloon¦1;Sandstorm in a Bottle¦1^Shiny Red Balloon¦1;0
42799;Recipes/Tinkerer's Workshop/register;11960;Fart in a Balloon;1863;;;1;;Tinkerer's Workshop;¦Fart in a Jar¦^¦Shiny Red Balloon¦;¦Fart in a Jar¦1^¦Shiny Red Balloon¦1;Fart in a Jar¦1^Shiny Red Balloon¦1;0
42800;Recipes/Tinkerer's Workshop/register;11960;Sharkron Balloon;3241;;;1;;Tinkerer's Workshop;¦Tsunami in a Bottle¦^¦Balloon Pufferfish¦;¦Balloon Pufferfish¦1^¦Tsunami in a Bottle¦1;Tsunami in a Bottle¦1^Balloon Pufferfish¦1;0
42801;Recipes/Tinkerer's Workshop/register;11960;Blue Horseshoe Balloon;1250;;;1;;Tinkerer's Workshop;¦Cloud in a Balloon¦^¦Lucky Horseshoe¦;¦Cloud in a Balloon¦1^¦Lucky Horseshoe¦1;Cloud in a Balloon¦1^Lucky Horseshoe¦1;0
42802;Recipes/Tinkerer's Workshop/register;11960;White Horseshoe Balloon;1251;;;1;;Tinkerer's Workshop;¦Blizzard in a Balloon¦^¦Lucky Horseshoe¦;¦Blizzard in a Balloon¦1^¦Lucky Horseshoe¦1;Blizzard in a Balloon¦1^Lucky Horseshoe¦1;0
42803;Recipes/Tinkerer's Workshop/register;11960;Yellow Horseshoe Balloon;1252;;;1;;Tinkerer's Workshop;¦Sandstorm in a Balloon¦^¦Lucky Horseshoe¦;¦Lucky Horseshoe¦1^¦Sandstorm in a Balloon¦1;Sandstorm in a Balloon¦1^Lucky Horseshoe¦1;0
42804;Recipes/Tinkerer's Workshop/register;11960;Green Horseshoe Balloon;3250;;;1;;Tinkerer's Workshop;¦Fart in a Balloon¦^¦Lucky Horseshoe¦;¦Fart in a Balloon¦1^¦Lucky Horseshoe¦1;Fart in a Balloon¦1^Lucky Horseshoe¦1;0
42805;Recipes/Tinkerer's Workshop/register;11960;Amber Horseshoe Balloon;3251;;;1;;Tinkerer's Workshop;¦Honey Balloon¦^¦Lucky Horseshoe¦;¦Honey Balloon¦1^¦Lucky Horseshoe¦1;Honey Balloon¦1^Lucky Horseshoe¦1;0
42806;Recipes/Tinkerer's Workshop/register;11960;Pink Horseshoe Balloon;3252;;;1;;Tinkerer's Workshop;¦Sharkron Balloon¦^¦Lucky Horseshoe¦;¦Lucky Horseshoe¦1^¦Sharkron Balloon¦1;Sharkron Balloon¦1^Lucky Horseshoe¦1;0
42807;Recipes/Tinkerer's Workshop/register;11960;Bundle of Balloons;1164;;;1;;Tinkerer's Workshop;¦Cloud in a Balloon¦^¦Blizzard in a Balloon¦^¦Sandstorm in a Balloon¦;¦Blizzard in a Balloon¦1^¦Cloud in a Balloon¦1^¦Sandstorm in a Balloon¦1;Cloud in a Balloon¦1^Blizzard in a Balloon¦1^Sandstorm in a Balloon¦1;0
42808;Recipes/Tinkerer's Workshop/register;11960;Bundle of Horseshoe Balloons;5331;;;1;;Tinkerer's Workshop;¦Bundle of Balloons¦^¦Lucky Horseshoe¦;¦Bundle of Balloons¦1^¦Lucky Horseshoe¦1;Bundle of Balloons¦1^Lucky Horseshoe¦1;0
42809;Recipes/Tinkerer's Workshop/register;11960;Bundle of Horseshoe Balloons;5331;;;1;;Tinkerer's Workshop;¦Cloud in a Balloon¦^¦Blizzard in a Balloon¦^¦Sandstorm in a Balloon¦^¦Lucky Horseshoe¦;¦Blizzard in a Balloon¦1^¦Cloud in a Balloon¦1^¦Lucky Horseshoe¦1^¦Sandstorm in a Balloon¦1;Cloud in a Balloon¦1^Blizzard in a Balloon¦1^Sandstorm in a Balloon¦1^Lucky Horseshoe¦1;0
42810;Recipes/Tinkerer's Workshop/register;11960;Bundle of Horseshoe Balloons;5331;;;1;;Tinkerer's Workshop;¦Blue Horseshoe Balloon¦^¦Any Blizzard Balloon¦^¦Any Sandstorm Balloon¦;¦Any Blizzard Balloon¦1^¦Any Sandstorm Balloon¦1^¦Blue Horseshoe Balloon¦1;Blue Horseshoe Balloon¦1^Any Blizzard Balloon¦1^Any Sandstorm Balloon¦1;0
42811;Recipes/Tinkerer's Workshop/register;11960;Bundle of Horseshoe Balloons;5331;;;1;;Tinkerer's Workshop;¦White Horseshoe Balloon¦^¦Any Cloud Balloon¦^¦Any Sandstorm Balloon¦;¦Any Cloud Balloon¦1^¦Any Sandstorm Balloon¦1^¦White Horseshoe Balloon¦1;White Horseshoe Balloon¦1^Any Cloud Balloon¦1^Any Sandstorm Balloon¦1;0
42812;Recipes/Tinkerer's Workshop/register;11960;Bundle of Horseshoe Balloons;5331;;;1;;Tinkerer's Workshop;¦Yellow Horseshoe Balloon¦^¦Any Cloud Balloon¦^¦Any Blizzard Balloon¦;¦Any Blizzard Balloon¦1^¦Any Cloud Balloon¦1^¦Yellow Horseshoe Balloon¦1;Yellow Horseshoe Balloon¦1^Any Cloud Balloon¦1^Any Blizzard Balloon¦1;0
42813;Recipes/Tinkerer's Workshop/register;11960;Honey Balloon;1249;;;1;;Tinkerer's Workshop;¦Shiny Red Balloon¦^¦Honey Comb¦;¦Honey Comb¦1^¦Shiny Red Balloon¦1;Shiny Red Balloon¦1^Honey Comb¦1;0
42814;Recipes/Tinkerer's Workshop/register;11960;Spectre Boots;405;;;1;;Tinkerer's Workshop;¦Hermes Boots¦^¦Rocket Boots¦;¦Hermes Boots¦1^¦Rocket Boots¦1;Hermes Boots¦1^Rocket Boots¦1;0
42815;Recipes/Tinkerer's Workshop/register;11960;Spectre Boots;405;;;1;;Tinkerer's Workshop;¦Flurry Boots¦^¦Rocket Boots¦;¦Flurry Boots¦1^¦Rocket Boots¦1;Flurry Boots¦1^Rocket Boots¦1;0
42816;Recipes/Tinkerer's Workshop/register;11960;Spectre Boots;405;;;1;;Tinkerer's Workshop;¦Sailfish Boots¦^¦Rocket Boots¦;¦Rocket Boots¦1^¦Sailfish Boots¦1;Sailfish Boots¦1^Rocket Boots¦1;0
42817;Recipes/Tinkerer's Workshop/register;11960;Spectre Boots;405;;;1;;Tinkerer's Workshop;¦Dunerider Boots¦^¦Rocket Boots¦;¦Dunerider Boots¦1^¦Rocket Boots¦1;Dunerider Boots¦1^Rocket Boots¦1;0
42818;Recipes/Tinkerer's Workshop/register;11960;Lightning Boots;898;;;1;;Tinkerer's Workshop;¦Spectre Boots¦^¦Anklet of the Wind¦^¦Aglet¦;¦Aglet¦1^¦Anklet of the Wind¦1^¦Spectre Boots¦1;Spectre Boots¦1^Anklet of the Wind¦1^Aglet¦1;0
42819;Recipes/Tinkerer's Workshop/register;11960;Frostspark Boots;1862;;;1;;Tinkerer's Workshop;¦Lightning Boots¦^¦Ice Skates¦;¦Ice Skates¦1^¦Lightning Boots¦1;Lightning Boots¦1^Ice Skates¦1;0
42820;Recipes/Tinkerer's Workshop/register;11960;Terraspark Boots;5000;;;1;;Tinkerer's Workshop;¦Frostspark Boots¦^¦Lava Waders¦;¦Frostspark Boots¦1^¦Lava Waders¦1;Frostspark Boots¦1^Lava Waders¦1;0
42821;Recipes/Tinkerer's Workshop/register;11960;Magma Skull;3999;;;1;;Tinkerer's Workshop;¦Obsidian Skull¦^¦Lava Charm¦;¦Lava Charm¦1^¦Obsidian Skull¦1;Obsidian Skull¦1^Lava Charm¦1;0
42822;Recipes/Tinkerer's Workshop/register;11960;Obsidian Skull Rose;4004;;;1;;Tinkerer's Workshop;¦Obsidian Skull¦^¦Obsidian Rose¦;¦Obsidian Rose¦1^¦Obsidian Skull¦1;Obsidian Skull¦1^Obsidian Rose¦1;0
42823;Recipes/Tinkerer's Workshop/register;11960;Molten Skull Rose;4003;;;1;;Tinkerer's Workshop;¦Obsidian Skull Rose¦^¦Lava Charm¦;¦Lava Charm¦1^¦Obsidian Skull Rose¦1;Obsidian Skull Rose¦1^Lava Charm¦1;0
42824;Recipes/Tinkerer's Workshop/register;11960;Molten Skull Rose;4003;;;1;;Tinkerer's Workshop;¦Magma Skull¦^¦Obsidian Rose¦;¦Magma Skull¦1^¦Obsidian Rose¦1;Magma Skull¦1^Obsidian Rose¦1;0
42825;Recipes/Tinkerer's Workshop/register;11960;Molten Skull Rose;4003;;;1;;Tinkerer's Workshop;¦Magma Skull¦^¦Obsidian Skull Rose¦;¦Magma Skull¦1^¦Obsidian Skull Rose¦1;Magma Skull¦1^Obsidian Skull Rose¦1;0
42826;Recipes/Tinkerer's Workshop/register;11960;Molten Charm;4038;;;1;;Tinkerer's Workshop;¦Lava Charm¦^¦Obsidian Skull¦;¦Lava Charm¦1^¦Obsidian Skull¦1;Lava Charm¦1^Obsidian Skull¦1;0
42827;Recipes/Tinkerer's Workshop/register;11960;Obsidian Water Walking Boots;907;;;1;;Tinkerer's Workshop;¦Water Walking Boots¦^¦Obsidian Skull¦;¦Obsidian Skull¦1^¦Water Walking Boots¦1;Water Walking Boots¦1^Obsidian Skull¦1;0
42828;Recipes/Tinkerer's Workshop/register;11960;Lava Waders;908;;;1;desktop console mobile;Tinkerer's Workshop;¦Obsidian Water Walking Boots¦^¦Lava Charm¦^¦Obsidian Rose¦;¦Lava Charm¦1^¦Obsidian Rose¦1^¦Obsidian Water Walking Boots¦1;Obsidian Water Walking Boots¦1^Lava Charm¦1^Obsidian Rose¦1;0
42829;Recipes/Tinkerer's Workshop/register;11960;Lava Waders;908;;;1;desktop console mobile;Tinkerer's Workshop;¦Molten Charm¦^¦Water Walking Boots¦^¦Obsidian Rose¦;¦Molten Charm¦1^¦Obsidian Rose¦1^¦Water Walking Boots¦1;Molten Charm¦1^Water Walking Boots¦1^Obsidian Rose¦1;0
42830;Recipes/Tinkerer's Workshop/register;11960;Lava Waders;908;;;1;desktop console mobile;Tinkerer's Workshop;¦Molten Charm¦^¦Obsidian Water Walking Boots¦^¦Obsidian Rose¦;¦Molten Charm¦1^¦Obsidian Rose¦1^¦Obsidian Water Walking Boots¦1;Molten Charm¦1^Obsidian Water Walking Boots¦1^Obsidian Rose¦1;0
42831;Recipes/Tinkerer's Workshop/register;11960;Lava Waders;908;;;1;desktop console mobile;Tinkerer's Workshop;¦Molten Skull Rose¦^¦Obsidian Water Walking Boots¦;¦Molten Skull Rose¦1^¦Obsidian Water Walking Boots¦1;Molten Skull Rose¦1^Obsidian Water Walking Boots¦1;0
42832;Recipes/Tinkerer's Workshop/register;11960;Lava Waders;908;;;1;desktop console mobile;Tinkerer's Workshop;¦Molten Skull Rose¦^¦Water Walking Boots¦;¦Molten Skull Rose¦1^¦Water Walking Boots¦1;Molten Skull Rose¦1^Water Walking Boots¦1;0
42833;Recipes/Tinkerer's Workshop/register;11960;Hellfire Treads;4874;;;1;;Tinkerer's Workshop;¦Flame Waker Boots¦^¦Spectre Boots¦;¦Flame Waker Boots¦1^¦Spectre Boots¦1;Flame Waker Boots¦1^Spectre Boots¦1;0
42834;Recipes/Tinkerer's Workshop/register;11960;Mana Flower;555;;;1;;Tinkerer's Workshop;¦Nature's Gift¦^¦Mana Potion¦;¦Mana Potion¦1^¦Nature's Gift¦1;Nature's Gift¦1^Mana Potion¦1;0
42835;Recipes/Tinkerer's Workshop/register;11960;Coin Ring;3034;;;1;;Tinkerer's Workshop;¦Gold Ring¦^¦Lucky Coin¦;¦Gold Ring¦1^¦Lucky Coin¦1;Gold Ring¦1^Lucky Coin¦1;0
42836;Recipes/Tinkerer's Workshop/register;11960;Greedy Ring;3035;;;1;;Tinkerer's Workshop;¦Coin Ring¦^¦Discount Card¦;¦Coin Ring¦1^¦Discount Card¦1;Coin Ring¦1^Discount Card¦1;0
42837;Recipes/Tinkerer's Workshop/register;11960;Power Glove;897;;;1;;Tinkerer's Workshop;¦Titan Glove¦^¦Feral Claws¦;¦Feral Claws¦1^¦Titan Glove¦1;Titan Glove¦1^Feral Claws¦1;0
42838;Recipes/Tinkerer's Workshop/register;11960;Mechanical Glove;936;;;1;;Tinkerer's Workshop;¦Power Glove¦^¦Avenger Emblem¦;¦Avenger Emblem¦1^¦Power Glove¦1;Power Glove¦1^Avenger Emblem¦1;0
42839;Recipes/Tinkerer's Workshop/register;11960;Fire Gauntlet;1343;;;1;;Tinkerer's Workshop;¦Magma Stone¦^¦Mechanical Glove¦;¦Magma Stone¦1^¦Mechanical Glove¦1;Magma Stone¦1^Mechanical Glove¦1;0
42840;Recipes/Tinkerer's Workshop/register;11960;Papyrus Scarab;1864;;;1;;Tinkerer's Workshop;¦Necromantic Scroll¦^¦Hercules Beetle¦;¦Hercules Beetle¦1^¦Necromantic Scroll¦1;Necromantic Scroll¦1^Hercules Beetle¦1;0
42841;Recipes/Tinkerer's Workshop/register;11960;Mana Regeneration Band;982;;;1;;Tinkerer's Workshop;¦Band of Starpower¦^¦Band of Regeneration¦;¦Band of Regeneration¦1^¦Band of Starpower¦1;Band of Starpower¦1^Band of Regeneration¦1;0
42842;Recipes/Tinkerer's Workshop/register;11960;Magic Cuffs;1595;;;1;desktop console mobile;Tinkerer's Workshop;¦Band of Starpower¦^¦Shackle¦;¦Band of Starpower¦1^¦Shackle¦1;Band of Starpower¦1^Shackle¦1;0
42843;Recipes/Tinkerer's Workshop/register;11960;Celestial Cuffs;2221;;;1;;Tinkerer's Workshop;¦Celestial Magnet¦^¦Magic Cuffs¦;¦Celestial Magnet¦1^¦Magic Cuffs¦1;Celestial Magnet¦1^Magic Cuffs¦1;0
42844;Recipes/Tinkerer's Workshop/register;11960;Celestial Emblem;2220;;;1;;Tinkerer's Workshop;¦Celestial Magnet¦^¦Avenger Emblem¦;¦Avenger Emblem¦1^¦Celestial Magnet¦1;Celestial Magnet¦1^Avenger Emblem¦1;0
42845;Recipes/Tinkerer's Workshop/register;11960;Charm of Myths;860;;;1;;Tinkerer's Workshop;¦Band of Regeneration¦^¦Philosopher's Stone¦;¦Band of Regeneration¦1^¦Philosopher's Stone¦1;Band of Regeneration¦1^Philosopher's Stone¦1;0
42846;Recipes/Tinkerer's Workshop/register;11960;Celestial Stone;1865;;;1;;Tinkerer's Workshop;¦Sun Stone¦^¦Moon Stone¦;¦Moon Stone¦1^¦Sun Stone¦1;Sun Stone¦1^Moon Stone¦1;0
42847;Recipes/Tinkerer's Workshop/register;11960;Moon Shell;861;;;1;;Tinkerer's Workshop;¦Moon Charm¦^¦Neptune's Shell¦;¦Moon Charm¦1^¦Neptune's Shell¦1;Moon Charm¦1^Neptune's Shell¦1;0
42848;Recipes/Tinkerer's Workshop/register;11960;Celestial Shell;3110;;;1;;Tinkerer's Workshop;¦Celestial Stone¦^¦Moon Shell¦;¦Celestial Stone¦1^¦Moon Shell¦1;Celestial Stone¦1^Moon Shell¦1;0
42849;Recipes/Tinkerer's Workshop/register;11960;Star Veil;862;;;1;;Tinkerer's Workshop;¦Star Cloak¦^¦Cross Necklace¦;¦Cross Necklace¦1^¦Star Cloak¦1;Star Cloak¦1^Cross Necklace¦1;0
42850;Recipes/Tinkerer's Workshop/register;11960;Bee Cloak;1247;;;1;;Tinkerer's Workshop;¦Honey Comb¦^¦Star Cloak¦;¦Honey Comb¦1^¦Star Cloak¦1;Honey Comb¦1^Star Cloak¦1;0
42851;Recipes/Tinkerer's Workshop/register;11960;Sweetheart Necklace;1578;;;1;;Tinkerer's Workshop;¦Honey Comb¦^¦Panic Necklace¦;¦Honey Comb¦1^¦Panic Necklace¦1;Honey Comb¦1^Panic Necklace¦1;0
42852;Recipes/Tinkerer's Workshop/register;11960;Tiger Climbing Gear;976;;;1;;Tinkerer's Workshop;¦Climbing Claws¦^¦Shoe Spikes¦;¦Climbing Claws¦1^¦Shoe Spikes¦1;Climbing Claws¦1^Shoe Spikes¦1;0
42853;Recipes/Tinkerer's Workshop/register;11960;Master Ninja Gear;984;;;1;;Tinkerer's Workshop;¦Tiger Climbing Gear¦^¦Tabi¦^¦Black Belt¦;¦Black Belt¦1^¦Tabi¦1^¦Tiger Climbing Gear¦1;Tiger Climbing Gear¦1^Tabi¦1^Black Belt¦1;0
42854;Recipes/Tinkerer's Workshop/register;11960;Architect Gizmo Pack;3061;;;1;;Tinkerer's Workshop;¦Brick Layer¦^¦Extendo Grip¦^¦Paint Sprayer¦^¦Portable Cement Mixer¦;¦Brick Layer¦1^¦Extendo Grip¦1^¦Paint Sprayer¦1^¦Portable Cement Mixer¦1;Brick Layer¦1^Extendo Grip¦1^Paint Sprayer¦1^Portable Cement Mixer¦1;0
42855;Recipes/Tinkerer's Workshop/register;11960;Hand Of Creation;5126;;;1;;Tinkerer's Workshop;¦Architect Gizmo Pack¦^¦Ancient Chisel¦^¦Treasure Magnet¦^¦Step Stool¦;¦Ancient Chisel¦1^¦Architect Gizmo Pack¦1^¦Step Stool¦1^¦Treasure Magnet¦1;Architect Gizmo Pack¦1^Ancient Chisel¦1^Treasure Magnet¦1^Step Stool¦1;0
42856;Recipes/Tinkerer's Workshop/register;11960;Angler Tackle Bag;3721;;;1;;Tinkerer's Workshop;¦High Test Fishing Line¦^¦Tackle Box¦^¦Angler Earring¦;¦Angler Earring¦1^¦High Test Fishing Line¦1^¦Tackle Box¦1;High Test Fishing Line¦1^Tackle Box¦1^Angler Earring¦1;0
42857;Recipes/Tinkerer's Workshop/register;11960;Lavaproof Tackle Bag;5064;;;1;;Tinkerer's Workshop;¦Angler Tackle Bag¦^¦Lavaproof Fishing Hook¦;¦Angler Tackle Bag¦1^¦Lavaproof Fishing Hook¦1;Angler Tackle Bag¦1^Lavaproof Fishing Hook¦1;0
42858;Recipes/Tinkerer's Workshop/register;11960;Glowing Fishing Bobber;5140;;;1;;Tinkerer's Workshop;¦Fishing Bobber¦^¦Fallen Star¦;¦Fallen Star¦5^¦Fishing Bobber¦1;Fishing Bobber¦1^Fallen Star¦5;0
42859;Recipes/Tinkerer's Workshop/register;11960;Argon Moss Fishing Bobber;5144;;;1;;Tinkerer's Workshop;¦Glowing Fishing Bobber¦^¦Argon Moss¦;¦Argon Moss¦5^¦Glowing Fishing Bobber¦1;Glowing Fishing Bobber¦1^Argon Moss¦5;0
42860;Recipes/Tinkerer's Workshop/register;11960;Krypton Moss Fishing Bobber;5142;;;1;;Tinkerer's Workshop;¦Glowing Fishing Bobber¦^¦Krypton Moss¦;¦Glowing Fishing Bobber¦1^¦Krypton Moss¦5;Glowing Fishing Bobber¦1^Krypton Moss¦5;0
42861;Recipes/Tinkerer's Workshop/register;11960;Lava Moss Fishing Bobber;5141;;;1;;Tinkerer's Workshop;¦Glowing Fishing Bobber¦^¦Lava Moss¦;¦Glowing Fishing Bobber¦1^¦Lava Moss¦5;Glowing Fishing Bobber¦1^Lava Moss¦5;0
42862;Recipes/Tinkerer's Workshop/register;11960;Helium Moss Fishing Bobber;5146;;;1;;Tinkerer's Workshop;¦Glowing Fishing Bobber¦^¦Helium Moss¦;¦Glowing Fishing Bobber¦1^¦Helium Moss¦5;Glowing Fishing Bobber¦1^Helium Moss¦5;0
42863;Recipes/Tinkerer's Workshop/register;11960;Neon Moss Fishing Bobber;5145;;;1;;Tinkerer's Workshop;¦Glowing Fishing Bobber¦^¦Neon Moss¦;¦Glowing Fishing Bobber¦1^¦Neon Moss¦5;Glowing Fishing Bobber¦1^Neon Moss¦5;0
42864;Recipes/Tinkerer's Workshop/register;11960;Xenon Moss Fishing Bobber;5143;;;1;;Tinkerer's Workshop;¦Glowing Fishing Bobber¦^¦Xenon Moss¦;¦Glowing Fishing Bobber¦1^¦Xenon Moss¦5;Glowing Fishing Bobber¦1^Xenon Moss¦5;0
42865;Recipes/Tinkerer's Workshop/register;11960;Armor Bracing;901;;;1;;Tinkerer's Workshop;¦Armor Polish¦^¦Vitamins¦;¦Armor Polish¦1^¦Vitamins¦1;Armor Polish¦1^Vitamins¦1;0
42866;Recipes/Tinkerer's Workshop/register;11960;Medicated Bandage;902;;;1;;Tinkerer's Workshop;¦Bezoar¦^¦Adhesive Bandage¦;¦Adhesive Bandage¦1^¦Bezoar¦1;Bezoar¦1^Adhesive Bandage¦1;0
42867;Recipes/Tinkerer's Workshop/register;11960;The Plan;903;;;1;;Tinkerer's Workshop;¦Fast Clock¦^¦Trifold Map¦;¦Fast Clock¦1^¦Trifold Map¦1;Fast Clock¦1^Trifold Map¦1;0
42868;Recipes/Tinkerer's Workshop/register;11960;Countercurse Mantra;904;;;1;;Tinkerer's Workshop;¦Megaphone¦^¦Nazar¦;¦Megaphone¦1^¦Nazar¦1;Megaphone¦1^Nazar¦1;0
42869;Recipes/Tinkerer's Workshop/register;11960;Reflective Shades;5354;;;1;;Tinkerer's Workshop;¦Blindfold¦^¦Pocket Mirror¦;¦Blindfold¦1^¦Pocket Mirror¦1;Blindfold¦1^Pocket Mirror¦1;0
42870;Recipes/Tinkerer's Workshop/register;11960;Ankh Charm;1612;;;1;;Tinkerer's Workshop;¦Armor Bracing¦^¦Medicated Bandage¦^¦The Plan¦^¦Countercurse Mantra¦^¦Reflective Shades¦;¦Armor Bracing¦1^¦Countercurse Mantra¦1^¦Medicated Bandage¦1^¦Reflective Shades¦1^¦The Plan¦1;Armor Bracing¦1^Medicated Bandage¦1^The Plan¦1^Countercurse Mantra¦1^Reflective Shades¦1;0
42871;Recipes/Tinkerer's Workshop/register;11960;Avenger Emblem;935;;;1;desktop console mobile;Tinkerer's Workshop;¦Warrior Emblem¦^¦Soul of Might¦^¦Soul of Sight¦^¦Soul of Fright¦;¦Soul of Fright¦5^¦Soul of Might¦5^¦Soul of Sight¦5^¦Warrior Emblem¦1;Warrior Emblem¦1^Soul of Might¦5^Soul of Sight¦5^Soul of Fright¦5;0
42872;Recipes/Tinkerer's Workshop/register;11960;Avenger Emblem;935;;;1;desktop console mobile;Tinkerer's Workshop;¦Ranger Emblem¦^¦Soul of Might¦^¦Soul of Sight¦^¦Soul of Fright¦;¦Ranger Emblem¦1^¦Soul of Fright¦5^¦Soul of Might¦5^¦Soul of Sight¦5;Ranger Emblem¦1^Soul of Might¦5^Soul of Sight¦5^Soul of Fright¦5;0
42873;Recipes/Tinkerer's Workshop/register;11960;Avenger Emblem;935;;;1;desktop console mobile;Tinkerer's Workshop;¦Sorcerer Emblem¦^¦Soul of Might¦^¦Soul of Sight¦^¦Soul of Fright¦;¦Sorcerer Emblem¦1^¦Soul of Fright¦5^¦Soul of Might¦5^¦Soul of Sight¦5;Sorcerer Emblem¦1^Soul of Might¦5^Soul of Sight¦5^Soul of Fright¦5;0
42874;Recipes/Tinkerer's Workshop/register;11960;Avenger Emblem;935;;;1;;Tinkerer's Workshop;¦Summoner Emblem¦^¦Soul of Might¦^¦Soul of Sight¦^¦Soul of Fright¦;¦Soul of Fright¦5^¦Soul of Might¦5^¦Soul of Sight¦5^¦Summoner Emblem¦1;Summoner Emblem¦1^Soul of Might¦5^Soul of Sight¦5^Soul of Fright¦5;0
42875;Recipes/Tinkerer's Workshop/register;11960;Destroyer Emblem;1301;;;1;;Tinkerer's Workshop;¦Avenger Emblem¦^¦Eye of the Golem¦;¦Avenger Emblem¦1^¦Eye of the Golem¦1;Avenger Emblem¦1^Eye of the Golem¦1;0
42876;Recipes/Tinkerer's Workshop/register;11960;Sniper Scope;1858;;;1;;Tinkerer's Workshop;¦Rifle Scope¦^¦Destroyer Emblem¦;¦Destroyer Emblem¦1^¦Rifle Scope¦1;Rifle Scope¦1^Destroyer Emblem¦1;0
42877;Recipes/Tinkerer's Workshop/register;11960;Multicolor Wrench;3625;;;1;;Tinkerer's Workshop;¦Red Wrench¦^¦Green Wrench¦^¦Blue Wrench¦^¦Yellow Wrench¦^¦Wire Cutter¦;¦Blue Wrench¦1^¦Green Wrench¦1^¦Red Wrench¦1^¦Wire Cutter¦1^¦Yellow Wrench¦1;Red Wrench¦1^Green Wrench¦1^Blue Wrench¦1^Yellow Wrench¦1^Wire Cutter¦1;0
42878;Recipes/Tinkerer's Workshop/register;11960;The Grand Design;3611;;;1;;Tinkerer's Workshop;¦Multicolor Wrench¦^¦Mechanical Lens¦^¦Mechanical Ruler¦^¦Wire¦;¦Mechanical Lens¦1^¦Mechanical Ruler¦1^¦Multicolor Wrench¦1^¦Wire¦60;Multicolor Wrench¦1^Mechanical Lens¦1^Mechanical Ruler¦1^Wire¦60;0
42879;Recipes/Tinkerer's Workshop/register;11960;Cyan Weighted Pressure Plate;3632;;;1;;Tinkerer's Workshop;¦Any Pressure Plate¦^¦Any Iron Bar¦^¦Wire¦;¦Any Iron Bar¦2^¦Any Pressure Plate¦1^¦Wire¦1;Any Pressure Plate¦1^Any Iron Bar¦2^Wire¦1;0
42880;Recipes/Tinkerer's Workshop/register;11960;Orange Weighted Pressure Plate;3630;;;1;;Tinkerer's Workshop;¦Any Pressure Plate¦^¦Any Iron Bar¦^¦Wire¦;¦Any Iron Bar¦2^¦Any Pressure Plate¦1^¦Wire¦1;Any Pressure Plate¦1^Any Iron Bar¦2^Wire¦1;0
42881;Recipes/Tinkerer's Workshop/register;11960;Pink Weighted Pressure Plate;3626;;;1;;Tinkerer's Workshop;¦Any Pressure Plate¦^¦Any Iron Bar¦^¦Wire¦;¦Any Iron Bar¦2^¦Any Pressure Plate¦1^¦Wire¦1;Any Pressure Plate¦1^Any Iron Bar¦2^Wire¦1;0
42882;Recipes/Tinkerer's Workshop/register;11960;Purple Weighted Pressure Plate;3631;;;1;;Tinkerer's Workshop;¦Any Pressure Plate¦^¦Any Iron Bar¦^¦Wire¦;¦Any Iron Bar¦2^¦Any Pressure Plate¦1^¦Wire¦1;Any Pressure Plate¦1^Any Iron Bar¦2^Wire¦1;0
42883;Recipes/Tinkerer's Workshop/register;11960;Panic Necklace;1290;;;1;;Tinkerer's Workshop and Ecto Mist;¦Band of Starpower¦^¦Life Crystal¦;¦Band of Starpower¦1^¦Life Crystal¦1;Band of Starpower¦1^Life Crystal¦1;0
42884;Recipes/Tinkerer's Workshop/register;11960;Band of Starpower;111;;;1;;Tinkerer's Workshop and Ecto Mist;¦Panic Necklace¦^¦Mana Crystal¦;¦Mana Crystal¦1^¦Panic Necklace¦1;Panic Necklace¦1^Mana Crystal¦1;0
42885;Recipes/Tinkerer's Workshop/register;11960;Music Box (Title);565;;;1;;Tinkerer's Workshop;¦Music Box (Overworld Day)¦^¦Music Box (Eerie)¦^¦Music Box (Night)¦^¦Music Box (Underground)¦^¦Music Box (Boss 1)¦^¦Music Box (Jungle)¦^¦Music Box (Corruption)¦^¦Music Box (Underground Corruption)¦^¦Music Box (The Hallow)¦^¦Music Box (Boss 2)¦^¦Music Box (Underground Hallow)¦^¦Music Box (Boss 3)¦;¦Music Box (Boss 1)¦1^¦Music Box (Boss 2)¦1^¦Music Box (Boss 3)¦1^¦Music Box (Corruption)¦1^¦Music Box (Eerie)¦1^¦Music Box (Jungle)¦1^¦Music Box (Night)¦1^¦Music Box (Overworld Day)¦1^¦Music Box (The Hallow)¦1^¦Music Box (Underground Corruption)¦1^¦Music Box (Underground Hallow)¦1^¦Music Box (Underground)¦1;Music Box (Overworld Day)¦1^Music Box (Eerie)¦1^Music Box (Night)¦1^Music Box (Underground)¦1^Music Box (Boss 1)¦1^Music Box (Jungle)¦1^Music Box (Corruption)¦1^Music Box (Underground Corruption)¦1^Music Box (The Hallow)¦1^Music Box (Boss 2)¦1^Music Box (Underground Hallow)¦1^Music Box (Boss 3)¦1;0
42886;Recipes/Tinkerer's Workshop/register;11960;Music Box (Journey's Beginning);4356;;;1;;Tinkerer's Workshop;¦Music Box (Slime Rain)¦^¦Music Box (Town Day)¦^¦Music Box (Town Night)¦^¦Music Box (Windy Day)¦^¦Music Box (Storm)¦^¦Music Box (Graveyard)¦^¦Music Box (Underground Jungle)¦^¦Music Box (Jungle Night)¦^¦Music Box (Underground Desert)¦^¦Music Box (Queen Slime)¦^¦Music Box (Empress Of Light)¦^¦Music Box (Duke Fishron)¦;¦Music Box (Duke Fishron)¦1^¦Music Box (Empress Of Light)¦1^¦Music Box (Graveyard)¦1^¦Music Box (Jungle Night)¦1^¦Music Box (Queen Slime)¦1^¦Music Box (Slime Rain)¦1^¦Music Box (Storm)¦1^¦Music Box (Town Day)¦1^¦Music Box (Town Night)¦1^¦Music Box (Underground Desert)¦1^¦Music Box (Underground Jungle)¦1^¦Music Box (Windy Day)¦1;Music Box (Slime Rain)¦1^Music Box (Town Day)¦1^Music Box (Town Night)¦1^Music Box (Windy Day)¦1^Music Box (Storm)¦1^Music Box (Graveyard)¦1^Music Box (Underground Jungle)¦1^Music Box (Jungle Night)¦1^Music Box (Underground Desert)¦1^Music Box (Queen Slime)¦1^Music Box (Empress Of Light)¦1^Music Box (Duke Fishron)¦1;0
42887;Recipes/Tinkerer's Workshop/register;11960;Music Box (Alt Title);4992;;;1;;Tinkerer's Workshop and Ecto Mist;¦Music Box (Desert)¦^¦Music Box (Ice)¦^¦Music Box (Space Day)¦^¦Music Box (Ocean Night)¦^¦Music Box (Boss 5)¦^¦Music Box (Morning Rain)¦;¦Music Box (Boss 5)¦1^¦Music Box (Desert)¦1^¦Music Box (Ice)¦1^¦Music Box (Morning Rain)¦1^¦Music Box (Ocean Night)¦1^¦Music Box (Space Day)¦1;Music Box (Desert)¦1^Music Box (Ice)¦1^Music Box (Space Day)¦1^Music Box (Ocean Night)¦1^Music Box (Boss 5)¦1^Music Box (Morning Rain)¦1;0
42888;Recipes/Tinkerer's Workshop/register;11960;Scout's Sling;6175;;;1;;Tinkerer's Workshop;¦Heavy Sling¦^¦Putrid Scent¦;¦Heavy Sling¦1^¦Putrid Scent¦1;Heavy Sling¦1^Putrid Scent¦1;0
42889;Recipes/Tinkerer's Workshop/register;11960;Templar's Sling;6176;;;1;;Tinkerer's Workshop;¦Heavy Sling¦^¦Eye of the Golem¦;¦Eye of the Golem¦1^¦Heavy Sling¦1;Heavy Sling¦1^Eye of the Golem¦1;0
42890;Recipes/Tinkerer's Workshop/register;11960;Royal Guard's Harness;6177;;;1;;Tinkerer's Workshop;¦Heavy Sling¦^¦Cobalt Shield¦;¦Cobalt Shield¦1^¦Heavy Sling¦1;Heavy Sling¦1^Cobalt Shield¦1;0
42891;Recipes/Tinkerer's Workshop/register;11960;Pyroclastic Stone;6178;;;1;;Tinkerer's Workshop;¦Snapping Stone¦^¦Magma Stone¦;¦Magma Stone¦1^¦Snapping Stone¦1;Snapping Stone¦1^Magma Stone¦1;0
42892;Recipes/Tinkerer's Workshop/register;11960;Armlet Of Ruin;6179;;;1;;Tinkerer's Workshop;¦Snapping Stone¦^¦Wicked Armlet¦;¦Snapping Stone¦1^¦Wicked Armlet¦1;Snapping Stone¦1^Wicked Armlet¦1;0
42893;Recipes/Tinkerer's Workshop/register;11960;Seraph Necklace;6180;;;1;;Tinkerer's Workshop;¦Harpy Charm¦^¦Cross Necklace¦;¦Cross Necklace¦1^¦Harpy Charm¦1;Harpy Charm¦1^Cross Necklace¦1;0
42894;Recipes/Tinkerer's Workshop/register;11960;Phoenix Quiver;6181;;;1;;Tinkerer's Workshop;¦Harpy Charm¦^¦Molten Quiver¦;¦Harpy Charm¦1^¦Molten Quiver¦1;Harpy Charm¦1^Molten Quiver¦1;0
42895;Recipes/Tinkerer's Workshop/register;11960;Wicked Claws;6182;;;1;;Tinkerer's Workshop;¦Wicked Armlet¦^¦Feral Claws¦;¦Feral Claws¦1^¦Wicked Armlet¦1;Wicked Armlet¦1^Feral Claws¦1;0
42896;Recipes/Tinkerer's Workshop/register;11960;Silver Shield;6183;;;1;;Tinkerer's Workshop;¦Silver Bracer¦^¦Obsidian Shield¦;¦Obsidian Shield¦1^¦Silver Bracer¦1;Silver Bracer¦1^Obsidian Shield¦1;0
42897;Recipes/Tinkerer's Workshop/register;11960;Sweet Barb;6184;;;1;;Tinkerer's Workshop;¦Poison Barb¦^¦Honey Comb¦;¦Honey Comb¦1^¦Poison Barb¦1;Poison Barb¦1^Honey Comb¦1;0
42898;Recipes/Tinkerer's Workshop/register;11960;Catalyst Band;6185;;;1;;Tinkerer's Workshop;¦Poison Barb¦^¦Philosopher's Stone¦;¦Philosopher's Stone¦1^¦Poison Barb¦1;Poison Barb¦1^Philosopher's Stone¦1;0
42899;Recipes/Tinkerer's Workshop/register;11960;Druidic Serpent Cloak;6186;;;1;;Tinkerer's Workshop;¦Snake Band¦^¦Star Cloak¦;¦Snake Band¦1^¦Star Cloak¦1;Snake Band¦1^Star Cloak¦1;0
42900;Recipes/Tinkerer's Workshop/register;11960;Crossed Heart Necklace;6187;;;1;;Tinkerer's Workshop;¦Panic Necklace¦^¦Cross Necklace¦;¦Cross Necklace¦1^¦Panic Necklace¦1;Panic Necklace¦1^Cross Necklace¦1;0
42901;Recipes/Tinkerer's Workshop/register;11960;Restoration Shield;6188;;;1;;Tinkerer's Workshop;¦Mana Regeneration Band¦^¦Cobalt Shield¦;¦Cobalt Shield¦1^¦Mana Regeneration Band¦1;Mana Regeneration Band¦1^Cobalt Shield¦1;0
42902;Recipes/Tinkerer's Workshop/register;11960;Mystic Arts Sash;6189;;;1;;Tinkerer's Workshop;¦Mana Regeneration Band¦^¦Black Belt¦;¦Black Belt¦1^¦Mana Regeneration Band¦1;Mana Regeneration Band¦1^Black Belt¦1;0
42903;Recipes/Tinkerer's Workshop/register;11960;Twilight Grasp;6163;;;1;;Tinkerer's Workshop;¦Silver Bracer¦^¦Wicked Armlet¦;¦Silver Bracer¦1^¦Wicked Armlet¦1;Silver Bracer¦1^Wicked Armlet¦1;0
42904;Recipes/Tinkerer's Workshop/register;11960;Ouroboros Ring;6162;;;1;;Tinkerer's Workshop;¦Snake Band¦^¦Mobius Strip¦;¦Mobius Strip¦1^¦Snake Band¦1;Snake Band¦1^Mobius Strip¦1;0
42905;Recipes/Placed Bottle/register;11385;Lesser Healing Potion;28;;;2;;Placed Bottle;¦Mushroom¦^¦Gel¦^¦Bottle¦;¦Bottle¦2^¦Gel¦2^¦Mushroom¦1;Mushroom¦1^Gel¦2^Bottle¦2;0
42906;Recipes/Placed Bottle/register;11385;Restoration Potion;227;;;1;desktop console mobile;Placed Bottle;¦Mushroom¦^¦Glowing Mushroom¦^¦Pink Gel¦^¦Bottle¦;¦Bottle¦1^¦Glowing Mushroom¦1^¦Mushroom¦1^¦Pink Gel¦1;Mushroom¦1^Glowing Mushroom¦1^Pink Gel¦1^Bottle¦1;0
42907;Recipes/Placed Bottle/register;11385;Healing Potion;188;;;1;;Placed Bottle;¦Lesser Healing Potion¦^¦Glowing Mushroom¦;¦Glowing Mushroom¦1^¦Lesser Healing Potion¦2;Lesser Healing Potion¦2^Glowing Mushroom¦1;0
42908;Recipes/Placed Bottle/register;11385;Greater Healing Potion;499;;;3;desktop console mobile;Placed Bottle;¦Bottled Water¦^¦Pixie Dust¦^¦Crystal Shard¦;¦Bottled Water¦3^¦Crystal Shard¦1^¦Pixie Dust¦3;Bottled Water¦3^Pixie Dust¦3^Crystal Shard¦1;0
42909;Recipes/Placed Bottle/register;11385;Super Healing Potion;3544;;;4;;Placed Bottle;¦Greater Healing Potion¦^¦Nebula Fragment¦^¦Solar Fragment¦^¦Stardust Fragment¦^¦Vortex Fragment¦;¦Greater Healing Potion¦4^¦Nebula Fragment¦1^¦Solar Fragment¦1^¦Stardust Fragment¦1^¦Vortex Fragment¦1;Greater Healing Potion¦4^Nebula Fragment¦1^Solar Fragment¦1^Stardust Fragment¦1^Vortex Fragment¦1;0
42910;Recipes/Placed Bottle/register;11385;Mana Potion;189;;;1;;Placed Bottle;¦Lesser Mana Potion¦^¦Glowing Mushroom¦;¦Glowing Mushroom¦1^¦Lesser Mana Potion¦2;Lesser Mana Potion¦2^Glowing Mushroom¦1;0
42911;Recipes/Placed Bottle/register;11385;Super Mana Potion;2209;;;8;desktop console mobile;Placed Bottle;¦Greater Mana Potion¦^¦Fallen Star¦^¦Ectoplasm¦;¦Ectoplasm¦1^¦Fallen Star¦2^¦Greater Mana Potion¦8;Greater Mana Potion¦8^Fallen Star¦2^Ectoplasm¦1;0
42912;Recipes/Placed Bottle/register;11385;Gender Change Potion;2756;;;1;;Placed Bottle;¦Bottled Water¦^¦Daybloom¦^¦Moonglow¦^¦Blinkroot¦^¦Waterleaf¦^¦Deathweed¦^¦Shiverthorn¦^¦Fireblossom¦;¦Blinkroot¦1^¦Bottled Water¦1^¦Daybloom¦1^¦Deathweed¦1^¦Fireblossom¦1^¦Moonglow¦1^¦Shiverthorn¦1^¦Waterleaf¦1;Bottled Water¦1^Daybloom¦1^Moonglow¦1^Blinkroot¦1^Waterleaf¦1^Deathweed¦1^Shiverthorn¦1^Fireblossom¦1;0
42913;Recipes/Placed Bottle/register;11385;Obsidian Skin Potion;288;;;1;;Placed Bottle;¦Bottled Water¦^¦Fireblossom¦^¦Waterleaf¦^¦Obsidian¦;¦Bottled Water¦1^¦Fireblossom¦1^¦Obsidian¦1^¦Waterleaf¦1;Bottled Water¦1^Fireblossom¦1^Waterleaf¦1^Obsidian¦1;0
42914;Recipes/Placed Bottle/register;11385;Regeneration Potion;289;;;1;;Placed Bottle;¦Bottled Water¦^¦Daybloom¦^¦Mushroom¦;¦Bottled Water¦1^¦Daybloom¦1^¦Mushroom¦1;Bottled Water¦1^Daybloom¦1^Mushroom¦1;0
42915;Recipes/Placed Bottle/register;11385;Swiftness Potion;290;;;1;;Placed Bottle;¦Bottled Water¦^¦Blinkroot¦^¦Cactus¦;¦Blinkroot¦1^¦Bottled Water¦1^¦Cactus¦1;Bottled Water¦1^Blinkroot¦1^Cactus¦1;0
42916;Recipes/Placed Bottle/register;11385;Gills Potion;291;;;1;;Placed Bottle;¦Bottled Water¦^¦Waterleaf¦^¦Coral¦;¦Bottled Water¦1^¦Coral¦1^¦Waterleaf¦1;Bottled Water¦1^Waterleaf¦1^Coral¦1;0
42917;Recipes/Placed Bottle/register;11385;Ironskin Potion;292;;;1;;Placed Bottle;¦Bottled Water¦^¦Daybloom¦^¦Iron Ore¦;¦Bottled Water¦1^¦Daybloom¦1^¦Iron Ore¦1;Bottled Water¦1^Daybloom¦1^Iron Ore¦1;0
42918;Recipes/Placed Bottle/register;11385;Ironskin Potion;292;;;1;;Placed Bottle;¦Bottled Water¦^¦Daybloom¦^¦Lead Ore¦;¦Bottled Water¦1^¦Daybloom¦1^¦Lead Ore¦1;Bottled Water¦1^Daybloom¦1^Lead Ore¦1;0
42919;Recipes/Placed Bottle/register;11385;Mana Regeneration Potion;293;;;1;;Placed Bottle;¦Bottled Water¦^¦Moonglow¦^¦Daybloom¦^¦Fallen Star¦;¦Bottled Water¦1^¦Daybloom¦1^¦Fallen Star¦1^¦Moonglow¦1;Bottled Water¦1^Moonglow¦1^Daybloom¦1^Fallen Star¦1;0
42920;Recipes/Placed Bottle/register;11385;Magic Power Potion;294;;;1;;Placed Bottle;¦Bottled Water¦^¦Moonglow¦^¦Deathweed¦^¦Fallen Star¦;¦Bottled Water¦1^¦Deathweed¦1^¦Fallen Star¦1^¦Moonglow¦1;Bottled Water¦1^Moonglow¦1^Deathweed¦1^Fallen Star¦1;0
42921;Recipes/Placed Bottle/register;11385;Featherfall Potion;295;;;1;;Placed Bottle;¦Bottled Water¦^¦Daybloom¦^¦Blinkroot¦^¦Feather¦;¦Blinkroot¦1^¦Bottled Water¦1^¦Daybloom¦1^¦Feather¦1;Bottled Water¦1^Daybloom¦1^Blinkroot¦1^Feather¦1;0
42922;Recipes/Placed Bottle/register;11385;Spelunker Potion;296;;;1;;Placed Bottle;¦Bottled Water¦^¦Blinkroot¦^¦Moonglow¦^¦Gold Ore¦;¦Blinkroot¦1^¦Bottled Water¦1^¦Gold Ore¦1^¦Moonglow¦1;Bottled Water¦1^Blinkroot¦1^Moonglow¦1^Gold Ore¦1;0
42923;Recipes/Placed Bottle/register;11385;Spelunker Potion;296;;;1;;Placed Bottle;¦Bottled Water¦^¦Blinkroot¦^¦Moonglow¦^¦Platinum Ore¦;¦Blinkroot¦1^¦Bottled Water¦1^¦Moonglow¦1^¦Platinum Ore¦1;Bottled Water¦1^Blinkroot¦1^Moonglow¦1^Platinum Ore¦1;0
42924;Recipes/Placed Bottle/register;11385;Invisibility Potion;297;;;1;;Placed Bottle;¦Bottled Water¦^¦Blinkroot¦^¦Moonglow¦;¦Blinkroot¦1^¦Bottled Water¦1^¦Moonglow¦1;Bottled Water¦1^Blinkroot¦1^Moonglow¦1;0
42925;Recipes/Placed Bottle/register;11385;Shine Potion;298;;;1;;Placed Bottle;¦Bottled Water¦^¦Daybloom¦^¦Glowing Mushroom¦;¦Bottled Water¦1^¦Daybloom¦1^¦Glowing Mushroom¦1;Bottled Water¦1^Daybloom¦1^Glowing Mushroom¦1;0
42926;Recipes/Placed Bottle/register;11385;Night Owl Potion;299;;;1;;Placed Bottle;¦Bottled Water¦^¦Daybloom¦^¦Blinkroot¦;¦Blinkroot¦1^¦Bottled Water¦1^¦Daybloom¦1;Bottled Water¦1^Daybloom¦1^Blinkroot¦1;0
42927;Recipes/Placed Bottle/register;11385;Battle Potion;300;;;1;;Placed Bottle;¦Bottled Water¦^¦Deathweed¦^¦Rotten Chunk¦;¦Bottled Water¦1^¦Deathweed¦1^¦Rotten Chunk¦1;Bottled Water¦1^Deathweed¦1^Rotten Chunk¦1;0
42928;Recipes/Placed Bottle/register;11385;Battle Potion;300;;;1;;Placed Bottle;¦Bottled Water¦^¦Deathweed¦^¦Vertebra¦;¦Bottled Water¦1^¦Deathweed¦1^¦Vertebra¦1;Bottled Water¦1^Deathweed¦1^Vertebra¦1;0
42929;Recipes/Placed Bottle/register;11385;Thorns Potion;301;;;1;desktop console mobile;Placed Bottle;¦Bottled Water¦^¦Deathweed¦^¦Cactus¦;¦Bottled Water¦1^¦Cactus¦1^¦Deathweed¦1;Bottled Water¦1^Deathweed¦1^Cactus¦1;0
42930;Recipes/Placed Bottle/register;11385;Water Walking Potion;302;;;1;;Placed Bottle;¦Bottled Water¦^¦Waterleaf¦^¦Shark Fin¦;¦Bottled Water¦1^¦Shark Fin¦1^¦Waterleaf¦1;Bottled Water¦1^Waterleaf¦1^Shark Fin¦1;0
42931;Recipes/Placed Bottle/register;11385;Archery Potion;303;;;1;;Placed Bottle;¦Bottled Water¦^¦Daybloom¦^¦Lens¦;¦Bottled Water¦1^¦Daybloom¦1^¦Lens¦1;Bottled Water¦1^Daybloom¦1^Lens¦1;0
42932;Recipes/Placed Bottle/register;11385;Hunter Potion;304;;;1;;Placed Bottle;¦Bottled Water¦^¦Daybloom¦^¦Blinkroot¦^¦Shark Fin¦;¦Blinkroot¦1^¦Bottled Water¦1^¦Daybloom¦1^¦Shark Fin¦1;Bottled Water¦1^Daybloom¦1^Blinkroot¦1^Shark Fin¦1;0
42933;Recipes/Placed Bottle/register;11385;Gravitation Potion;305;;;1;;Placed Bottle;¦Bottled Water¦^¦Fireblossom¦^¦Deathweed¦^¦Blinkroot¦^¦Feather¦;¦Blinkroot¦1^¦Bottled Water¦1^¦Deathweed¦1^¦Feather¦1^¦Fireblossom¦1;Bottled Water¦1^Fireblossom¦1^Deathweed¦1^Blinkroot¦1^Feather¦1;0
42934;Recipes/Placed Bottle/register;11385;Fishing Potion;2354;;;1;;Placed Bottle;¦Bottled Water¦^¦Crispy Honey Block¦^¦Waterleaf¦;¦Bottled Water¦1^¦Crispy Honey Block¦1^¦Waterleaf¦1;Bottled Water¦1^Crispy Honey Block¦1^Waterleaf¦1;0
42935;Recipes/Placed Bottle/register;11385;Crate Potion;2356;;;1;desktop console old-gen mobile;Placed Bottle;¦Bottled Water¦^¦Amber¦^¦Moonglow¦^¦Shiverthorn¦^¦Waterleaf¦;¦Amber¦1^¦Bottled Water¦1^¦Moonglow¦1^¦Shiverthorn¦1^¦Waterleaf¦1;Bottled Water¦1^Amber¦1^Moonglow¦1^Shiverthorn¦1^Waterleaf¦1;0
42936;Recipes/Placed Bottle/register;11385;Builder Potion;2325;;;1;;Placed Bottle;¦Bottled Water¦^¦Blinkroot¦^¦Shiverthorn¦^¦Moonglow¦;¦Blinkroot¦1^¦Bottled Water¦1^¦Moonglow¦1^¦Shiverthorn¦1;Bottled Water¦1^Blinkroot¦1^Shiverthorn¦1^Moonglow¦1;0
42937;Recipes/Placed Bottle/register;11385;Titan Potion;2326;;;1;;Placed Bottle;¦Bottled Water¦^¦Bone¦^¦Deathweed¦^¦Shiverthorn¦;¦Bone¦1^¦Bottled Water¦1^¦Deathweed¦1^¦Shiverthorn¦1;Bottled Water¦1^Bone¦1^Deathweed¦1^Shiverthorn¦1;0
42938;Recipes/Placed Bottle/register;11385;Dangersense Potion;2329;;;1;;Placed Bottle;¦Bottled Water¦^¦Shiverthorn¦^¦Cobweb¦;¦Bottled Water¦1^¦Cobweb¦10^¦Shiverthorn¦1;Bottled Water¦1^Shiverthorn¦1^Cobweb¦10;0
42939;Recipes/Placed Bottle/register;11385;Sonar Potion;2355;;;1;;Placed Bottle;¦Bottled Water¦^¦Waterleaf¦^¦Coral¦;¦Bottled Water¦1^¦Coral¦1^¦Waterleaf¦1;Bottled Water¦1^Waterleaf¦1^Coral¦1;0
42940;Recipes/Placed Bottle/register;11385;Mining Potion;2322;;;1;;Placed Bottle;¦Bottled Water¦^¦Antlion Mandible¦^¦Blinkroot¦;¦Antlion Mandible¦1^¦Blinkroot¦1^¦Bottled Water¦1;Bottled Water¦1^Antlion Mandible¦1^Blinkroot¦1;0
42941;Recipes/Placed Bottle/register;11385;Flipper Potion;2327;;;1;;Placed Bottle;¦Bottled Water¦^¦Shiverthorn¦^¦Waterleaf¦;¦Bottled Water¦1^¦Shiverthorn¦1^¦Waterleaf¦1;Bottled Water¦1^Shiverthorn¦1^Waterleaf¦1;0
42942;Recipes/Placed Bottle/register;11385;Heartreach Potion;2323;;;1;desktop console mobile;Placed Bottle;¦Bottled Water¦^¦Crimson Tigerfish¦^¦Daybloom¦;¦Bottled Water¦1^¦Crimson Tigerfish¦1^¦Daybloom¦1;Bottled Water¦1^Crimson Tigerfish¦1^Daybloom¦1;0
42943;Recipes/Placed Bottle/register;11385;Calming Potion;2324;;;1;;Placed Bottle;¦Bottled Water¦^¦Damselfish¦^¦Daybloom¦;¦Bottled Water¦1^¦Damselfish¦1^¦Daybloom¦1;Bottled Water¦1^Damselfish¦1^Daybloom¦1;0
42944;Recipes/Placed Bottle/register;11385;Summoning Potion;2328;;;1;;Placed Bottle;¦Bottled Water¦^¦Variegated Lardfish¦^¦Moonglow¦;¦Bottled Water¦1^¦Moonglow¦1^¦Variegated Lardfish¦1;Bottled Water¦1^Variegated Lardfish¦1^Moonglow¦1;0
42945;Recipes/Placed Bottle/register;11385;Ammo Reservation Potion;2344;;;1;;Placed Bottle;¦Bottled Water¦^¦Double Cod¦^¦Moonglow¦;¦Bottled Water¦1^¦Double Cod¦1^¦Moonglow¦1;Bottled Water¦1^Double Cod¦1^Moonglow¦1;0
42946;Recipes/Placed Bottle/register;11385;Lifeforce Potion;2345;;;1;;Placed Bottle;¦Bottled Water¦^¦Prismite¦^¦Moonglow¦^¦Shiverthorn¦^¦Waterleaf¦;¦Bottled Water¦1^¦Moonglow¦1^¦Prismite¦1^¦Shiverthorn¦1^¦Waterleaf¦1;Bottled Water¦1^Prismite¦1^Moonglow¦1^Shiverthorn¦1^Waterleaf¦1;0
42947;Recipes/Placed Bottle/register;11385;Endurance Potion;2346;;;1;;Placed Bottle;¦Bottled Water¦^¦Armored Cavefish¦^¦Blinkroot¦;¦Armored Cavefish¦1^¦Blinkroot¦1^¦Bottled Water¦1;Bottled Water¦1^Armored Cavefish¦1^Blinkroot¦1;0
42948;Recipes/Placed Bottle/register;11385;Inferno Potion;2348;;;1;;Placed Bottle;¦Bottled Water¦^¦Flarefin Koi¦^¦Obsidifish¦^¦Fireblossom¦;¦Bottled Water¦1^¦Fireblossom¦1^¦Flarefin Koi¦1^¦Obsidifish¦2;Bottled Water¦1^Flarefin Koi¦1^Obsidifish¦2^Fireblossom¦1;0
42949;Recipes/Placed Bottle/register;11385;Rage Potion;2347;;;1;;Placed Bottle;¦Bottled Water¦^¦Hemopiranha¦^¦Deathweed¦;¦Bottled Water¦1^¦Deathweed¦1^¦Hemopiranha¦1;Bottled Water¦1^Hemopiranha¦1^Deathweed¦1;0
42950;Recipes/Placed Bottle/register;11385;Wrath Potion;2349;;;1;;Placed Bottle;¦Bottled Water¦^¦Ebonkoi¦^¦Deathweed¦;¦Bottled Water¦1^¦Deathweed¦1^¦Ebonkoi¦1;Bottled Water¦1^Ebonkoi¦1^Deathweed¦1;0
42951;Recipes/Placed Bottle/register;11385;Recall Potion;2350;;;1;desktop console mobile;Placed Bottle;¦Bottled Water¦^¦Specular Fish¦^¦Daybloom¦;¦Bottled Water¦1^¦Daybloom¦1^¦Specular Fish¦1;Bottled Water¦1^Specular Fish¦1^Daybloom¦1;0
42952;Recipes/Placed Bottle/register;11385;Wormhole Potion;2997;;;3;;Placed Bottle;¦Bottled Water¦^¦Specular Fish¦^¦Blinkroot¦;¦Blinkroot¦1^¦Bottled Water¦3^¦Specular Fish¦1;Bottled Water¦3^Specular Fish¦1^Blinkroot¦1;0
42953;Recipes/Placed Bottle/register;11385;Teleportation Potion;2351;;;1;;Placed Bottle;¦Bottled Water¦^¦Chaos Fish¦^¦Fireblossom¦;¦Bottled Water¦1^¦Chaos Fish¦1^¦Fireblossom¦1;Bottled Water¦1^Chaos Fish¦1^Fireblossom¦1;0
42954;Recipes/Placed Bottle/register;11385;Love Potion;2352;;;1;;Placed Bottle;¦Bottled Water¦^¦Princess Fish¦^¦Shiverthorn¦;¦Bottled Water¦1^¦Princess Fish¦1^¦Shiverthorn¦1;Bottled Water¦1^Princess Fish¦1^Shiverthorn¦1;0
42955;Recipes/Placed Bottle/register;11385;Stink Potion;2353;;;2;desktop console mobile;Placed Bottle;¦Bottled Water¦^¦Stinkfish¦^¦Deathweed¦;¦Bottled Water¦2^¦Deathweed¦1^¦Stinkfish¦1;Bottled Water¦2^Stinkfish¦1^Deathweed¦1;0
42956;Recipes/Placed Bottle/register;11385;Warmth Potion;2359;;;1;;Placed Bottle;¦Bottled Water¦^¦Frost Minnow¦^¦Shiverthorn¦;¦Bottled Water¦1^¦Frost Minnow¦1^¦Shiverthorn¦1;Bottled Water¦1^Frost Minnow¦1^Shiverthorn¦1;0
42957;Recipes/Placed Bottle/register;11385;Lesser Luck Potion;4477;;;1;;Placed Bottle;¦Bottled Water¦^¦Waterleaf¦^¦Ladybug¦^¦White Pearl¦;¦Bottled Water¦1^¦Ladybug¦1^¦Waterleaf¦1^¦White Pearl¦1;Bottled Water¦1^Waterleaf¦1^Ladybug¦1^White Pearl¦1;0
42958;Recipes/Placed Bottle/register;11385;Luck Potion;4478;;;1;;Placed Bottle;¦Bottled Water¦^¦Waterleaf¦^¦Ladybug¦^¦Black Pearl¦;¦Black Pearl¦1^¦Bottled Water¦1^¦Ladybug¦1^¦Waterleaf¦1;Bottled Water¦1^Waterleaf¦1^Ladybug¦1^Black Pearl¦1;0
42959;Recipes/Placed Bottle/register;11385;Greater Luck Potion;4479;;;1;;Placed Bottle;¦Bottled Water¦^¦Waterleaf¦^¦Ladybug¦^¦Pink Pearl¦;¦Bottled Water¦1^¦Ladybug¦1^¦Pink Pearl¦1^¦Waterleaf¦1;Bottled Water¦1^Waterleaf¦1^Ladybug¦1^Pink Pearl¦1;0
42960;Recipes/Placed Bottle/register;11385;Potion of Return;4870;;;1;;Placed Bottle;¦Recall Potion¦^¦Obsidifish¦;¦Obsidifish¦1^¦Recall Potion¦1;Recall Potion¦1^Obsidifish¦1;0
42961;Recipes/Placed Bottle/register;11385;Biome Sight Potion;5211;;;1;;Placed Bottle;¦Bottled Water¦^¦Fireblossom¦^¦Blinkroot¦^¦Moonglow¦^¦Grass Seeds¦;¦Blinkroot¦1^¦Bottled Water¦1^¦Fireblossom¦1^¦Grass Seeds¦5^¦Moonglow¦1;Bottled Water¦1^Fireblossom¦1^Blinkroot¦1^Moonglow¦1^Grass Seeds¦5;0
42962;Recipes/Placed Bottle/register;11385;Vile Powder;67;;;5;;Placed Bottle;¦Vile Mushroom¦;¦Vile Mushroom¦1;Vile Mushroom¦1;0
42963;Recipes/Placed Bottle/register;11385;Vicious Powder;2886;;;5;;Placed Bottle;¦Vicious Mushroom¦;¦Vicious Mushroom¦1;Vicious Mushroom¦1;0
42964;Recipes/Placed Bottle/register;11385;Fertilizer;5438;;;1;;Placed Bottle;¦Poo¦^¦Bone¦^¦Ash Block¦;¦Ash Block¦3^¦Bone¦3^¦Poo¦3;Poo¦3^Bone¦3^Ash Block¦3;0
42965;Recipes/Placed Bottle/register;11385;Jungle Juice;5496;;;3;;Placed Bottle;¦Greater Healing Potion¦^¦Life Fruit¦;¦Greater Healing Potion¦3^¦Life Fruit¦1;Greater Healing Potion¦3^Life Fruit¦1;0
42966;Recipes/Placed Bottle/register;11385;Torch God's Flavor;5573;;#note_torch_gods_favor;1;;Placed Bottle;¦Bottled Water¦^¦Torch¦^¦Daybloom¦^¦Moonglow¦^¦Fireblossom¦;¦Bottled Water¦1^¦Daybloom¦1^¦Fireblossom¦1^¦Moonglow¦1^¦Torch¦1;Bottled Water¦1^Torch¦1^Daybloom¦1^Moonglow¦1^Fireblossom¦1;0
42967;Legacy:Recipes/Placed Bottle/register;66706;Thorns Potion;301;Thorns Potion (old).png;;1;old-gen 3ds;Placed Bottle only;¦Bottled Water¦^¦Deathweed¦^¦Cactus¦^¦Worm Tooth¦^¦Stinger¦;¦Bottled Water¦1^¦Cactus¦1^¦Deathweed¦1^¦Stinger¦1^¦Worm Tooth¦1;Bottled Water#i:old¦1^Deathweed¦1^Cactus¦1^Worm Tooth#i:old¦1^Stinger#i:old¦1;1
42968;Legacy:Recipes/Placed Bottle/register;66706;Greater Healing Potion;499;Greater Healing Potion (old).png;;1;old-gen 3ds;Placed Bottle only;¦Bottled Water¦^¦Pixie Dust¦^¦Crystal Shard¦;¦Bottled Water¦1^¦Crystal Shard¦1^¦Pixie Dust¦3;Bottled Water#i:old¦1^Pixie Dust#i:old¦3^Crystal Shard#i:old¦1;1
42969;Legacy:Recipes/Placed Bottle/register;66706;Restoration Potion;227;Restoration Potion (old).png;;1;old-gen 3ds;Placed Bottle only;¦Mana Potion¦^¦Healing Potion¦;¦Healing Potion¦1^¦Mana Potion¦1;Mana Potion#i:old¦1^Healing Potion#i:old¦1;1
42970;Legacy:Recipes/Placed Bottle/register;66706;Crate Potion;2356;Crate Potion (old).png;;1;3ds;Placed Bottle only;¦Bottled Water¦^¦Amber¦^¦Moonglow¦^¦Deathweed¦;¦Amber¦1^¦Bottled Water¦1^¦Deathweed¦1^¦Moonglow¦1;Bottled Water#i:old¦1^Amber#i:old¦1^Moonglow¦1^Deathweed#i:old¦1;1
42971;Legacy:Recipes/Placed Bottle/register;66706;Heartreach Potion;2323;Heartreach Potion (old).png;;1;old-gen 3ds;Placed Bottle only;¦Bottled Water¦^¦Crimson Tigerfish¦^¦Daybloom¦^¦Moonglow¦;¦Bottled Water¦1^¦Crimson Tigerfish¦1^¦Daybloom¦1^¦Moonglow¦1;Bottled Water#i:old¦1^Crimson Tigerfish¦1^Daybloom¦1^Moonglow¦1;1
42972;Legacy:Recipes/Placed Bottle/register;66706;Recall Potion;2350;Recall Potion (old).png;;1;old-gen 3ds;Placed Bottle only;¦Bottled Water¦^¦Specular Fish¦^¦Deathweed¦;¦Bottled Water¦1^¦Deathweed¦1^¦Specular Fish¦1;Bottled Water#i:old¦1^Specular Fish¦1^Deathweed¦1;1
42973;Legacy:Recipes/Placed Bottle/register;66706;Lesser Restoration Potion;226;Lesser Restoration Potion (old).png;;1;;Placed Bottle only;¦Lesser Healing Potion¦^¦Lesser Mana Potion¦;¦Lesser Healing Potion¦1^¦Lesser Mana Potion¦1;Lesser Healing Potion#i:old¦1^Lesser Mana Potion#i:old¦1;1
42974;Legacy:Recipes/Placed Bottle/register;66706;Purple Thread;255;;;1;;Placed Bottle only;¦Mushroom Grass Seeds¦;¦Mushroom Grass Seeds¦3;Mushroom Grass Seeds¦3;1
42975;Legacy:Recipes/Placed Bottle/register;66706;White Thread;;;;1;;Placed Bottle only;¦Mushroom Grass Seeds¦;¦Mushroom Grass Seeds¦3;Mushroom Grass Seeds¦3;1
42976;Legacy:Recipes/Placed Bottle/register;66706;Stink Potion;2353;Stink Potion (old).png;;1;;Placed Bottle only;¦Bottled Water¦^¦Stinkfish¦^¦Deathweed¦;¦Bottled Water¦1^¦Deathweed¦1^¦Stinkfish¦1;Bottled Water#i:old¦1^Stinkfish¦1^Deathweed¦1;1
42977;Legacy:Recipes/Placed Bottle/register;66706;Super Mana Potion;2209;Super Mana Potion (old).png;;15;old-gen;Placed Bottle only;¦Greater Mana Potion¦^¦Fallen Star¦^¦Crystal Shard¦^¦Unicorn Horn¦;¦Crystal Shard¦3^¦Fallen Star¦1^¦Greater Mana Potion¦15^¦Unicorn Horn¦1;Greater Mana Potion#i:old¦15^Fallen Star#i:old¦1^Crystal Shard#i:old¦3^Unicorn Horn¦1;1
42978;Recipes/Hardmode Anvil/register;8212;Cursed Arrow;545;;;150;desktop console mobile;Mythril Anvil;¦Wooden Arrow¦^¦Cursed Flame¦;¦Cursed Flame¦1^¦Wooden Arrow¦150;Wooden Arrow¦150^Cursed Flame¦1;0
42979;Recipes/Hardmode Anvil/register;8212;Ichor Arrow;1334;;;150;desktop console mobile;Mythril Anvil;¦Wooden Arrow¦^¦Ichor¦;¦Ichor¦1^¦Wooden Arrow¦150;Wooden Arrow¦150^Ichor¦1;0
42980;Recipes/Hardmode Anvil/register;8212;Holy Arrow;516;;;200;desktop console mobile;Mythril Anvil;¦Wooden Arrow¦^¦Pixie Dust¦^¦Unicorn Horn¦;¦Pixie Dust¦3^¦Unicorn Horn¦1^¦Wooden Arrow¦200;Wooden Arrow¦200^Pixie Dust¦3^Unicorn Horn¦1;0
42981;Recipes/Hardmode Anvil/register;8212;Venom Arrow;1341;;;35;;Mythril Anvil;¦Wooden Arrow¦^¦Vial of Venom¦;¦Vial of Venom¦1^¦Wooden Arrow¦35;Wooden Arrow¦35^Vial of Venom¦1;0
42982;Recipes/Hardmode Anvil/register;8212;Chlorophyte Arrow;1235;;;150;desktop console mobile;Mythril Anvil;¦Chlorophyte Bar¦;¦Chlorophyte Bar¦1;Chlorophyte Bar¦1;0
42983;Recipes/Hardmode Anvil/register;8212;Crystal Bullet;515;;;100;desktop console mobile;Mythril Anvil;¦Musket Ball¦^¦Crystal Shard¦;¦Crystal Shard¦1^¦Musket Ball¦100;Musket Ball¦100^Crystal Shard¦1;0
42984;Recipes/Hardmode Anvil/register;8212;Cursed Bullet;546;;;150;desktop console mobile;Mythril Anvil;¦Musket Ball¦^¦Cursed Flame¦;¦Cursed Flame¦1^¦Musket Ball¦150;Musket Ball¦150^Cursed Flame¦1;0
42985;Recipes/Hardmode Anvil/register;8212;Ichor Bullet;1335;;;150;desktop console mobile;Mythril Anvil;¦Musket Ball¦^¦Ichor¦;¦Ichor¦1^¦Musket Ball¦150;Musket Ball¦150^Ichor¦1;0
42986;Recipes/Hardmode Anvil/register;8212;Chlorophyte Bullet;1179;;;60;desktop console mobile;Mythril Anvil;¦Musket Ball¦^¦Chlorophyte Bar¦;¦Chlorophyte Bar¦1^¦Musket Ball¦60;Musket Ball¦60^Chlorophyte Bar¦1;0
42987;Recipes/Hardmode Anvil/register;8212;Chik;3283;;;1;;Mythril Anvil;¦Wooden Yoyo¦^¦Crystal Shard¦^¦Soul of Light¦;¦Crystal Shard¦15^¦Soul of Light¦10^¦Wooden Yoyo¦1;Wooden Yoyo¦1^Crystal Shard¦15^Soul of Light¦10;0
42988;Recipes/Hardmode Anvil/register;8212;Blue Phasesaber;3764;;;1;desktop console mobile;Mythril Anvil;¦Blue Phaseblade¦^¦Crystal Shard¦;¦Blue Phaseblade¦1^¦Crystal Shard¦25;Blue Phaseblade¦1^Crystal Shard¦25;0
42989;Recipes/Hardmode Anvil/register;8212;Red Phasesaber;3765;;;1;desktop console mobile;Mythril Anvil;¦Red Phaseblade¦^¦Crystal Shard¦;¦Crystal Shard¦25^¦Red Phaseblade¦1;Red Phaseblade¦1^Crystal Shard¦25;0
42990;Recipes/Hardmode Anvil/register;8212;Green Phasesaber;3766;;;1;desktop console mobile;Mythril Anvil;¦Green Phaseblade¦^¦Crystal Shard¦;¦Crystal Shard¦25^¦Green Phaseblade¦1;Green Phaseblade¦1^Crystal Shard¦25;0
42991;Recipes/Hardmode Anvil/register;8212;Purple Phasesaber;3767;;;1;desktop console mobile;Mythril Anvil;¦Purple Phaseblade¦^¦Crystal Shard¦;¦Crystal Shard¦25^¦Purple Phaseblade¦1;Purple Phaseblade¦1^Crystal Shard¦25;0
42992;Recipes/Hardmode Anvil/register;8212;White Phasesaber;3768;;;1;desktop console mobile;Mythril Anvil;¦White Phaseblade¦^¦Crystal Shard¦;¦Crystal Shard¦25^¦White Phaseblade¦1;White Phaseblade¦1^Crystal Shard¦25;0
42993;Recipes/Hardmode Anvil/register;8212;Yellow Phasesaber;3769;;;1;desktop console mobile;Mythril Anvil;¦Yellow Phaseblade¦^¦Crystal Shard¦;¦Crystal Shard¦25^¦Yellow Phaseblade¦1;Yellow Phaseblade¦1^Crystal Shard¦25;0
42994;Recipes/Hardmode Anvil/register;8212;Orange Phasesaber;4259;;;1;;Mythril Anvil;¦Orange Phaseblade¦^¦Crystal Shard¦;¦Crystal Shard¦25^¦Orange Phaseblade¦1;Orange Phaseblade¦1^Crystal Shard¦25;0
42995;Recipes/Hardmode Anvil/register;8212;True Night's Edge;675;;;1;desktop console mobile;Mythril Anvil;¦Night's Edge¦^¦Soul of Fright¦^¦Soul of Might¦^¦Soul of Sight¦;¦Night's Edge¦1^¦Soul of Fright¦20^¦Soul of Might¦20^¦Soul of Sight¦20;Night's Edge¦1^Soul of Fright¦20^Soul of Might¦20^Soul of Sight¦20;0
42996;Recipes/Hardmode Anvil/register;8212;True Excalibur;674;;;1;desktop console mobile;Mythril Anvil;¦Excalibur¦^¦Chlorophyte Bar¦;¦Chlorophyte Bar¦24^¦Excalibur¦1;Excalibur¦1^Chlorophyte Bar¦24;0
42997;Recipes/Hardmode Anvil/register;8212;Terra Blade;757;;;1;;Mythril Anvil;¦True Night's Edge¦^¦True Excalibur¦^¦Broken Hero Sword¦;¦Broken Hero Sword¦1^¦True Excalibur¦1^¦True Night's Edge¦1;True Night's Edge¦1^True Excalibur¦1^Broken Hero Sword¦1;0
42998;Recipes/Hardmode Anvil/register;8212;Zenith;4956;;;1;;Mythril Anvil;¦Terra Blade¦^¦Meowmere¦^¦Star Wrath¦^¦Influx Waver¦^¦The Horseman's Blade¦^¦Seedler¦^¦Starfury¦^¦Bee Keeper¦^¦Enchanted Sword¦^¦Copper Shortsword¦;¦Bee Keeper¦1^¦Copper Shortsword¦1^¦Enchanted Sword¦1^¦Influx Waver¦1^¦Meowmere¦1^¦Seedler¦1^¦Star Wrath¦1^¦Starfury¦1^¦Terra Blade¦1^¦The Horseman's Blade¦1;Terra Blade¦1^Meowmere¦1^Star Wrath¦1^Influx Waver¦1^The Horseman's Blade¦1^Seedler¦1^Starfury¦1^Bee Keeper¦1^Enchanted Sword¦1^Copper Shortsword¦1;0
42999;Recipes/Hardmode Anvil/register;8212;Dao of Pow;389;;;1;;Mythril Anvil;¦Dark Shard¦^¦Light Shard¦^¦Soul of Night¦^¦Soul of Light¦;¦Dark Shard¦1^¦Light Shard¦1^¦Soul of Light¦7^¦Soul of Night¦7;Dark Shard¦1^Light Shard¦1^Soul of Night¦7^Soul of Light¦7;0
43000;Recipes/Hardmode Anvil/register;8212;Mythril Helmet;377;;;1;;Mythril Anvil;¦Mythril Bar¦;¦Mythril Bar¦10;Mythril Bar¦10;0
43001;Recipes/Hardmode Anvil/register;8212;Mythril Hat;378;;;1;;Mythril Anvil;¦Mythril Bar¦;¦Mythril Bar¦10;Mythril Bar¦10;0
43002;Recipes/Hardmode Anvil/register;8212;Mythril Hood;376;;;1;;Mythril Anvil;¦Mythril Bar¦;¦Mythril Bar¦10;Mythril Bar¦10;0
43003;Recipes/Hardmode Anvil/register;8212;Mythril Chainmail;379;;;1;;Mythril Anvil;¦Mythril Bar¦;¦Mythril Bar¦20;Mythril Bar¦20;0
43004;Recipes/Hardmode Anvil/register;8212;Mythril Greaves;380;;;1;;Mythril Anvil;¦Mythril Bar¦;¦Mythril Bar¦15;Mythril Bar¦15;0
43005;Recipes/Hardmode Anvil/register;8212;Mythril Drill;386;;;1;;Mythril Anvil;¦Mythril Bar¦;¦Mythril Bar¦15;Mythril Bar¦15;0
43006;Recipes/Hardmode Anvil/register;8212;Mythril Pickaxe;777;;;1;;Mythril Anvil;¦Mythril Bar¦;¦Mythril Bar¦15;Mythril Bar¦15;0
43007;Recipes/Hardmode Anvil/register;8212;Mythril Chainsaw;384;;;1;;Mythril Anvil;¦Mythril Bar¦;¦Mythril Bar¦10;Mythril Bar¦10;0
43008;Recipes/Hardmode Anvil/register;8212;Mythril Waraxe;992;;;1;;Mythril Anvil;¦Mythril Bar¦;¦Mythril Bar¦10;Mythril Bar¦10;0
43009;Recipes/Hardmode Anvil/register;8212;Mythril Repeater;436;;;1;;Mythril Anvil;¦Mythril Bar¦;¦Mythril Bar¦10;Mythril Bar¦10;0
43010;Recipes/Hardmode Anvil/register;8212;Mythril Sword;484;;;1;desktop console mobile;Mythril Anvil;¦Mythril Bar¦;¦Mythril Bar¦8;Mythril Bar¦8;0
43011;Recipes/Hardmode Anvil/register;8212;Mythril Halberd;390;;;1;;Mythril Anvil;¦Mythril Bar¦;¦Mythril Bar¦10;Mythril Bar¦10;0
43012;Recipes/Hardmode Anvil/register;8212;Orichalcum Mask;1210;;;1;;Mythril Anvil;¦Orichalcum Bar¦;¦Orichalcum Bar¦12;Orichalcum Bar¦12;0
43013;Recipes/Hardmode Anvil/register;8212;Orichalcum Helmet;1211;;;1;;Mythril Anvil;¦Orichalcum Bar¦;¦Orichalcum Bar¦12;Orichalcum Bar¦12;0
43014;Recipes/Hardmode Anvil/register;8212;Orichalcum Headgear;1212;;;1;;Mythril Anvil;¦Orichalcum Bar¦;¦Orichalcum Bar¦12;Orichalcum Bar¦12;0
43015;Recipes/Hardmode Anvil/register;8212;Orichalcum Breastplate;1213;;;1;;Mythril Anvil;¦Orichalcum Bar¦;¦Orichalcum Bar¦24;Orichalcum Bar¦24;0
43016;Recipes/Hardmode Anvil/register;8212;Orichalcum Leggings;1214;;;1;;Mythril Anvil;¦Orichalcum Bar¦;¦Orichalcum Bar¦18;Orichalcum Bar¦18;0
43017;Recipes/Hardmode Anvil/register;8212;Orichalcum Drill;1196;;;1;;Mythril Anvil;¦Orichalcum Bar¦;¦Orichalcum Bar¦18;Orichalcum Bar¦18;0
43018;Recipes/Hardmode Anvil/register;8212;Orichalcum Pickaxe;1195;;;1;;Mythril Anvil;¦Orichalcum Bar¦;¦Orichalcum Bar¦18;Orichalcum Bar¦18;0
43019;Recipes/Hardmode Anvil/register;8212;Orichalcum Chainsaw;1197;;;1;;Mythril Anvil;¦Orichalcum Bar¦;¦Orichalcum Bar¦12;Orichalcum Bar¦12;0
43020;Recipes/Hardmode Anvil/register;8212;Orichalcum Waraxe;1223;;;1;;Mythril Anvil;¦Orichalcum Bar¦;¦Orichalcum Bar¦12;Orichalcum Bar¦12;0
43021;Recipes/Hardmode Anvil/register;8212;Orichalcum Repeater;1194;;;1;;Mythril Anvil;¦Orichalcum Bar¦;¦Orichalcum Bar¦12;Orichalcum Bar¦12;0
43022;Recipes/Hardmode Anvil/register;8212;Orichalcum Sword;1192;;;1;desktop console mobile;Mythril Anvil;¦Orichalcum Bar¦;¦Orichalcum Bar¦10;Orichalcum Bar¦10;0
43023;Recipes/Hardmode Anvil/register;8212;Orichalcum Halberd;1193;;;1;;Mythril Anvil;¦Orichalcum Bar¦;¦Orichalcum Bar¦12;Orichalcum Bar¦12;0
43024;Recipes/Hardmode Anvil/register;8212;Adamantite Helmet;401;;;1;;Mythril Anvil;¦Adamantite Bar¦;¦Adamantite Bar¦12;Adamantite Bar¦12;0
43025;Recipes/Hardmode Anvil/register;8212;Adamantite Mask;402;;;1;;Mythril Anvil;¦Adamantite Bar¦;¦Adamantite Bar¦12;Adamantite Bar¦12;0
43026;Recipes/Hardmode Anvil/register;8212;Adamantite Headgear;400;;;1;;Mythril Anvil;¦Adamantite Bar¦;¦Adamantite Bar¦12;Adamantite Bar¦12;0
43027;Recipes/Hardmode Anvil/register;8212;Adamantite Breastplate;403;;;1;;Mythril Anvil;¦Adamantite Bar¦;¦Adamantite Bar¦24;Adamantite Bar¦24;0
43028;Recipes/Hardmode Anvil/register;8212;Adamantite Leggings;404;;;1;;Mythril Anvil;¦Adamantite Bar¦;¦Adamantite Bar¦18;Adamantite Bar¦18;0
43029;Recipes/Hardmode Anvil/register;8212;Adamantite Drill;388;;;1;;Mythril Anvil;¦Adamantite Bar¦;¦Adamantite Bar¦18;Adamantite Bar¦18;0
43030;Recipes/Hardmode Anvil/register;8212;Adamantite Pickaxe;778;;;1;;Mythril Anvil;¦Adamantite Bar¦;¦Adamantite Bar¦18;Adamantite Bar¦18;0
43031;Recipes/Hardmode Anvil/register;8212;Adamantite Chainsaw;387;;;1;;Mythril Anvil;¦Adamantite Bar¦;¦Adamantite Bar¦12;Adamantite Bar¦12;0
43032;Recipes/Hardmode Anvil/register;8212;Adamantite Waraxe;993;;;1;;Mythril Anvil;¦Adamantite Bar¦;¦Adamantite Bar¦12;Adamantite Bar¦12;0
43033;Recipes/Hardmode Anvil/register;8212;Adamantite Repeater;481;;;1;;Mythril Anvil;¦Adamantite Bar¦;¦Adamantite Bar¦12;Adamantite Bar¦12;0
43034;Recipes/Hardmode Anvil/register;8212;Adamantite Sword;482;;;1;;Mythril Anvil;¦Adamantite Bar¦;¦Adamantite Bar¦12;Adamantite Bar¦12;0
43035;Recipes/Hardmode Anvil/register;8212;Adamantite Glaive;406;;;1;;Mythril Anvil;¦Adamantite Bar¦;¦Adamantite Bar¦12;Adamantite Bar¦12;0
43036;Recipes/Hardmode Anvil/register;8212;Adamantite Forge;524;;;1;;Mythril Anvil;¦Adamantite Ore¦^¦Hellforge¦;¦Adamantite Ore¦30^¦Hellforge¦1;Adamantite Ore¦30^Hellforge¦1;0
43037;Recipes/Hardmode Anvil/register;8212;Titanium Mask;1215;;;1;;Mythril Anvil;¦Titanium Bar¦;¦Titanium Bar¦13;Titanium Bar¦13;0
43038;Recipes/Hardmode Anvil/register;8212;Titanium Helmet;1216;;;1;;Mythril Anvil;¦Titanium Bar¦;¦Titanium Bar¦13;Titanium Bar¦13;0
43039;Recipes/Hardmode Anvil/register;8212;Titanium Headgear;1217;;;1;;Mythril Anvil;¦Titanium Bar¦;¦Titanium Bar¦13;Titanium Bar¦13;0
43040;Recipes/Hardmode Anvil/register;8212;Titanium Breastplate;1218;;;1;;Mythril Anvil;¦Titanium Bar¦;¦Titanium Bar¦26;Titanium Bar¦26;0
43041;Recipes/Hardmode Anvil/register;8212;Titanium Leggings;1219;;;1;;Mythril Anvil;¦Titanium Bar¦;¦Titanium Bar¦20;Titanium Bar¦20;0
43042;Recipes/Hardmode Anvil/register;8212;Titanium Drill;1203;;;1;;Mythril Anvil;¦Titanium Bar¦;¦Titanium Bar¦20;Titanium Bar¦20;0
43043;Recipes/Hardmode Anvil/register;8212;Titanium Pickaxe;1202;;;1;;Mythril Anvil;¦Titanium Bar¦;¦Titanium Bar¦20;Titanium Bar¦20;0
43044;Recipes/Hardmode Anvil/register;8212;Titanium Chainsaw;1204;;;1;;Mythril Anvil;¦Titanium Bar¦;¦Titanium Bar¦13;Titanium Bar¦13;0
43045;Recipes/Hardmode Anvil/register;8212;Titanium Waraxe;1224;;;1;;Mythril Anvil;¦Titanium Bar¦;¦Titanium Bar¦13;Titanium Bar¦13;0
43046;Recipes/Hardmode Anvil/register;8212;Titanium Repeater;1201;;;1;;Mythril Anvil;¦Titanium Bar¦;¦Titanium Bar¦13;Titanium Bar¦13;0
43047;Recipes/Hardmode Anvil/register;8212;Titanium Sword;1199;;;1;;Mythril Anvil;¦Titanium Bar¦;¦Titanium Bar¦13;Titanium Bar¦13;0
43048;Recipes/Hardmode Anvil/register;8212;Titanium Trident;1200;;;1;;Mythril Anvil;¦Titanium Bar¦;¦Titanium Bar¦13;Titanium Bar¦13;0
43049;Recipes/Hardmode Anvil/register;8212;Titanium Forge;1221;;;1;;Mythril Anvil;¦Titanium Ore¦^¦Hellforge¦;¦Hellforge¦1^¦Titanium Ore¦30;Titanium Ore¦30^Hellforge¦1;0
43050;Recipes/Hardmode Anvil/register;8212;Frost Helmet;684;;;1;desktop console mobile;Mythril Anvil;¦Any Adamantite Bar¦^¦Frost Core¦;¦Any Adamantite Bar¦10^¦Frost Core¦1;Any Adamantite Bar¦10^Frost Core¦1;0
43051;Recipes/Hardmode Anvil/register;8212;Frost Breastplate;685;;;1;desktop console mobile;Mythril Anvil;¦Any Adamantite Bar¦^¦Frost Core¦;¦Any Adamantite Bar¦20^¦Frost Core¦1;Any Adamantite Bar¦20^Frost Core¦1;0
43052;Recipes/Hardmode Anvil/register;8212;Frost Leggings;686;;;1;desktop console mobile;Mythril Anvil;¦Any Adamantite Bar¦^¦Frost Core¦;¦Any Adamantite Bar¦16^¦Frost Core¦1;Any Adamantite Bar¦16^Frost Core¦1;0
43053;Recipes/Hardmode Anvil/register;8212;Cool Whip;4911;;;1;;Mythril Anvil;¦Soul of Light¦^¦Soul of Night¦^¦Frost Core¦;¦Frost Core¦1^¦Soul of Light¦8^¦Soul of Night¦8;Soul of Light¦8^Soul of Night¦8^Frost Core¦1;0
43054;Recipes/Hardmode Anvil/register;8212;Onyx Blaster;3788;;;1;;Mythril Anvil;¦Shotgun¦^¦Dark Shard¦^¦Soul of Night¦;¦Dark Shard¦2^¦Shotgun¦1^¦Soul of Night¦10;Shotgun¦1^Dark Shard¦2^Soul of Night¦10;0
43055;Recipes/Hardmode Anvil/register;8212;Sky Fracture;3787;;;1;;Mythril Anvil;¦Magic Missile¦^¦Light Shard¦^¦Soul of Light¦;¦Light Shard¦2^¦Magic Missile¦1^¦Soul of Light¦16;Magic Missile¦1^Light Shard¦2^Soul of Light¦16;0
43056;Recipes/Hardmode Anvil/register;8212;Spirit Flame;3779;;;1;;Mythril Anvil;¦Desert Spirit Lamp¦^¦Forbidden Fragment¦^¦Soul of Night¦;¦Desert Spirit Lamp¦1^¦Forbidden Fragment¦2^¦Soul of Night¦12;Desert Spirit Lamp¦1^Forbidden Fragment¦2^Soul of Night¦12;0
43057;Recipes/Hardmode Anvil/register;8212;Forbidden Mask;3776;;;1;;Mythril Anvil;¦Any Adamantite Bar¦^¦Forbidden Fragment¦;¦Any Adamantite Bar¦10^¦Forbidden Fragment¦1;Any Adamantite Bar¦10^Forbidden Fragment¦1;0
43058;Recipes/Hardmode Anvil/register;8212;Forbidden Robes;3777;;;1;;Mythril Anvil;¦Any Adamantite Bar¦^¦Forbidden Fragment¦;¦Any Adamantite Bar¦20^¦Forbidden Fragment¦1;Any Adamantite Bar¦20^Forbidden Fragment¦1;0
43059;Recipes/Hardmode Anvil/register;8212;Forbidden Treads;3778;;;1;;Mythril Anvil;¦Any Adamantite Bar¦^¦Forbidden Fragment¦;¦Any Adamantite Bar¦16^¦Forbidden Fragment¦1;Any Adamantite Bar¦16^Forbidden Fragment¦1;0
43060;Recipes/Hardmode Anvil/register;8212;Hallowed Mask;559;;;1;;Mythril Anvil;¦Hallowed Bar¦;¦Hallowed Bar¦12;Hallowed Bar¦12;0
43061;Recipes/Hardmode Anvil/register;8212;Hallowed Helmet;553;;;1;;Mythril Anvil;¦Hallowed Bar¦;¦Hallowed Bar¦12;Hallowed Bar¦12;0
43062;Recipes/Hardmode Anvil/register;8212;Hallowed Headgear;558;;;1;;Mythril Anvil;¦Hallowed Bar¦;¦Hallowed Bar¦12;Hallowed Bar¦12;0
43063;Recipes/Hardmode Anvil/register;8212;Hallowed Hood;4873;;;1;;Mythril Anvil;¦Hallowed Bar¦;¦Hallowed Bar¦12;Hallowed Bar¦12;0
43064;Recipes/Hardmode Anvil/register;8212;Hallowed Plate Mail;551;;;1;;Mythril Anvil;¦Hallowed Bar¦;¦Hallowed Bar¦24;Hallowed Bar¦24;0
43065;Recipes/Hardmode Anvil/register;8212;Hallowed Greaves;552;;;1;;Mythril Anvil;¦Hallowed Bar¦;¦Hallowed Bar¦18;Hallowed Bar¦18;0
43066;Recipes/Hardmode Anvil/register;8212;Drax;579;;;1;;Mythril Anvil;¦Hallowed Bar¦^¦Soul of Fright¦^¦Soul of Might¦^¦Soul of Sight¦;¦Hallowed Bar¦18^¦Soul of Fright¦1^¦Soul of Might¦1^¦Soul of Sight¦1;Hallowed Bar¦18^Soul of Fright¦1^Soul of Might¦1^Soul of Sight¦1;0
43067;Recipes/Hardmode Anvil/register;8212;Pickaxe Axe;990;;;1;;Mythril Anvil;¦Hallowed Bar¦^¦Soul of Fright¦^¦Soul of Might¦^¦Soul of Sight¦;¦Hallowed Bar¦18^¦Soul of Fright¦1^¦Soul of Might¦1^¦Soul of Sight¦1;Hallowed Bar¦18^Soul of Fright¦1^Soul of Might¦1^Soul of Sight¦1;0
43068;Recipes/Hardmode Anvil/register;8212;Hallowed Repeater;578;;;1;;Mythril Anvil;¦Hallowed Bar¦;¦Hallowed Bar¦12;Hallowed Bar¦12;0
43069;Recipes/Hardmode Anvil/register;8212;Excalibur;368;;;1;;Mythril Anvil;¦Hallowed Bar¦;¦Hallowed Bar¦12;Hallowed Bar¦12;0
43070;Recipes/Hardmode Anvil/register;8212;Gungnir;550;;;1;;Mythril Anvil;¦Hallowed Bar¦;¦Hallowed Bar¦12;Hallowed Bar¦12;0
43071;Recipes/Hardmode Anvil/register;8212;Hallowed Jousting Lance;4790;;;1;;Mythril Anvil;¦Hallowed Bar¦;¦Hallowed Bar¦12;Hallowed Bar¦12;0
43072;Recipes/Hardmode Anvil/register;8212;Durendal;4678;;;1;;Mythril Anvil;¦Hallowed Bar¦;¦Hallowed Bar¦12;Hallowed Bar¦12;0
43073;Recipes/Hardmode Anvil/register;8212;Super Star Shooter;4060;;;1;;Mythril Anvil;¦Hallowed Bar¦^¦Star Cannon¦;¦Hallowed Bar¦12^¦Star Cannon¦1;Hallowed Bar¦12^Star Cannon¦1;0
43074;Recipes/Hardmode Anvil/register;8212;Chlorophyte Helmet;1002;;;1;;Mythril Anvil;¦Chlorophyte Bar¦;¦Chlorophyte Bar¦12;Chlorophyte Bar¦12;0
43075;Recipes/Hardmode Anvil/register;8212;Chlorophyte Mask;1001;;;1;;Mythril Anvil;¦Chlorophyte Bar¦;¦Chlorophyte Bar¦12;Chlorophyte Bar¦12;0
43076;Recipes/Hardmode Anvil/register;8212;Chlorophyte Headgear;1003;;;1;;Mythril Anvil;¦Chlorophyte Bar¦;¦Chlorophyte Bar¦12;Chlorophyte Bar¦12;0
43077;Recipes/Hardmode Anvil/register;8212;Chlorophyte Plate Mail;1004;;;1;;Mythril Anvil;¦Chlorophyte Bar¦;¦Chlorophyte Bar¦24;Chlorophyte Bar¦24;0
43078;Recipes/Hardmode Anvil/register;8212;Chlorophyte Greaves;1005;;;1;;Mythril Anvil;¦Chlorophyte Bar¦;¦Chlorophyte Bar¦18;Chlorophyte Bar¦18;0
43079;Recipes/Hardmode Anvil/register;8212;Chlorophyte Drill;1231;;;1;;Mythril Anvil;¦Chlorophyte Bar¦;¦Chlorophyte Bar¦18;Chlorophyte Bar¦18;0
43080;Recipes/Hardmode Anvil/register;8212;Chlorophyte Pickaxe;1230;;;1;;Mythril Anvil;¦Chlorophyte Bar¦;¦Chlorophyte Bar¦18;Chlorophyte Bar¦18;0
43081;Recipes/Hardmode Anvil/register;8212;Chlorophyte Chainsaw;1232;;;1;;Mythril Anvil;¦Chlorophyte Bar¦;¦Chlorophyte Bar¦18;Chlorophyte Bar¦18;0
43082;Recipes/Hardmode Anvil/register;8212;Chlorophyte Greataxe;1233;;;1;;Mythril Anvil;¦Chlorophyte Bar¦;¦Chlorophyte Bar¦18;Chlorophyte Bar¦18;0
43083;Recipes/Hardmode Anvil/register;8212;Chlorophyte Jackhammer;1262;;;1;;Mythril Anvil;¦Chlorophyte Bar¦;¦Chlorophyte Bar¦18;Chlorophyte Bar¦18;0
43084;Recipes/Hardmode Anvil/register;8212;Chlorophyte Warhammer;1234;;;1;;Mythril Anvil;¦Chlorophyte Bar¦;¦Chlorophyte Bar¦18;Chlorophyte Bar¦18;0
43085;Recipes/Hardmode Anvil/register;8212;Chlorophyte Shotbow;1229;;;1;;Mythril Anvil;¦Chlorophyte Bar¦;¦Chlorophyte Bar¦12;Chlorophyte Bar¦12;0
43086;Recipes/Hardmode Anvil/register;8212;Chlorophyte Saber;1227;;;1;;Mythril Anvil;¦Chlorophyte Bar¦;¦Chlorophyte Bar¦12;Chlorophyte Bar¦12;0
43087;Recipes/Hardmode Anvil/register;8212;Chlorophyte Claymore;1226;;;1;;Mythril Anvil;¦Chlorophyte Bar¦;¦Chlorophyte Bar¦12;Chlorophyte Bar¦12;0
43088;Recipes/Hardmode Anvil/register;8212;Chlorophyte Partisan;1228;;;1;;Mythril Anvil;¦Chlorophyte Bar¦;¦Chlorophyte Bar¦12;Chlorophyte Bar¦12;0
43089;Recipes/Hardmode Anvil/register;8212;Venom Staff;2188;;;1;;Mythril Anvil;¦Poison Staff¦^¦Chlorophyte Bar¦;¦Chlorophyte Bar¦14^¦Poison Staff¦1;Poison Staff¦1^Chlorophyte Bar¦14;0
43090;Recipes/Hardmode Anvil/register;8212;Chlorophyte Extractinator;5296;;;1;;Mythril Anvil;¦Chlorophyte Bar¦^¦Extractinator¦;¦Chlorophyte Bar¦18^¦Extractinator¦1;Chlorophyte Bar¦18^Extractinator¦1;0
43091;Recipes/Hardmode Anvil/register;8212;Turtle Helmet;1316;;;1;;Mythril Anvil;¦Chlorophyte Bar¦^¦Turtle Shell¦;¦Chlorophyte Bar¦12^¦Turtle Shell¦1;Chlorophyte Bar¦12^Turtle Shell¦1;0
43092;Recipes/Hardmode Anvil/register;8212;Turtle Scale Mail;1317;;;1;;Mythril Anvil;¦Chlorophyte Bar¦^¦Turtle Shell¦;¦Chlorophyte Bar¦24^¦Turtle Shell¦1;Chlorophyte Bar¦24^Turtle Shell¦1;0
43093;Recipes/Hardmode Anvil/register;8212;Turtle Leggings;1318;;;1;;Mythril Anvil;¦Chlorophyte Bar¦^¦Turtle Shell¦;¦Chlorophyte Bar¦18^¦Turtle Shell¦1;Chlorophyte Bar¦18^Turtle Shell¦1;0
43094;Recipes/Hardmode Anvil/register;8212;Beetle Helmet;2199;;;1;;Mythril Anvil;¦Beetle Husk¦^¦Turtle Helmet¦;¦Beetle Husk¦4^¦Turtle Helmet¦1;Beetle Husk¦4^Turtle Helmet¦1;0
43095;Recipes/Hardmode Anvil/register;8212;Beetle Scale Mail;2200;;;1;;Mythril Anvil;¦Beetle Husk¦^¦Turtle Scale Mail¦;¦Beetle Husk¦8^¦Turtle Scale Mail¦1;Beetle Husk¦8^Turtle Scale Mail¦1;0
43096;Recipes/Hardmode Anvil/register;8212;Beetle Shell;2201;;;1;;Mythril Anvil;¦Beetle Husk¦^¦Turtle Scale Mail¦;¦Beetle Husk¦8^¦Turtle Scale Mail¦1;Beetle Husk¦8^Turtle Scale Mail¦1;0
43097;Recipes/Hardmode Anvil/register;8212;Beetle Leggings;2202;;;1;;Mythril Anvil;¦Beetle Husk¦^¦Turtle Leggings¦;¦Beetle Husk¦6^¦Turtle Leggings¦1;Beetle Husk¦6^Turtle Leggings¦1;0
43098;Recipes/Hardmode Anvil/register;8212;Shroomite Headgear;1546;;;1;;Mythril Anvil;¦Shroomite Bar¦;¦Shroomite Bar¦12;Shroomite Bar¦12;0
43099;Recipes/Hardmode Anvil/register;8212;Shroomite Mask;1547;;;1;;Mythril Anvil;¦Shroomite Bar¦;¦Shroomite Bar¦12;Shroomite Bar¦12;0
43100;Recipes/Hardmode Anvil/register;8212;Shroomite Helmet;1548;;;1;;Mythril Anvil;¦Shroomite Bar¦;¦Shroomite Bar¦12;Shroomite Bar¦12;0
43101;Recipes/Hardmode Anvil/register;8212;Shroomite Breastplate;1549;;;1;;Mythril Anvil;¦Shroomite Bar¦;¦Shroomite Bar¦24;Shroomite Bar¦24;0
43102;Recipes/Hardmode Anvil/register;8212;Shroomite Leggings;1550;;;1;;Mythril Anvil;¦Shroomite Bar¦;¦Shroomite Bar¦18;Shroomite Bar¦18;0
43103;Recipes/Hardmode Anvil/register;8212;Shroomite Digging Claw;2176;;;1;;Mythril Anvil;¦Shroomite Bar¦;¦Shroomite Bar¦18;Shroomite Bar¦18;0
43104;Recipes/Hardmode Anvil/register;8212;Spectre Mask;2189;;;1;;Mythril Anvil;¦Spectre Bar¦;¦Spectre Bar¦12;Spectre Bar¦12;0
43105;Recipes/Hardmode Anvil/register;8212;Spectre Hood;1503;;;1;;Mythril Anvil;¦Spectre Bar¦;¦Spectre Bar¦12;Spectre Bar¦12;0
43106;Recipes/Hardmode Anvil/register;8212;Spectre Robe;1504;;;1;;Mythril Anvil;¦Spectre Bar¦;¦Spectre Bar¦24;Spectre Bar¦24;0
43107;Recipes/Hardmode Anvil/register;8212;Spectre Pants;1505;;;1;;Mythril Anvil;¦Spectre Bar¦;¦Spectre Bar¦18;Spectre Bar¦18;0
43108;Recipes/Hardmode Anvil/register;8212;Spectre Pickaxe;1506;;;1;;Mythril Anvil;¦Spectre Bar¦;¦Spectre Bar¦18;Spectre Bar¦18;0
43109;Recipes/Hardmode Anvil/register;8212;Spectre Hamaxe;1507;;;1;;Mythril Anvil;¦Spectre Bar¦;¦Spectre Bar¦18;Spectre Bar¦18;0
43110;Recipes/Hardmode Anvil/register;8212;Spectre Paintbrush;1543;;;1;;Mythril Anvil;¦Spectre Bar¦;¦Spectre Bar¦8;Spectre Bar¦8;0
43111;Recipes/Hardmode Anvil/register;8212;Spectre Paint Roller;1544;;;1;;Mythril Anvil;¦Spectre Bar¦;¦Spectre Bar¦8;Spectre Bar¦8;0
43112;Recipes/Hardmode Anvil/register;8212;Spectre Paint Scraper;1545;;;1;;Mythril Anvil;¦Spectre Bar¦;¦Spectre Bar¦8;Spectre Bar¦8;0
43113;Recipes/Hardmode Anvil/register;8212;Megashark;533;;;1;;Mythril Anvil;¦Minishark¦^¦Illegal Gun Parts¦^¦Shark Fin¦^¦Soul of Might¦;¦Illegal Gun Parts¦1^¦Minishark¦1^¦Shark Fin¦5^¦Soul of Might¦20;Minishark¦1^Illegal Gun Parts¦1^Shark Fin¦5^Soul of Might¦20;0
43114;Recipes/Hardmode Anvil/register;8212;Light Disc;561;;;1;desktop console mobile;Mythril Anvil;¦Hallowed Bar¦^¦Soul of Light¦^¦Soul of Might¦;¦Hallowed Bar¦12^¦Soul of Light¦15^¦Soul of Might¦15;Hallowed Bar¦12^Soul of Light¦15^Soul of Might¦15;0
43115;Recipes/Hardmode Anvil/register;8212;Flamethrower;506;;;1;;Mythril Anvil;¦Any Iron Bar¦^¦Illegal Gun Parts¦^¦Soul of Fright¦;¦Any Iron Bar¦20^¦Illegal Gun Parts¦1^¦Soul of Fright¦20;Any Iron Bar¦20^Illegal Gun Parts¦1^Soul of Fright¦20;0
43116;Recipes/Hardmode Anvil/register;8212;Optic Staff;2535;;;1;;Mythril Anvil;¦Black Lens¦^¦Lens¦^¦Hallowed Bar¦^¦Soul of Sight¦;¦Black Lens¦1^¦Hallowed Bar¦12^¦Lens¦2^¦Soul of Sight¦20;Black Lens¦1^Lens¦2^Hallowed Bar¦12^Soul of Sight¦20;0
43117;Recipes/Hardmode Anvil/register;8212;Magical Harp;494;;;1;desktop console mobile;Mythril Anvil;¦Harp¦^¦Crystal Shard¦^¦Soul of Night¦^¦Soul of Sight¦;¦Crystal Shard¦20^¦Harp¦1^¦Soul of Night¦8^¦Soul of Sight¦15;Harp¦1^Crystal Shard¦20^Soul of Night¦8^Soul of Sight¦15;0
43118;Recipes/Hardmode Anvil/register;8212;Fairy Bell;425;;;1;desktop console mobile;Mythril Anvil;¦Bell¦^¦Pixie Dust¦^¦Soul of Light¦^¦Soul of Sight¦;¦Bell¦1^¦Pixie Dust¦25^¦Soul of Light¦8^¦Soul of Sight¦10;Bell¦1^Pixie Dust¦25^Soul of Light¦8^Soul of Sight¦10;0
43119;Recipes/Hardmode Anvil/register;8212;Minecart Upgrade Kit;5289;;;1;;Mythril Anvil;¦Mechanical Wheel Piece¦^¦Mechanical Wagon Piece¦^¦Mechanical Battery Piece¦;¦Mechanical Battery Piece¦1^¦Mechanical Wagon Piece¦1^¦Mechanical Wheel Piece¦1;Mechanical Wheel Piece¦1^Mechanical Wagon Piece¦1^Mechanical Battery Piece¦1;0
43120;Recipes/Hardmode Anvil/register;8212;Drill Containment Unit;2768;;;1;;Mythril Anvil;¦Luminite Bar¦^¦Chlorophyte Bar¦^¦Shroomite Bar¦^¦Spectre Bar¦^¦Hellstone Bar¦^¦Meteorite Bar¦;¦Chlorophyte Bar¦40^¦Hellstone Bar¦40^¦Luminite Bar¦40^¦Meteorite Bar¦40^¦Shroomite Bar¦40^¦Spectre Bar¦40;Luminite Bar¦40^Chlorophyte Bar¦40^Shroomite Bar¦40^Spectre Bar¦40^Hellstone Bar¦40^Meteorite Bar¦40;0
43121;Recipes/Hardmode Anvil/register;8212;Rainbow Rod;495;;;1;desktop console mobile;Mythril Anvil;¦Crystal Shard¦^¦Unicorn Horn¦^¦Pixie Dust¦^¦Soul of Light¦^¦Soul of Sight¦;¦Crystal Shard¦10^¦Pixie Dust¦10^¦Soul of Light¦8^¦Soul of Sight¦15^¦Unicorn Horn¦2;Crystal Shard¦10^Unicorn Horn¦2^Pixie Dust¦10^Soul of Light¦8^Soul of Sight¦15;0
43122;Recipes/Hardmode Anvil/register;8212;Angel Wings;493;;;1;desktop console mobile;Mythril Anvil;¦Feather¦^¦Soul of Flight¦^¦Soul of Light¦;¦Feather¦10^¦Soul of Flight¦20^¦Soul of Light¦15;Feather¦10^Soul of Flight¦20^Soul of Light¦15;0
43123;Recipes/Hardmode Anvil/register;8212;Demon Wings;492;;;1;desktop console mobile;Mythril Anvil;¦Feather¦^¦Soul of Flight¦^¦Soul of Night¦;¦Feather¦10^¦Soul of Flight¦20^¦Soul of Night¦15;Feather¦10^Soul of Flight¦20^Soul of Night¦15;0
43124;Recipes/Hardmode Anvil/register;8212;Fairy Wings;761;;;1;desktop console mobile;Mythril Anvil;¦Soul of Flight¦^¦Pixie Dust¦;¦Pixie Dust¦99^¦Soul of Flight¦20;Soul of Flight¦20^Pixie Dust¦99;0
43125;Recipes/Hardmode Anvil/register;8212;Harpy Wings;785;;;1;;Mythril Anvil;¦Soul of Flight¦^¦Giant Harpy Feather¦;¦Giant Harpy Feather¦1^¦Soul of Flight¦20;Soul of Flight¦20^Giant Harpy Feather¦1;0
43126;Recipes/Hardmode Anvil/register;8212;Butterfly Wings;749;;;1;;Mythril Anvil;¦Soul of Flight¦^¦Butterfly Dust¦;¦Butterfly Dust¦1^¦Soul of Flight¦20;Soul of Flight¦20^Butterfly Dust¦1;0
43127;Recipes/Hardmode Anvil/register;8212;Bone Wings;786;;;1;;Mythril Anvil;¦Soul of Flight¦^¦Bone Feather¦;¦Bone Feather¦1^¦Soul of Flight¦20;Soul of Flight¦20^Bone Feather¦1;0
43128;Recipes/Hardmode Anvil/register;8212;Flame Wings;821;;;1;;Mythril Anvil;¦Soul of Flight¦^¦Fire Feather¦;¦Fire Feather¦1^¦Soul of Flight¦20;Soul of Flight¦20^Fire Feather¦1;0
43129;Recipes/Hardmode Anvil/register;8212;Frozen Wings;822;;;1;;Mythril Anvil;¦Soul of Flight¦^¦Ice Feather¦;¦Ice Feather¦1^¦Soul of Flight¦20;Soul of Flight¦20^Ice Feather¦1;0
43130;Recipes/Hardmode Anvil/register;8212;Bat Wings;1165;;;1;;Mythril Anvil;¦Soul of Flight¦^¦Broken Bat Wing¦;¦Broken Bat Wing¦1^¦Soul of Flight¦20;Soul of Flight¦20^Broken Bat Wing¦1;0
43131;Recipes/Hardmode Anvil/register;8212;Bee Wings;1515;;;1;;Mythril Anvil;¦Soul of Flight¦^¦Tattered Bee Wing¦;¦Soul of Flight¦20^¦Tattered Bee Wing¦1;Soul of Flight¦20^Tattered Bee Wing¦1;0
43132;Recipes/Hardmode Anvil/register;8212;Tattered Fairy Wings;1797;;;1;;Mythril Anvil;¦Soul of Flight¦^¦Black Fairy Dust¦;¦Black Fairy Dust¦1^¦Soul of Flight¦20;Soul of Flight¦20^Black Fairy Dust¦1;0
43133;Recipes/Hardmode Anvil/register;8212;Spooky Wings;1830;;;1;;Mythril Anvil;¦Soul of Flight¦^¦Spooky Twig¦;¦Soul of Flight¦20^¦Spooky Twig¦1;Soul of Flight¦20^Spooky Twig¦1;0
43134;Recipes/Hardmode Anvil/register;8212;Spectre Wings;823;;;1;;Mythril Anvil;¦Soul of Flight¦^¦Spectre Bar¦;¦Soul of Flight¦20^¦Spectre Bar¦10;Soul of Flight¦20^Spectre Bar¦10;0
43135;Recipes/Hardmode Anvil/register;8212;Beetle Wings;2280;;;1;;Mythril Anvil;¦Soul of Flight¦^¦Beetle Husk¦;¦Beetle Husk¦8^¦Soul of Flight¦20;Soul of Flight¦20^Beetle Husk¦8;0
43136;Recipes/Hardmode Anvil/register;8212;Hoverboard;1866;;;1;;Mythril Anvil;¦Soul of Flight¦^¦Shroomite Bar¦;¦Shroomite Bar¦18^¦Soul of Flight¦20;Soul of Flight¦20^Shroomite Bar¦18;0
43137;Recipes/Hardmode Anvil/register;8212;Meteor Staff;2750;;;1;;Mythril Anvil;¦Meteorite Bar¦^¦Pixie Dust¦^¦Soul of Light¦;¦Meteorite Bar¦20^¦Pixie Dust¦10^¦Soul of Light¦10;Meteorite Bar¦20^Pixie Dust¦10^Soul of Light¦10;0
43138;Recipes/Hardmode Anvil/register;8212;Logic Sensor (Day);3613;;;1;;Mythril Anvil;¦Soul of Light¦^¦Any Iron Bar¦^¦Wire¦;¦Any Iron Bar¦1^¦Soul of Light¦5^¦Wire¦1;Soul of Light¦5^Any Iron Bar¦1^Wire¦1;0
43139;Recipes/Hardmode Anvil/register;8212;Logic Sensor (Night);3614;;;1;;Mythril Anvil;¦Soul of Night¦^¦Any Iron Bar¦^¦Wire¦;¦Any Iron Bar¦1^¦Soul of Night¦5^¦Wire¦1;Soul of Night¦5^Any Iron Bar¦1^Wire¦1;0
43140;Recipes/Hardmode Anvil/register;8212;Logic Sensor (Player Above);3615;;;1;;Mythril Anvil;¦Soul of Sight¦^¦Any Iron Bar¦^¦Wire¦;¦Any Iron Bar¦1^¦Soul of Sight¦1^¦Wire¦1;Soul of Sight¦1^Any Iron Bar¦1^Wire¦1;0
43141;Recipes/Hardmode Anvil/register;8212;Liquid Sensor (Water);3726;;;1;;Mythril Anvil;¦Cog¦^¦Magic Water Dropper¦^¦Wire¦;¦Cog¦5^¦Magic Water Dropper¦1^¦Wire¦1;Cog¦5^Magic Water Dropper¦1^Wire¦1;0
43142;Recipes/Hardmode Anvil/register;8212;Liquid Sensor (Lava);3727;;;1;;Mythril Anvil;¦Cog¦^¦Magic Lava Dropper¦^¦Wire¦;¦Cog¦5^¦Magic Lava Dropper¦1^¦Wire¦1;Cog¦5^Magic Lava Dropper¦1^Wire¦1;0
43143;Recipes/Hardmode Anvil/register;8212;Liquid Sensor (Honey);3728;;;1;;Mythril Anvil;¦Cog¦^¦Magic Honey Dropper¦^¦Wire¦;¦Cog¦5^¦Magic Honey Dropper¦1^¦Wire¦1;Cog¦5^Magic Honey Dropper¦1^Wire¦1;0
43144;Recipes/Hardmode Anvil/register;8212;Liquid Sensor (Any);3729;;;1;;Mythril Anvil;¦Cog¦^¦Magic Water Dropper¦^¦Magic Lava Dropper¦^¦Magic Honey Dropper¦^¦Wire¦;¦Cog¦5^¦Magic Honey Dropper¦1^¦Magic Lava Dropper¦1^¦Magic Water Dropper¦1^¦Wire¦1;Cog¦5^Magic Water Dropper¦1^Magic Lava Dropper¦1^Magic Honey Dropper¦1^Wire¦1;0
43145;Recipes/Hardmode Anvil/register;8212;Mechanical Eye;544;;;1;;Mythril Anvil;¦Lens¦^¦Any Iron Bar¦^¦Soul of Light¦;¦Any Iron Bar¦5^¦Lens¦3^¦Soul of Light¦6;Lens¦3^Any Iron Bar¦5^Soul of Light¦6;0
43146;Recipes/Hardmode Anvil/register;8212;Mechanical Worm;556;;;1;;Mythril Anvil;¦Rotten Chunk¦^¦Any Iron Bar¦^¦Soul of Night¦;¦Any Iron Bar¦5^¦Rotten Chunk¦6^¦Soul of Night¦6;Rotten Chunk¦6^Any Iron Bar¦5^Soul of Night¦6;0
43147;Recipes/Hardmode Anvil/register;8212;Mechanical Worm;556;;;1;;Mythril Anvil;¦Vertebra¦^¦Any Iron Bar¦^¦Soul of Night¦;¦Any Iron Bar¦5^¦Soul of Night¦6^¦Vertebra¦6;Vertebra¦6^Any Iron Bar¦5^Soul of Night¦6;0
43148;Recipes/Hardmode Anvil/register;8212;Mechanical Skull;557;;;1;;Mythril Anvil;¦Bone¦^¦Any Iron Bar¦^¦Soul of Light¦^¦Soul of Night¦;¦Any Iron Bar¦5^¦Bone¦30^¦Soul of Light¦3^¦Soul of Night¦3;Bone¦30^Any Iron Bar¦5^Soul of Light¦3^Soul of Night¦3;0
43149;Recipes/Hardmode Anvil/register;8212;Ocram's Razor;5334;;;1;;Mythril Anvil;¦Mechanical Eye¦^¦Mechanical Skull¦^¦Mechanical Worm¦;¦Mechanical Eye¦1^¦Mechanical Skull¦1^¦Mechanical Worm¦1;Mechanical Eye¦1^Mechanical Skull¦1^Mechanical Worm¦1;0
43150;Recipes/Hardmode Anvil/register;8212;Pumpkin Moon Medallion;1844;;;1;;Mythril Anvil;¦Pumpkin¦^¦Ectoplasm¦^¦Hallowed Bar¦;¦Ectoplasm¦5^¦Hallowed Bar¦10^¦Pumpkin¦30;Pumpkin¦30^Ectoplasm¦5^Hallowed Bar¦10;0
43151;Recipes/Hardmode Anvil/register;8212;Naughty Present;1958;;;1;;Mythril Anvil;¦Silk¦^¦Ectoplasm¦^¦Soul of Fright¦;¦Ectoplasm¦5^¦Silk¦20^¦Soul of Fright¦5;Silk¦20^Ectoplasm¦5^Soul of Fright¦5;0
43152;Recipes/Hardmode Anvil/register;8212;Solar Tablet;2767;;;1;;Mythril Anvil;¦Solar Tablet Fragment¦;¦Solar Tablet Fragment¦8;Solar Tablet Fragment¦8;0
43153;Recipes/Hardmode Anvil/register;8212;Crystal Dart;3009;;;100;;Mythril Anvil;¦Crystal Shard¦;¦Crystal Shard¦1;Crystal Shard¦1;0
43154;Recipes/Hardmode Anvil/register;8212;Cursed Dart;3010;;;100;;Mythril Anvil;¦Cursed Flame¦;¦Cursed Flame¦1;Cursed Flame¦1;0
43155;Recipes/Hardmode Anvil/register;8212;Ichor Dart;3011;;;100;;Mythril Anvil;¦Ichor¦;¦Ichor¦1;Ichor¦1;0
43156;Recipes/Hardmode Anvil/register;8212;Pink Phasesaber;5536;;;1;;Mythril Anvil;¦Pink Phaseblade¦^¦Crystal Shard¦;¦Crystal Shard¦25^¦Pink Phaseblade¦1;Pink Phaseblade¦1^Crystal Shard¦25;0
43157;Recipes/Hardmode Anvil/register;8212;Rainbow Phasesaber;5671;;;1;;Mythril Anvil;¦Rainbow Phaseblade¦^¦Crystal Shard¦;¦Crystal Shard¦25^¦Rainbow Phaseblade¦1;Rainbow Phaseblade¦1^Crystal Shard¦25;0
43158;Recipes/Hardmode Anvil/register;8212;Prospector Helmet;5588;;;1;;Mythril Anvil;¦Mining Helmet¦^¦Any Mythril Bar¦;¦Any Mythril Bar¦10^¦Mining Helmet¦1;Mining Helmet¦1^Any Mythril Bar¦10;0
43159;Recipes/Hardmode Anvil/register;8212;Prospector Shirt;5589;;;1;;Mythril Anvil;¦Mining Shirt¦^¦Any Mythril Bar¦;¦Any Mythril Bar¦10^¦Mining Shirt¦1;Mining Shirt¦1^Any Mythril Bar¦10;0
43160;Recipes/Hardmode Anvil/register;8212;Prospector Pants;5590;;;1;;Mythril Anvil;¦Mining Pants¦^¦Any Mythril Bar¦;¦Any Mythril Bar¦10^¦Mining Pants¦1;Mining Pants¦1^Any Mythril Bar¦10;0
43161;Recipes/Hardmode Anvil/register;8212;Welding Mask;5596;;;1;;Mythril Anvil;¦Any Iron Bar¦^¦Any Mythril Bar¦;¦Any Iron Bar¦10^¦Any Mythril Bar¦5;Any Iron Bar¦10^Any Mythril Bar¦5;0
43162;Recipes/Hardmode Anvil/register;8212;Captain Hat;5591;;;1;;Mythril Anvil;¦Angler Hat¦^¦Any Mythril Bar¦;¦Angler Hat¦1^¦Any Mythril Bar¦10;Angler Hat¦1^Any Mythril Bar¦10;0
43163;Recipes/Hardmode Anvil/register;8212;Captain Vest;5592;;;1;;Mythril Anvil;¦Angler Vest¦^¦Any Mythril Bar¦;¦Angler Vest¦1^¦Any Mythril Bar¦10;Angler Vest¦1^Any Mythril Bar¦10;0
43164;Recipes/Hardmode Anvil/register;8212;Captain Pants;5593;;;1;;Mythril Anvil;¦Angler Pants¦^¦Any Mythril Bar¦;¦Angler Pants¦1^¦Any Mythril Bar¦10;Angler Pants¦1^Any Mythril Bar¦10;0
43165;Recipes/Hardmode Anvil/register;8212;Spider Staff;2551;;;1;desktop console mobile;Mythril Anvil;¦Spider Fang¦;¦Spider Fang¦16;Spider Fang¦16;0
43166;Recipes/Hardmode Anvil/register;8212;Queen Spider Staff;2366;;;1;desktop console mobile;Mythril Anvil;¦Spider Fang¦;¦Spider Fang¦24;Spider Fang¦24;0
43167;Recipes/Hardmode Anvil/register;8212;Spider Mask;2370;;;1;desktop console mobile;Mythril Anvil;¦Spider Fang¦;¦Spider Fang¦8;Spider Fang¦8;0
43168;Recipes/Hardmode Anvil/register;8212;Spider Breastplate;2371;;;1;desktop console mobile;Mythril Anvil;¦Spider Fang¦;¦Spider Fang¦16;Spider Fang¦16;0
43169;Recipes/Hardmode Anvil/register;8212;Spider Greaves;2372;;;1;desktop console mobile;Mythril Anvil;¦Spider Fang¦;¦Spider Fang¦12;Spider Fang¦12;0
43170;Recipes/Hardmode Anvil/register;8212;Hallowed Crown;5660;;;1;;Mythril Anvil;¦Hallowed Bar¦;¦Hallowed Bar¦12;Hallowed Bar¦12;0
43171;Recipes/Hardmode Anvil/register;8212;Chlorophyte Visor;5524;;;1;;Mythril Anvil;¦Chlorophyte Bar¦;¦Chlorophyte Bar¦12;Chlorophyte Bar¦12;0
43172;Recipes/Hardmode Anvil/register;8212;Chippy's Cloak;5627;;;1;;Mythril Anvil;¦Chippy's Cloak (Inactive)¦^¦Soul of Flight¦^¦Hallowed Bar¦;¦Chippy's Cloak (Inactive)¦1^¦Hallowed Bar¦12^¦Soul of Flight¦20;Chippy's Cloak (Inactive)¦1^Soul of Flight¦20^Hallowed Bar¦12;0
43173;Recipes/Hardmode Anvil/register;8212;Venom Dart Trap;5135;;;1;;Mythril Anvil;¦Dart Trap¦^¦Spider Fang¦;¦Dart Trap¦1^¦Spider Fang¦2;Dart Trap¦1^Spider Fang¦2;0
43174;Recipes/Hardmode Anvil/register;8212;Heroicis' Wings;5659;;;1;;Mythril Anvil;¦Heroicis' Wings (Inactive)¦^¦Soul of Flight¦^¦Hallowed Bar¦;¦Hallowed Bar¦12^¦Heroicis' Wings (Inactive)¦1^¦Soul of Flight¦20;Heroicis' Wings (Inactive)¦1^Soul of Flight¦20^Hallowed Bar¦12;0
43175;Recipes/Hardmode Anvil/register;8212;Format:C;3315;;;1;;Mythril Anvil;¦Any Adamantite Bar¦^¦Any Gold Bar¦^¦Soul of Night¦^¦Soul of Fright¦;¦Any Adamantite Bar¦6^¦Any Gold Bar¦12^¦Soul of Fright¦15^¦Soul of Night¦8;Any Adamantite Bar¦6^Any Gold Bar¦12^Soul of Night¦8^Soul of Fright¦15;0
43176;Recipes/Hardmode Anvil/register;8212;Lightning Strike;6155;;;1;;Mythril Anvil;¦Thunder Zapper¦^¦Any Adamantite Bar¦^¦Soul of Night¦;¦Any Adamantite Bar¦24^¦Soul of Night¦20^¦Thunder Zapper¦1;Thunder Zapper¦1^Any Adamantite Bar¦24^Soul of Night¦20;0
43177;Recipes/Hardmode Anvil/register;8212;Ruinous Staff;6164;;;1;;Mythril Anvil;¦Dark Shard¦^¦Light Shard¦^¦Forbidden Fragment¦^¦Soul of Night¦^¦Soul of Light¦;¦Dark Shard¦1^¦Forbidden Fragment¦2^¦Light Shard¦1^¦Soul of Light¦5^¦Soul of Night¦5;Dark Shard¦1^Light Shard¦1^Forbidden Fragment¦2^Soul of Night¦5^Soul of Light¦5;0
43178;Recipes/Pre-Hardmode Anvil/register;12956;Beenade;1130;;;1;desktop console mobile;Iron Anvil;¦Grenade¦^¦Bee Wax¦;¦Bee Wax¦1^¦Grenade¦1;Grenade¦1^Bee Wax¦1;0
43179;Recipes/Pre-Hardmode Anvil/register;12956;Unholy Arrow;47;;;20;desktop console mobile;Iron Anvil;¦Wooden Arrow¦^¦Worm Tooth¦;¦Wooden Arrow¦20^¦Worm Tooth¦1;Wooden Arrow¦20^Worm Tooth¦1;0
43180;Recipes/Pre-Hardmode Anvil/register;12956;Unholy Arrow;47;;;10;desktop console mobile;Iron Anvil;¦Wooden Arrow¦^¦Vertebra¦;¦Vertebra¦1^¦Wooden Arrow¦10;Wooden Arrow¦10^Vertebra¦1;0
43181;Recipes/Pre-Hardmode Anvil/register;12956;Hellfire Arrow;265;;;100;desktop console mobile;Iron Anvil;¦Wooden Arrow¦^¦Hellstone Bar¦;¦Hellstone Bar¦1^¦Wooden Arrow¦100;Wooden Arrow¦100^Hellstone Bar¦1;0
43182;Recipes/Pre-Hardmode Anvil/register;12956;Meteor Shot;234;;;70;;Iron Anvil;¦Musket Ball¦^¦Meteorite Bar¦;¦Meteorite Bar¦1^¦Musket Ball¦70;Musket Ball¦70^Meteorite Bar¦1;0
43183;Recipes/Pre-Hardmode Anvil/register;12956;Silver Bullet;278;;;70;;Iron Anvil;¦Musket Ball¦^¦Silver Bar¦;¦Musket Ball¦70^¦Silver Bar¦1;Musket Ball¦70^Silver Bar¦1;0
43184;Recipes/Pre-Hardmode Anvil/register;12956;Tungsten Bullet;4915;;;70;;Iron Anvil;¦Musket Ball¦^¦Tungsten Bar¦;¦Musket Ball¦70^¦Tungsten Bar¦1;Musket Ball¦70^Tungsten Bar¦1;0
43185;Recipes/Pre-Hardmode Anvil/register;12956;Lamp Post;341;;;1;;Iron Anvil;¦Any Iron Bar¦^¦Glass¦^¦Torch¦;¦Any Iron Bar¦3^¦Glass¦2^¦Torch¦1;Any Iron Bar¦3^Glass¦2^Torch¦1;0
43186;Recipes/Pre-Hardmode Anvil/register;12956;Palm Wood Chandelier;2525;;;1;;Iron Anvil;¦Palm Wood¦^¦Torch¦^¦Chain¦;¦Chain¦1^¦Palm Wood¦4^¦Torch¦4;Palm Wood¦4^Torch¦4^Chain¦1;0
43187;Recipes/Pre-Hardmode Anvil/register;12956;Boreal Wood Chandelier;2558;;;1;;Iron Anvil;¦Boreal Wood¦^¦Ice Torch¦^¦Chain¦;¦Boreal Wood¦4^¦Chain¦1^¦Ice Torch¦4;Boreal Wood¦4^Ice Torch¦4^Chain¦1;0
43188;Recipes/Pre-Hardmode Anvil/register;12956;Rich Mahogany Chandelier;2060;;;1;;Iron Anvil;¦Rich Mahogany¦^¦Torch¦^¦Chain¦;¦Chain¦1^¦Rich Mahogany¦4^¦Torch¦4;Rich Mahogany¦4^Torch¦4^Chain¦1;0
43189;Recipes/Pre-Hardmode Anvil/register;12956;Ebonwood Chandelier;2056;;;1;;Iron Anvil;¦Ebonwood¦^¦Torch¦^¦Chain¦;¦Chain¦1^¦Ebonwood¦4^¦Torch¦4;Ebonwood¦4^Torch¦4^Chain¦1;0
43190;Recipes/Pre-Hardmode Anvil/register;12956;Shadewood Chandelier;2142;;;1;;Iron Anvil;¦Shadewood¦^¦Torch¦^¦Chain¦;¦Chain¦1^¦Shadewood¦4^¦Torch¦4;Shadewood¦4^Torch¦4^Chain¦1;0
43191;Recipes/Pre-Hardmode Anvil/register;12956;Pearlwood Chandelier;2061;;;1;;Iron Anvil;¦Pearlwood¦^¦Torch¦^¦Chain¦;¦Chain¦1^¦Pearlwood¦4^¦Torch¦4;Pearlwood¦4^Torch¦4^Chain¦1;0
43192;Recipes/Pre-Hardmode Anvil/register;12956;Ash Wood Chandelier;5197;;;1;;Iron Anvil;¦Ash Wood¦^¦Torch¦^¦Chain¦;¦Ash Wood¦4^¦Chain¦1^¦Torch¦4;Ash Wood¦4^Torch¦4^Chain¦1;0
43193;Recipes/Pre-Hardmode Anvil/register;12956;Mushroom Chandelier;2543;;;1;;Iron Anvil;¦Glowing Mushroom¦^¦Torch¦^¦Chain¦;¦Chain¦1^¦Glowing Mushroom¦4^¦Torch¦4;Glowing Mushroom¦4^Torch¦4^Chain¦1;0
43194;Recipes/Pre-Hardmode Anvil/register;12956;Meteorite Chandelier;3177;;;1;;Iron Anvil;¦Meteorite Brick¦^¦Torch¦^¦Chain¦;¦Chain¦1^¦Meteorite Brick¦4^¦Torch¦4;Meteorite Brick¦4^Torch¦4^Chain¦1;0
43195;Recipes/Pre-Hardmode Anvil/register;12956;Marble Chandelier;3178;;;1;;Iron Anvil;¦Smooth Marble Block¦^¦Torch¦^¦Chain¦;¦Chain¦1^¦Smooth Marble Block¦4^¦Torch¦4;Smooth Marble Block¦4^Torch¦4^Chain¦1;0
43196;Recipes/Pre-Hardmode Anvil/register;12956;Granite Chandelier;3179;;;1;;Iron Anvil;¦Smooth Granite Block¦^¦Torch¦^¦Chain¦;¦Chain¦1^¦Smooth Granite Block¦4^¦Torch¦4;Smooth Granite Block¦4^Torch¦4^Chain¦1;0
43197;Recipes/Pre-Hardmode Anvil/register;12956;Martian Chandelier;2813;;;1;;Iron Anvil;¦Martian Conduit Plating¦^¦Torch¦^¦Chain¦;¦Chain¦1^¦Martian Conduit Plating¦4^¦Torch¦4;Martian Conduit Plating¦4^Torch¦4^Chain¦1;0
43198;Recipes/Pre-Hardmode Anvil/register;12956;Crystal Chandelier;3894;;;1;;Iron Anvil;¦Crystal Block¦^¦Torch¦^¦Chain¦;¦Chain¦1^¦Crystal Block¦10^¦Torch¦4;Crystal Block¦10^Torch¦4^Chain¦1;0
43199;Recipes/Pre-Hardmode Anvil/register;12956;Spider Chandelier;3938;;;1;;Iron Anvil;¦Spider Nest Block¦^¦Torch¦^¦Chain¦;¦Chain¦1^¦Spider Nest Block¦4^¦Torch¦4;Spider Nest Block¦4^Torch¦4^Chain¦1;0
43200;Recipes/Pre-Hardmode Anvil/register;12956;Sandstone Chandelier;4305;;;1;;Iron Anvil;¦Smooth Sandstone¦^¦Torch¦^¦Chain¦;¦Chain¦1^¦Smooth Sandstone¦4^¦Torch¦4;Smooth Sandstone¦4^Torch¦4^Chain¦1;0
43201;Recipes/Pre-Hardmode Anvil/register;12956;Bamboo Chandelier;4573;;;1;;Iron Anvil;¦Bamboo¦^¦Torch¦^¦Chain¦;¦Bamboo¦4^¦Chain¦1^¦Torch¦4;Bamboo¦4^Torch¦4^Chain¦1;0
43202;Recipes/Pre-Hardmode Anvil/register;12956;Reef Chandelier;5155;;;1;;Iron Anvil;¦Reef Block¦^¦Torch¦^¦Chain¦;¦Chain¦1^¦Reef Block¦4^¦Torch¦4;Reef Block¦4^Torch¦4^Chain¦1;0
43203;Recipes/Pre-Hardmode Anvil/register;12956;Balloon Chandelier;5176;;;1;;Iron Anvil;¦Any Balloon¦^¦Torch¦^¦Chain¦;¦Any Balloon¦4^¦Chain¦1^¦Torch¦4;Any Balloon¦4^Torch¦4^Chain¦1;0
43204;Recipes/Pre-Hardmode Anvil/register;12956;Lead Fence;1448;;;4;;Iron Anvil;¦Lead Bar¦;¦Lead Bar¦1;Lead Bar¦1;0
43205;Recipes/Pre-Hardmode Anvil/register;12956;Lead Bar;704;;;1;;Iron Anvil;¦Lead Fence¦;¦Lead Fence¦4;Lead Fence¦4;0
43206;Recipes/Pre-Hardmode Anvil/register;12956;Iron Fence;2333;;;4;;Iron Anvil;¦Iron Bar¦;¦Iron Bar¦1;Iron Bar¦1;0
43207;Recipes/Pre-Hardmode Anvil/register;12956;Iron Bar;22;;;1;;Iron Anvil;¦Iron Fence¦;¦Iron Fence¦4;Iron Fence¦4;0
43208;Recipes/Pre-Hardmode Anvil/register;12956;Minecart Track;2340;;;50;;Iron Anvil;¦Any Iron Bar¦^¦Any Wood¦;¦Any Iron Bar¦1^¦Any Wood¦1;Any Iron Bar¦1^Any Wood¦1;0
43209;Recipes/Pre-Hardmode Anvil/register;12956;Pressure Plate Track;2492;;;1;;Iron Anvil;¦Minecart Track¦^¦Any Pressure Plate¦;¦Any Pressure Plate¦1^¦Minecart Track¦1;Minecart Track¦1^Any Pressure Plate¦1;0
43210;Recipes/Pre-Hardmode Anvil/register;12956;Cactus Chandelier;2055;;;1;desktop console mobile;Iron Anvil;¦Cactus¦^¦Torch¦^¦Chain¦;¦Cactus¦4^¦Chain¦1^¦Torch¦4;Cactus¦4^Torch¦4^Chain¦1;0
43211;Recipes/Pre-Hardmode Anvil/register;12956;Pumpkin Chandelier;2656;;;1;;Iron Anvil;¦Pumpkin¦^¦Torch¦^¦Chain¦;¦Chain¦1^¦Pumpkin¦4^¦Torch¦4;Pumpkin¦4^Torch¦4^Chain¦1;0
43212;Recipes/Pre-Hardmode Anvil/register;12956;Spooky Chandelier;2064;;;1;desktop console mobile;Iron Anvil;¦Spooky Wood¦^¦Torch¦^¦Chain¦;¦Chain¦1^¦Spooky Wood¦4^¦Torch¦4;Spooky Wood¦4^Torch¦4^Chain¦1;0
43213;Recipes/Pre-Hardmode Anvil/register;12956;Weather Vane;4075;;;1;;Iron Anvil;¦Any Iron Bar¦;¦Any Iron Bar¦4;Any Iron Bar¦4;0
43214;Recipes/Pre-Hardmode Anvil/register;12956;Copper Pickaxe;3509;;;1;desktop console mobile;Iron Anvil;¦Copper Bar¦^¦Any Wood¦;¦Any Wood¦4^¦Copper Bar¦8;Copper Bar¦8^Any Wood¦4;0
43215;Recipes/Pre-Hardmode Anvil/register;12956;Copper Axe;3506;;;1;desktop console mobile;Iron Anvil;¦Copper Bar¦^¦Any Wood¦;¦Any Wood¦3^¦Copper Bar¦6;Copper Bar¦6^Any Wood¦3;0
43216;Recipes/Pre-Hardmode Anvil/register;12956;Copper Hammer;3505;;;1;desktop console mobile;Iron Anvil;¦Copper Bar¦^¦Any Wood¦;¦Any Wood¦3^¦Copper Bar¦8;Copper Bar¦8^Any Wood¦3;0
43217;Recipes/Pre-Hardmode Anvil/register;12956;Copper Broadsword;3508;;;1;desktop console mobile;Iron Anvil;¦Copper Bar¦;¦Copper Bar¦6;Copper Bar¦6;0
43218;Recipes/Pre-Hardmode Anvil/register;12956;Copper Shortsword;3507;;;1;desktop console mobile;Iron Anvil;¦Copper Bar¦;¦Copper Bar¦5;Copper Bar¦5;0
43219;Recipes/Pre-Hardmode Anvil/register;12956;Copper Bow;3504;;;1;;Iron Anvil;¦Copper Bar¦;¦Copper Bar¦7;Copper Bar¦7;0
43220;Recipes/Pre-Hardmode Anvil/register;12956;Amethyst Staff;739;;;1;desktop console mobile;Iron Anvil;¦Copper Bar¦^¦Amethyst¦;¦Amethyst¦8^¦Copper Bar¦7;Copper Bar¦7^Amethyst¦8;0
43221;Recipes/Pre-Hardmode Anvil/register;12956;Copper Helmet;89;;;1;desktop console mobile;Iron Anvil;¦Copper Bar¦;¦Copper Bar¦12;Copper Bar¦12;0
43222;Recipes/Pre-Hardmode Anvil/register;12956;Copper Chainmail;80;;;1;desktop console mobile;Iron Anvil;¦Copper Bar¦;¦Copper Bar¦20;Copper Bar¦20;0
43223;Recipes/Pre-Hardmode Anvil/register;12956;Copper Greaves;76;;;1;desktop console mobile;Iron Anvil;¦Copper Bar¦;¦Copper Bar¦16;Copper Bar¦16;0
43224;Recipes/Pre-Hardmode Anvil/register;12956;Copper Chandelier;106;;;1;;Iron Anvil;¦Copper Bar¦^¦Torch¦^¦Chain¦;¦Chain¦1^¦Copper Bar¦4^¦Torch¦4;Copper Bar¦4^Torch¦4^Chain¦1;0
43225;Recipes/Pre-Hardmode Anvil/register;12956;Tin Pickaxe;3503;;;1;desktop console mobile;Iron Anvil;¦Tin Bar¦^¦Any Wood¦;¦Any Wood¦4^¦Tin Bar¦8;Tin Bar¦8^Any Wood¦4;0
43226;Recipes/Pre-Hardmode Anvil/register;12956;Tin Axe;3500;;;1;desktop console mobile;Iron Anvil;¦Tin Bar¦^¦Any Wood¦;¦Any Wood¦3^¦Tin Bar¦6;Tin Bar¦6^Any Wood¦3;0
43227;Recipes/Pre-Hardmode Anvil/register;12956;Tin Hammer;3499;;;1;desktop console mobile;Iron Anvil;¦Tin Bar¦^¦Any Wood¦;¦Any Wood¦3^¦Tin Bar¦8;Tin Bar¦8^Any Wood¦3;0
43228;Recipes/Pre-Hardmode Anvil/register;12956;Tin Broadsword;3502;;;1;desktop console mobile;Iron Anvil;¦Tin Bar¦;¦Tin Bar¦6;Tin Bar¦6;0
43229;Recipes/Pre-Hardmode Anvil/register;12956;Tin Shortsword;3501;;;1;desktop console mobile;Iron Anvil;¦Tin Bar¦;¦Tin Bar¦5;Tin Bar¦5;0
43230;Recipes/Pre-Hardmode Anvil/register;12956;Tin Bow;3498;;;1;;Iron Anvil;¦Tin Bar¦;¦Tin Bar¦7;Tin Bar¦7;0
43231;Recipes/Pre-Hardmode Anvil/register;12956;Topaz Staff;740;;;1;desktop console mobile;Iron Anvil;¦Tin Bar¦^¦Topaz¦;¦Tin Bar¦7^¦Topaz¦8;Tin Bar¦7^Topaz¦8;0
43232;Recipes/Pre-Hardmode Anvil/register;12956;Tin Helmet;687;;;1;desktop console mobile;Iron Anvil;¦Tin Bar¦;¦Tin Bar¦12;Tin Bar¦12;0
43233;Recipes/Pre-Hardmode Anvil/register;12956;Tin Chainmail;688;;;1;desktop console mobile;Iron Anvil;¦Tin Bar¦;¦Tin Bar¦20;Tin Bar¦20;0
43234;Recipes/Pre-Hardmode Anvil/register;12956;Tin Greaves;689;;;1;desktop console mobile;Iron Anvil;¦Tin Bar¦;¦Tin Bar¦16;Tin Bar¦16;0
43235;Recipes/Pre-Hardmode Anvil/register;12956;Tin Chandelier;710;;;1;;Iron Anvil;¦Tin Bar¦^¦Torch¦^¦Chain¦;¦Chain¦1^¦Tin Bar¦4^¦Torch¦4;Tin Bar¦4^Torch¦4^Chain¦1;0
43236;Recipes/Pre-Hardmode Anvil/register;12956;Reinforced Fishing Pole;2291;;;1;;Iron Anvil;¦Any Iron Bar¦;¦Any Iron Bar¦8;Any Iron Bar¦8;0
43237;Recipes/Pre-Hardmode Anvil/register;12956;Iron Pickaxe;1;;;1;desktop console mobile;Iron Anvil;¦Iron Bar¦^¦Any Wood¦;¦Any Wood¦3^¦Iron Bar¦10;Iron Bar¦10^Any Wood¦3;0
43238;Recipes/Pre-Hardmode Anvil/register;12956;Iron Axe;10;;;1;desktop console mobile;Iron Anvil;¦Iron Bar¦^¦Any Wood¦;¦Any Wood¦3^¦Iron Bar¦8;Iron Bar¦8^Any Wood¦3;0
43239;Recipes/Pre-Hardmode Anvil/register;12956;Iron Hammer;7;;;1;desktop console mobile;Iron Anvil;¦Iron Bar¦^¦Any Wood¦;¦Any Wood¦3^¦Iron Bar¦8;Iron Bar¦8^Any Wood¦3;0
43240;Recipes/Pre-Hardmode Anvil/register;12956;Gravedigger's Shovel;4711;;;1;;Iron Anvil and Ecto Mist;¦Any Iron Bar¦^¦Any Wood¦;¦Any Iron Bar¦12^¦Any Wood¦3;Any Iron Bar¦12^Any Wood¦3;0
43241;Recipes/Pre-Hardmode Anvil/register;12956;Iron Broadsword;4;;;1;;Iron Anvil;¦Iron Bar¦;¦Iron Bar¦8;Iron Bar¦8;0
43242;Recipes/Pre-Hardmode Anvil/register;12956;Iron Shortsword;6;;;1;desktop console mobile;Iron Anvil;¦Iron Bar¦;¦Iron Bar¦6;Iron Bar¦6;0
43243;Recipes/Pre-Hardmode Anvil/register;12956;Iron Bow;99;;;1;;Iron Anvil;¦Iron Bar¦;¦Iron Bar¦7;Iron Bar¦7;0
43244;Recipes/Pre-Hardmode Anvil/register;12956;Iron Helmet;90;;;1;desktop console mobile;Iron Anvil;¦Iron Bar¦;¦Iron Bar¦15;Iron Bar¦15;0
43245;Recipes/Pre-Hardmode Anvil/register;12956;Iron Chainmail;81;;;1;desktop console mobile;Iron Anvil;¦Iron Bar¦;¦Iron Bar¦25;Iron Bar¦25;0
43246;Recipes/Pre-Hardmode Anvil/register;12956;Iron Greaves;77;;;1;desktop console mobile;Iron Anvil;¦Iron Bar¦;¦Iron Bar¦20;Iron Bar¦20;0
43247;Recipes/Pre-Hardmode Anvil/register;12956;Lead Pickaxe;3497;;;1;desktop console mobile;Iron Anvil;¦Lead Bar¦^¦Any Wood¦;¦Any Wood¦3^¦Lead Bar¦10;Lead Bar¦10^Any Wood¦3;0
43248;Recipes/Pre-Hardmode Anvil/register;12956;Lead Axe;3494;;;1;desktop console mobile;Iron Anvil;¦Lead Bar¦^¦Any Wood¦;¦Any Wood¦3^¦Lead Bar¦8;Lead Bar¦8^Any Wood¦3;0
43249;Recipes/Pre-Hardmode Anvil/register;12956;Lead Hammer;3493;;;1;desktop console mobile;Iron Anvil;¦Lead Bar¦^¦Any Wood¦;¦Any Wood¦3^¦Lead Bar¦8;Lead Bar¦8^Any Wood¦3;0
43250;Recipes/Pre-Hardmode Anvil/register;12956;Lead Broadsword;3496;;;1;;Iron Anvil;¦Lead Bar¦;¦Lead Bar¦8;Lead Bar¦8;0
43251;Recipes/Pre-Hardmode Anvil/register;12956;Lead Shortsword;3495;;;1;desktop console mobile;Iron Anvil;¦Lead Bar¦;¦Lead Bar¦6;Lead Bar¦6;0
43252;Recipes/Pre-Hardmode Anvil/register;12956;Lead Bow;3492;;;1;;Iron Anvil;¦Lead Bar¦;¦Lead Bar¦7;Lead Bar¦7;0
43253;Recipes/Pre-Hardmode Anvil/register;12956;Lead Helmet;690;;;1;desktop console mobile;Iron Anvil;¦Lead Bar¦;¦Lead Bar¦15;Lead Bar¦15;0
43254;Recipes/Pre-Hardmode Anvil/register;12956;Lead Chainmail;691;;;1;desktop console mobile;Iron Anvil;¦Lead Bar¦;¦Lead Bar¦25;Lead Bar¦25;0
43255;Recipes/Pre-Hardmode Anvil/register;12956;Lead Greaves;692;;;1;desktop console mobile;Iron Anvil;¦Lead Bar¦;¦Lead Bar¦20;Lead Bar¦20;0
43256;Recipes/Pre-Hardmode Anvil/register;12956;Empty Bucket;205;;;1;desktop console mobile;Iron Anvil;¦Any Iron Bar¦;¦Any Iron Bar¦2;Any Iron Bar¦2;0
43257;Recipes/Pre-Hardmode Anvil/register;12956;Iron Door;1140;;;1;;Iron Anvil;¦Iron Bar¦;¦Iron Bar¦4;Iron Bar¦4;0
43258;Recipes/Pre-Hardmode Anvil/register;12956;Lead Door;1139;;;1;;Iron Anvil;¦Lead Bar¦;¦Lead Bar¦4;Lead Bar¦4;0
43259;Recipes/Pre-Hardmode Anvil/register;12956;Heavy Assembler;2172;;;1;;Iron Anvil;¦Any Wood¦^¦Any Iron Bar¦;¦Any Iron Bar¦8^¦Any Wood¦12;Any Wood¦12^Any Iron Bar¦8;0
43260;Recipes/Pre-Hardmode Anvil/register;12956;Glass Kiln;2194;;;1;;Iron Anvil;¦Any Iron Bar¦^¦Torch¦;¦Any Iron Bar¦18^¦Torch¦8;Any Iron Bar¦18^Torch¦8;0
43261;Recipes/Pre-Hardmode Anvil/register;12956;Trash Can;348;;;1;;Iron Anvil;¦Any Iron Bar¦;¦Any Iron Bar¦8;Any Iron Bar¦8;0
43262;Recipes/Pre-Hardmode Anvil/register;12956;Bathtub;336;;;1;;Iron Anvil;¦Any Iron Bar¦;¦Any Iron Bar¦14;Any Iron Bar¦14;0
43263;Recipes/Pre-Hardmode Anvil/register;12956;Toilet;358;;;1;;Iron Anvil;¦Any Iron Bar¦;¦Any Iron Bar¦6;Any Iron Bar¦6;0
43264;Recipes/Pre-Hardmode Anvil/register;12956;Terra Toilet;4731;;;1;;Iron Anvil;¦Toilet¦^¦Broken Hero Sword¦;¦Broken Hero Sword¦1^¦Toilet¦1;Toilet¦1^Broken Hero Sword¦1;0
43265;Recipes/Pre-Hardmode Anvil/register;12956;Metal Sink;2841;;;1;;Iron Anvil;¦Any Iron Bar¦^¦Water Bucket¦;¦Any Iron Bar¦3^¦Water Bucket¦1;Any Iron Bar¦3^Water Bucket¦1;0
43266;Recipes/Pre-Hardmode Anvil/register;12956;Cooking Pot;345;;;1;;Iron Anvil;¦Any Iron Bar¦^¦Any Wood¦;¦Any Iron Bar¦10^¦Any Wood¦2;Any Iron Bar¦10^Any Wood¦2;0
43267;Recipes/Pre-Hardmode Anvil/register;12956;Chain;85;;;15;desktop console mobile;Iron Anvil;¦Any Iron Bar¦;¦Any Iron Bar¦1;Any Iron Bar¦1;0
43268;Recipes/Pre-Hardmode Anvil/register;12956;Chest Lock;5328;;;1;;Iron Anvil;¦Chain¦^¦Bone¦;¦Bone¦5^¦Chain¦2;Chain¦2^Bone¦5;0
43269;Recipes/Pre-Hardmode Anvil/register;12956;Grate;4422;;;1;;Iron Anvil;¦Any Iron Bar¦;¦Any Iron Bar¦1;Any Iron Bar¦1;0
43270;Recipes/Pre-Hardmode Anvil/register;12956;Silver Pickaxe;3515;;;1;desktop console mobile;Iron Anvil;¦Silver Bar¦^¦Any Wood¦;¦Any Wood¦4^¦Silver Bar¦10;Silver Bar¦10^Any Wood¦4;0
43271;Recipes/Pre-Hardmode Anvil/register;12956;Silver Axe;3512;;;1;desktop console mobile;Iron Anvil;¦Silver Bar¦^¦Any Wood¦;¦Any Wood¦3^¦Silver Bar¦8;Silver Bar¦8^Any Wood¦3;0
43272;Recipes/Pre-Hardmode Anvil/register;12956;Silver Hammer;3511;;;1;desktop console mobile;Iron Anvil;¦Silver Bar¦^¦Any Wood¦;¦Any Wood¦3^¦Silver Bar¦8;Silver Bar¦8^Any Wood¦3;0
43273;Recipes/Pre-Hardmode Anvil/register;12956;Silver Broadsword;3514;;;1;;Iron Anvil;¦Silver Bar¦;¦Silver Bar¦8;Silver Bar¦8;0
43274;Recipes/Pre-Hardmode Anvil/register;12956;Silver Shortsword;3513;;;1;;Iron Anvil;¦Silver Bar¦;¦Silver Bar¦6;Silver Bar¦6;0
43275;Recipes/Pre-Hardmode Anvil/register;12956;Silver Bow;3510;;;1;;Iron Anvil;¦Silver Bar¦;¦Silver Bar¦7;Silver Bar¦7;0
43276;Recipes/Pre-Hardmode Anvil/register;12956;Sapphire Staff;741;;;1;desktop console mobile;Iron Anvil;¦Silver Bar¦^¦Sapphire¦;¦Sapphire¦8^¦Silver Bar¦7;Silver Bar¦7^Sapphire¦8;0
43277;Recipes/Pre-Hardmode Anvil/register;12956;Silver Helmet;91;;;1;desktop console mobile;Iron Anvil;¦Silver Bar¦;¦Silver Bar¦15;Silver Bar¦15;0
43278;Recipes/Pre-Hardmode Anvil/register;12956;Silver Chainmail;82;;;1;desktop console mobile;Iron Anvil;¦Silver Bar¦;¦Silver Bar¦25;Silver Bar¦25;0
43279;Recipes/Pre-Hardmode Anvil/register;12956;Silver Greaves;78;;;1;desktop console mobile;Iron Anvil;¦Silver Bar¦;¦Silver Bar¦20;Silver Bar¦20;0
43280;Recipes/Pre-Hardmode Anvil/register;12956;Silver Chandelier;107;;;1;;Iron Anvil;¦Silver Bar¦^¦Torch¦^¦Chain¦;¦Chain¦1^¦Silver Bar¦4^¦Torch¦4;Silver Bar¦4^Torch¦4^Chain¦1;0
43281;Recipes/Pre-Hardmode Anvil/register;12956;Tungsten Pickaxe;3491;;;1;desktop console mobile;Iron Anvil;¦Tungsten Bar¦^¦Any Wood¦;¦Any Wood¦4^¦Tungsten Bar¦10;Tungsten Bar¦10^Any Wood¦4;0
43282;Recipes/Pre-Hardmode Anvil/register;12956;Tungsten Axe;3488;;;1;desktop console mobile;Iron Anvil;¦Tungsten Bar¦^¦Any Wood¦;¦Any Wood¦3^¦Tungsten Bar¦8;Tungsten Bar¦8^Any Wood¦3;0
43283;Recipes/Pre-Hardmode Anvil/register;12956;Tungsten Hammer;3487;;;1;desktop console mobile;Iron Anvil;¦Tungsten Bar¦^¦Any Wood¦;¦Any Wood¦3^¦Tungsten Bar¦8;Tungsten Bar¦8^Any Wood¦3;0
43284;Recipes/Pre-Hardmode Anvil/register;12956;Tungsten Broadsword;3490;;;1;;Iron Anvil;¦Tungsten Bar¦;¦Tungsten Bar¦8;Tungsten Bar¦8;0
43285;Recipes/Pre-Hardmode Anvil/register;12956;Tungsten Shortsword;3489;;;1;;Iron Anvil;¦Tungsten Bar¦;¦Tungsten Bar¦6;Tungsten Bar¦6;0
43286;Recipes/Pre-Hardmode Anvil/register;12956;Tungsten Bow;3486;;;1;;Iron Anvil;¦Tungsten Bar¦;¦Tungsten Bar¦7;Tungsten Bar¦7;0
43287;Recipes/Pre-Hardmode Anvil/register;12956;Emerald Staff;742;;;1;desktop console mobile;Iron Anvil;¦Tungsten Bar¦^¦Emerald¦;¦Emerald¦8^¦Tungsten Bar¦7;Tungsten Bar¦7^Emerald¦8;0
43288;Recipes/Pre-Hardmode Anvil/register;12956;Tungsten Helmet;693;;;1;desktop console mobile;Iron Anvil;¦Tungsten Bar¦;¦Tungsten Bar¦15;Tungsten Bar¦15;0
43289;Recipes/Pre-Hardmode Anvil/register;12956;Tungsten Chainmail;694;;;1;desktop console mobile;Iron Anvil;¦Tungsten Bar¦;¦Tungsten Bar¦25;Tungsten Bar¦25;0
43290;Recipes/Pre-Hardmode Anvil/register;12956;Tungsten Greaves;695;;;1;desktop console mobile;Iron Anvil;¦Tungsten Bar¦;¦Tungsten Bar¦20;Tungsten Bar¦20;0
43291;Recipes/Pre-Hardmode Anvil/register;12956;Tungsten Chandelier;711;;;1;;Iron Anvil;¦Tungsten Bar¦^¦Torch¦^¦Chain¦;¦Chain¦1^¦Torch¦4^¦Tungsten Bar¦4;Tungsten Bar¦4^Torch¦4^Chain¦1;0
43292;Recipes/Pre-Hardmode Anvil/register;12956;Gold Pickaxe;3521;;;1;desktop console mobile;Iron Anvil;¦Gold Bar¦^¦Any Wood¦;¦Any Wood¦4^¦Gold Bar¦10;Gold Bar¦10^Any Wood¦4;0
43293;Recipes/Pre-Hardmode Anvil/register;12956;Gold Axe;3518;;;1;desktop console mobile;Iron Anvil;¦Gold Bar¦^¦Any Wood¦;¦Any Wood¦3^¦Gold Bar¦8;Gold Bar¦8^Any Wood¦3;0
43294;Recipes/Pre-Hardmode Anvil/register;12956;Gold Hammer;3517;;;1;desktop console mobile;Iron Anvil;¦Gold Bar¦^¦Any Wood¦;¦Any Wood¦3^¦Gold Bar¦8;Gold Bar¦8^Any Wood¦3;0
43295;Recipes/Pre-Hardmode Anvil/register;12956;Gold Broadsword;3520;;;1;;Iron Anvil;¦Gold Bar¦;¦Gold Bar¦8;Gold Bar¦8;0
43296;Recipes/Pre-Hardmode Anvil/register;12956;Gold Shortsword;3519;;;1;desktop console mobile;Iron Anvil;¦Gold Bar¦;¦Gold Bar¦6;Gold Bar¦6;0
43297;Recipes/Pre-Hardmode Anvil/register;12956;Gold Bow;3516;;;1;;Iron Anvil;¦Gold Bar¦;¦Gold Bar¦7;Gold Bar¦7;0
43298;Recipes/Pre-Hardmode Anvil/register;12956;Ruby Staff;743;;;1;desktop console mobile;Iron Anvil;¦Gold Bar¦^¦Ruby¦;¦Gold Bar¦7^¦Ruby¦8;Gold Bar¦7^Ruby¦8;0
43299;Recipes/Pre-Hardmode Anvil/register;12956;Gold Helmet;92;;;1;desktop console mobile;Iron Anvil;¦Gold Bar¦;¦Gold Bar¦20;Gold Bar¦20;0
43300;Recipes/Pre-Hardmode Anvil/register;12956;Gold Chainmail;83;;;1;desktop console mobile;Iron Anvil;¦Gold Bar¦;¦Gold Bar¦30;Gold Bar¦30;0
43301;Recipes/Pre-Hardmode Anvil/register;12956;Gold Greaves;79;;;1;desktop console mobile;Iron Anvil;¦Gold Bar¦;¦Gold Bar¦25;Gold Bar¦25;0
43302;Recipes/Pre-Hardmode Anvil/register;12956;Gold Crown;264;;;1;desktop console mobile;Iron Anvil;¦Gold Bar¦^¦Ruby¦;¦Gold Bar¦5^¦Ruby¦1;Gold Bar¦5^Ruby¦1;0
43303;Recipes/Pre-Hardmode Anvil/register;12956;Gold Chandelier;108;;;1;;Iron Anvil;¦Gold Bar¦^¦Torch¦^¦Chain¦;¦Chain¦1^¦Gold Bar¦4^¦Torch¦4;Gold Bar¦4^Torch¦4^Chain¦1;0
43304;Recipes/Pre-Hardmode Anvil/register;12956;Platinum Pickaxe;3485;;;1;desktop console mobile;Iron Anvil;¦Platinum Bar¦^¦Any Wood¦;¦Any Wood¦4^¦Platinum Bar¦10;Platinum Bar¦10^Any Wood¦4;0
43305;Recipes/Pre-Hardmode Anvil/register;12956;Platinum Axe;3482;;;1;desktop console mobile;Iron Anvil;¦Platinum Bar¦^¦Any Wood¦;¦Any Wood¦3^¦Platinum Bar¦8;Platinum Bar¦8^Any Wood¦3;0
43306;Recipes/Pre-Hardmode Anvil/register;12956;Platinum Hammer;3481;;;1;desktop console mobile;Iron Anvil;¦Platinum Bar¦^¦Any Wood¦;¦Any Wood¦3^¦Platinum Bar¦8;Platinum Bar¦8^Any Wood¦3;0
43307;Recipes/Pre-Hardmode Anvil/register;12956;Platinum Broadsword;3484;;;1;;Iron Anvil;¦Platinum Bar¦;¦Platinum Bar¦8;Platinum Bar¦8;0
43308;Recipes/Pre-Hardmode Anvil/register;12956;Platinum Shortsword;3483;;;1;desktop console mobile;Iron Anvil;¦Platinum Bar¦;¦Platinum Bar¦6;Platinum Bar¦6;0
43309;Recipes/Pre-Hardmode Anvil/register;12956;Platinum Bow;3480;;;1;;Iron Anvil;¦Platinum Bar¦;¦Platinum Bar¦7;Platinum Bar¦7;0
43310;Recipes/Pre-Hardmode Anvil/register;12956;Diamond Staff;744;;;1;desktop console mobile;Iron Anvil;¦Platinum Bar¦^¦Diamond¦;¦Diamond¦8^¦Platinum Bar¦7;Platinum Bar¦7^Diamond¦8;0
43311;Recipes/Pre-Hardmode Anvil/register;12956;Platinum Helmet;696;;;1;desktop console mobile;Iron Anvil;¦Platinum Bar¦;¦Platinum Bar¦20;Platinum Bar¦20;0
43312;Recipes/Pre-Hardmode Anvil/register;12956;Platinum Chainmail;697;;;1;desktop console mobile;Iron Anvil;¦Platinum Bar¦;¦Platinum Bar¦30;Platinum Bar¦30;0
43313;Recipes/Pre-Hardmode Anvil/register;12956;Platinum Greaves;698;;;1;desktop console mobile;Iron Anvil;¦Platinum Bar¦;¦Platinum Bar¦25;Platinum Bar¦25;0
43314;Recipes/Pre-Hardmode Anvil/register;12956;Platinum Crown;715;;;1;desktop console mobile;Iron Anvil;¦Platinum Bar¦^¦Ruby¦;¦Platinum Bar¦5^¦Ruby¦1;Platinum Bar¦5^Ruby¦1;0
43315;Recipes/Pre-Hardmode Anvil/register;12956;Platinum Chandelier;712;;;1;;Iron Anvil;¦Platinum Bar¦^¦Torch¦^¦Chain¦;¦Chain¦1^¦Platinum Bar¦4^¦Torch¦4;Platinum Bar¦4^Torch¦4^Chain¦1;0
43316;Recipes/Pre-Hardmode Anvil/register;12956;Throne;355;;;1;;Iron Anvil;¦Silk¦^¦Gold Bar¦;¦Gold Bar¦30^¦Silk¦20;Silk¦20^Gold Bar¦30;0
43317;Recipes/Pre-Hardmode Anvil/register;12956;Throne;355;;;1;;Iron Anvil;¦Silk¦^¦Platinum Bar¦;¦Platinum Bar¦30^¦Silk¦20;Silk¦20^Platinum Bar¦30;0
43318;Recipes/Pre-Hardmode Anvil/register;12956;Fisher of Souls;2293;;;1;;Iron Anvil;¦Demonite Bar¦;¦Demonite Bar¦8;Demonite Bar¦8;0
43319;Recipes/Pre-Hardmode Anvil/register;12956;Demon Bow;44;;;1;;Iron Anvil;¦Demonite Bar¦;¦Demonite Bar¦8;Demonite Bar¦8;0
43320;Recipes/Pre-Hardmode Anvil/register;12956;War Axe of the Night;45;;;1;;Iron Anvil;¦Demonite Bar¦;¦Demonite Bar¦10;Demonite Bar¦10;0
43321;Recipes/Pre-Hardmode Anvil/register;12956;Light's Bane;46;;;1;;Iron Anvil;¦Demonite Bar¦;¦Demonite Bar¦10;Demonite Bar¦10;0
43322;Recipes/Pre-Hardmode Anvil/register;12956;Shadow Helmet;102;;;1;;Iron Anvil;¦Demonite Bar¦^¦Shadow Scale¦;¦Demonite Bar¦15^¦Shadow Scale¦10;Demonite Bar¦15^Shadow Scale¦10;0
43323;Recipes/Pre-Hardmode Anvil/register;12956;Shadow Scalemail;101;;;1;;Iron Anvil;¦Demonite Bar¦^¦Shadow Scale¦;¦Demonite Bar¦25^¦Shadow Scale¦20;Demonite Bar¦25^Shadow Scale¦20;0
43324;Recipes/Pre-Hardmode Anvil/register;12956;Shadow Greaves;100;;;1;;Iron Anvil;¦Demonite Bar¦^¦Shadow Scale¦;¦Demonite Bar¦20^¦Shadow Scale¦15;Demonite Bar¦20^Shadow Scale¦15;0
43325;Recipes/Pre-Hardmode Anvil/register;12956;Nightmare Pickaxe;103;;;1;;Iron Anvil;¦Demonite Bar¦^¦Shadow Scale¦;¦Demonite Bar¦12^¦Shadow Scale¦6;Demonite Bar¦12^Shadow Scale¦6;0
43326;Recipes/Pre-Hardmode Anvil/register;12956;The Breaker;104;;;1;;Iron Anvil;¦Demonite Bar¦^¦Shadow Scale¦;¦Demonite Bar¦10^¦Shadow Scale¦5;Demonite Bar¦10^Shadow Scale¦5;0
43327;Recipes/Pre-Hardmode Anvil/register;12956;Malaise;3279;;;1;;Iron Anvil;¦Demonite Bar¦;¦Demonite Bar¦10;Demonite Bar¦10;0
43328;Recipes/Pre-Hardmode Anvil/register;12956;Magiluminescence;5107;;;1;;Iron Anvil;¦Demonite Bar¦^¦Topaz¦;¦Demonite Bar¦12^¦Topaz¦5;Demonite Bar¦12^Topaz¦5;0
43329;Recipes/Pre-Hardmode Anvil/register;12956;Fleshcatcher;2421;;;1;;Iron Anvil;¦Crimtane Bar¦;¦Crimtane Bar¦8;Crimtane Bar¦8;0
43330;Recipes/Pre-Hardmode Anvil/register;12956;Tendon Bow;796;;;1;;Iron Anvil;¦Crimtane Bar¦;¦Crimtane Bar¦8;Crimtane Bar¦8;0
43331;Recipes/Pre-Hardmode Anvil/register;12956;Blood Lust Cluster;799;;;1;;Iron Anvil;¦Crimtane Bar¦;¦Crimtane Bar¦10;Crimtane Bar¦10;0
43332;Recipes/Pre-Hardmode Anvil/register;12956;Blood Butcherer;795;;;1;;Iron Anvil;¦Crimtane Bar¦;¦Crimtane Bar¦10;Crimtane Bar¦10;0
43333;Recipes/Pre-Hardmode Anvil/register;12956;Crimson Helmet;792;;;1;;Iron Anvil;¦Crimtane Bar¦^¦Tissue Sample¦;¦Crimtane Bar¦15^¦Tissue Sample¦10;Crimtane Bar¦15^Tissue Sample¦10;0
43334;Recipes/Pre-Hardmode Anvil/register;12956;Crimson Scalemail;793;;;1;;Iron Anvil;¦Crimtane Bar¦^¦Tissue Sample¦;¦Crimtane Bar¦25^¦Tissue Sample¦20;Crimtane Bar¦25^Tissue Sample¦20;0
43335;Recipes/Pre-Hardmode Anvil/register;12956;Crimson Greaves;794;;;1;;Iron Anvil;¦Crimtane Bar¦^¦Tissue Sample¦;¦Crimtane Bar¦20^¦Tissue Sample¦15;Crimtane Bar¦20^Tissue Sample¦15;0
43336;Recipes/Pre-Hardmode Anvil/register;12956;Deathbringer Pickaxe;798;;;1;;Iron Anvil;¦Crimtane Bar¦^¦Tissue Sample¦;¦Crimtane Bar¦12^¦Tissue Sample¦6;Crimtane Bar¦12^Tissue Sample¦6;0
43337;Recipes/Pre-Hardmode Anvil/register;12956;Flesh Grinder;797;;;1;;Iron Anvil;¦Crimtane Bar¦^¦Tissue Sample¦;¦Crimtane Bar¦10^¦Tissue Sample¦5;Crimtane Bar¦10^Tissue Sample¦5;0
43338;Recipes/Pre-Hardmode Anvil/register;12956;The Meatball;801;;;1;;Iron Anvil;¦Crimtane Bar¦^¦Tissue Sample¦;¦Crimtane Bar¦10^¦Tissue Sample¦5;Crimtane Bar¦10^Tissue Sample¦5;0
43339;Recipes/Pre-Hardmode Anvil/register;12956;Artery;3280;;;1;;Iron Anvil;¦Crimtane Bar¦;¦Crimtane Bar¦10;Crimtane Bar¦10;0
43340;Recipes/Pre-Hardmode Anvil/register;12956;Magiluminescence;5107;;;1;;Iron Anvil;¦Crimtane Bar¦^¦Topaz¦;¦Crimtane Bar¦12^¦Topaz¦5;Crimtane Bar¦12^Topaz¦5;0
43341;Recipes/Pre-Hardmode Anvil/register;12956;Grappling Hook;84;;;1;;Iron Anvil;¦Chain¦^¦Hook¦;¦Chain¦3^¦Hook¦1;Chain¦3^Hook¦1;0
43342;Recipes/Pre-Hardmode Anvil/register;12956;Amethyst Hook;1236;;;1;;Iron Anvil;¦Amethyst¦;¦Amethyst¦15;Amethyst¦15;0
43343;Recipes/Pre-Hardmode Anvil/register;12956;Topaz Hook;1237;;;1;;Iron Anvil;¦Topaz¦;¦Topaz¦15;Topaz¦15;0
43344;Recipes/Pre-Hardmode Anvil/register;12956;Sapphire Hook;1238;;;1;;Iron Anvil;¦Sapphire¦;¦Sapphire¦15;Sapphire¦15;0
43345;Recipes/Pre-Hardmode Anvil/register;12956;Emerald Hook;1239;;;1;;Iron Anvil;¦Emerald¦;¦Emerald¦15;Emerald¦15;0
43346;Recipes/Pre-Hardmode Anvil/register;12956;Ruby Hook;1240;;;1;;Iron Anvil;¦Ruby¦;¦Ruby¦15;Ruby¦15;0
43347;Recipes/Pre-Hardmode Anvil/register;12956;Diamond Hook;1241;;;1;;Iron Anvil;¦Diamond¦;¦Diamond¦15;Diamond¦15;0
43348;Recipes/Pre-Hardmode Anvil/register;12956;Amber Hook;4257;;;1;;Iron Anvil;¦Amber¦;¦Amber¦15;Amber¦15;0
43349;Recipes/Pre-Hardmode Anvil/register;12956;Large Amethyst;1522;;;1;;Iron Anvil;¦Amethyst¦;¦Amethyst¦15;Amethyst¦15;0
43350;Recipes/Pre-Hardmode Anvil/register;12956;Large Topaz;1523;;;1;;Iron Anvil;¦Topaz¦;¦Topaz¦15;Topaz¦15;0
43351;Recipes/Pre-Hardmode Anvil/register;12956;Large Sapphire;1524;;;1;;Iron Anvil;¦Sapphire¦;¦Sapphire¦15;Sapphire¦15;0
43352;Recipes/Pre-Hardmode Anvil/register;12956;Large Emerald;1525;;;1;;Iron Anvil;¦Emerald¦;¦Emerald¦15;Emerald¦15;0
43353;Recipes/Pre-Hardmode Anvil/register;12956;Large Ruby;1526;;;1;;Iron Anvil;¦Ruby¦;¦Ruby¦15;Ruby¦15;0
43354;Recipes/Pre-Hardmode Anvil/register;12956;Large Diamond;1527;;;1;;Iron Anvil;¦Diamond¦;¦Diamond¦15;Diamond¦15;0
43355;Recipes/Pre-Hardmode Anvil/register;12956;Large Amber;3643;;;1;;Iron Anvil;¦Amber¦;¦Amber¦15;Amber¦15;0
43356;Recipes/Pre-Hardmode Anvil/register;12956;Blue Phaseblade;198;;;1;desktop console mobile;Iron Anvil;¦Meteorite Bar¦^¦Sapphire¦;¦Meteorite Bar¦15^¦Sapphire¦15;Meteorite Bar¦15^Sapphire¦15;0
43357;Recipes/Pre-Hardmode Anvil/register;12956;Red Phaseblade;199;;;1;desktop console mobile;Iron Anvil;¦Meteorite Bar¦^¦Ruby¦;¦Meteorite Bar¦15^¦Ruby¦15;Meteorite Bar¦15^Ruby¦15;0
43358;Recipes/Pre-Hardmode Anvil/register;12956;Green Phaseblade;200;;;1;desktop console mobile;Iron Anvil;¦Meteorite Bar¦^¦Emerald¦;¦Emerald¦15^¦Meteorite Bar¦15;Meteorite Bar¦15^Emerald¦15;0
43359;Recipes/Pre-Hardmode Anvil/register;12956;Purple Phaseblade;201;;;1;desktop console mobile;Iron Anvil;¦Meteorite Bar¦^¦Amethyst¦;¦Amethyst¦15^¦Meteorite Bar¦15;Meteorite Bar¦15^Amethyst¦15;0
43360;Recipes/Pre-Hardmode Anvil/register;12956;White Phaseblade;202;;;1;desktop console mobile;Iron Anvil;¦Meteorite Bar¦^¦Diamond¦;¦Diamond¦15^¦Meteorite Bar¦15;Meteorite Bar¦15^Diamond¦15;0
43361;Recipes/Pre-Hardmode Anvil/register;12956;Yellow Phaseblade;203;;;1;desktop console mobile;Iron Anvil;¦Meteorite Bar¦^¦Topaz¦;¦Meteorite Bar¦15^¦Topaz¦15;Meteorite Bar¦15^Topaz¦15;0
43362;Recipes/Pre-Hardmode Anvil/register;12956;Orange Phaseblade;4258;;;1;;Iron Anvil;¦Meteorite Bar¦^¦Amber¦;¦Amber¦15^¦Meteorite Bar¦15;Meteorite Bar¦15^Amber¦15;0
43363;Recipes/Pre-Hardmode Anvil/register;12956;Pink Phaseblade;5535;;;1;;Iron Anvil;¦Meteorite Bar¦^¦Pink Pearl¦;¦Meteorite Bar¦15^¦Pink Pearl¦1;Meteorite Bar¦15^Pink Pearl¦1;0
43364;Recipes/Pre-Hardmode Anvil/register;12956;Rainbow Phaseblade;5670;;;1;;Iron Anvil;¦Meteorite Bar¦^¦Amethyst¦^¦Topaz¦^¦Sapphire¦^¦Emerald¦^¦Ruby¦^¦Diamond¦^¦Amber¦;¦Amber¦3^¦Amethyst¦3^¦Diamond¦3^¦Emerald¦3^¦Meteorite Bar¦15^¦Ruby¦3^¦Sapphire¦3^¦Topaz¦3;Meteorite Bar¦15^Amethyst¦3^Topaz¦3^Sapphire¦3^Emerald¦3^Ruby¦3^Diamond¦3^Amber¦3;0
43365;Recipes/Pre-Hardmode Anvil/register;12956;Meteor Hamaxe;204;;;1;desktop console mobile;Iron Anvil;¦Meteorite Bar¦;¦Meteorite Bar¦20;Meteorite Bar¦20;0
43366;Recipes/Pre-Hardmode Anvil/register;12956;Space Gun;127;;;1;desktop console mobile;Iron Anvil;¦Meteorite Bar¦;¦Meteorite Bar¦20;Meteorite Bar¦20;0
43367;Recipes/Pre-Hardmode Anvil/register;12956;Star Cannon;197;;;1;;Iron Anvil;¦Minishark¦^¦Meteorite Bar¦^¦Fallen Star¦;¦Fallen Star¦5^¦Meteorite Bar¦20^¦Minishark¦1;Minishark¦1^Meteorite Bar¦20^Fallen Star¦5;0
43368;Recipes/Pre-Hardmode Anvil/register;12956;Meteor Helmet;123;;;1;desktop console mobile;Iron Anvil;¦Meteorite Bar¦;¦Meteorite Bar¦10;Meteorite Bar¦10;0
43369;Recipes/Pre-Hardmode Anvil/register;12956;Meteor Suit;124;;;1;desktop console mobile;Iron Anvil;¦Meteorite Bar¦;¦Meteorite Bar¦20;Meteorite Bar¦20;0
43370;Recipes/Pre-Hardmode Anvil/register;12956;Meteor Leggings;125;;;1;desktop console mobile;Iron Anvil;¦Meteorite Bar¦;¦Meteorite Bar¦15;Meteorite Bar¦15;0
43371;Recipes/Pre-Hardmode Anvil/register;12956;Fossil Pickaxe;4059;;;1;;Iron Anvil;¦Sturdy Fossil¦^¦Any Wood¦;¦Any Wood¦4^¦Sturdy Fossil¦12;Sturdy Fossil¦12^Any Wood¦4;0
43372;Recipes/Pre-Hardmode Anvil/register;12956;Bone Javelin;3378;;;20;;Iron Anvil;¦Sturdy Fossil¦;¦Sturdy Fossil¦1;Sturdy Fossil¦1;0
43373;Recipes/Pre-Hardmode Anvil/register;12956;Bone Throwing Knife;3379;;;30;;Iron Anvil;¦Sturdy Fossil¦;¦Sturdy Fossil¦1;Sturdy Fossil¦1;0
43374;Recipes/Pre-Hardmode Anvil/register;12956;Amber Staff;3377;;;1;;Iron Anvil;¦Sturdy Fossil¦^¦Amber¦;¦Amber¦8^¦Sturdy Fossil¦10;Sturdy Fossil¦10^Amber¦8;0
43375;Recipes/Pre-Hardmode Anvil/register;12956;Fossil Helmet;3374;;;1;;Iron Anvil;¦Sturdy Fossil¦;¦Sturdy Fossil¦15;Sturdy Fossil¦15;0
43376;Recipes/Pre-Hardmode Anvil/register;12956;Fossil Plate;3375;;;1;;Iron Anvil;¦Sturdy Fossil¦;¦Sturdy Fossil¦25;Sturdy Fossil¦25;0
43377;Recipes/Pre-Hardmode Anvil/register;12956;Fossil Greaves;3376;;;1;;Iron Anvil;¦Sturdy Fossil¦;¦Sturdy Fossil¦20;Sturdy Fossil¦20;0
43378;Recipes/Pre-Hardmode Anvil/register;12956;Blade of Grass;190;;;1;desktop console mobile;Iron Anvil;¦Stinger¦^¦Jungle Spores¦^¦Vine¦;¦Jungle Spores¦15^¦Stinger¦12^¦Vine¦3;Stinger¦12^Jungle Spores¦15^Vine¦3;0
43379;Recipes/Pre-Hardmode Anvil/register;12956;Thorn Chakram;191;;;1;desktop console mobile;Iron Anvil;¦Jungle Spores¦^¦Stinger¦;¦Jungle Spores¦6^¦Stinger¦9;Jungle Spores¦6^Stinger¦9;0
43380;Recipes/Pre-Hardmode Anvil/register;12956;Ivy Whip;185;;;1;;Iron Anvil;¦Jungle Spores¦^¦Vine¦;¦Jungle Spores¦12^¦Vine¦3;Jungle Spores¦12^Vine¦3;0
43381;Recipes/Pre-Hardmode Anvil/register;12956;Amazon;3281;;;1;;Iron Anvil;¦Rich Mahogany¦^¦Stinger¦^¦Vine¦^¦Jungle Spores¦;¦Jungle Spores¦9^¦Rich Mahogany¦8^¦Stinger¦12^¦Vine¦1;Rich Mahogany¦8^Stinger¦12^Vine¦1^Jungle Spores¦9;0
43382;Recipes/Pre-Hardmode Anvil/register;12956;Snapthorn;4913;;;1;;Iron Anvil;¦Stinger¦^¦Vine¦^¦Jungle Spores¦;¦Jungle Spores¦12^¦Stinger¦15^¦Vine¦3;Stinger¦15^Vine¦3^Jungle Spores¦12;0
43383;Recipes/Pre-Hardmode Anvil/register;12956;Jungle Hat;228;;;1;;Iron Anvil;¦Jungle Spores¦;¦Jungle Spores¦8;Jungle Spores¦8;0
43384;Recipes/Pre-Hardmode Anvil/register;12956;Jungle Shirt;229;;;1;desktop console mobile;Iron Anvil;¦Jungle Spores¦^¦Stinger¦;¦Jungle Spores¦16^¦Stinger¦10;Jungle Spores¦16^Stinger¦10;0
43385;Recipes/Pre-Hardmode Anvil/register;12956;Jungle Pants;230;;;1;;Iron Anvil;¦Jungle Spores¦^¦Vine¦;¦Jungle Spores¦8^¦Vine¦2;Jungle Spores¦8^Vine¦2;0
43386;Recipes/Pre-Hardmode Anvil/register;12956;Hornet Staff;2364;;;1;;Iron Anvil;¦Bee Wax¦;¦Bee Wax¦14;Bee Wax¦14;0
43387;Recipes/Pre-Hardmode Anvil/register;12956;Bee Headgear;2361;;;1;;Iron Anvil;¦Bee Wax¦;¦Bee Wax¦8;Bee Wax¦8;0
43388;Recipes/Pre-Hardmode Anvil/register;12956;Bee Breastplate;2362;;;1;;Iron Anvil;¦Bee Wax¦;¦Bee Wax¦12;Bee Wax¦12;0
43389;Recipes/Pre-Hardmode Anvil/register;12956;Bee Greaves;2363;;;1;;Iron Anvil;¦Bee Wax¦;¦Bee Wax¦10;Bee Wax¦10;0
43390;Recipes/Pre-Hardmode Anvil/register;12956;Hive-Five;5294;;;1;;Iron Anvil;¦Bee Wax¦;¦Bee Wax¦14;Bee Wax¦14;0
43391;Recipes/Pre-Hardmode Anvil/register;12956;Flamarang;119;;;1;;Iron Anvil;¦Hellstone Bar¦^¦Enchanted Boomerang¦;¦Enchanted Boomerang¦1^¦Hellstone Bar¦10;Hellstone Bar¦10^Enchanted Boomerang¦1;0
43392;Recipes/Pre-Hardmode Anvil/register;12956;Molten Fury;120;;;1;;Iron Anvil;¦Hellstone Bar¦;¦Hellstone Bar¦15;Hellstone Bar¦15;0
43393;Recipes/Pre-Hardmode Anvil/register;12956;Volcano;121;;;1;;Iron Anvil;¦Hellstone Bar¦;¦Hellstone Bar¦20;Hellstone Bar¦20;0
43394;Recipes/Pre-Hardmode Anvil/register;12956;Molten Pickaxe;122;;;1;;Iron Anvil;¦Hellstone Bar¦;¦Hellstone Bar¦20;Hellstone Bar¦20;0
43395;Recipes/Pre-Hardmode Anvil/register;12956;Molten Hamaxe;217;;;1;;Iron Anvil;¦Hellstone Bar¦;¦Hellstone Bar¦15;Hellstone Bar¦15;0
43396;Recipes/Pre-Hardmode Anvil/register;12956;Phoenix Blaster;219;;;1;;Iron Anvil;¦Hellstone Bar¦^¦Handgun¦;¦Handgun¦1^¦Hellstone Bar¦10;Hellstone Bar¦10^Handgun¦1;0
43397;Recipes/Pre-Hardmode Anvil/register;12956;Imp Staff;2365;;;1;;Iron Anvil;¦Hellstone Bar¦;¦Hellstone Bar¦17;Hellstone Bar¦17;0
43398;Recipes/Pre-Hardmode Anvil/register;12956;Molten Helmet;231;;;1;;Iron Anvil;¦Hellstone Bar¦;¦Hellstone Bar¦10;Hellstone Bar¦10;0
43399;Recipes/Pre-Hardmode Anvil/register;12956;Molten Breastplate;232;;;1;;Iron Anvil;¦Hellstone Bar¦;¦Hellstone Bar¦20;Hellstone Bar¦20;0
43400;Recipes/Pre-Hardmode Anvil/register;12956;Molten Greaves;233;;;1;;Iron Anvil;¦Hellstone Bar¦;¦Hellstone Bar¦15;Hellstone Bar¦15;0
43401;Recipes/Pre-Hardmode Anvil/register;12956;Cobalt Helmet;372;;;1;;Iron Anvil;¦Cobalt Bar¦;¦Cobalt Bar¦10;Cobalt Bar¦10;0
43402;Recipes/Pre-Hardmode Anvil/register;12956;Cobalt Mask;373;;;1;;Iron Anvil;¦Cobalt Bar¦;¦Cobalt Bar¦10;Cobalt Bar¦10;0
43403;Recipes/Pre-Hardmode Anvil/register;12956;Cobalt Hat;371;;;1;;Iron Anvil;¦Cobalt Bar¦;¦Cobalt Bar¦10;Cobalt Bar¦10;0
43404;Recipes/Pre-Hardmode Anvil/register;12956;Cobalt Breastplate;374;;;1;;Iron Anvil;¦Cobalt Bar¦;¦Cobalt Bar¦20;Cobalt Bar¦20;0
43405;Recipes/Pre-Hardmode Anvil/register;12956;Cobalt Leggings;375;;;1;;Iron Anvil;¦Cobalt Bar¦;¦Cobalt Bar¦15;Cobalt Bar¦15;0
43406;Recipes/Pre-Hardmode Anvil/register;12956;Cobalt Drill;385;;;1;;Iron Anvil;¦Cobalt Bar¦;¦Cobalt Bar¦15;Cobalt Bar¦15;0
43407;Recipes/Pre-Hardmode Anvil/register;12956;Cobalt Pickaxe;776;;;1;;Iron Anvil;¦Cobalt Bar¦;¦Cobalt Bar¦15;Cobalt Bar¦15;0
43408;Recipes/Pre-Hardmode Anvil/register;12956;Cobalt Chainsaw;383;;;1;;Iron Anvil;¦Cobalt Bar¦;¦Cobalt Bar¦10;Cobalt Bar¦10;0
43409;Recipes/Pre-Hardmode Anvil/register;12956;Cobalt Waraxe;991;;;1;;Iron Anvil;¦Cobalt Bar¦;¦Cobalt Bar¦10;Cobalt Bar¦10;0
43410;Recipes/Pre-Hardmode Anvil/register;12956;Cobalt Repeater;435;;;1;;Iron Anvil;¦Cobalt Bar¦;¦Cobalt Bar¦10;Cobalt Bar¦10;0
43411;Recipes/Pre-Hardmode Anvil/register;12956;Cobalt Sword;483;;;1;desktop console mobile;Iron Anvil;¦Cobalt Bar¦;¦Cobalt Bar¦8;Cobalt Bar¦8;0
43412;Recipes/Pre-Hardmode Anvil/register;12956;Cobalt Naginata;537;;;1;;Iron Anvil;¦Cobalt Bar¦;¦Cobalt Bar¦10;Cobalt Bar¦10;0
43413;Recipes/Pre-Hardmode Anvil/register;12956;Palladium Mask;1205;;;1;;Iron Anvil;¦Palladium Bar¦;¦Palladium Bar¦12;Palladium Bar¦12;0
43414;Recipes/Pre-Hardmode Anvil/register;12956;Palladium Helmet;1206;;;1;;Iron Anvil;¦Palladium Bar¦;¦Palladium Bar¦12;Palladium Bar¦12;0
43415;Recipes/Pre-Hardmode Anvil/register;12956;Palladium Headgear;1207;;;1;;Iron Anvil;¦Palladium Bar¦;¦Palladium Bar¦12;Palladium Bar¦12;0
43416;Recipes/Pre-Hardmode Anvil/register;12956;Palladium Breastplate;1208;;;1;;Iron Anvil;¦Palladium Bar¦;¦Palladium Bar¦24;Palladium Bar¦24;0
43417;Recipes/Pre-Hardmode Anvil/register;12956;Palladium Leggings;1209;;;1;;Iron Anvil;¦Palladium Bar¦;¦Palladium Bar¦18;Palladium Bar¦18;0
43418;Recipes/Pre-Hardmode Anvil/register;12956;Palladium Drill;1189;;;1;;Iron Anvil;¦Palladium Bar¦;¦Palladium Bar¦18;Palladium Bar¦18;0
43419;Recipes/Pre-Hardmode Anvil/register;12956;Palladium Pickaxe;1188;;;1;;Iron Anvil;¦Palladium Bar¦;¦Palladium Bar¦18;Palladium Bar¦18;0
43420;Recipes/Pre-Hardmode Anvil/register;12956;Palladium Chainsaw;1190;;;1;;Iron Anvil;¦Palladium Bar¦;¦Palladium Bar¦12;Palladium Bar¦12;0
43421;Recipes/Pre-Hardmode Anvil/register;12956;Palladium Waraxe;1222;;;1;;Iron Anvil;¦Palladium Bar¦;¦Palladium Bar¦12;Palladium Bar¦12;0
43422;Recipes/Pre-Hardmode Anvil/register;12956;Palladium Repeater;1187;;;1;;Iron Anvil;¦Palladium Bar¦;¦Palladium Bar¦12;Palladium Bar¦12;0
43423;Recipes/Pre-Hardmode Anvil/register;12956;Palladium Sword;1185;;;1;desktop console mobile;Iron Anvil;¦Palladium Bar¦;¦Palladium Bar¦10;Palladium Bar¦10;0
43424;Recipes/Pre-Hardmode Anvil/register;12956;Palladium Pike;1186;;;1;;Iron Anvil;¦Palladium Bar¦;¦Palladium Bar¦12;Palladium Bar¦12;0
43425;Recipes/Pre-Hardmode Anvil/register;12956;Mythril Anvil;525;;;1;;Iron Anvil;¦Mythril Bar¦;¦Mythril Bar¦10;Mythril Bar¦10;0
43426;Recipes/Pre-Hardmode Anvil/register;12956;Orichalcum Anvil;1220;;;1;;Iron Anvil;¦Orichalcum Bar¦;¦Orichalcum Bar¦12;Orichalcum Bar¦12;0
43427;Recipes/Pre-Hardmode Anvil/register;12956;Minecart;2343;;;1;desktop console mobile;Iron Anvil;¦Any Iron Bar¦^¦Any Wood¦;¦Any Iron Bar¦15^¦Any Wood¦10;Any Iron Bar¦15^Any Wood¦10;0
43428;Recipes/Pre-Hardmode Anvil/register;12956;Fart Kart;5125;;;1;;Iron Anvil;¦Minecart¦^¦Whoopie Cushion¦;¦Minecart¦1^¦Whoopie Cushion¦1;Minecart¦1^Whoopie Cushion¦1;0
43429;Recipes/Pre-Hardmode Anvil/register;12956;Terra Fart Kart;5288;;;1;;Iron Anvil;¦Fart Kart¦^¦Terra Toilet¦;¦Fart Kart¦1^¦Terra Toilet¦1;Fart Kart¦1^Terra Toilet¦1;0
43430;Recipes/Pre-Hardmode Anvil/register;12956;Beetle Minecart;4468;;;1;;Iron Anvil;¦Minecart¦^¦Beetle Husk¦;¦Beetle Husk¦8^¦Minecart¦1;Minecart¦1^Beetle Husk¦8;0
43431;Recipes/Pre-Hardmode Anvil/register;12956;Amethyst Minecart;4451;;;1;;Iron Anvil;¦Minecart¦^¦Large Amethyst¦;¦Large Amethyst¦1^¦Minecart¦1;Minecart¦1^Large Amethyst¦1;0
43432;Recipes/Pre-Hardmode Anvil/register;12956;Topaz Minecart;4452;;;1;;Iron Anvil;¦Minecart¦^¦Large Topaz¦;¦Large Topaz¦1^¦Minecart¦1;Minecart¦1^Large Topaz¦1;0
43433;Recipes/Pre-Hardmode Anvil/register;12956;Sapphire Minecart;4453;;;1;;Iron Anvil;¦Minecart¦^¦Large Sapphire¦;¦Large Sapphire¦1^¦Minecart¦1;Minecart¦1^Large Sapphire¦1;0
43434;Recipes/Pre-Hardmode Anvil/register;12956;Emerald Minecart;4454;;;1;;Iron Anvil;¦Minecart¦^¦Large Emerald¦;¦Large Emerald¦1^¦Minecart¦1;Minecart¦1^Large Emerald¦1;0
43435;Recipes/Pre-Hardmode Anvil/register;12956;Ruby Minecart;4455;;;1;;Iron Anvil;¦Minecart¦^¦Large Ruby¦;¦Large Ruby¦1^¦Minecart¦1;Minecart¦1^Large Ruby¦1;0
43436;Recipes/Pre-Hardmode Anvil/register;12956;Diamond Minecart;4456;;;1;;Iron Anvil;¦Minecart¦^¦Large Diamond¦;¦Large Diamond¦1^¦Minecart¦1;Minecart¦1^Large Diamond¦1;0
43437;Recipes/Pre-Hardmode Anvil/register;12956;Amber Minecart;4467;;;1;;Iron Anvil;¦Minecart¦^¦Large Amber¦;¦Large Amber¦1^¦Minecart¦1;Minecart¦1^Large Amber¦1;0
43438;Recipes/Pre-Hardmode Anvil/register;12956;Coffin Minecart;4745;;;1;;Iron Anvil and Ecto Mist;¦Any Iron Bar¦^¦Any Wood¦^¦Rotten Chunk¦;¦Any Iron Bar¦5^¦Any Wood¦10^¦Rotten Chunk¦10;Any Iron Bar¦5^Any Wood¦10^Rotten Chunk¦10;0
43439;Recipes/Pre-Hardmode Anvil/register;12956;Coffin Minecart;4745;;;1;;Iron Anvil and Ecto Mist;¦Any Iron Bar¦^¦Any Wood¦^¦Vertebra¦;¦Any Iron Bar¦5^¦Any Wood¦10^¦Vertebra¦10;Any Iron Bar¦5^Any Wood¦10^Vertebra¦10;0
43440;Recipes/Pre-Hardmode Anvil/register;12956;Actuation Rod;3620;;;1;;Iron Anvil;¦Actuator¦^¦Any Iron Bar¦^¦Wire¦;¦Actuator¦50^¦Any Iron Bar¦10^¦Wire¦10;Actuator¦50^Any Iron Bar¦10^Wire¦10;0
43441;Recipes/Pre-Hardmode Anvil/register;12956;Announcement Box;3617;;;1;;Iron Anvil;¦Sign¦^¦Any Iron Bar¦^¦Wire¦;¦Any Iron Bar¦4^¦Sign¦1^¦Wire¦4;Sign¦1^Any Iron Bar¦4^Wire¦4;0
43442;Recipes/Pre-Hardmode Anvil/register;12956;Inlet Pump;581;;;1;;Iron Anvil;¦Any Iron Bar¦^¦Wire¦;¦Any Iron Bar¦10^¦Wire¦2;Any Iron Bar¦10^Wire¦2;0
43443;Recipes/Pre-Hardmode Anvil/register;12956;Outlet Pump;582;;;1;;Iron Anvil;¦Any Iron Bar¦^¦Wire¦;¦Any Iron Bar¦10^¦Wire¦2;Any Iron Bar¦10^Wire¦2;0
43444;Recipes/Pre-Hardmode Anvil/register;12956;1 Second Timer;583;;;1;;Iron Anvil;¦Gold Watch¦^¦Wire¦;¦Gold Watch¦1^¦Wire¦1;Gold Watch¦1^Wire¦1;0
43445;Recipes/Pre-Hardmode Anvil/register;12956;1 Second Timer;583;;;1;;Iron Anvil;¦Platinum Watch¦^¦Wire¦;¦Platinum Watch¦1^¦Wire¦1;Platinum Watch¦1^Wire¦1;0
43446;Recipes/Pre-Hardmode Anvil/register;12956;3 Second Timer;584;;;1;;Iron Anvil;¦Silver Watch¦^¦Wire¦;¦Silver Watch¦1^¦Wire¦1;Silver Watch¦1^Wire¦1;0
43447;Recipes/Pre-Hardmode Anvil/register;12956;3 Second Timer;584;;;1;;Iron Anvil;¦Tungsten Watch¦^¦Wire¦;¦Tungsten Watch¦1^¦Wire¦1;Tungsten Watch¦1^Wire¦1;0
43448;Recipes/Pre-Hardmode Anvil/register;12956;5 Second Timer;585;;;1;;Iron Anvil;¦Copper Watch¦^¦Wire¦;¦Copper Watch¦1^¦Wire¦1;Copper Watch¦1^Wire¦1;0
43449;Recipes/Pre-Hardmode Anvil/register;12956;5 Second Timer;585;;;1;;Iron Anvil;¦Tin Watch¦^¦Wire¦;¦Tin Watch¦1^¦Wire¦1;Tin Watch¦1^Wire¦1;0
43450;Recipes/Pre-Hardmode Anvil/register;12956;Power Bomb;5594;;;5;;Iron Anvil;¦Bomb¦^¦Any Cobalt Bar¦;¦Any Cobalt Bar¦1^¦Bomb¦5;Bomb¦5^Any Cobalt Bar¦1;0
43451;Recipes/Pre-Hardmode Anvil/register;12956;Sticky Power Bomb;5595;;;5;;Iron Anvil;¦Sticky Bomb¦^¦Any Cobalt Bar¦;¦Any Cobalt Bar¦1^¦Sticky Bomb¦5;Sticky Bomb¦5^Any Cobalt Bar¦1;0
43452;Recipes/Pre-Hardmode Anvil/register;12956;Poison Dart;1310;;;100;desktop console mobile;Iron Anvil;¦Stinger¦;¦Stinger¦1;Stinger¦1;0
43453;Recipes/Pre-Hardmode Anvil/register;12956;Mushroom Staff;5456;;;1;;Iron Anvil;¦Glowing Mushroom¦^¦Mushroom Grass Seeds¦^¦Shadow Scale¦;¦Glowing Mushroom¦300^¦Mushroom Grass Seeds¦5^¦Shadow Scale¦5;Glowing Mushroom¦300^Mushroom Grass Seeds¦5^Shadow Scale¦5;0
43454;Recipes/Pre-Hardmode Anvil/register;12956;Mushroom Staff;5456;;;1;;Iron Anvil;¦Glowing Mushroom¦^¦Mushroom Grass Seeds¦^¦Tissue Sample¦;¦Glowing Mushroom¦300^¦Mushroom Grass Seeds¦5^¦Tissue Sample¦5;Glowing Mushroom¦300^Mushroom Grass Seeds¦5^Tissue Sample¦5;0
43455;Recipes/Pre-Hardmode Anvil/register;12956;Soulscourge;5474;;;1;;Iron Anvil;¦Demonite Bar¦;¦Demonite Bar¦12;Demonite Bar¦12;0
43456;Recipes/Pre-Hardmode Anvil/register;12956;Vasculash;5475;;;1;;Iron Anvil;¦Crimtane Bar¦;¦Crimtane Bar¦12;Crimtane Bar¦12;0
43457;Recipes/Pre-Hardmode Anvil/register;12956;Starcrash;5476;;;1;;Iron Anvil;¦Meteorite Bar¦^¦Chain¦^¦Fallen Star¦;¦Chain¦10^¦Fallen Star¦10^¦Meteorite Bar¦20;Meteorite Bar¦20^Chain¦10^Fallen Star¦10;0
43458;Recipes/Pre-Hardmode Anvil/register;12956;Slasher's Mysterious Skull;5510;;;1;;Iron Anvil;¦Sturdy Fossil¦^¦Amber¦^¦Fallen Star¦;¦Amber¦5^¦Fallen Star¦5^¦Sturdy Fossil¦20;Sturdy Fossil¦20^Amber¦5^Fallen Star¦5;0
43459;Recipes/Pre-Hardmode Anvil/register;12956;Aetherium Chandelier;5555;;;1;;Iron Anvil;¦Aetherium Brick¦^¦Torch¦^¦Chain¦;¦Aetherium Brick¦4^¦Chain¦1^¦Torch¦4;Aetherium Brick¦4^Torch¦4^Chain¦1;0
43460;Recipes/Pre-Hardmode Anvil/register;12956;Fallen Star Chandelier;5608;;;1;;Iron Anvil;¦Fallen Star Block¦^¦Torch¦^¦Chain¦;¦Chain¦1^¦Fallen Star Block¦4^¦Torch¦4;Fallen Star Block¦4^Torch¦4^Chain¦1;0
43461;Recipes/Pre-Hardmode Anvil/register;12956;Hallowed Chandelier;5719;;;1;;Iron Anvil;¦Hallowed Brick¦^¦Torch¦^¦Chain¦;¦Chain¦1^¦Hallowed Brick¦4^¦Torch¦4;Hallowed Brick¦4^Torch¦4^Chain¦1;0
43462;Recipes/Pre-Hardmode Anvil/register;12956;Demonite Chandelier;5762;;;1;;Iron Anvil;¦Demonite Brick¦^¦Torch¦^¦Chain¦;¦Chain¦1^¦Demonite Brick¦4^¦Torch¦4;Demonite Brick¦4^Torch¦4^Chain¦1;0
43463;Recipes/Pre-Hardmode Anvil/register;12956;Crimtane Chandelier;5783;;;1;;Iron Anvil;¦Crimtane Brick¦^¦Torch¦^¦Chain¦;¦Chain¦1^¦Crimtane Brick¦4^¦Torch¦4;Crimtane Brick¦4^Torch¦4^Chain¦1;0
43464;Recipes/Pre-Hardmode Anvil/register;12956;Flinx Fur Chandelier;5825;;;1;;Iron Anvil;¦Flinx Fur Block¦^¦Torch¦^¦Chain¦;¦Chain¦1^¦Flinx Fur Block¦4^¦Torch¦4;Flinx Fur Block¦4^Torch¦4^Chain¦1;0
43465;Recipes/Pre-Hardmode Anvil/register;12956;Pine Chandelier;5845;;;1;;Iron Anvil;¦Pine Tree Block¦^¦Torch¦^¦Chain¦;¦Chain¦1^¦Pine Tree Block¦4^¦Torch¦4;Pine Tree Block¦4^Torch¦4^Chain¦1;0
43466;Recipes/Pre-Hardmode Anvil/register;12956;Pine Chandelier;5845;;;1;;Iron Anvil;¦Pine Wood¦^¦Torch¦^¦Chain¦;¦Chain¦1^¦Pine Wood¦4^¦Torch¦4;Pine Wood¦4^Torch¦4^Chain¦1;0
43467;Recipes/Pre-Hardmode Anvil/register;12956;Easter Chandelier;5864;;;1;;Iron Anvil;¦Easter Block¦^¦Torch¦^¦Chain¦;¦Chain¦1^¦Easter Block¦4^¦Torch¦4;Easter Block¦4^Torch¦4^Chain¦1;0
43468;Recipes/Pre-Hardmode Anvil/register;12956;Jellyfish Chandelier;5904;;;1;;Iron Anvil;¦Jellyfish Block¦^¦Torch¦^¦Chain¦;¦Chain¦1^¦Jellyfish Block¦4^¦Torch¦4;Jellyfish Block¦4^Torch¦4^Chain¦1;0
43469;Recipes/Pre-Hardmode Anvil/register;12956;Spike Chandelier;6027;;;1;;Iron Anvil;¦Spike Block¦^¦Torch¦^¦Chain¦;¦Chain¦1^¦Spike Block¦4^¦Torch¦4;Spike Block¦4^Torch¦4^Chain¦1;0
43470;Recipes/Pre-Hardmode Anvil/register;12956;Office Chandelier;6050;;;1;;Iron Anvil;¦Office Block¦^¦Torch¦^¦Chain¦;¦Chain¦1^¦Office Block¦4^¦Torch¦4;Office Block¦4^Torch¦4^Chain¦1;0
43471;Recipes/Pre-Hardmode Anvil/register;12956;Forbidden Chandelier;6073;;;1;;Iron Anvil;¦Forbidden Block¦^¦Torch¦^¦Chain¦;¦Chain¦1^¦Forbidden Block¦4^¦Torch¦4;Forbidden Block¦4^Torch¦4^Chain¦1;0
43472;Recipes/Pre-Hardmode Anvil/register;12956;Aquarium Chandelier;6096;;;1;;Iron Anvil;¦Aquarium Block¦^¦Torch¦^¦Chain¦;¦Aquarium Block¦4^¦Chain¦1^¦Torch¦4;Aquarium Block¦4^Torch¦4^Chain¦1;0
43473;Recipes/Pre-Hardmode Anvil/register;12956;Mystic Bloom;6154;;;1;;Iron Anvil;¦Nature's Gift¦^¦Moonglow¦^¦Vine¦^¦Rich Mahogany¦;¦Moonglow¦2^¦Nature's Gift¦1^¦Rich Mahogany¦7^¦Vine¦3;Nature's Gift¦1^Moonglow¦2^Vine¦3^Rich Mahogany¦7;0
43474;Recipes/Pre-Hardmode Anvil/register;12956;Harpy Charm;6166;;;1;;Iron Anvil;¦Amber¦^¦Feather¦^¦Any Silver Bar¦;¦Amber¦3^¦Any Silver Bar¦5^¦Feather¦7;Amber¦3^Feather¦7^Any Silver Bar¦5;0
43576;Legacy:Recipes/Pre-Hardmode Anvil/register;66668;Unholy Arrow;47;;;5;old-gen 3ds;Iron Anvil;¦Wooden Arrow¦^¦Worm Tooth¦;¦Wooden Arrow¦5^¦Worm Tooth¦1;Wooden Arrow¦5^Worm Tooth¦1;1
43577;Legacy:Recipes/Pre-Hardmode Anvil/register;66668;Spider Staff;2551;;;1;old-gen;Iron Anvil;¦Spider Fang¦;¦Spider Fang¦16;Spider Fang#i:old¦16;1
43578;Legacy:Recipes/Pre-Hardmode Anvil/register;66668;Queen Spider Staff;2366;;;1;old-gen;Iron Anvil;¦Spider Fang¦;¦Spider Fang¦24;Spider Fang#i:old¦24;1
43579;Legacy:Recipes/Pre-Hardmode Anvil/register;66668;Spider Mask;2370;;;1;old-gen;Iron Anvil;¦Spider Fang¦;¦Spider Fang¦8;Spider Fang¦8;1
43580;Legacy:Recipes/Pre-Hardmode Anvil/register;66668;Spider Breastplate;2371;;;1;old-gen;Iron Anvil;¦Spider Fang¦;¦Spider Fang¦16;Spider Fang¦16;1
43581;Legacy:Recipes/Pre-Hardmode Anvil/register;66668;Spider Greaves;2372;;;1;old-gen;Iron Anvil;¦Spider Fang¦;¦Spider Fang¦12;Spider Fang¦12;1
43582;Legacy:Recipes/Pre-Hardmode Anvil/register;66668;Empty Bucket;205;Empty Bucket (old).png;;1;old-gen 3ds;Iron Anvil;¦Any Iron Bar¦;¦Any Iron Bar¦3;Any Iron Bar¦3;1
43583;Legacy:Recipes/Pre-Hardmode Anvil/register;66668;Hellfire Arrow;265;Hellfire Arrow (old).png;;25;old-gen 3ds;Iron Anvil;¦Wooden Arrow¦^¦Torch¦^¦Hellstone Bar¦;¦Hellstone Bar¦1^¦Torch¦5^¦Wooden Arrow¦25;Wooden Arrow#i:old¦25^Torch#i:old¦5^Hellstone Bar#i:old¦1;1
43584;Legacy:Recipes/Pre-Hardmode Anvil/register;66668;Rich Mahogany Bathtub;2077;;;1;old-gen 3ds;Iron Anvil;¦Rich Mahogany¦;¦Rich Mahogany¦14;Rich Mahogany¦14;1
43585;Legacy:Recipes/Pre-Hardmode Anvil/register;66668;Ebonwood Bathtub;2073;;;1;old-gen 3ds;Iron Anvil;¦Ebonwood¦;¦Ebonwood¦14;Ebonwood¦14;1
43586;Legacy:Recipes/Pre-Hardmode Anvil/register;66668;Shadewood Bathtub;2127;;;1;old-gen 3ds;Iron Anvil;¦Shadewood¦;¦Shadewood¦14;Shadewood#i:old¦14;1
43587;Legacy:Recipes/Pre-Hardmode Anvil/register;66668;Pearlwood Bathtub;2078;;;1;old-gen 3ds;Iron Anvil;¦Pearlwood¦;¦Pearlwood¦14;Pearlwood¦14;1
43588;Legacy:Recipes/Pre-Hardmode Anvil/register;66668;Gold Crown;264;Gold Crown (old).png;;1;old-gen 3ds;Iron Anvil;¦Gold Bar¦^¦Ruby¦;¦Gold Bar¦30^¦Ruby¦1;Gold Bar#i:old¦30^Ruby#i:old¦1;1
43589;Legacy:Recipes/Pre-Hardmode Anvil/register;66668;Platinum Crown;715;Platinum Crown (old).png;;1;old-gen 3ds;Iron Anvil;¦Platinum Bar¦^¦Ruby¦;¦Platinum Bar¦30^¦Ruby¦1;Platinum Bar#i:old¦30^Ruby#i:old¦1;1
43590;Legacy:Recipes/Pre-Hardmode Anvil/register;66668;Blue Phaseblade;198;;;1;old-gen 3ds;Iron Anvil;¦Meteorite Bar¦^¦Sapphire¦;¦Meteorite Bar¦20^¦Sapphire¦10;Meteorite Bar#i:old¦20^Sapphire#i:old¦10;1
43591;Legacy:Recipes/Pre-Hardmode Anvil/register;66668;Red Phaseblade;199;;;1;old-gen 3ds;Iron Anvil;¦Meteorite Bar¦^¦Ruby¦;¦Meteorite Bar¦20^¦Ruby¦10;Meteorite Bar#i:old¦20^Ruby#i:old¦10;1
43592;Legacy:Recipes/Pre-Hardmode Anvil/register;66668;Green Phaseblade;200;;;1;old-gen 3ds;Iron Anvil;¦Meteorite Bar¦^¦Emerald¦;¦Emerald¦10^¦Meteorite Bar¦20;Meteorite Bar#i:old¦20^Emerald#i:old¦10;1
43593;Legacy:Recipes/Pre-Hardmode Anvil/register;66668;Purple Phaseblade;201;;;1;old-gen 3ds;Iron Anvil;¦Meteorite Bar¦^¦Amethyst¦;¦Amethyst¦10^¦Meteorite Bar¦20;Meteorite Bar#i:old¦20^Amethyst#i:old¦10;1
43594;Legacy:Recipes/Pre-Hardmode Anvil/register;66668;White Phaseblade;202;;;1;old-gen 3ds;Iron Anvil;¦Meteorite Bar¦^¦Diamond¦;¦Diamond¦10^¦Meteorite Bar¦20;Meteorite Bar#i:old¦20^Diamond#i:old¦10;1
43595;Legacy:Recipes/Pre-Hardmode Anvil/register;66668;Yellow Phaseblade;203;;;1;old-gen 3ds;Iron Anvil;¦Meteorite Bar¦^¦Topaz¦;¦Meteorite Bar¦20^¦Topaz¦10;Meteorite Bar#i:old¦20^Topaz#i:old¦10;1
43596;Legacy:Recipes/Pre-Hardmode Anvil/register;66668;Meteor Hamaxe;204;Meteor Hamaxe (old).png;;1;old-gen 3ds;Iron Anvil;¦Meteorite Bar¦;¦Meteorite Bar¦35;Meteorite Bar#i:old¦35;1
43597;Legacy:Recipes/Pre-Hardmode Anvil/register;66668;Space Gun;127;Space Gun (pre-1.3.0.1).png;;1;old-gen;Iron Anvil;¦Meteorite Bar¦^¦Fallen Star¦^¦Flintlock Pistol¦;¦Fallen Star¦2^¦Flintlock Pistol¦1^¦Meteorite Bar¦30;Meteorite Bar#i:old¦30^Fallen Star#i:old¦2^Flintlock Pistol#i:old¦1;1
43598;Legacy:Recipes/Pre-Hardmode Anvil/register;66668;Space Gun;127;Space Gun (pre-1.3.0.1).png;;1;3ds;Iron Anvil;¦Meteorite Bar¦^¦Fallen Star¦;¦Fallen Star¦2^¦Meteorite Bar¦30;Meteorite Bar#i:old¦30^Fallen Star#i:old¦2;1
43599;Legacy:Recipes/Pre-Hardmode Anvil/register;66668;Meteor Helmet;123;Meteor Helmet (old).png;;1;old-gen 3ds;Iron Anvil;¦Meteorite Bar¦;¦Meteorite Bar¦15;Meteorite Bar#i:old¦15;1
43600;Legacy:Recipes/Pre-Hardmode Anvil/register;66668;Meteor Suit;124;Meteor Suit (old).png;;1;old-gen 3ds;Iron Anvil;¦Meteorite Bar¦;¦Meteorite Bar¦25;Meteorite Bar#i:old¦25;1
43601;Legacy:Recipes/Pre-Hardmode Anvil/register;66668;Meteor Leggings;125;Meteor Leggings (old).png;;1;old-gen 3ds;Iron Anvil;¦Meteorite Bar¦;¦Meteorite Bar¦20;Meteorite Bar#i:old¦20;1
43602;Legacy:Recipes/Pre-Hardmode Anvil/register;66668;Copper Pickaxe;3509;Copper Pickaxe  (old).png;;1;old-gen 3ds;Iron Anvil;¦Copper Bar¦^¦Any Wood¦;¦Any Wood¦4^¦Copper Bar¦12;Copper Bar#i:old¦12^Any Wood¦4;1
43603;Legacy:Recipes/Pre-Hardmode Anvil/register;66668;Copper Axe;3506;Copper Axe (old).png;;1;old-gen 3ds;Iron Anvil;¦Copper Bar¦^¦Any Wood¦;¦Any Wood¦3^¦Copper Bar¦9;Copper Bar#i:old¦9^Any Wood¦3;1
43604;Legacy:Recipes/Pre-Hardmode Anvil/register;66668;Copper Hammer;3505;Copper Hammer (old).png;;1;old-gen 3ds;Iron Anvil;¦Copper Bar¦^¦Any Wood¦;¦Any Wood¦3^¦Copper Bar¦10;Copper Bar#i:old¦10^Any Wood¦3;1
43605;Legacy:Recipes/Pre-Hardmode Anvil/register;66668;Copper Broadsword;3508;Copper Broadsword (old).png;;1;old-gen 3ds;Iron Anvil;¦Copper Bar¦;¦Copper Bar¦8;Copper Bar#i:old¦8;1
43606;Legacy:Recipes/Pre-Hardmode Anvil/register;66668;Copper Shortsword;3507;Copper Shortsword (old).png;;1;old-gen 3ds;Iron Anvil;¦Copper Bar¦;¦Copper Bar¦7;Copper Bar#i:old¦7;1
43607;Legacy:Recipes/Pre-Hardmode Anvil/register;66668;Copper Helmet;89;;;1;old-gen 3ds;Iron Anvil;¦Copper Bar¦;¦Copper Bar¦15;Copper Bar#i:old¦15;1
43608;Legacy:Recipes/Pre-Hardmode Anvil/register;66668;Copper Chainmail;80;;;1;old-gen 3ds;Iron Anvil;¦Copper Bar¦;¦Copper Bar¦25;Copper Bar#i:old¦25;1
43609;Legacy:Recipes/Pre-Hardmode Anvil/register;66668;Copper Greaves;76;;;1;old-gen 3ds;Iron Anvil;¦Copper Bar¦;¦Copper Bar¦20;Copper Bar#i:old¦20;1
43610;Legacy:Recipes/Pre-Hardmode Anvil/register;66668;Tin Pickaxe;3503;Tin Pickaxe (old).png;;1;old-gen 3ds;Iron Anvil;¦Tin Bar¦^¦Any Wood¦;¦Any Wood¦4^¦Tin Bar¦12;Tin Bar#i:old¦12^Any Wood¦4;1
43611;Legacy:Recipes/Pre-Hardmode Anvil/register;66668;Tin Axe;3500;Tin Axe (old).png;;1;old-gen 3ds;Iron Anvil;¦Tin Bar¦^¦Any Wood¦;¦Any Wood¦3^¦Tin Bar¦9;Tin Bar#i:old¦9^Any Wood¦3;1
43612;Legacy:Recipes/Pre-Hardmode Anvil/register;66668;Tin Hammer;3499;Tin Hammer (old).png;;1;old-gen 3ds;Iron Anvil;¦Tin Bar¦^¦Any Wood¦;¦Any Wood¦3^¦Tin Bar¦10;Tin Bar#i:old¦10^Any Wood¦3;1
43613;Legacy:Recipes/Pre-Hardmode Anvil/register;66668;Tin Broadsword;3502;Tin Broadsword (old).png;;1;old-gen 3ds;Iron Anvil;¦Tin Bar¦;¦Tin Bar¦8;Tin Bar#i:old¦8;1
43614;Legacy:Recipes/Pre-Hardmode Anvil/register;66668;Tin Shortsword;3501;Tin Shortsword (old).png;;1;old-gen 3ds;Iron Anvil;¦Tin Bar¦;¦Tin Bar¦7;Tin Bar#i:old¦7;1
43615;Legacy:Recipes/Pre-Hardmode Anvil/register;66668;Tin Helmet;687;Tin Helmet (old).png;;1;old-gen 3ds;Iron Anvil;¦Tin Bar¦;¦Tin Bar¦15;Tin Bar#i:old¦15;1
43616;Legacy:Recipes/Pre-Hardmode Anvil/register;66668;Tin Chainmail;688;Tin Chainmail (old).png;;1;old-gen 3ds;Iron Anvil;¦Tin Bar¦;¦Tin Bar¦25;Tin Bar#i:old¦25;1
43617;Legacy:Recipes/Pre-Hardmode Anvil/register;66668;Tin Greaves;689;Tin Greaves (old).png;;1;old-gen 3ds;Iron Anvil;¦Tin Bar¦;¦Tin Bar¦20;Tin Bar#i:old¦20;1
43618;Legacy:Recipes/Pre-Hardmode Anvil/register;66668;Iron Pickaxe;1;Iron Pickaxe (old).png;;1;old-gen 3ds;Iron Anvil;¦Iron Bar¦^¦Any Wood¦;¦Any Wood¦3^¦Iron Bar¦12;Iron Bar#i:old¦12^Any Wood¦3;1
43619;Legacy:Recipes/Pre-Hardmode Anvil/register;66668;Iron Axe;10;Iron Axe (old).png;;1;old-gen 3ds;Iron Anvil;¦Iron Bar¦^¦Any Wood¦;¦Any Wood¦3^¦Iron Bar¦9;Iron Bar#i:old¦9^Any Wood¦3;1
43620;Legacy:Recipes/Pre-Hardmode Anvil/register;66668;Iron Hammer;7;Iron Hammer (old).png;;1;old-gen 3ds;Iron Anvil;¦Iron Bar¦^¦Any Wood¦;¦Any Wood¦3^¦Iron Bar¦10;Iron Bar#i:old¦10^Any Wood¦3;1
43621;Legacy:Recipes/Pre-Hardmode Anvil/register;66668;Iron Shortsword;6;Iron Shortsword (old).png;;1;old-gen 3ds;Iron Anvil;¦Iron Bar¦;¦Iron Bar¦7;Iron Bar#i:old¦7;1
43622;Legacy:Recipes/Pre-Hardmode Anvil/register;66668;Iron Helmet;90;Iron Helmet (old).png;;1;old-gen 3ds;Iron Anvil;¦Iron Bar¦;¦Iron Bar¦20;Iron Bar#i:old¦20;1
43623;Legacy:Recipes/Pre-Hardmode Anvil/register;66668;Iron Chainmail;81;Iron Chainmail (old).png;;1;old-gen 3ds;Iron Anvil;¦Iron Bar¦;¦Iron Bar¦30;Iron Bar#i:old¦30;1
43624;Legacy:Recipes/Pre-Hardmode Anvil/register;66668;Iron Greaves;77;Iron Greaves (old).png;;1;old-gen 3ds;Iron Anvil;¦Iron Bar¦;¦Iron Bar¦25;Iron Bar#i:old¦25;1
43625;Legacy:Recipes/Pre-Hardmode Anvil/register;66668;Lead Pickaxe;3497;Lead Pickaxe (old).png;;1;old-gen 3ds;Iron Anvil;¦Lead Bar¦^¦Any Wood¦;¦Any Wood¦3^¦Lead Bar¦12;Lead Bar#i:old¦12^Any Wood¦3;1
43626;Legacy:Recipes/Pre-Hardmode Anvil/register;66668;Lead Axe;3494;Lead Axe (old).png;;1;old-gen 3ds;Iron Anvil;¦Lead Bar¦^¦Any Wood¦;¦Any Wood¦3^¦Lead Bar¦9;Lead Bar#i:old¦9^Any Wood¦3;1
43627;Legacy:Recipes/Pre-Hardmode Anvil/register;66668;Lead Hammer;3493;Lead Hammer (old).png;;1;old-gen 3ds;Iron Anvil;¦Lead Bar¦^¦Any Wood¦;¦Any Wood¦3^¦Lead Bar¦10;Lead Bar#i:old¦10^Any Wood¦3;1
43628;Legacy:Recipes/Pre-Hardmode Anvil/register;66668;Lead Shortsword;3495;Lead Shortsword (old).png;;1;old-gen 3ds;Iron Anvil;¦Lead Bar¦;¦Lead Bar¦7;Lead Bar#i:old¦7;1
43629;Legacy:Recipes/Pre-Hardmode Anvil/register;66668;Lead Helmet;690;;;1;old-gen 3ds;Iron Anvil;¦Lead Bar¦;¦Lead Bar¦20;Lead Bar#i:old¦20;1
43630;Legacy:Recipes/Pre-Hardmode Anvil/register;66668;Lead Chainmail;691;;;1;old-gen 3ds;Iron Anvil;¦Lead Bar¦;¦Lead Bar¦30;Lead Bar#i:old¦30;1
43631;Legacy:Recipes/Pre-Hardmode Anvil/register;66668;Lead Greaves;692;;;1;old-gen 3ds;Iron Anvil;¦Lead Bar¦;¦Lead Bar¦25;Lead Bar#i:old¦25;1
43632;Legacy:Recipes/Pre-Hardmode Anvil/register;66668;Silver Pickaxe;3515;Silver Pickaxe (old).png;;1;old-gen 3ds;Iron Anvil;¦Silver Bar¦^¦Any Wood¦;¦Any Wood¦4^¦Silver Bar¦12;Silver Bar#i:old¦12^Any Wood¦4;1
43633;Legacy:Recipes/Pre-Hardmode Anvil/register;66668;Silver Axe;3512;Silver Axe (old).png;;1;old-gen 3ds;Iron Anvil;¦Silver Bar¦^¦Any Wood¦;¦Any Wood¦3^¦Silver Bar¦9;Silver Bar#i:old¦9^Any Wood¦3;1
43634;Legacy:Recipes/Pre-Hardmode Anvil/register;66668;Silver Hammer;3511;Silver Hammer (old).png;;1;old-gen 3ds;Iron Anvil;¦Silver Bar¦^¦Any Wood¦;¦Any Wood¦3^¦Silver Bar¦10;Silver Bar#i:old¦10^Any Wood¦3;1
43635;Legacy:Recipes/Pre-Hardmode Anvil/register;66668;Silver Helmet;91;Silver Helmet (old).png;;1;old-gen 3ds;Iron Anvil;¦Silver Bar¦;¦Silver Bar¦20;Silver Bar#i:old¦20;1
43636;Legacy:Recipes/Pre-Hardmode Anvil/register;66668;Silver Chainmail;82;Silver Chainmail (old).png;;1;old-gen 3ds;Iron Anvil;¦Silver Bar¦;¦Silver Bar¦30;Silver Bar#i:old¦30;1
43637;Legacy:Recipes/Pre-Hardmode Anvil/register;66668;Silver Greaves;78;Silver Greaves (old).png;;1;old-gen 3ds;Iron Anvil;¦Silver Bar¦;¦Silver Bar¦25;Silver Bar#i:old¦25;1
43638;Legacy:Recipes/Pre-Hardmode Anvil/register;66668;Tungsten Pickaxe;3491;Tungsten Pickaxe (old).png;;1;old-gen 3ds;Iron Anvil;¦Tungsten Bar¦^¦Any Wood¦;¦Any Wood¦4^¦Tungsten Bar¦12;Tungsten Bar#i:old¦12^Any Wood¦4;1
43639;Legacy:Recipes/Pre-Hardmode Anvil/register;66668;Tungsten Axe;3488;Tungsten Axe (old).png;;1;old-gen 3ds;Iron Anvil;¦Tungsten Bar¦^¦Any Wood¦;¦Any Wood¦3^¦Tungsten Bar¦9;Tungsten Bar#i:old¦9^Any Wood¦3;1
43640;Legacy:Recipes/Pre-Hardmode Anvil/register;66668;Tungsten Hammer;3487;Tungsten Hammer (old).png;;1;old-gen 3ds;Iron Anvil;¦Tungsten Bar¦^¦Any Wood¦;¦Any Wood¦3^¦Tungsten Bar¦10;Tungsten Bar#i:old¦10^Any Wood¦3;1
43641;Legacy:Recipes/Pre-Hardmode Anvil/register;66668;Tungsten Helmet;693;Tungsten Helmet (old).png;;1;old-gen 3ds;Iron Anvil;¦Tungsten Bar¦;¦Tungsten Bar¦20;Tungsten Bar#i:old¦20;1
43642;Legacy:Recipes/Pre-Hardmode Anvil/register;66668;Tungsten Chainmail;694;Tungsten Chainmail (old).png;;1;old-gen 3ds;Iron Anvil;¦Tungsten Bar¦;¦Tungsten Bar¦30;Tungsten Bar#i:old¦30;1
43643;Legacy:Recipes/Pre-Hardmode Anvil/register;66668;Tungsten Greaves;695;Tungsten Greaves (old).png;;1;old-gen 3ds;Iron Anvil;¦Tungsten Bar¦;¦Tungsten Bar¦25;Tungsten Bar#i:old¦25;1
43644;Legacy:Recipes/Pre-Hardmode Anvil/register;66668;Gold Pickaxe;3521;Gold Pickaxe (old).png;;1;old-gen 3ds;Iron Anvil;¦Gold Bar¦^¦Any Wood¦;¦Any Wood¦4^¦Gold Bar¦12;Gold Bar#i:old¦12^Any Wood¦4;1
43645;Legacy:Recipes/Pre-Hardmode Anvil/register;66668;Gold Axe;3518;Gold Axe (old).png;;1;old-gen 3ds;Iron Anvil;¦Gold Bar¦^¦Any Wood¦;¦Any Wood¦3^¦Gold Bar¦9;Gold Bar#i:old¦9^Any Wood¦3;1
43646;Legacy:Recipes/Pre-Hardmode Anvil/register;66668;Gold Hammer;3517;Gold Hammer (old).png;;1;old-gen 3ds;Iron Anvil;¦Gold Bar¦^¦Any Wood¦;¦Any Wood¦3^¦Gold Bar¦10;Gold Bar#i:old¦10^Any Wood¦3;1
43647;Legacy:Recipes/Pre-Hardmode Anvil/register;66668;Gold Shortsword;3519;Gold Shortsword (old).png;;1;old-gen 3ds;Iron Anvil;¦Gold Bar¦;¦Gold Bar¦7;Gold Bar#i:old¦7;1
43648;Legacy:Recipes/Pre-Hardmode Anvil/register;66668;Gold Helmet;92;;;1;old-gen 3ds;Iron Anvil;¦Gold Bar¦;¦Gold Bar¦25;Gold Bar#i:old¦25;1
43649;Legacy:Recipes/Pre-Hardmode Anvil/register;66668;Gold Chainmail;83;;;1;old-gen 3ds;Iron Anvil;¦Gold Bar¦;¦Gold Bar¦35;Gold Bar#i:old¦35;1
43650;Legacy:Recipes/Pre-Hardmode Anvil/register;66668;Gold Greaves;79;;;1;old-gen 3ds;Iron Anvil;¦Gold Bar¦;¦Gold Bar¦30;Gold Bar#i:old¦30;1
43651;Legacy:Recipes/Pre-Hardmode Anvil/register;66668;Platinum Pickaxe;3485;Platinum Pickaxe (old).png;;1;old-gen 3ds;Iron Anvil;¦Platinum Bar¦^¦Any Wood¦;¦Any Wood¦4^¦Platinum Bar¦12;Platinum Bar#i:old¦12^Any Wood¦4;1
43652;Legacy:Recipes/Pre-Hardmode Anvil/register;66668;Platinum Axe;3482;Platinum Axe (old).png;;1;old-gen 3ds;Iron Anvil;¦Platinum Bar¦^¦Any Wood¦;¦Any Wood¦3^¦Platinum Bar¦9;Platinum Bar#i:old¦9^Any Wood¦3;1
43653;Legacy:Recipes/Pre-Hardmode Anvil/register;66668;Platinum Hammer;3481;Platinum Hammer (old).png;;1;old-gen 3ds;Iron Anvil;¦Platinum Bar¦^¦Any Wood¦;¦Any Wood¦3^¦Platinum Bar¦10;Platinum Bar#i:old¦10^Any Wood¦3;1
43654;Legacy:Recipes/Pre-Hardmode Anvil/register;66668;Platinum Shortsword;3483;;;1;old-gen 3ds;Iron Anvil;¦Platinum Bar¦;¦Platinum Bar¦7;Platinum Bar#i:old¦7;1
43655;Legacy:Recipes/Pre-Hardmode Anvil/register;66668;Platinum Helmet;696;;;1;old-gen 3ds;Iron Anvil;¦Platinum Bar¦;¦Platinum Bar¦25;Platinum Bar#i:old¦25;1
43656;Legacy:Recipes/Pre-Hardmode Anvil/register;66668;Platinum Chainmail;697;;;1;old-gen 3ds;Iron Anvil;¦Platinum Bar¦;¦Platinum Bar¦35;Platinum Bar#i:old¦35;1
43657;Legacy:Recipes/Pre-Hardmode Anvil/register;66668;Platinum Greaves;698;;;1;old-gen 3ds;Iron Anvil;¦Platinum Bar¦;¦Platinum Bar¦30;Platinum Bar#i:old¦30;1
43658;Legacy:Recipes/Pre-Hardmode Anvil/register;66668;Cobalt Sword;483;Cobalt Sword (old).png;;1;old-gen 3ds;Iron Anvil;¦Cobalt Bar¦;¦Cobalt Bar¦10;Cobalt Bar#i:old¦10;1
43659;Legacy:Recipes/Pre-Hardmode Anvil/register;66668;Palladium Sword;1185;Palladium Sword (old).png;;1;old-gen 3ds;Iron Anvil;¦Palladium Bar¦;¦Palladium Bar¦12;Palladium Bar#i:old¦12;1
43660;Legacy:Recipes/Pre-Hardmode Anvil/register;66668;Blade of Grass;190;Blade of Grass (old).png;;1;old-gen 3ds;Iron Anvil;¦Jungle Spores¦^¦Stinger¦;¦Jungle Spores¦12^¦Stinger¦15;Jungle Spores¦12^Stinger#i:old¦15;1
43661;Legacy:Recipes/Pre-Hardmode Anvil/register;66668;Thorn Chakram;191;Thorn Chakram (old).png;;1;old-gen 3ds;Iron Anvil;¦Jungle Spores¦^¦Stinger¦;¦Jungle Spores¦6^¦Stinger¦15;Jungle Spores¦6^Stinger#i:old¦15;1
43662;Legacy:Recipes/Pre-Hardmode Anvil/register;66668;Jungle Shirt;229;Jungle Shirt (old).png;;1;old-gen 3ds;Iron Anvil;¦Jungle Spores¦^¦Stinger¦;¦Jungle Spores¦16^¦Stinger¦12;Jungle Spores¦16^Stinger#i:old¦12;1
43663;Legacy:Recipes/Pre-Hardmode Anvil/register;66668;Blue Phasesaber;3764;Blue Phaseblade.png;;1;old-gen 3ds;Iron Anvil;¦Blue Phaseblade¦^¦Crystal Shard¦;¦Blue Phaseblade¦1^¦Crystal Shard¦50;Blue Phaseblade¦1^Crystal Shard#i:old¦50;1
43664;Legacy:Recipes/Pre-Hardmode Anvil/register;66668;Red Phasesaber;3765;Red Phaseblade.png;;1;old-gen 3ds;Iron Anvil;¦Red Phaseblade¦^¦Crystal Shard¦;¦Crystal Shard¦50^¦Red Phaseblade¦1;Red Phaseblade¦1^Crystal Shard#i:old¦50;1
43665;Legacy:Recipes/Pre-Hardmode Anvil/register;66668;Green Phasesaber;3766;Green Phaseblade.png;;1;old-gen 3ds;Iron Anvil;¦Green Phaseblade¦^¦Crystal Shard¦;¦Crystal Shard¦50^¦Green Phaseblade¦1;Green Phaseblade¦1^Crystal Shard#i:old¦50;1
43666;Legacy:Recipes/Pre-Hardmode Anvil/register;66668;Purple Phasesaber;3767;Purple Phaseblade.png;;1;old-gen 3ds;Iron Anvil;¦Purple Phaseblade¦^¦Crystal Shard¦;¦Crystal Shard¦50^¦Purple Phaseblade¦1;Purple Phaseblade¦1^Crystal Shard#i:old¦50;1
43667;Legacy:Recipes/Pre-Hardmode Anvil/register;66668;White Phasesaber;3768;White Phaseblade.png;;1;old-gen 3ds;Iron Anvil;¦White Phaseblade¦^¦Crystal Shard¦;¦Crystal Shard¦50^¦White Phaseblade¦1;White Phaseblade¦1^Crystal Shard#i:old¦50;1
43668;Legacy:Recipes/Pre-Hardmode Anvil/register;66668;Yellow Phasesaber;3769;Yellow Phaseblade.png;;1;old-gen 3ds;Iron Anvil;¦Yellow Phaseblade¦^¦Crystal Shard¦;¦Crystal Shard¦50^¦Yellow Phaseblade¦1;Yellow Phaseblade¦1^Crystal Shard#i:old¦50;1
43669;Legacy:Recipes/Pre-Hardmode Anvil/register;66668;Chain;85;;;10;old-gen 3ds;Iron Anvil;¦Any Iron Bar¦;¦Any Iron Bar¦1;Any Iron Bar¦1;1
43670;Legacy:Recipes/Pre-Hardmode Anvil/register;66668;Sharanga;5012;;;1;;Iron Anvil;¦Molten Fury¦^¦Hellstone Bar¦;¦Hellstone Bar¦10^¦Molten Fury¦2;Molten Fury#i:old¦2^Hellstone Bar#i:old¦10;1
43671;Legacy:Recipes/Pre-Hardmode Anvil/register;66668;Amethyst Staff;739;Amethyst Staff (old).png;;1;old-gen 3ds;Iron Anvil;¦Copper Bar¦^¦Amethyst¦;¦Amethyst¦8^¦Copper Bar¦10;Copper Bar#i:old¦10^Amethyst#i:old¦8;1
43672;Legacy:Recipes/Pre-Hardmode Anvil/register;66668;Topaz Staff;740;Topaz Staff (old).png;;1;old-gen 3ds;Iron Anvil;¦Tin Bar¦^¦Topaz¦;¦Tin Bar¦10^¦Topaz¦8;Tin Bar#i:old¦10^Topaz#i:old¦8;1
43673;Legacy:Recipes/Pre-Hardmode Anvil/register;66668;Sapphire Staff;741;Sapphire Staff (old).png;;1;old-gen 3ds;Iron Anvil;¦Silver Bar¦^¦Sapphire¦;¦Sapphire¦8^¦Silver Bar¦10;Silver Bar#i:old¦10^Sapphire#i:old¦8;1
43674;Legacy:Recipes/Pre-Hardmode Anvil/register;66668;Emerald Staff;742;Emerald Staff (old).png;;1;old-gen 3ds;Iron Anvil;¦Tungsten Bar¦^¦Emerald¦;¦Emerald¦8^¦Tungsten Bar¦10;Tungsten Bar#i:old¦10^Emerald#i:old¦8;1
43675;Legacy:Recipes/Pre-Hardmode Anvil/register;66668;Ruby Staff;743;Ruby Staff (old).png;;1;old-gen 3ds;Iron Anvil;¦Gold Bar¦^¦Ruby¦;¦Gold Bar¦10^¦Ruby¦8;Gold Bar#i:old¦10^Ruby#i:old¦8;1
43676;Legacy:Recipes/Pre-Hardmode Anvil/register;66668;Diamond Staff;744;Diamond Staff (old).png;;1;old-gen 3ds;Iron Anvil;¦Platinum Bar¦^¦Diamond¦;¦Diamond¦8^¦Platinum Bar¦10;Platinum Bar#i:old¦10^Diamond#i:old¦8;1
